Date,Week,Month,Year,Truck,Rail,Barge,Gulf_Vessel,Pacific_Vessel,EIA_Date,US_Diesel_Price,Gulf_Coast_Diesel_Price,EIA_Lag_Days,US_Diesel_Price_change_1w,US_Diesel_Price_change_2w,US_Diesel_Price_change_4w,US_Diesel_Price_pct_change_1w,US_Diesel_Price_pct_change_4w,US_Diesel_Price_ma_4w,US_Diesel_Price_ma_8w,US_Diesel_Price_ma_12w,US_Diesel_Price_volatility_4w,US_Diesel_Price_volatility_8w,Gulf_Coast_Diesel_Price_change_1w,Gulf_Coast_Diesel_Price_change_2w,Gulf_Coast_Diesel_Price_change_4w,Gulf_Coast_Diesel_Price_pct_change_1w,Gulf_Coast_Diesel_Price_pct_change_4w,Gulf_Coast_Diesel_Price_ma_4w,Gulf_Coast_Diesel_Price_ma_8w,Gulf_Coast_Diesel_Price_ma_12w,Gulf_Coast_Diesel_Price_volatility_4w,Gulf_Coast_Diesel_Price_volatility_8w,Gulf_Diesel_Spread,Gulf_Diesel_Spread_change_1w,Gulf_Diesel_Spread_change_4w
2002-11-13,45,11,2002,54.0,,68.19,63.08,70.31,2002-11-11,1.427,1.371,2,-0.014999999999999902,-0.028999999999999915,-0.03400000000000003,-0.010402219140083102,-0.02327173169062291,1.4485,1.44625,1.4281666666666666,0.01808314132002583,0.018250244616756083,-0.02299999999999991,-0.04600000000000004,-0.06099999999999994,-0.016499282639885204,-0.042597765363128426,1.40525,1.4077499999999998,1.3881666666666668,0.029307280096704243,0.025954630745646797,-0.05600000000000005,-0.008000000000000007,-0.026999999999999913
2002-11-20,46,11,2002,53.0,,65.44,61.81,72.83,2002-11-18,1.405,1.346,2,-0.02200000000000002,-0.03699999999999992,-0.06400000000000006,-0.015416958654519974,-0.043567052416609964,1.4325,1.44475,1.4310833333333333,0.02182506204649487,0.021245167517747365,-0.02499999999999991,-0.04799999999999982,-0.09299999999999997,-0.01823486506199845,-0.06462821403752605,1.3820000000000001,1.404,1.3894166666666667,0.03047403266170527,0.03253130360569229,-0.05899999999999994,-0.0029999999999998916,-0.028999999999999915
2002-11-27,47,11,2002,53.0,,73.7,62.29,76.06,2002-11-25,1.405,1.34,2,0.0,-0.02200000000000002,-0.050999999999999934,0.0,-0.035027472527472514,1.41975,1.440625,1.4325,0.018099263336758965,0.025517151094900912,-0.006000000000000005,-0.030999999999999917,-0.07699999999999996,-0.004457652303120341,-0.0543401552575864,1.3627500000000001,1.3961249999999998,1.3890833333333334,0.02478406746278776,0.03965363431371363,-0.06499999999999995,-0.006000000000000005,-0.026000000000000023
2002-12-04,48,12,2002,53.0,,66.05,63.29,81.19,2002-12-02,1.407,1.347,2,0.0020000000000000018,0.0020000000000000018,-0.03499999999999992,0.00142348754448407,-0.024271844660194164,1.411,1.4340000000000002,1.4334166666666668,0.010708252269473246,0.026624371219939522,0.006999999999999895,0.0009999999999998899,-0.04699999999999993,0.0052238805970148405,-0.03371592539454804,1.351,1.38575,1.3888333333333334,0.013686976778432699,0.0403759121966836,-0.06000000000000005,0.004999999999999893,-0.01200000000000001
2002-12-11,49,12,2002,53.0,,69.72,63.34,85.99,2002-12-09,1.405,1.345,2,-0.0020000000000000018,0.0,-0.02200000000000002,-0.001421464108031234,-0.015416958654519974,1.4055,1.427,1.4326666666666668,0.001000000000005805,0.025862272577195203,-0.0020000000000000018,0.004999999999999893,-0.026000000000000023,-0.0014847809948033142,-0.018964259664478456,1.3445,1.3748749999999998,1.3866666666666667,0.003109126351033805,0.03777163523825059,-0.06000000000000005,0.0,-0.0040000000000000036
2002-12-18,50,12,2002,53.0,,53.21,64.0,89.55,2002-12-16,1.401,1.349,2,-0.0040000000000000036,-0.006000000000000005,-0.0040000000000000036,-0.002846975088968029,-0.002846975088968029,1.4045,1.4184999999999999,1.4313333333333336,0.0025166114784258968,0.02075709861365848,0.0040000000000000036,0.0020000000000000018,0.0029999999999998916,0.0029739776951673846,0.0022288261515601704,1.3452499999999998,1.3636249999999999,1.3844166666666666,0.003862210075422114,0.02811170320601172,-0.052000000000000046,0.008000000000000007,0.006999999999999895
2002-12-25,51,12,2002,54.0,,50.76,64.96,92.3,2002-12-23,1.44,1.394,2,0.038999999999999924,0.03499999999999992,0.03499999999999992,0.027837259100642386,0.02491103202846978,1.4132500000000001,1.4165,1.4315,0.018006943105369336,0.017071279138616762,0.04499999999999993,0.04899999999999993,0.053999999999999826,0.03335804299481082,0.040298507462686484,1.35875,1.36075,1.3836666666666666,0.023556669260884018,0.02248650388884163,-0.04600000000000004,0.006000000000000005,0.018999999999999906
2003-01-01,52,12,2002,56.0,,48.93,64.96,92.49,2002-12-30,1.491,1.448,2,0.051000000000000156,0.09000000000000008,0.08400000000000007,0.035416666666666874,0.05970149253731338,1.43425,1.422625,1.4340833333333334,0.04169232543286596,0.030798596906816564,0.05400000000000005,0.09899999999999998,0.10099999999999998,0.038737446197991465,0.07498144023756503,1.384,1.3675000000000002,1.3851666666666667,0.04810405388322262,0.03719062861989411,-0.04300000000000015,0.0029999999999998916,0.016999999999999904
2003-01-08,1,1,2003,57.0,,48.93,65.6,92.87,2003-01-06,1.501,1.473,2,0.009999999999999787,0.06099999999999994,0.09599999999999986,0.0067069081153585675,0.06832740213523114,1.45825,1.431875,1.4374166666666668,0.04658594208556891,0.04153978299688821,0.025000000000000133,0.07900000000000018,0.1280000000000001,0.017265193370165743,0.0951672862453532,1.416,1.38025,1.3885833333333333,0.055515763527127664,0.052779189621884916,-0.027999999999999803,0.015000000000000346,0.03200000000000025
2003-01-15,2,1,2003,56.0,,72.47,69.31,97.01,2003-01-13,1.478,1.446,2,-0.02299999999999991,-0.013000000000000123,0.07699999999999996,-0.015323117921385632,0.054960742326909395,1.4775,1.441,1.4381666666666666,0.026714540360384946,0.042791855032737754,-0.027000000000000135,-0.0020000000000000018,0.09699999999999998,-0.018329938900203735,0.0719051148999259,1.44025,1.39275,1.3891666666666669,0.03319010896838491,0.05529078972642232,-0.03200000000000003,-0.004000000000000226,0.020000000000000018
2003-01-22,3,1,2003,56.0,,73.08,71.19,98.62,2003-01-20,1.48,1.454,2,0.0020000000000000018,-0.020999999999999908,0.040000000000000036,0.0013531799729364913,0.0277777777777779,1.4875,1.450375,1.4401666666666666,0.010661457061144458,0.041986179698970796,0.008000000000000007,-0.019000000000000128,0.06000000000000005,0.0055325034578146415,0.043041606886657036,1.45525,1.407,1.39225,0.012311918344971327,0.05443738211402691,-0.026000000000000023,0.006000000000000005,0.020000000000000018
2003-01-29,4,1,2003,56.0,,68.19,67.02,88.79,2003-01-27,1.492,1.463,2,0.01200000000000001,0.014000000000000012,0.0009999999999998899,0.008108108108108025,0.0006706908115357013,1.48775,1.4609999999999999,1.4443333333333335,0.010781929326422045,0.04015683539039655,0.009000000000000119,0.017000000000000126,0.015000000000000124,0.0061898211829436445,0.01035911602209949,1.4589999999999999,1.4215,1.398,0.011633285577739337,0.05154471013457281,-0.028999999999999915,-0.0029999999999998916,0.014000000000000234
2003-02-05,5,2,2003,58.0,,62.69,66.82,88.93,2003-02-03,1.542,1.51,2,0.050000000000000044,0.062000000000000055,0.04100000000000015,0.03351206434316367,0.027315123251165918,1.498,1.478125,1.4539166666666665,0.029977769541221992,0.04203208808245665,0.04699999999999993,0.05600000000000005,0.03699999999999992,0.032125768967874224,0.02511880515953835,1.4682499999999998,1.442125,1.4095833333333332,0.02868652413009572,0.04953335816829446,-0.03200000000000003,-0.0030000000000001137,-0.004000000000000226
2003-02-12,6,2,2003,63.0,,54.43,69.16,91.97,2003-02-10,1.662,1.632,2,0.11999999999999988,0.16999999999999993,0.18399999999999994,0.0778210116731517,0.12449255751014876,1.544,1.51075,1.4753333333333334,0.08312239970870199,0.0673089889984981,0.12199999999999989,0.16899999999999982,0.18599999999999994,0.08079470198675498,0.12863070539419086,1.51475,1.4775,1.4334166666666668,0.08193239082723337,0.07024853836811899,-0.030000000000000027,0.0020000000000000018,0.0020000000000000018
2003-02-19,7,2,2003,64.0,,50.76,70.18,90.74,2003-02-17,1.704,1.67,2,0.04200000000000004,0.16199999999999992,0.22399999999999998,0.025270758122743597,0.15135135135135136,1.5999999999999999,1.5437500000000002,1.50025,0.09947864092356616,0.08891528873837441,0.038000000000000034,0.15999999999999992,0.21599999999999997,0.023284313725490113,0.14855570839064658,1.56875,1.512,1.4609166666666666,0.09812704350313661,0.08872590216101289,-0.03400000000000003,-0.0040000000000000036,-0.008000000000000007
2003-02-26,8,2,2003,65.0,,51.37,71.37,91.88,2003-02-24,1.709,1.673,2,0.0050000000000001155,0.04700000000000015,0.21700000000000008,0.002934272300469498,0.1454423592493299,1.65425,1.571,1.5254166666666666,0.07774477474402848,0.1027660310747528,0.0030000000000001137,0.04100000000000015,0.20999999999999996,0.001796407185628901,0.1435406698564592,1.62125,1.540125,1.4880833333333332,0.07647821040444419,0.10042970178189273,-0.03600000000000003,-0.0020000000000000018,-0.007000000000000117
2003-03-05,9,3,2003,66.0,,55.65,72.21,90.55,2003-03-03,1.753,1.7,2,0.04399999999999982,0.04899999999999993,0.21099999999999985,0.02574605032182542,0.13683527885862512,1.7069999999999999,1.6025,1.5544166666666666,0.037211109452236185,0.1160123146172726,0.026999999999999913,0.030000000000000027,0.18999999999999995,0.016138673042438656,0.1258278145695364,1.6687499999999997,1.5685,1.5176666666666667,0.027968732541889273,0.11033455617219017,-0.052999999999999936,-0.016999999999999904,-0.020999999999999908
2003-03-12,10,3,2003,67.0,,57.79,74.14,88.65,2003-03-10,1.771,1.697,2,0.018000000000000016,0.06199999999999983,0.10899999999999999,0.01026811180832854,0.06558363417569191,1.7342499999999998,1.639125,1.58525,0.032938073208162,0.11733521880249112,-0.0029999999999998916,0.02400000000000002,0.06500000000000017,-0.0017647058823528905,0.03982843137254921,1.685,1.5998750000000002,1.5466666666666666,0.01568438714134935,0.10613123614522814,-0.07399999999999984,-0.020999999999999908,-0.04399999999999982
2003-03-19,11,3,2003,66.0,,53.51,76.63,93.73,2003-03-17,1.752,1.675,2,-0.018999999999999906,-0.0009999999999998899,0.04800000000000004,-0.010728402032749829,0.028169014084507005,1.74625,1.673125,1.6112499999999998,0.0263233103287982,0.10319528989805088,-0.02200000000000002,-0.02499999999999991,0.0050000000000001155,-0.012964054213317588,0.0029940119760478723,1.68625,1.6275,1.570083333333333,0.014221462653318136,0.09032164746061644,-0.07699999999999996,-0.0030000000000001137,-0.04299999999999993
2003-03-26,12,3,2003,63.0,,47.09,76.51,94.2,2003-03-24,1.662,1.584,2,-0.09000000000000008,-0.10899999999999999,-0.04700000000000015,-0.051369863013698724,-0.02750146284376842,1.7345,1.694375,1.6255,0.049115510109668144,0.07392068625995551,-0.09099999999999997,-0.11299999999999999,-0.08899999999999997,-0.05432835820895521,-0.05319784817692763,1.664,1.642625,1.5814166666666667,0.054485472069776504,0.0655829627266097,-0.07799999999999985,-0.0009999999999998899,-0.041999999999999815
2003-04-02,13,3,2003,60.0,,44.34,77.09,94.54,2003-03-31,1.602,1.529,2,-0.05999999999999983,-0.1499999999999999,-0.1509999999999998,-0.03610108303249082,-0.08613804905875633,1.6967500000000002,1.7018749999999998,1.633916666666667,0.07905852262722633,0.057464119239747515,-0.05500000000000016,-0.14600000000000013,-0.17100000000000004,-0.03472222222222232,-0.10058823529411764,1.6212499999999999,1.645,1.586083333333333,0.07858063798841554,0.060218649223356,-0.07300000000000018,0.004999999999999671,-0.02000000000000024
2003-04-09,14,4,2003,58.0,,43.73,78.79,99.62,2003-04-07,1.554,1.465,2,-0.04800000000000004,-0.10799999999999987,-0.21699999999999986,-0.029962546816479474,-0.12252964426877466,1.6424999999999998,1.688375,1.64025,0.08532877591996614,0.07739866647060836,-0.06399999999999983,-0.119,-0.23199999999999998,-0.04185742315238705,-0.13671184443134943,1.56325,1.624125,1.5876666666666666,0.08896581740571158,0.08793575170868399,-0.08899999999999997,-0.015999999999999792,-0.015000000000000124
2003-04-16,15,4,2003,58.0,,42.2,81.74,104.23,2003-04-14,1.539,1.455,2,-0.015000000000000124,-0.06300000000000017,-0.21300000000000008,-0.009652509652509744,-0.12157534246575352,1.5892499999999998,1.6677499999999998,1.6451666666666667,0.05544591959738723,0.09304338465775687,-0.010000000000000009,-0.07399999999999984,-0.21999999999999997,-0.0068259385665528916,-0.13134328358208958,1.5082499999999999,1.59725,1.58775,0.060207280844316584,0.10340592688180701,-0.08399999999999985,0.0050000000000001155,-0.006999999999999895
2003-04-23,16,4,2003,58.0,,39.45,82.2,103.37,2003-04-21,1.529,1.434,2,-0.010000000000000009,-0.025000000000000133,-0.133,-0.00649772579597141,-0.08002406738868828,1.556,1.6452499999999999,1.64825,0.03234192325759276,0.10288655333493639,-0.02100000000000013,-0.03100000000000014,-0.15000000000000013,-0.01443298969072171,-0.09469696969696972,1.47075,1.567375,1.5853333333333335,0.04092574576799322,0.11251785572584815,-0.09499999999999997,-0.01100000000000012,-0.017000000000000126
2003-04-30,17,4,2003,57.0,,38.53,86.8,102.8,2003-04-28,1.508,1.419,2,-0.020999999999999908,-0.030999999999999917,-0.09400000000000008,-0.013734466971876969,-0.05867665418227219,1.5324999999999998,1.614625,1.6454166666666667,0.01929594085121042,0.10269502352666694,-0.014999999999999902,-0.03600000000000003,-0.10999999999999988,-0.010460251046024993,-0.07194244604316535,1.4432500000000001,1.5322500000000001,1.57775,0.020694202086568865,0.1090068805167818,-0.08899999999999997,0.006000000000000005,-0.015999999999999792
2003-05-07,18,5,2003,56.0,,39.14,88.84,102.23,2003-05-05,1.484,1.39,2,-0.02400000000000002,-0.04499999999999993,-0.07000000000000006,-0.01591511936339529,-0.04504504504504503,1.5150000000000001,1.57875,1.630583333333333,0.024372115213910476,0.08955245868842825,-0.029000000000000137,-0.04400000000000004,-0.07500000000000018,-0.020436927413671646,-0.05119453924914685,1.4244999999999999,1.493875,1.5575833333333333,0.0273313007374283,0.09598279235660631,-0.09400000000000008,-0.0050000000000001155,-0.0050000000000001155
2003-05-14,19,5,2003,54.0,,45.26,90.24,105.75,2003-05-12,1.444,1.366,2,-0.040000000000000036,-0.06400000000000006,-0.09499999999999997,-0.02695417789757415,-0.061728395061728336,1.49125,1.54025,1.6089166666666668,0.036472592449676475,0.06805617427642124,-0.0239999999999998,-0.052999999999999936,-0.08899999999999997,-0.01726618705035954,-0.06116838487972509,1.40225,1.4552500000000002,1.5322500000000001,0.030291638010069268,0.0718127525483561,-0.07799999999999985,0.016000000000000236,0.006000000000000005
2003-05-21,20,5,2003,54.0,,43.12,86.91,110.74,2003-05-19,1.443,1.375,2,-0.0009999999999998899,-0.040999999999999925,-0.08599999999999985,-0.0006925207756232066,-0.05624591236102017,1.4697500000000001,1.5128750000000002,1.58675,0.03185775677393073,0.05485158546998595,0.008999999999999897,-0.014999999999999902,-0.05899999999999994,0.0065885797950218095,-0.04114365411436538,1.3875000000000002,1.429125,1.5074166666666666,0.023216373532482203,0.05412007153410978,-0.06800000000000006,0.009999999999999787,0.026999999999999913
2003-05-28,21,5,2003,54.0,,41.28,79.56,109.26,2003-05-26,1.434,1.369,2,-0.009000000000000119,-0.010000000000000009,-0.07400000000000007,-0.006237006237006293,-0.049071618037135334,1.4512500000000002,1.491875,1.5601666666666667,0.022291627725829953,0.04752574490285405,-0.006000000000000005,0.0029999999999998916,-0.050000000000000044,-0.004363636363636347,-0.03523608174770965,1.375,1.409125,1.4798333333333333,0.010677078252019074,0.039538182269078764,-0.06499999999999995,0.0030000000000001137,0.02400000000000002
2003-06-04,22,6,2003,54.0,,40.67,79.58,106.32,2003-06-02,1.423,1.361,2,-0.010999999999999899,-0.020000000000000018,-0.06099999999999994,-0.007670850767084958,-0.041105121293800506,1.436,1.4755,1.5311666666666666,0.009763879010603764,0.04559135256351959,-0.008000000000000007,-0.014000000000000012,-0.028999999999999915,-0.005843681519357213,-0.0208633093525179,1.36775,1.396125,1.4518333333333333,0.0058523499553376586,0.0354257271323708,-0.062000000000000055,0.0029999999999998916,0.03200000000000003
2003-06-11,23,6,2003,54.0,,42.51,77.8,104.09,2003-06-09,1.422,1.365,2,-0.001000000000000112,-0.01200000000000001,-0.02200000000000002,-0.0007027406886859211,-0.015235457063711877,1.4305,1.4608750000000001,1.5036666666666667,0.009949874371086057,0.040828692642023864,0.0040000000000000036,-0.0040000000000000036,-0.001000000000000112,0.0029390154298309934,-0.0007320644216691763,1.3675000000000002,1.3848749999999999,1.4260000000000002,0.005972157622367957,0.027450930247054167,-0.05699999999999994,0.0050000000000001155,0.020999999999999908
2003-06-18,24,6,2003,54.0,,45.56,77.32,107.03,2003-06-16,1.432,1.379,2,0.010000000000000009,0.008999999999999897,-0.01100000000000012,0.007032348804500765,-0.007623007623007716,1.42775,1.44875,1.4845,0.006130524719282747,0.0309042299462571,0.014000000000000012,0.018000000000000016,0.0040000000000000036,0.01025641025641022,0.0029090909090909722,1.3685,1.3780000000000001,1.4089166666666666,0.007724420150820889,0.018966135233999502,-0.052999999999999936,0.0040000000000000036,0.015000000000000124
2003-06-25,25,6,2003,54.0,,48.01,76.74,107.84,2003-06-23,1.423,1.365,2,-0.008999999999999897,0.001000000000000112,-0.010999999999999899,-0.006284916201117263,-0.007670850767084958,1.4249999999999998,1.4381249999999999,1.4695833333333332,0.004690415759867371,0.020476031283980678,-0.014000000000000012,0.0,-0.0040000000000000036,-0.010152284263959421,-0.0029218407596786067,1.3675,1.3712499999999999,1.3952499999999999,0.007895146188201632,0.009573027584987775,-0.05800000000000005,-0.0050000000000001155,0.006999999999999895
2003-07-02,26,6,2003,54.0,,48.93,78.03,109.83,2003-06-30,1.42,1.364,2,-0.0030000000000001137,-0.01200000000000001,-0.0030000000000001137,-0.0021082220660576523,-0.0021082220660576523,1.4242499999999998,1.4301249999999999,1.4584166666666667,0.005315072906406341,0.00961304916690888,-0.0009999999999998899,-0.014999999999999902,0.0030000000000001137,-0.000732600732600619,0.0022042615723734116,1.36825,1.3679999999999999,1.3868333333333334,0.0071821538087870375,0.006071008388828586,-0.05599999999999983,0.002000000000000224,0.006000000000000227
2003-07-09,27,7,2003,54.0,,47.7,79.86,110.97,2003-07-07,1.428,1.375,2,0.008000000000000007,0.004999999999999893,0.006000000000000005,0.005633802816901401,0.00421940928270037,1.4257499999999999,1.428125,1.4491666666666667,0.005315072906405877,0.007809106405782586,0.010999999999999899,0.010000000000000009,0.010000000000000009,0.008064516129032251,0.0073260073260073,1.37075,1.369125,1.3801666666666668,0.007410578025121015,0.006468329437680833,-0.052999999999999936,0.0029999999999998916,0.0040000000000000036
2003-07-16,28,7,2003,54.0,,47.09,81.97,112.07,2003-07-14,1.435,1.382,2,0.007000000000000117,0.015000000000000124,0.0030000000000001137,0.004901960784313708,0.0020949720670391248,1.4264999999999999,1.4271249999999998,1.4413333333333334,0.006557438524333112,0.005914570386497544,0.006999999999999895,0.017999999999999794,0.0029999999999998916,0.005090909090909035,0.002175489485134019,1.3715000000000002,1.3699999999999999,1.3758333333333335,0.008582928793040593,0.007727501906461552,-0.05300000000000016,-2.220446049250313e-16,-2.220446049250313e-16
2003-07-23,29,7,2003,54.0,,44.95,84.64,111.07,2003-07-21,1.439,1.387,2,0.0040000000000000036,0.01100000000000012,0.016000000000000014,0.0027874564459930973,0.011243851018974071,1.4304999999999999,1.42775,1.4355833333333334,0.008346656017056328,0.006923046397956829,0.0050000000000001155,0.01200000000000001,0.02200000000000002,0.003617945007236001,0.01611721611721606,1.377,1.37225,1.3731666666666669,0.009966610925137476,0.009750457864711112,-0.052000000000000046,0.001000000000000112,0.006000000000000005
2003-07-30,30,7,2003,54.0,,46.17,82.89,106.98,2003-07-28,1.438,1.387,2,-0.001000000000000112,0.0029999999999998916,0.018000000000000016,-0.0006949270326616075,0.012676056338028152,1.4349999999999998,1.429625,1.43175,0.0049665548086220345,0.007463003991096481,0.0,0.0050000000000001155,0.02299999999999991,0.0,0.016862170087976525,1.3827500000000001,1.3755000000000002,1.3729166666666666,0.005678908345776919,0.00979795897113647,-0.050999999999999934,0.001000000000000112,0.004999999999999893
2003-08-06,31,8,2003,55.0,,46.17,81.57,98.62,2003-08-04,1.453,1.4,2,0.015000000000000124,0.014000000000000012,0.025000000000000133,0.010431154381084884,0.017507002801120608,1.44125,1.4335,1.4325,0.00801560977096297,0.010406042200827949,0.0129999999999999,0.0129999999999999,0.02499999999999991,0.009372746935832676,0.018181818181818077,1.389,1.3798750000000002,1.37575,0.007702813338843441,0.012005207203545759,-0.05300000000000016,-0.002000000000000224,-2.220446049250313e-16
2003-08-13,32,8,2003,56.0,,49.69,86.04,103.42,2003-08-11,1.492,1.447,2,0.038999999999999924,0.05400000000000005,0.05699999999999994,0.026841018582243636,0.03972125435540064,1.4555,1.441,1.436583333333333,0.025278449319534983,0.02307750915006065,0.04700000000000015,0.06000000000000005,0.06500000000000017,0.033571428571428585,0.04703328509406668,1.4052499999999999,1.388375,1.38175,0.028499999999995067,0.02655418987655345,-0.04499999999999993,0.00800000000000023,0.00800000000000023
2003-08-20,33,8,2003,57.0,,51.98,86.3,103.04,2003-08-18,1.498,1.448,2,0.006000000000000005,0.04499999999999993,0.05899999999999994,0.004021447721179738,0.04100069492703251,1.47025,1.450375,1.4419166666666667,0.029330018752128977,0.029154453225139675,0.0009999999999998899,0.04800000000000004,0.06099999999999994,0.0006910850034553828,0.043979812545061225,1.4205,1.3987500000000002,1.3883333333333334,0.03162804662531403,0.031810824752411024,-0.050000000000000044,-0.0050000000000001155,0.0020000000000000018
2003-08-27,34,8,2003,57.0,,57.49,84.31,97.05,2003-08-25,1.503,1.445,2,0.004999999999999893,0.010999999999999899,0.06499999999999995,0.0033377837116153053,0.045201668984701016,1.4865,1.46075,1.4485833333333333,0.02278157149979269,0.03147674878835865,-0.0029999999999998916,-0.0020000000000000018,0.05800000000000005,-0.002071823204419787,0.04181687094448461,1.4349999999999998,1.408875,1.3953333333333333,0.02336664289108929,0.03205993271537393,-0.05799999999999983,-0.007999999999999785,-0.006999999999999895
2003-09-03,35,8,2003,57.0,,57.49,86.35,92.64,2003-09-01,1.501,1.446,2,-0.0020000000000000018,0.0029999999999998916,0.04799999999999982,-0.0013306719893546592,0.033035099793530476,1.4985,1.469875,1.4551666666666667,0.004795831523325229,0.031206398153487965,0.0009999999999998899,-0.0020000000000000018,0.04600000000000004,0.0006920415224913601,0.03285714285714292,1.4465,1.41775,1.4020833333333333,0.0012909944486131427,0.031157434334131505,-0.05499999999999994,0.0029999999999998916,-0.0019999999999997797
2003-09-10,36,9,2003,56.0,,60.85,88.71,93.11,2003-09-08,1.488,1.432,2,-0.0129999999999999,-0.014999999999999902,-0.0040000000000000036,-0.008660892738174497,-0.002680965147453085,1.4975,1.4765000000000001,1.4598333333333333,0.006658328118488666,0.02822865818378338,-0.014000000000000012,-0.013000000000000123,-0.015000000000000124,-0.009681881051175623,-0.010366275051831408,1.44275,1.424,1.4065,0.007274384280910159,0.027795169158891964,-0.05600000000000005,-0.001000000000000112,-0.01100000000000012
2003-09-17,37,9,2003,55.0,,75.84,87.47,95.96,2003-09-15,1.471,1.41,2,-0.016999999999999904,-0.029999999999999805,-0.026999999999999913,-0.011424731182795633,-0.018024032042723626,1.4907499999999998,1.4805000000000001,1.4638333333333333,0.01475070619778864,0.024124676163624265,-0.02200000000000002,-0.03600000000000003,-0.038000000000000034,-0.015363128491620137,-0.026243093922652005,1.4332500000000001,1.426875,1.4102500000000002,0.016760568804976728,0.024403966305265975,-0.061000000000000165,-0.0050000000000001155,-0.01100000000000012
2003-09-24,38,9,2003,54.0,,83.48,85.56,108.41,2003-09-22,1.444,1.38,2,-0.027000000000000135,-0.04400000000000004,-0.05899999999999994,-0.018354860639021142,-0.03925482368596134,1.476,1.48125,1.4658333333333333,0.02461706725018647,0.02266369028076845,-0.030000000000000027,-0.052000000000000046,-0.06500000000000017,-0.021276595744680882,-0.04498269896193785,1.417,1.426,1.4115833333333334,0.028774989139871168,0.026104186856298752,-0.06400000000000006,-0.0029999999999998916,-0.006000000000000227
2003-10-01,39,9,2003,54.0,,92.04,95.93,128.6,2003-09-29,1.429,1.368,2,-0.014999999999999902,-0.04200000000000004,-0.07199999999999984,-0.010387811634348987,-0.04796802131912048,1.458,1.4782499999999998,1.4659166666666668,0.026495282598988593,0.027916968726150786,-0.011999999999999789,-0.041999999999999815,-0.07799999999999985,-0.008695652173912882,-0.053941908713692865,1.3975,1.422,1.4109999999999998,0.02899999999999516,0.03235958678881501,-0.06099999999999994,0.0030000000000001137,-0.006000000000000005
2003-10-08,40,10,2003,55.0,,91.13,107.7,155.91,2003-10-06,1.445,1.388,2,0.016000000000000014,0.001000000000000112,-0.04299999999999993,0.011196641007697794,-0.02889784946236551,1.44725,1.472375,1.46675,0.017442763542521153,0.029509986203216317,0.019999999999999796,0.008000000000000007,-0.04400000000000004,0.014619883040935422,-0.030726256983240274,1.3864999999999998,1.414625,1.4115,0.017691806012946593,0.032570527869752015,-0.05700000000000016,0.0039999999999997815,-0.001000000000000112
2003-10-15,41,10,2003,56.0,,81.95,115.74,180.62,2003-10-13,1.483,1.429,2,0.038000000000000034,0.05400000000000005,0.01200000000000001,0.02629757785467124,0.008157715839564927,1.45025,1.4705000000000001,1.4704166666666667,0.023027157879345374,0.028091686619756164,0.04100000000000015,0.06099999999999994,0.019000000000000128,0.029538904899135465,0.013475177304964614,1.3912499999999999,1.41225,1.415,0.026474830814688845,0.03041028961200017,-0.05400000000000005,0.0030000000000001137,0.007000000000000117
2003-10-22,42,10,2003,57.0,,93.27,116.32,182.14,2003-10-20,1.502,1.452,2,0.018999999999999906,0.05699999999999994,0.05800000000000005,0.012811867835468504,0.040166204986149534,1.4647500000000002,1.470375,1.47575,0.03360927451364561,0.027928160391563095,0.02299999999999991,0.06400000000000006,0.07200000000000006,0.016095171448565315,0.052173913043478404,1.40925,1.413125,1.4204166666666664,0.038169577763794815,0.031565973995518075,-0.050000000000000044,0.0040000000000000036,0.014000000000000012
2003-10-29,43,10,2003,57.0,,107.03,118.94,199.48,2003-10-27,1.495,1.441,2,-0.006999999999999895,0.01200000000000001,0.06600000000000006,-0.0046604527296936205,0.04618614415675304,1.4812500000000002,1.4696250000000002,1.4792499999999997,0.025408331966769136,0.02705516850542378,-0.010999999999999899,0.01200000000000001,0.07299999999999995,-0.007575757575757458,0.05336257309941517,1.4275000000000002,1.4124999999999999,1.4238333333333335,0.027958302285123925,0.03086375590512987,-0.05400000000000005,-0.0040000000000000036,0.006999999999999895
2003-11-05,44,11,2003,56.0,,84.7,120.72,197.2,2003-11-03,1.481,1.425,2,-0.014000000000000012,-0.020999999999999908,0.03600000000000003,-0.00936454849498325,0.02491349480968852,1.49025,1.46875,1.4783333333333335,0.009979144919957704,0.026483148280687367,-0.016000000000000014,-0.026999999999999913,0.037000000000000144,-0.011103400416377474,0.02665706051873218,1.4367500000000002,1.411625,1.422,0.01223042653929202,0.030326497136521403,-0.05600000000000005,-0.0020000000000000018,0.001000000000000112
2003-11-12,45,11,2003,56.0,,66.97,115.48,187.46,2003-11-10,1.476,1.423,2,-0.0050000000000001155,-0.019000000000000128,-0.007000000000000117,-0.0033760972316003723,-0.004720161834120051,1.4885,1.4693749999999999,1.4765,0.012069244660162319,0.02660256432322193,-0.0020000000000000018,-0.018000000000000016,-0.006000000000000005,-0.0014035087719298511,-0.0041987403778865895,1.4352500000000001,1.4132500000000001,1.4199166666666665,0.013768926368203864,0.030574265555949564,-0.052999999999999936,0.0030000000000001137,0.001000000000000112
2003-11-19,46,11,2003,56.0,,59.02,114.37,186.03,2003-11-17,1.481,1.431,2,0.0050000000000001155,0.0,-0.020999999999999908,0.003387533875338855,-0.013981358189081194,1.48325,1.4740000000000002,1.4746666666666668,0.008180260794551157,0.024709743595819917,0.008000000000000007,0.006000000000000005,-0.020999999999999908,0.005621925509486925,-0.014462809917355268,1.4300000000000002,1.419625,1.41875,0.008082903768635684,0.027846197483421535,-0.050000000000000044,0.0029999999999998916,0.0
2003-11-26,47,11,2003,56.0,,57.49,117.77,194.63,2003-11-24,1.491,1.444,2,0.010000000000000009,0.015000000000000124,-0.0040000000000000036,0.006752194463200523,-0.0026755852842809125,1.48225,1.4817500000000001,1.4738333333333333,0.006291528696075411,0.01714434517350578,0.0129999999999999,0.020999999999999908,0.0029999999999998916,0.009084556254367548,0.002081887578070818,1.43075,1.429125,1.4185833333333333,0.009464847242984058,0.019401307025190224,-0.04700000000000015,0.0029999999999998916,0.006999999999999895
2003-12-03,48,11,2003,56.0,,61.16,124.94,199.24,2003-12-01,1.476,1.428,2,-0.015000000000000124,-0.0050000000000001155,-0.0050000000000001155,-0.010060362173038295,-0.0033760972316003723,1.481,1.485625,1.4728333333333332,0.007071067811880353,0.009410290719649031,-0.016000000000000014,-0.0030000000000001137,0.0029999999999998916,-0.011080332409972304,0.00210526315789461,1.4315,1.4341249999999999,1.4182500000000002,0.008962886439815165,0.010315556906230736,-0.04800000000000004,-0.0009999999999998899,0.008000000000000007
2003-12-10,49,12,2003,56.0,,67.58,128.43,196.82,2003-12-08,1.481,1.431,2,0.0050000000000001155,-0.010000000000000009,0.0050000000000001155,0.003387533875338855,0.003387533875338855,1.48225,1.485375,1.4736666666666667,0.006291528696075411,0.009515964030423433,0.0030000000000001137,-0.0129999999999999,0.008000000000000007,0.0021008403361344463,0.005621925509486925,1.4335,1.434375,1.42,0.007141428428520942,0.01019716347113808,-0.050000000000000044,-0.0020000000000000018,0.0029999999999998916
2003-12-17,50,12,2003,56.0,,65.44,130.38,198.62,2003-12-15,1.486,1.437,2,0.004999999999999893,0.010000000000000009,0.004999999999999893,0.0033760972316001503,0.0033760972316001503,1.4835,1.483375,1.477166666666667,0.006454972243694829,0.0068230177654987866,0.006000000000000005,0.009000000000000119,0.006000000000000005,0.004192872117400492,0.004192872117400492,1.435,1.4324999999999999,1.4247500000000002,0.007071067811843236,0.007521398046334373,-0.04899999999999993,0.001000000000000112,0.001000000000000112
2003-12-24,51,12,2003,57.0,,65.75,130.59,197.43,2003-12-22,1.504,1.457,2,0.018000000000000016,0.02299999999999991,0.0129999999999999,0.01211305518169592,0.008718980549966338,1.48675,1.4845,1.4834166666666666,0.012203141671998336,0.009304376850233928,0.020000000000000018,0.026000000000000023,0.013000000000000123,0.01391788448155884,0.009002770083102574,1.43825,1.4345,1.4321666666666666,0.013047988350687741,0.011288426437220656,-0.04699999999999993,0.0020000000000000018,2.220446049250313e-16
2003-12-31,52,12,2003,57.0,,61.46,,,2003-12-29,1.502,1.456,2,-0.0020000000000000018,0.016000000000000014,0.026000000000000023,-0.0013297872340425343,0.017615176151761558,1.49325,1.487125,1.488166666666667,0.011470977871720961,0.010986192633081307,-0.001000000000000112,0.018999999999999906,0.028000000000000025,-0.0006863417982155839,0.019607843137254832,1.44525,1.438375,1.4378333333333335,0.013225606476314775,0.012783220028055434,-0.04600000000000004,0.0009999999999998899,0.0020000000000000018
2004-01-07,1,1,2004,57.0,,61.16,131.27,196.91,2004-01-05,1.503,1.458,2,0.0009999999999998899,-0.001000000000000112,0.021999999999999797,0.0006657789613846443,0.014854827819041017,1.49875,1.4905,1.4898333333333333,0.008539125638309235,0.011224972160310367,0.0020000000000000018,0.0009999999999998899,0.026999999999999913,0.0013736263736263687,0.018867924528301883,1.452,1.44275,1.44025,0.010033277962178093,0.012758750498605623,-0.04499999999999993,0.001000000000000112,0.0050000000000001155
2004-01-14,2,1,2004,60.0,,61.16,147.9,214.44,2004-01-12,1.551,1.519,2,0.04800000000000004,0.04899999999999993,0.06499999999999995,0.031936127744510934,0.043741588156123834,1.5150000000000001,1.49925,1.4939166666666666,0.024013884872439568,0.023420076857255345,0.06099999999999994,0.06299999999999994,0.08199999999999985,0.041838134430727036,0.05706332637439093,1.4725000000000001,1.45375,1.445833333333333,0.031010750823969008,0.028902545612057635,-0.03200000000000003,0.0129999999999999,0.016999999999999904
2004-01-21,3,1,2004,59.0,,58.1,150.22,207.36,2004-01-19,1.559,1.527,2,0.008000000000000007,0.05600000000000005,0.05499999999999994,0.0051579626047710825,0.03656914893617014,1.5287499999999998,1.50775,1.4992500000000002,0.030489069079481783,0.031083987609604354,0.008000000000000007,0.06899999999999995,0.06999999999999984,0.005266622778143493,0.04804392587508577,1.4899999999999998,1.464125,1.453,0.038253540141180875,0.038278817342529824,-0.03200000000000003,0.0,0.014999999999999902
2004-01-28,4,1,2004,60.0,,63.6,158.23,208.5,2004-01-26,1.591,1.558,2,0.03200000000000003,0.040000000000000036,0.08899999999999997,0.02052597819114821,0.05925432756324889,1.551,1.522125,1.5084166666666665,0.03636848452529597,0.039700440803595104,0.03100000000000014,0.039000000000000146,0.10200000000000009,0.02030124426981028,0.07005494505494503,1.5155,1.480375,1.4640833333333332,0.04186088070421968,0.04728617285060203,-0.03299999999999992,-0.0009999999999998899,0.013000000000000123
2004-02-04,5,2,2004,60.0,,65.75,181.72,215.06,2004-02-02,1.581,1.546,2,-0.010000000000000009,0.02200000000000002,0.07800000000000007,-0.006285355122564451,0.05189620758483038,1.5705,1.534625,1.5171666666666666,0.018645821694595433,0.04063403745629726,-0.01200000000000001,0.019000000000000128,0.08800000000000008,-0.007702182284980763,0.06035665294924564,1.5375,1.49475,1.4743333333333333,0.017748239349286436,0.04761077309061003,-0.03499999999999992,-0.0020000000000000018,0.010000000000000009
2004-02-11,6,2,2004,59.0,,59.94,175.97,208.69,2004-02-09,1.568,1.515,2,-0.0129999999999999,-0.02299999999999991,0.017000000000000126,-0.008222643896268145,0.010960670535138606,1.5747499999999999,1.544875,1.5244166666666665,0.0141037819986922,0.03677513717561761,-0.03100000000000014,-0.04300000000000015,-0.0040000000000000036,-0.020051746442432128,-0.0026333113890717463,1.5365,1.5045,1.4813333333333334,0.019192012227301623,0.04171673182651701,-0.05300000000000016,-0.018000000000000238,-0.02100000000000013
2004-02-18,7,2,2004,60.0,,55.35,175.01,207.79,2004-02-16,1.584,1.524,2,0.016000000000000014,0.0030000000000001137,0.025000000000000133,0.010204081632652962,0.016035920461834552,1.581,1.554875,1.5321666666666667,0.009626352718793163,0.03490164752557948,0.009000000000000119,-0.02200000000000002,-0.0029999999999998916,0.005940594059405946,-0.0019646365422396617,1.53575,1.512875,1.4880000000000002,0.01973786547053391,0.03731119135058284,-0.06000000000000005,-0.006999999999999895,-0.028000000000000025
2004-02-25,8,2,2004,60.0,,48.32,185.63,212.64,2004-02-23,1.595,1.536,2,0.010999999999999899,0.026999999999999913,0.0040000000000000036,0.00694444444444442,0.0025141420490257804,1.582,1.5665,1.5420833333333333,0.01110555416596937,0.029904610251356146,0.01200000000000001,0.02100000000000013,-0.02200000000000002,0.007874015748031482,-0.014120667522464658,1.5302499999999999,1.522875,1.497,0.013573871960482247,0.029868461627606254,-0.05899999999999994,0.001000000000000112,-0.026000000000000023
2004-03-03,9,2,2004,61.0,,48.93,183.6,207.89,2004-03-01,1.619,1.549,2,0.02400000000000002,0.03499999999999992,0.038000000000000034,0.015047021943573657,0.02403542061986097,1.5915,1.581,1.5535833333333333,0.021424285285626572,0.02171898445402308,0.0129999999999999,0.02499999999999991,0.0029999999999998916,0.008463541666666519,0.0019404915912031306,1.531,1.53425,1.5068333333333335,0.014764823060218693,0.015508062419263207,-0.07000000000000006,-0.01100000000000012,-0.03500000000000014
2004-03-10,10,3,2004,62.0,,45.56,185.89,213.44,2004-03-08,1.628,1.566,2,0.008999999999999897,0.03299999999999992,0.05999999999999983,0.005558987029030238,0.03826530612244894,1.6065,1.590625,1.5654166666666665,0.020469489490455368,0.02351253465099202,0.017000000000000126,0.030000000000000027,0.051000000000000156,0.010974822466107259,0.03366336633663369,1.54375,1.540125,1.5175833333333333,0.018006943105356887,0.017658971819277544,-0.06199999999999983,0.00800000000000023,-0.008999999999999675
2004-03-17,11,3,2004,61.0,,46.17,186.27,215.61,2004-03-15,1.617,1.557,2,-0.010999999999999899,-0.0020000000000000018,0.03299999999999992,-0.006756756756756688,0.02083333333333326,1.6147500000000001,1.597875,1.5748333333333333,0.01400892572611595,0.021195939638116456,-0.009000000000000119,0.008000000000000007,0.03299999999999992,-0.005747126436781658,0.021653543307086576,1.552,1.543875,1.5259166666666666,0.012727922061340432,0.01765897181927733,-0.06000000000000005,0.0019999999999997797,0.0
2004-03-24,12,3,2004,62.0,,43.73,185.69,209.07,2004-03-22,1.641,1.587,2,0.02400000000000002,0.013000000000000123,0.04600000000000004,0.014842300556586308,0.028840125391849547,1.62625,1.604125,1.5864166666666668,0.01093541646820646,0.025759533602695416,0.030000000000000027,0.020999999999999908,0.050999999999999934,0.019267822736030782,0.033203125,1.56475,1.5475,1.536833333333333,0.01637833935414557,0.023108440016577025,-0.05400000000000005,0.006000000000000005,0.004999999999999893
2004-03-31,13,3,2004,62.0,,46.17,183.65,200.14,2004-03-29,1.642,1.583,2,0.0009999999999998899,0.02499999999999991,0.02299999999999991,0.0006093845216330607,0.014206300185299447,1.632,1.61175,1.598,0.011860297916428173,0.026937758948039504,-0.0040000000000000036,0.026000000000000023,0.03400000000000003,-0.002520478890989275,0.021949644932214296,1.5732499999999998,1.552125,1.54725,0.014150971698069045,0.026253911273229142,-0.05899999999999994,-0.004999999999999893,0.01100000000000012
2004-04-07,14,4,2004,62.0,,44.95,184.94,196.94,2004-04-05,1.648,1.586,2,0.006000000000000005,0.006999999999999895,0.020000000000000018,0.0036540803897686658,0.01228501228501222,1.637,1.62175,1.6060833333333333,0.013686976778422512,0.022926902475971084,0.0030000000000001137,-0.0009999999999998899,0.020000000000000018,0.0018951358180669953,0.012771392081736943,1.57825,1.5610000000000002,1.5528333333333333,0.014268263150533917,0.023796758482731002,-0.06199999999999983,-0.0029999999999998916,0.0
2004-04-14,15,4,2004,63.0,,44.65,184.54,195.42,2004-04-12,1.679,1.605,2,0.03100000000000014,0.037000000000000144,0.062000000000000055,0.018810679611650505,0.0383426097711812,1.6524999999999999,1.633625,1.616083333333333,0.01793506806974422,0.025082364322364967,0.018999999999999906,0.02200000000000002,0.04800000000000004,0.011979823455233296,0.030828516377649384,1.5902500000000002,1.5711249999999999,1.5593333333333332,0.009979144919925681,0.02302444353289993,-0.07400000000000007,-0.012000000000000233,-0.014000000000000012
2004-04-21,16,4,2004,65.0,,42.81,182.14,196.76,2004-04-19,1.724,1.639,2,0.04499999999999993,0.07600000000000007,0.08299999999999996,0.026801667659321016,0.05057891529555136,1.67325,1.64975,1.6271666666666667,0.03751777356577755,0.03585586224235475,0.03400000000000003,0.052999999999999936,0.052000000000000046,0.021183800623052917,0.032766225582860686,1.60325,1.584,1.5660833333333333,0.025747168129062442,0.028680506072437165,-0.08499999999999996,-0.010999999999999899,-0.030999999999999917
2004-04-28,17,4,2004,65.0,,41.74,168.93,181.15,2004-04-26,1.718,1.634,2,-0.006000000000000005,0.038999999999999924,0.07600000000000007,-0.0034802784222738303,0.04628501827040199,1.69225,1.662125,1.6385833333333333,0.035612497806241476,0.040509037792288,-0.0050000000000001155,0.028999999999999915,0.050999999999999934,-0.003050640634533308,0.03221730890713825,1.6159999999999999,1.5946250000000002,1.5734166666666667,0.024993332444198078,0.029592168365482882,-0.08400000000000007,0.0009999999999998899,-0.025000000000000133
2004-05-05,18,5,2004,65.0,,41.59,161.04,170.95,2004-05-03,1.717,1.627,2,-0.0009999999999998899,-0.006999999999999895,0.06900000000000017,-0.0005820721769498327,0.041868932038835016,1.7095000000000002,1.67325,1.651,0.020566963801190687,0.04199234624139292,-0.006999999999999895,-0.01200000000000001,0.040999999999999925,-0.004283965728274164,0.025851197982345475,1.62625,1.60225,1.58275,0.01499722196495749,0.0290160054354182,-0.09000000000000008,-0.006000000000000005,-0.028000000000000247
2004-05-12,19,5,2004,66.0,,46.48,161.15,176.02,2004-05-10,1.745,1.645,2,0.028000000000000025,0.027000000000000135,0.06600000000000006,0.016307513104251603,0.0393091125670042,1.726,1.6892500000000001,1.6644166666666667,0.013038404810383512,0.04188334138669196,0.018000000000000016,0.01100000000000012,0.040000000000000036,0.011063306699446773,0.024922118380062308,1.63625,1.6132499999999999,1.5928333333333333,0.007632168761206212,0.025927095589632014,-0.10000000000000009,-0.010000000000000009,-0.026000000000000023
2004-05-19,20,5,2004,67.0,,51.68,133.26,144.87,2004-05-17,1.763,1.664,2,0.017999999999999794,0.04599999999999982,0.038999999999999924,0.01031518624641814,0.022621809744779453,1.73575,1.7045000000000001,1.678416666666667,0.022321514285536213,0.04396427120807361,0.018999999999999906,0.03699999999999992,0.02499999999999991,0.011550151975683765,0.015253203172666208,1.6425,1.622875,1.6034999999999997,0.016134848413693337,0.028910885246112718,-0.09899999999999998,0.001000000000000112,-0.014000000000000012
2004-05-26,21,5,2004,66.0,,53.21,131.76,142.14,2004-05-24,1.761,1.671,2,-0.0020000000000000018,0.015999999999999792,0.04299999999999993,-0.0011344299489506326,0.02502910360884747,1.7465,1.7193749999999999,1.6902499999999998,0.0212524508390451,0.039723823366552447,0.007000000000000117,0.026000000000000023,0.037000000000000144,0.0042067307692308376,0.022643818849449326,1.65175,1.633875,1.6136666666666664,0.01982212568485507,0.028306675134011233,-0.08999999999999986,0.009000000000000119,-0.005999999999999783
2004-06-02,22,5,2004,66.0,,51.68,130.74,135.48,2004-05-31,1.746,1.661,2,-0.014999999999999902,-0.016999999999999904,0.028999999999999915,-0.008517887563884052,0.016889924286546343,1.7537500000000001,1.731625,1.7000833333333334,0.009569918146602806,0.02792816039156656,-0.010000000000000009,-0.0029999999999998916,0.03400000000000003,-0.005984440454817497,0.020897357098955238,1.66025,1.6432499999999999,1.6215833333333334,0.010996211468782553,0.02187464285421767,-0.08499999999999996,0.004999999999999893,0.0050000000000001155
2004-06-09,23,6,2004,65.0,,49.84,121.31,126.11,2004-06-07,1.734,1.655,2,-0.01200000000000001,-0.026999999999999913,-0.01100000000000012,-0.0068728522336769515,-0.006303724928366838,1.751,1.7385,1.7098333333333333,0.013638181696962112,0.01819733104449082,-0.006000000000000005,-0.016000000000000014,0.010000000000000009,-0.0036122817579771205,0.006079027355623046,1.66275,1.6495000000000002,1.6297500000000003,0.006652067347788721,0.015638779638162077,-0.07899999999999996,0.006000000000000005,0.02100000000000013
2004-06-16,24,6,2004,65.0,,46.48,110.75,124.13,2004-06-14,1.711,1.635,2,-0.02299999999999991,-0.03499999999999992,-0.051999999999999824,-0.013264129181084106,-0.029495178672716893,1.738,1.7368750000000002,1.7156666666666665,0.02111871208192841,0.020152543263814864,-0.020000000000000018,-0.026000000000000023,-0.028999999999999915,-0.012084592145015116,-0.01742788461538458,1.6555,1.649,1.63375,0.015176736583760501,0.016080156360278153,-0.07600000000000007,0.0029999999999998916,0.02299999999999991
2004-06-23,25,6,2004,64.0,,45.87,94.01,117.08,2004-06-21,1.7,1.623,2,-0.01100000000000012,-0.03400000000000003,-0.06099999999999994,-0.006428988895382903,-0.03463940942646215,1.72275,1.7346249999999999,1.7205000000000001,0.02099801577926123,0.023317298912424594,-0.01200000000000001,-0.03200000000000003,-0.04800000000000004,-0.007339449541284404,-0.02872531418312385,1.6435,1.647625,1.6370833333333332,0.01761628034895167,0.017911987207282525,-0.07699999999999996,-0.0009999999999998899,0.0129999999999999
2004-06-30,26,6,2004,64.0,,46.17,97.46,125.75,2004-06-28,1.7,1.624,2,0.0,-0.01100000000000012,-0.04600000000000004,0.0,-0.026345933562428425,1.71125,1.7325,1.7248333333333334,0.016028620235882345,0.02579590222164168,0.001000000000000112,-0.010999999999999899,-0.03699999999999992,0.0006161429451634337,-0.02227573750752554,1.6342500000000002,1.64725,1.64025,0.01486326567972855,0.018429401974628046,-0.07599999999999985,0.001000000000000112,0.009000000000000119
2004-07-07,27,7,2004,65.0,,46.17,107.72,145.84,2004-07-05,1.716,1.641,2,0.016000000000000014,0.016000000000000014,-0.018000000000000016,0.009411764705882453,-0.01038062283737029,1.70675,1.728875,1.7279166666666665,0.008057087976815818,0.025825997422308115,0.016999999999999904,0.018000000000000016,-0.014000000000000012,0.010467980295566504,-0.008459214501510548,1.63075,1.6467500000000002,1.64325,0.008732124598259665,0.01855301284734782,-0.07499999999999996,0.0009999999999998899,0.0040000000000000036
2004-07-14,28,7,2004,66.0,,44.65,123.65,171.79,2004-07-12,1.74,1.671,2,0.02400000000000002,0.040000000000000036,0.028999999999999915,0.013986013986013957,0.016949152542372836,1.714,1.726,1.7292500000000002,0.01890326250499632,0.022557862107413087,0.030000000000000027,0.04699999999999993,0.03600000000000003,0.018281535648994485,0.022018348623853212,1.63975,1.6476250000000001,1.6459166666666667,0.022410934831004425,0.019617321063637942,-0.06899999999999995,0.006000000000000005,0.007000000000000117
2004-07-21,29,7,2004,66.0,,46.79,122.58,158.6,2004-07-19,1.744,1.674,2,0.0040000000000000036,0.028000000000000025,0.04400000000000004,0.0022988505747125743,0.025882352941176467,1.725,1.723875,1.7314166666666668,0.020752509888350985,0.019364455656099958,0.0029999999999998916,0.03299999999999992,0.050999999999999934,0.0017953321364452268,0.031423290203327126,1.6525,1.648,1.64925,0.024145392935289247,0.020149441679599107,-0.07000000000000006,-0.001000000000000112,0.006999999999999895
2004-07-28,30,7,2004,66.0,,59.94,125.75,149.94,2004-07-26,1.754,1.691,2,0.010000000000000009,0.014000000000000012,0.05400000000000005,0.005733944954128489,0.03176470588235292,1.7385,1.724875,1.7345,0.016114175953677177,0.02082194927062526,0.017000000000000126,0.020000000000000018,0.06699999999999995,0.010155316606929476,0.04125615763546797,1.6692500000000001,1.65175,1.654583333333333,0.020790622886279912,0.02509837786447828,-0.06299999999999994,0.007000000000000117,0.0129999999999999
2004-08-04,31,8,2004,67.0,,64.22,131.57,155.94,2004-08-02,1.78,1.722,2,0.026000000000000023,0.03600000000000003,0.06400000000000006,0.014823261117445918,0.037296037296037365,1.7545,1.7306249999999999,1.7374166666666666,0.01799073835800032,0.028600387110265982,0.030999999999999917,0.04800000000000004,0.08099999999999996,0.01833234772324066,0.04936014625228524,1.6894999999999998,1.660125,1.6609999999999998,0.023388031127041974,0.03540152337318846,-0.05800000000000005,0.004999999999999893,0.016999999999999904
2004-08-11,32,8,2004,68.0,,67.27,127.17,148.12,2004-08-09,1.814,1.756,2,0.03400000000000003,0.06000000000000005,0.07400000000000007,0.019101123595505642,0.042528735632183956,1.7730000000000001,1.7435,1.7416666666666665,0.03126233090050454,0.03957993719766829,0.03400000000000003,0.06499999999999995,0.08499999999999996,0.019744483159117365,0.05086774386594861,1.71075,1.67525,1.6686666666666667,0.03612363030851309,0.047061509902310256,-0.05800000000000005,0.0,0.010999999999999899
2004-08-18,33,8,2004,69.0,,69.72,129.59,151.52,2004-08-16,1.825,1.765,2,0.010999999999999899,0.04499999999999993,0.08099999999999996,0.006063947078279952,0.04644495412844041,1.79325,1.759125,1.7469999999999999,0.032428125652473154,0.044341008107619165,0.008999999999999897,0.04299999999999993,0.09099999999999997,0.005125284738040969,0.05436081242532853,1.7334999999999998,1.693,1.6765,0.033847698099960924,0.0511412609487494,-0.06000000000000005,-0.0020000000000000018,0.010000000000000009
2004-08-25,34,8,2004,71.0,,68.5,134.36,154.89,2004-08-23,1.874,1.833,2,0.049000000000000155,0.06000000000000005,0.1200000000000001,0.026849315068493196,0.06841505131128844,1.82325,1.7808750000000002,1.757666666666667,0.03887908606606541,0.05302139056213849,0.06800000000000006,0.07699999999999996,0.1419999999999999,0.03852691218130322,0.08397397989355415,1.769,1.719125,1.6908333333333332,0.04651164728681137,0.06289092030764326,-0.04100000000000015,0.018999999999999906,0.021999999999999797
2004-09-01,35,8,2004,71.0,,67.58,134.29,152.32,2004-08-30,1.871,1.824,2,-0.0030000000000001137,0.04600000000000004,0.09099999999999997,-0.0016008537886873508,0.05112359550561796,1.846,1.80025,1.7690833333333333,0.030951575081070312,0.05423428014509951,-0.008999999999999897,0.05900000000000016,0.10200000000000009,-0.004909983633387793,0.059233449477351874,1.7944999999999998,1.742,1.7049166666666666,0.0396021884917076,0.06369121939930876,-0.04699999999999993,-0.005999999999999783,0.01100000000000012
2004-09-08,36,9,2004,71.0,,69.72,131.92,151.91,2004-09-06,1.869,1.819,2,-0.0020000000000000018,-0.0050000000000001155,0.05499999999999994,-0.001068947087119243,0.030319735391400204,1.85975,1.8163749999999999,1.7822500000000001,0.023257615240298492,0.052922956131666504,-0.0050000000000001155,-0.014000000000000012,0.06299999999999994,-0.0027412280701755165,0.03587699316628701,1.81025,1.7605,1.72025,0.030717801570632093,0.06158153712181234,-0.050000000000000044,-0.0030000000000001137,0.008000000000000007
2004-09-15,37,9,2004,71.0,,108.56,134.07,159.11,2004-09-13,1.874,1.826,2,0.0050000000000001155,0.0030000000000001137,0.049000000000000155,0.002675227394328683,0.026849315068493196,1.8719999999999999,1.832625,1.79675,0.0024494897425925886,0.04717123063902439,0.007000000000000117,0.0020000000000000018,0.061000000000000165,0.003848268279274425,0.03456090651558075,1.8255,1.7795,1.7371666666666667,0.005802298395122507,0.05407138139268964,-0.04800000000000004,0.0020000000000000018,0.01200000000000001
2004-09-22,38,9,2004,72.0,,115.9,136.38,169.26,2004-09-20,1.912,1.868,2,0.03799999999999981,0.04299999999999993,0.03799999999999981,0.02027748132337237,0.02027748132337237,1.8815,1.852375,1.8144166666666666,0.020436894741268995,0.04238240032304582,0.04200000000000004,0.049000000000000155,0.03500000000000014,0.02300109529025196,0.019094380796508492,1.8342500000000002,1.801625,1.7575,0.022691775308821393,0.0486237375891884,-0.04399999999999982,0.004000000000000226,-0.0029999999999996696
2004-09-29,39,9,2004,76.0,,131.18,135.94,168.54,2004-09-27,2.012,1.971,2,0.10000000000000009,0.1379999999999999,0.14100000000000001,0.05230125523012563,0.07536076964190275,1.91675,1.8813750000000002,1.8390833333333336,0.06633940508224075,0.06104784423478345,0.10299999999999998,0.14500000000000002,0.14700000000000002,0.055139186295503295,0.08059210526315796,1.871,1.83275,1.785,0.07009041779491688,0.06670564336802562,-0.040999999999999925,0.0029999999999998916,0.006000000000000005
2004-10-06,40,10,2004,77.0,,128.13,136.56,167.24,2004-10-04,2.053,2.0,2,0.040999999999999925,0.14100000000000001,0.18399999999999994,0.020377733598409442,0.09844836811128932,1.96275,1.9112500000000001,1.8651666666666664,0.08371130947089636,0.07915942322752498,0.028999999999999915,0.1319999999999999,0.18100000000000005,0.014713343480466712,0.09950522264980766,1.9162500000000002,1.86325,1.8124166666666668,0.08263322576300215,0.08087689057184848,-0.052999999999999936,-0.01200000000000001,-0.0029999999999998916
2004-10-13,41,10,2004,79.0,,103.97,140.08,172.5,2004-10-11,2.092,2.033,2,0.039000000000000146,0.08000000000000007,0.21799999999999997,0.018996590355577325,0.11632870864461053,2.01725,1.944625,1.8941666666666668,0.07739670535622785,0.09272376409837772,0.03299999999999992,0.06199999999999983,0.20699999999999985,0.01649999999999996,0.11336254107338428,1.968,1.89675,1.8423333333333334,0.07131619731869628,0.08941995622582159,-0.05900000000000016,-0.006000000000000227,-0.01100000000000012
2004-10-20,42,10,2004,82.0,,101.83,146.01,184.1,2004-10-18,2.18,2.115,2,0.08800000000000008,0.12700000000000022,0.26800000000000024,0.042065009560229516,0.14016736401673646,2.08425,1.982875,1.9296666666666666,0.07170483479746649,0.11885938571029549,0.0820000000000003,0.11500000000000021,0.2470000000000001,0.04033448106246951,0.1322269807280514,2.02975,1.932,1.877666666666667,0.062222048610862064,0.11313708498984425,-0.06499999999999995,-0.005999999999999783,-0.02100000000000013
2004-10-27,43,10,2004,83.0,,129.35,152.68,190.12,2004-10-25,2.212,2.144,2,0.03200000000000003,0.1200000000000001,0.20000000000000018,0.014678899082568808,0.0994035785288272,2.13425,2.0255,1.9656666666666667,0.0742175855171707,0.13327736920744432,0.028999999999999915,0.11100000000000021,0.17300000000000004,0.01371158392434979,0.08777270421106032,2.073,1.972,1.9128333333333334,0.06766091929614212,0.1254022100511529,-0.06800000000000006,-0.0030000000000001137,-0.027000000000000135
2004-11-03,44,10,2004,83.0,,112.84,153.73,188.53,2004-11-01,2.206,2.147,2,-0.006000000000000227,0.0259999999999998,0.15300000000000002,-0.002712477396021762,0.07452508524111057,2.1725000000000003,2.067625,1.9983333333333333,0.055434646206127,0.1299625632909076,0.0029999999999996696,0.031999999999999584,0.1469999999999998,0.0013992537313431974,0.0734999999999999,2.10975,2.013,1.9454166666666666,0.05316248677403046,0.12180077410028099,-0.05900000000000016,0.008999999999999897,-0.006000000000000227
2004-11-10,45,11,2004,82.0,,113.45,154.61,185.82,2004-11-08,2.163,2.096,2,-0.04300000000000015,-0.04900000000000038,0.07099999999999973,-0.0194922937443337,0.03393881453154868,2.19025,2.1037500000000002,2.0265,0.022867371223319645,0.10650117370245434,-0.05099999999999971,-0.04800000000000004,0.06300000000000017,-0.023754075454121892,0.03098868666994603,2.1255,2.04675,1.973,0.024392621835278728,0.09758183378945769,-0.06699999999999973,-0.007999999999999563,-0.007999999999999563
2004-11-17,46,11,2004,80.0,,91.43,155.72,194.57,2004-11-15,2.132,2.056,2,-0.030999999999999694,-0.07399999999999984,-0.04800000000000004,-0.014331946370781168,-0.022018348623853212,2.1782500000000002,2.13125,2.048,0.037774550515725876,0.0730728599217469,-0.040000000000000036,-0.09099999999999975,-0.05900000000000016,-0.01908396946564883,-0.02789598108747049,2.11075,2.07025,1.9915833333333335,0.04333878170875302,0.06586945964773619,-0.07600000000000007,-0.009000000000000341,-0.01100000000000012
2004-11-24,47,11,2004,80.0,,72.17,163.67,214.19,2004-11-22,2.116,2.048,2,-0.016000000000000014,-0.04699999999999971,-0.09600000000000009,-0.007504690431519689,-0.04339963833634719,2.15425,2.14425,2.068416666666667,0.03963479111418598,0.05610895013912396,-0.008000000000000007,-0.04800000000000004,-0.09600000000000009,-0.0038910505836575737,-0.04477611940298509,2.08675,2.079875,2.01025,0.045323834789203245,0.0538183120720516,-0.06800000000000006,0.008000000000000007,0.0
2004-12-01,48,11,2004,80.0,,73.39,178.92,236.89,2004-11-29,2.116,2.053,2,0.0,-0.016000000000000014,-0.08999999999999986,0.0,-0.04079782411604704,2.1317500000000003,2.152125,2.089,0.0221566393359913,0.0447419186637622,0.004999999999999893,-0.0030000000000001137,-0.09399999999999986,0.00244140625,-0.043782021425244455,2.06325,2.0865,2.02975,0.022081289213548745,0.04514421336117196,-0.06300000000000017,0.004999999999999893,-0.0040000000000000036
2004-12-08,49,12,2004,78.0,,74.92,176.55,231.25,2004-12-06,2.069,1.995,2,-0.04700000000000015,-0.04700000000000015,-0.09399999999999986,-0.022211720226843146,-0.043458159963014276,2.10825,2.14925,2.10525,0.027232027712454945,0.04962934040033024,-0.05799999999999983,-0.052999999999999936,-0.10099999999999998,-0.02825133950316605,-0.04818702290076338,2.038,2.08175,2.043833333333333,0.028855964143756848,0.05290895144355216,-0.07399999999999984,-0.010999999999999677,-0.007000000000000117
2004-12-15,50,12,2004,75.0,,92.04,160.77,206.89,2004-12-13,1.997,1.91,2,-0.07199999999999984,-0.119,-0.135,-0.034799420009666404,-0.06332082551594742,2.0745,2.126375,2.1123333333333334,0.05621684207897112,0.07100289229521625,-0.08500000000000019,-0.14300000000000002,-0.14600000000000013,-0.04260651629072687,-0.07101167315175105,2.0015,2.056125,2.0473333333333334,0.06640532107192829,0.07813438515056083,-0.08700000000000019,-0.013000000000000345,-0.01100000000000012
2004-12-22,51,12,2004,75.0,,105.74,154.41,187.92,2004-12-20,1.984,1.922,2,-0.013000000000000123,-0.08499999999999996,-0.13200000000000012,-0.006509764646970506,-0.06238185255198492,2.0415,2.097875,2.11,0.06216376221989833,0.07721109746292215,0.01200000000000001,-0.07300000000000018,-0.1260000000000001,0.006282722513089034,-0.0615234375,1.9700000000000002,2.028375,2.04325,0.06687799837514553,0.08180278985811223,-0.062000000000000055,0.025000000000000133,0.006000000000000005
2004-12-29,52,12,2004,75.0,,91.74,,,2004-12-27,1.987,1.928,2,0.0030000000000001137,-0.010000000000000009,-0.129,0.0015120967741935054,-0.060964083175803374,2.00925,2.0705,2.1045000000000003,0.040219191107382264,0.0720495860997346,0.006000000000000005,0.018000000000000016,-0.125,0.003121748178980255,-0.06088650754992697,1.9387499999999998,2.001,2.03725,0.038239377609989904,0.07255539755445334,-0.05900000000000016,0.0029999999999998916,0.0040000000000000036
2005-01-05,1,1,2005,74.0,,79.81,148.17,173.16,2005-01-03,1.957,1.887,2,-0.030000000000000027,-0.026999999999999913,-0.11199999999999988,-0.01509813789632608,-0.05413243112614785,1.9812500000000002,2.04475,2.09325,0.017095320997246106,0.07107290020012745,-0.040999999999999925,-0.03499999999999992,-0.1080000000000001,-0.021265560165975028,-0.0541353383458647,1.91175,1.974875,2.0250833333333333,0.01811767093197888,0.07107428206762026,-0.07000000000000006,-0.010999999999999899,0.0039999999999997815
2005-01-12,2,1,2005,73.0,,99.08,158.31,185.85,2005-01-10,1.934,1.876,2,-0.02300000000000013,-0.05300000000000016,-0.06300000000000017,-0.011752682677567794,-0.03154732098147228,1.9655,2.02,2.07275,0.024959967948675825,0.0708237248385035,-0.01100000000000012,-0.052000000000000046,-0.03400000000000003,-0.005829358770535253,-0.017801047120418856,1.9032499999999999,1.952375,2.0051666666666663,0.02563038561290425,0.07020976224347161,-0.05800000000000005,0.01200000000000001,0.029000000000000137
2005-01-19,3,1,2005,74.0,,110.39,152.99,175.28,2005-01-17,1.952,1.908,2,0.018000000000000016,-0.0050000000000001155,-0.03200000000000003,0.009307135470527417,-0.016129032258064502,1.9575,1.9995,2.051083333333333,0.022007574453634757,0.062287352534156404,0.03200000000000003,0.020999999999999908,-0.014000000000000012,0.017057569296375252,-0.007284079084287187,1.8997499999999998,1.934875,1.9855,0.023041628993328164,0.059618878841226366,-0.04400000000000004,0.014000000000000012,0.018000000000000016
2005-01-26,4,1,2005,74.0,,89.29,149.55,162.37,2005-01-24,1.959,1.919,2,0.007000000000000117,0.025000000000000133,-0.028000000000000025,0.0035860655737705027,-0.014091595369904342,1.9505000000000001,1.979875,2.0305,0.01138712723498009,0.041653116844446045,0.01100000000000012,0.04300000000000015,-0.008999999999999897,0.005765199161425594,-0.004668049792531104,1.8975,1.9181249999999999,1.9665000000000001,0.019536291016111245,0.035726890632755214,-0.040000000000000036,0.0040000000000000036,0.019000000000000128
2005-02-02,5,1,2005,75.0,,80.42,153.59,169.22,2005-01-31,1.992,1.94,2,0.03299999999999992,0.040000000000000036,0.03499999999999992,0.016845329249617125,0.017884517118037735,1.9592500000000002,1.9702499999999998,2.01625,0.02424011826151582,0.022701478869383125,0.020999999999999908,0.03200000000000003,0.052999999999999936,0.010943199583116181,0.028086910439851565,1.91075,1.91125,1.9535,0.02670049937110056,0.021130546609095156,-0.052000000000000046,-0.01200000000000001,0.018000000000000016
2005-02-09,6,2,2005,75.0,,71.25,147.03,160.47,2005-02-07,1.983,1.938,2,-0.008999999999999897,0.02400000000000002,0.049000000000000155,-0.004518072289156572,0.025336091003102412,1.9715,1.9685,2.003833333333333,0.019052558883229084,0.02080521912542723,-0.0020000000000000018,0.018999999999999906,0.062000000000000055,-0.0010309278350515427,0.03304904051172719,1.9262499999999998,1.91475,1.9436666666666669,0.015413738460631536,0.02311925604337513,-0.04500000000000015,0.006999999999999895,0.0129999999999999
2005-02-16,7,2,2005,75.0,,85.01,151.61,172.53,2005-02-14,1.986,1.915,2,0.0029999999999998916,-0.006000000000000005,0.03400000000000003,0.001512859304084735,0.017418032786885362,1.98,1.96875,1.993,0.014491376746151115,0.02102889169010546,-0.02299999999999991,-0.02499999999999991,0.007000000000000117,-0.011867905056759498,0.0036687631027254586,1.928,1.913875,1.9325833333333333,0.0128322510365905,0.022937414849959415,-0.07099999999999995,-0.0259999999999998,-0.026999999999999913
2005-02-23,8,2,2005,76.0,,97.85,156.89,193.04,2005-02-21,2.02,1.943,2,0.03400000000000003,0.03699999999999992,0.06099999999999994,0.017119838872104776,0.031138335885655843,1.99525,1.972875,1.985,0.01691892431565479,0.027393625431578562,0.028000000000000025,0.0050000000000001155,0.02400000000000002,0.014621409921671047,0.012506513809275699,1.934,1.91575,1.9234166666666666,0.012832251036589583,0.024794872741856343,-0.07699999999999996,-0.006000000000000005,-0.03699999999999992
2005-03-02,9,2,2005,80.0,,112.84,155.13,185.33,2005-02-28,2.118,2.035,2,0.09799999999999986,0.1319999999999999,0.1259999999999999,0.04851485148514856,0.06325301204819267,2.02675,1.993,1.9890833333333333,0.06310507111158963,0.057098911673390845,0.09200000000000008,0.1200000000000001,0.0950000000000002,0.047349459598559074,0.0489690721649485,1.95775,1.93425,1.9267500000000002,0.05292368719832332,0.04622846989216214,-0.08299999999999974,-0.005999999999999783,-0.030999999999999694
2005-03-09,10,3,2005,82.0,,84.09,158.17,189.55,2005-03-07,2.168,2.1,2,0.050000000000000266,0.14800000000000013,0.18500000000000005,0.02360717658168099,0.09329299041855776,2.073,2.02225,2.0033333333333334,0.08451429859299192,0.07848703259592855,0.06499999999999995,0.15700000000000003,0.16200000000000014,0.03194103194103182,0.08359133126934992,1.99825,1.96225,1.9425833333333333,0.08502303609414229,0.06841835593296948,-0.06800000000000006,0.01499999999999968,-0.02299999999999991
2005-03-16,11,3,2005,83.0,,105.19,162.62,190.6,2005-03-14,2.194,2.13,2,0.0259999999999998,0.07600000000000007,0.20799999999999996,0.011992619926199266,0.10473313192346434,2.125,2.0524999999999998,2.0208333333333335,0.07677673258654188,0.09286241743261227,0.029999999999999805,0.09499999999999975,0.21499999999999986,0.014285714285714235,0.1122715404699739,2.052,1.99,1.9599166666666665,0.0827808351411461,0.08602657396741106,-0.06400000000000006,0.0040000000000000036,0.006999999999999895
2005-03-23,12,3,2005,85.0,,76.45,162.96,183.87,2005-03-21,2.244,2.18,2,0.050000000000000266,0.07600000000000007,0.2240000000000002,0.022789425706472244,0.11089108910891099,2.181,2.088125,2.04225,0.052523010830162475,0.10565501475489672,0.050000000000000266,0.08000000000000007,0.2370000000000001,0.023474178403755985,0.12197632527020086,2.11125,2.022625,1.9809166666666667,0.06060459278524529,0.10305884241538414,-0.06400000000000006,0.0,0.0129999999999999
2005-03-30,13,3,2005,85.0,,70.64,161.84,182.24,2005-03-28,2.249,2.182,2,0.004999999999999893,0.05500000000000016,0.13100000000000023,0.002228163992869847,0.06185080264400389,2.21375,2.12025,2.0665833333333334,0.03933086150423558,0.11117907048669785,0.0019999999999997797,0.052000000000000046,0.1469999999999998,0.0009174311926605228,0.07223587223587202,2.148,2.052875,2.0055,0.0400333194559891,0.11058343650190278,-0.06700000000000017,-0.0030000000000001137,0.01599999999999957
2005-04-06,14,4,2005,87.0,,95.71,157.92,168.56,2005-04-04,2.303,2.24,2,0.053999999999999826,0.05899999999999972,0.1349999999999998,0.024010671409515183,0.0622693726937269,2.2475,2.16025,2.0973333333333333,0.044560819860785285,0.1123041151771155,0.058000000000000274,0.06000000000000005,0.14000000000000012,0.02658111824014675,0.06666666666666665,2.1830000000000003,2.090625,2.035833333333333,0.04497406660137761,0.11712013063516832,-0.06299999999999972,0.004000000000000448,0.0050000000000003375
2005-04-13,15,4,2005,87.0,,73.7,158.63,166.82,2005-04-11,2.316,2.251,2,0.0129999999999999,0.06699999999999973,0.12199999999999989,0.005644811115935733,0.05560619872379213,2.278,2.2015,2.127666666666667,0.03681485207537865,0.0989718574718552,0.010999999999999677,0.06899999999999995,0.121,0.004910714285714102,0.0568075117370892,2.21325,2.132625,2.064416666666667,0.037517773565760415,0.1047335906001452,-0.06499999999999995,-0.002000000000000224,-0.0009999999999998899
2005-04-20,16,4,2005,85.0,,72.78,157.28,163.84,2005-04-18,2.259,2.18,2,-0.05699999999999994,-0.04400000000000004,0.01499999999999968,-0.024611398963730546,0.006684491978609541,2.2817499999999997,2.231375,2.1526666666666667,0.03273504747716154,0.0673921095423801,-0.07099999999999973,-0.06000000000000005,0.0,-0.03154153709462448,0.0,2.21325,2.1622500000000002,2.0861666666666667,0.037517773565760415,0.07176300280386365,-0.07899999999999974,-0.01399999999999979,-0.01499999999999968
2005-04-27,17,4,2005,86.0,,68.19,145.04,132.27,2005-04-25,2.289,2.231,2,0.03000000000000025,-0.02699999999999969,0.040000000000000036,0.013280212483399945,0.017785682525566893,2.29175,2.25275,2.177416666666667,0.024459149617243145,0.051552331248389295,0.05099999999999971,-0.020000000000000018,0.04899999999999993,0.023394495412843996,0.022456461961503082,2.2255,2.18675,2.110416666666667,0.031416556144782594,0.05315946361117006,-0.058000000000000274,0.020999999999999464,0.008999999999999897
2005-05-04,18,5,2005,85.0,,74.92,138.0,125.97,2005-05-02,2.262,2.209,2,-0.027000000000000135,0.0030000000000001137,-0.040999999999999925,-0.011795543905635753,-0.017802865827181935,2.2815000000000003,2.2645,2.2006666666666668,0.026664583251922346,0.03854867053480373,-0.021999999999999797,0.028999999999999915,-0.03100000000000014,-0.009861048857014665,-0.01383928571428572,2.2177499999999997,2.200375,2.133,0.0304562527788901,0.04011746146361264,-0.052999999999999936,0.0050000000000003375,0.009999999999999787
2005-05-11,19,5,2005,84.0,,70.03,145.69,139.36,2005-05-09,2.227,2.173,2,-0.03500000000000014,-0.06200000000000028,-0.08899999999999997,-0.015473032714412138,-0.0384283246977547,2.2592499999999998,2.268625,2.2207500000000002,0.02538208029296896,0.030942054138123693,-0.03600000000000003,-0.05799999999999983,-0.07799999999999985,-0.01629696695337257,-0.03465126610395375,2.19825,2.20575,2.1545,0.02682505048143943,0.03123985549626139,-0.053999999999999826,-0.0009999999999998899,0.01100000000000012
2005-05-18,20,5,2005,83.0,,76.45,138.04,128.62,2005-05-16,2.189,2.141,2,-0.03799999999999981,-0.07299999999999995,-0.06999999999999984,-0.01706331387516835,-0.030987162461265982,2.24175,2.26175,2.2348333333333334,0.04336953615921429,0.04150301193890434,-0.03200000000000003,-0.06800000000000006,-0.039000000000000146,-0.014726184997699066,-0.01788990825688075,2.1885000000000003,2.200875,2.171,0.039677869566445235,0.03811800287076795,-0.04800000000000004,0.005999999999999783,0.030999999999999694
2005-05-25,21,5,2005,81.0,,81.03,137.5,128.17,2005-05-23,2.156,2.112,2,-0.03299999999999992,-0.07099999999999973,-0.133,-0.015075376884422065,-0.05810397553516822,2.2085,2.2501249999999997,2.238,0.045974630685470266,0.05605720929805998,-0.028999999999999915,-0.06099999999999994,-0.11899999999999977,-0.013545072396076607,-0.053339309726579964,2.1587500000000004,2.192125,2.177416666666667,0.041748253456466655,0.049426532782058344,-0.04400000000000004,0.0040000000000000036,0.014000000000000234
2005-06-01,22,5,2005,82.0,,77.37,136.57,126.13,2005-05-30,2.16,2.117,2,0.0040000000000000036,-0.028999999999999915,-0.10199999999999987,0.0018552875695732052,-0.0450928381962864,2.183,2.23225,2.2373333333333334,0.032812599206179544,0.059482890697367785,0.004999999999999893,-0.02400000000000002,-0.09200000000000008,0.0023674242424240877,-0.041647804436396596,2.13575,2.17675,2.1788333333333334,0.027873224906091072,0.05149410507176158,-0.04300000000000015,0.0009999999999998899,0.009999999999999787
2005-06-08,23,6,2005,84.0,,71.25,135.84,129.47,2005-06-06,2.234,2.213,2,0.07399999999999984,0.07799999999999985,0.007000000000000117,0.03425925925925921,0.0031432420296362285,2.18475,2.222,2.2406666666666664,0.03597568623388183,0.04915863534082401,0.09600000000000009,0.10099999999999998,0.040000000000000036,0.04534718941898919,0.018407731247123804,2.14575,2.172,2.18575,0.04658594208555637,0.04501110973969399,-0.020999999999999908,0.02200000000000024,0.03299999999999992
2005-06-15,24,6,2005,86.0,,67.58,126.0,119.48,2005-06-13,2.276,2.247,2,0.041999999999999815,0.11599999999999966,0.08699999999999974,0.018800358102059045,0.03974417542256736,2.2065,2.224125,2.2433333333333336,0.05859180830115006,0.05130702402484872,0.03399999999999981,0.1299999999999999,0.10599999999999987,0.015363759602349703,0.04950957496496966,2.17225,2.180375,2.191333333333333,0.0681438429598154,0.052347567824509444,-0.028999999999999915,-0.008000000000000007,0.019000000000000128
2005-06-22,25,6,2005,87.0,,63.91,118.19,111.67,2005-06-20,2.313,2.274,2,0.037000000000000366,0.07900000000000018,0.15700000000000003,0.016256590509666324,0.07282003710575147,2.24575,2.227125,2.248666666666667,0.06564741680623926,0.05611833797559902,0.027000000000000135,0.06099999999999994,0.16199999999999992,0.012016021361815898,0.07670454545454541,2.2127499999999998,2.18575,2.199,0.06853891838460659,0.05994461729676734,-0.039000000000000146,-0.010000000000000231,0.004999999999999893
2005-06-29,26,6,2005,88.0,,71.86,117.62,112.25,2005-06-27,2.336,2.288,2,0.022999999999999687,0.06000000000000005,0.1759999999999997,0.0099437959360138,0.08148148148148127,2.2897499999999997,2.236375,2.2514166666666666,0.04463462781293032,0.06761009540002684,0.01399999999999979,0.040999999999999925,0.17099999999999982,0.006156552330694787,0.08077468115257425,2.2555,2.195625,2.203,0.033050466461632864,0.06998762645740747,-0.04800000000000004,-0.008999999999999897,-0.004999999999999893
2005-07-06,27,7,2005,89.0,,75.84,110.44,103.56,2005-07-04,2.348,2.29,2,0.01200000000000001,0.0349999999999997,0.11399999999999988,0.005136986301369939,0.051029543419874646,2.31825,2.2515,2.2540833333333334,0.031689903754963084,0.0779560315635913,0.002000000000000224,0.016000000000000014,0.07699999999999996,0.0008741258741260527,0.03479439674649787,2.27475,2.21025,2.2062500000000003,0.019822125684818358,0.07650536862580413,-0.05799999999999983,-0.009999999999999787,-0.03699999999999992
2005-07-13,28,7,2005,91.0,,78.89,100.83,102.68,2005-07-11,2.408,2.355,2,0.06000000000000005,0.07200000000000006,0.13200000000000012,0.0255536626916526,0.05799648506151156,2.35125,2.278875,2.2665,0.04052468383588976,0.09034131707823093,0.06499999999999995,0.06700000000000017,0.1080000000000001,0.028384279475982543,0.04806408544726315,2.30175,2.237,2.220833333333333,0.03620658319511218,0.08569380707745068,-0.052999999999999936,0.004999999999999893,-0.02400000000000002
2005-07-20,29,7,2005,90.0,,95.1,93.96,99.73,2005-07-18,2.392,2.331,2,-0.016000000000000014,0.04400000000000004,0.07899999999999974,-0.006644518272425293,0.0341547773454387,2.3709999999999996,2.3083750000000003,2.2750833333333333,0.03446737587921124,0.08269381994528892,-0.02400000000000002,0.040999999999999925,0.05699999999999994,-0.010191082802547768,0.02506596306068598,2.316,2.264375,2.2291666666666665,0.0326904675198215,0.0742773518644734,-0.06099999999999994,-0.008000000000000007,-0.021999999999999797
2005-07-27,30,7,2005,88.0,,84.4,88.54,91.62,2005-07-25,2.342,2.278,2,-0.04999999999999982,-0.06599999999999984,0.006000000000000227,-0.020903010033444747,0.0025684931506850806,2.3725,2.331125,2.28175,0.03251153641399969,0.05712501953736181,-0.052999999999999936,-0.07699999999999996,-0.009999999999999787,-0.022737022737022716,-0.004370629370629264,2.3135,2.2845,2.2349166666666664,0.03578174581167304,0.04447471191586068,-0.06400000000000006,-0.0030000000000001137,-0.016000000000000014
2005-08-03,31,7,2005,89.0,,77.37,83.76,86.73,2005-08-01,2.348,2.279,2,0.005999999999999783,-0.04400000000000004,0.0,0.002561912894961438,0.0,2.3725,2.3453749999999998,2.2918333333333334,0.03251153641399969,0.041524304414933,0.0009999999999998899,-0.052000000000000046,-0.01100000000000012,0.0004389815627743321,-0.004803493449781704,2.31075,2.29275,2.24375,0.03850865703532824,0.0342668102646438,-0.06899999999999995,-0.004999999999999893,-0.01100000000000012
2005-08-10,32,8,2005,91.0,,83.48,87.86,92.45,2005-08-08,2.407,2.323,2,0.05900000000000016,0.06499999999999995,-0.0009999999999998899,0.02512776831345831,-0.00041528239202648365,2.37225,2.36175,2.31,0.032149390870312954,0.035676122467092036,0.04400000000000004,0.04499999999999993,-0.03200000000000003,0.01930671347082047,-0.013588110403397025,2.30275,2.30225,2.2589166666666665,0.028194266556599467,0.030046392700032034,-0.08400000000000007,-0.015000000000000124,-0.03100000000000014
2005-08-17,33,8,2005,97.0,,96.94,95.32,109.61,2005-08-15,2.567,2.481,2,0.16000000000000014,0.2190000000000003,0.17500000000000027,0.0664727877025344,0.073160535117057,2.416,2.3935,2.34425,0.10485227703773924,0.07615397935387194,0.15799999999999992,0.20199999999999996,0.1499999999999999,0.06801549720189404,0.0643500643500643,2.34025,2.3281249999999996,2.2896666666666667,0.096150489684995,0.06773569959776639,-0.0860000000000003,-0.002000000000000224,-0.025000000000000355
2005-08-24,34,8,2005,98.0,,100.3,98.95,119.27,2005-08-22,2.588,2.512,2,0.020999999999999908,0.18100000000000005,0.246,0.008180755746006962,0.1050384286934245,2.4775,2.425,2.379916666666667,0.1182666478767315,0.09796646656601478,0.03100000000000014,0.18900000000000006,0.23399999999999999,0.01249496170898845,0.10272168568920104,2.3987499999999997,2.356125,2.322583333333333,0.11499094167222022,0.09106110585754425,-0.07600000000000007,0.010000000000000231,-0.01200000000000001
2005-08-31,35,8,2005,98.0,,152.9,95.03,108.54,2005-08-29,2.59,2.508,2,0.0019999999999997797,0.022999999999999687,0.242,0.0007727975270477305,0.10306643952299832,2.5380000000000003,2.45525,2.4095833333333334,0.08795074379067022,0.10767510655406949,-0.0040000000000000036,0.027000000000000135,0.2290000000000001,-0.0015923566878981443,0.10048266783677051,2.456,2.383375,2.3471666666666664,0.08972922229313175,0.10056829591305626,-0.08199999999999985,-0.005999999999999783,-0.0129999999999999
2005-09-07,36,9,2005,109.0,,171.24,91.82,103.05,2005-09-05,2.898,2.833,2,0.3080000000000003,0.31000000000000005,0.4910000000000001,0.11891891891891904,0.20398836726215208,2.66075,2.5164999999999997,2.461416666666667,0.1585084119744611,0.18705995982954363,0.3250000000000002,0.3210000000000002,0.5100000000000002,0.12958532695374814,0.21954369349978498,2.5835,2.443125,2.396,0.16690216695216833,0.18654561870261607,-0.06499999999999995,0.016999999999999904,0.019000000000000128
2005-09-14,37,9,2005,107.0,,204.88,99.8,115.71,2005-09-12,2.847,2.797,2,-0.051000000000000156,0.2570000000000001,0.2799999999999998,-0.017598343685300222,0.10907674328009342,2.73075,2.573375,2.5059166666666663,0.16499974747455062,0.2113872124122712,-0.03600000000000003,0.28900000000000015,0.3160000000000003,-0.012707377338510462,0.12736799677549393,2.6625,2.501375,2.4395833333333337,0.1767116294984447,0.21682971429211217,-0.04999999999999982,0.015000000000000124,0.036000000000000476
2005-09-21,38,9,2005,103.0,,179.5,107.52,126.14,2005-09-19,2.732,2.677,2,-0.11499999999999977,-0.16599999999999993,0.14400000000000013,-0.04039339655778007,0.05564142194744992,2.76675,2.622125,2.5389166666666667,0.13676591924403345,0.19471843224806712,-0.1200000000000001,-0.15600000000000014,0.16500000000000004,-0.04290311047550954,0.06568471337579629,2.7037500000000003,2.55125,2.472,0.14655459733490211,0.2035939586529988,-0.05500000000000016,-0.0050000000000003375,0.020999999999999908
2005-09-28,39,9,2005,106.0,,193.57,111.76,121.58,2005-09-26,2.798,2.756,2,0.06599999999999984,-0.04899999999999993,0.20800000000000018,0.024158125915080486,0.08030888030888028,2.81875,2.6783750000000004,2.5764166666666664,0.07079253727146753,0.1672815740002539,0.07899999999999974,-0.04100000000000037,0.24799999999999978,0.029510646245797467,0.09888357256778302,2.76575,2.610875,2.5108333333333333,0.06700932770887047,0.18107412649440904,-0.04200000000000026,0.0129999999999999,0.03999999999999959
2005-10-05,40,10,2005,119.0,,216.5,113.32,119.05,2005-10-03,3.144,3.185,2,0.3460000000000001,0.4119999999999999,0.246,0.12365975696926368,0.08488612836438914,2.88025,2.7705,2.63775,0.18203731302491832,0.19681318190464595,0.42900000000000027,0.508,0.35199999999999987,0.1556603773584906,0.1242499117543241,2.85375,2.718625,2.5799999999999996,0.22637929086673841,0.23402743276315538,0.040999999999999925,0.08300000000000018,0.10599999999999987
2005-10-12,41,10,2005,119.0,,256.87,118.82,123.81,2005-10-10,3.15,3.182,2,0.005999999999999783,0.35199999999999987,0.30299999999999994,0.00190839694656475,0.10642781875658591,2.9560000000000004,2.843375,2.7009166666666666,0.2222011101082351,0.21754141641799102,-0.0030000000000001137,0.42600000000000016,0.3849999999999998,-0.0009419152276295417,0.13764747944225952,2.9499999999999997,2.8062500000000004,2.650916666666667,0.27154741759035966,0.2619180624328346,0.03200000000000003,-0.008999999999999897,0.08199999999999985
2005-10-19,42,10,2005,119.0,,199.99,119.32,120.63,2005-10-17,3.148,3.177,2,-0.0019999999999997797,0.0040000000000000036,0.4159999999999999,-0.0006349206349205438,0.15226939970717424,3.06,2.9133750000000003,2.7680833333333332,0.17468447746341192,0.21369199296451427,-0.004999999999999893,-0.008000000000000007,0.5,-0.001571338780641085,0.1867762420620096,3.075,2.8893750000000002,2.7258333333333336,0.21269226596186358,0.260713820938918,0.028999999999999915,-0.0030000000000001137,0.08400000000000007
2005-10-26,43,10,2005,119.0,,179.19,118.59,115.71,2005-10-24,3.157,3.146,2,0.008999999999999897,0.007000000000000117,0.359,0.002858958068614914,0.12830593280914937,3.14975,2.9842500000000003,2.8355,0.005439056290554671,0.18293070506928646,-0.03100000000000014,-0.03600000000000003,0.3900000000000001,-0.009757632987094755,0.14150943396226423,3.1725,2.969125,2.798083333333333,0.017972200755366475,0.22211029274406865,-0.01100000000000012,-0.040000000000000036,0.03100000000000014
2005-11-02,44,10,2005,109.0,,137.61,117.79,117.1,2005-10-31,2.876,2.846,2,-0.28100000000000014,-0.27200000000000024,-0.26800000000000024,-0.08900855242318662,-0.08524173027989834,3.08275,2.9815,2.8745833333333333,0.13788733323501925,0.18457054400496606,-0.2999999999999998,-0.33099999999999996,-0.33899999999999997,-0.09535918626827711,-0.106436420722135,3.0877499999999998,2.97075,2.841666666666667,0.16195138159334097,0.22101696767442705,-0.029999999999999805,-0.018999999999999684,-0.07099999999999973
2005-11-09,45,11,2005,102.0,,109.78,115.59,114.48,2005-11-07,2.698,2.679,2,-0.17799999999999994,-0.4590000000000001,-0.45199999999999996,-0.06189151599443665,-0.14349206349206345,2.9697500000000003,2.962875,2.8855,0.2232134628556232,0.20631836529292824,-0.16700000000000026,-0.4670000000000001,-0.5030000000000001,-0.05867884750527064,-0.1580766813324953,2.962,2.956,2.858166666666667,0.24057292726598817,0.23758547334139746,-0.019000000000000128,0.010999999999999677,-0.051000000000000156
2005-11-16,46,11,2005,98.0,,114.67,115.54,113.03,2005-11-14,2.602,2.585,2,-0.09600000000000009,-0.274,-0.5460000000000003,-0.03558191252779841,-0.173443456162643,2.8332499999999996,2.946625,2.8866666666666667,0.24386522917381814,0.23077071954648684,-0.09399999999999986,-0.2610000000000001,-0.5920000000000001,-0.03508771929824561,-0.18633931381806734,2.8139999999999996,2.9445,2.86425,0.2462478426301324,0.2546341913973262,-0.016999999999999904,0.002000000000000224,-0.04599999999999982
2005-11-23,47,11,2005,95.0,,112.23,110.41,106.52,2005-11-21,2.513,2.491,2,-0.08899999999999997,-0.18500000000000005,-0.6440000000000001,-0.03420445810914685,-0.2039911308203991,2.67225,2.9109999999999996,2.88025,0.15542709973917795,0.27479186929124116,-0.09399999999999986,-0.18799999999999972,-0.6549999999999998,-0.036363636363636265,-0.20820089001907183,2.6502499999999998,2.911375,2.862833333333333,0.15139655434210736,0.29646051893247594,-0.021999999999999797,-0.004999999999999893,-0.010999999999999677
2005-11-30,48,11,2005,94.0,,111.61,107.59,111.92,2005-11-28,2.479,2.456,2,-0.03399999999999981,-0.12299999999999978,-0.3969999999999998,-0.013529645841623528,-0.138038942976356,2.573,2.827875,2.845333333333333,0.09815294188153077,0.2941406065618521,-0.03500000000000014,-0.129,-0.3900000000000001,-0.014050582095543995,-0.13703443429374562,2.55275,2.82025,2.8314166666666662,0.10025426009234475,0.31197241178393353,-0.02300000000000013,-0.001000000000000334,0.006999999999999673
2005-12-07,49,12,2005,81.0,,146.17,104.58,119.78,2005-12-05,2.425,2.411,2,-0.05400000000000027,-0.08800000000000008,-0.27300000000000013,-0.021782977006857718,-0.10118606375092665,2.5047499999999996,2.7372499999999995,2.810166666666667,0.0742714615447902,0.2923968682654297,-0.04499999999999993,-0.08000000000000007,-0.2679999999999998,-0.018322475570032526,-0.1000373273609555,2.48575,2.7238749999999996,2.7992500000000002,0.07382580849538606,0.30322195430315874,-0.01399999999999979,0.009000000000000341,0.0050000000000003375
2005-12-14,50,12,2005,92.0,,168.8,101.7,126.43,2005-12-12,2.436,2.429,2,0.01100000000000012,-0.04300000000000015,-0.16599999999999993,0.004536082474226877,-0.06379707916986932,2.46325,2.64825,2.7855000000000003,0.040532908440747084,0.2555496876483025,0.017999999999999794,-0.027000000000000135,-0.15600000000000014,0.0074657818332641845,-0.06034816247582209,2.44675,2.630375,2.778583333333333,0.03481738071707473,0.25503385629586717,-0.007000000000000117,0.006999999999999673,0.009999999999999787
2005-12-21,51,12,2005,93.0,,155.34,100.63,120.62,2005-12-19,2.462,2.435,2,0.026000000000000245,0.037000000000000366,-0.05099999999999971,0.010673234811166,-0.020294468762435236,2.4505,2.561375,2.7575000000000003,0.024528894525966825,0.1570367905028319,0.006000000000000227,0.02400000000000002,-0.05600000000000005,0.002470152326060182,-0.022480931352870326,2.43275,2.5414999999999996,2.7518333333333334,0.018553975315221058,0.15325422389890334,-0.027000000000000135,-0.020000000000000018,-0.0050000000000003375
2005-12-28,52,12,2005,92.0,,135.47,100.36,119.59,2005-12-26,2.448,2.421,2,-0.014000000000000234,0.01200000000000001,-0.03100000000000014,-0.005686433793663737,-0.012505042355788643,2.44275,2.5078750000000003,2.6995,0.015903353943932996,0.09531217505800207,-0.014000000000000234,-0.008000000000000007,-0.03500000000000014,-0.005749486652977476,-0.014250814332247619,2.424,2.4883749999999996,2.688166666666667,0.010392304845312545,0.09534139784403774,-0.027000000000000135,0.0,-0.0040000000000000036
2006-01-04,1,1,2006,92.0,,125.07,101.65,123.57,2006-01-02,2.442,2.414,2,-0.005999999999999783,-0.020000000000000018,0.017000000000000348,-0.002450980392156743,0.007010309278350668,2.447,2.4758750000000003,2.6405,0.011135528725630256,0.0580527777113325,-0.006999999999999673,-0.020999999999999908,0.0030000000000001137,-0.0028913672036346982,0.0012442969722108455,2.42475,2.45525,2.6241666666666665,0.00917877987522851,0.058609482411716485,-0.028000000000000025,-0.0009999999999998899,-0.014000000000000234
2006-01-11,2,1,2006,94.0,,115.9,100.31,121.95,2006-01-09,2.485,2.453,2,0.042999999999999705,0.03699999999999992,0.04899999999999993,0.01760851760851745,0.02011494252873569,2.45925,2.46125,2.58525,0.019102792117017854,0.029412096636804896,0.0389999999999997,0.03200000000000003,0.02400000000000002,0.016155758077878835,0.009880609304240506,2.4307499999999997,2.4387499999999998,2.563833333333333,0.01721191447799609,0.02682615994026532,-0.03200000000000003,-0.0040000000000000036,-0.02499999999999991
2006-01-18,3,1,2006,92.0,,122.32,93.56,118.57,2006-01-16,2.449,2.415,2,-0.03600000000000003,0.006999999999999673,-0.013000000000000345,-0.014486921529175079,-0.005280259951259247,2.456,2.4532499999999997,2.52625,0.019578900207434125,0.020755377960591317,-0.03799999999999981,0.0009999999999998899,-0.020000000000000018,-0.01549123522217688,-0.008213552361396315,2.42575,2.4292499999999997,2.5029166666666662,0.018427786989522715,0.017523453671272744,-0.03399999999999981,-0.0019999999999997797,-0.006999999999999673
2006-01-25,4,1,2006,93.0,,117.12,86.02,109.28,2006-01-23,2.472,2.432,2,0.02300000000000013,-0.0129999999999999,0.02400000000000002,0.009391588403430129,0.009803921568627416,2.4619999999999997,2.452375,2.492583333333333,0.019983326383079297,0.019631880049730214,0.016999999999999904,-0.020999999999999908,0.01100000000000012,0.00703933747412,0.00454357703428343,2.4285,2.42625,2.4684166666666667,0.018303005217664838,0.013987239082129914,-0.040000000000000036,-0.006000000000000227,-0.0129999999999999
2006-02-01,5,1,2006,94.0,,126.29,83.03,112.59,2006-01-30,2.489,2.455,2,0.016999999999999904,0.040000000000000036,0.04699999999999971,0.006877022653721587,0.01924651924651921,2.47375,2.460375,2.4751666666666665,0.01802544497830864,0.019920825427567124,0.02300000000000013,0.040000000000000036,0.040999999999999925,0.00945723684210531,0.016984258492129145,2.4387499999999998,2.43175,2.44975,0.018945096111248616,0.015682109916283365,-0.03399999999999981,0.006000000000000227,-0.005999999999999783
2006-02-08,6,2,2006,94.0,,145.25,86.12,116.66,2006-02-06,2.499,2.463,2,0.010000000000000231,0.027000000000000135,0.014000000000000234,0.004017677782242046,0.005633802816901401,2.47725,2.4682500000000003,2.4665833333333333,0.021884164746821866,0.02131230362292276,0.008000000000000007,0.03100000000000014,0.010000000000000231,0.0032586558044807035,0.0040766408479413485,2.44125,2.436,2.439583333333333,0.021884164746784927,0.01907129480953302,-0.03600000000000003,-0.002000000000000224,-0.0040000000000000036
2006-02-15,7,2,2006,93.0,,130.57,88.69,120.51,2006-02-13,2.476,2.447,2,-0.02300000000000013,-0.0129999999999999,0.027000000000000135,-0.009203681472589098,0.01102490812576562,2.484,2.4699999999999998,2.4635000000000002,0.012355835328542139,0.021300570079593104,-0.016000000000000014,-0.008000000000000007,0.03200000000000003,-0.00649614291514411,0.013250517598343725,2.44925,2.4375,2.4359166666666665,0.013225606476239372,0.01944956848579306,-0.028999999999999915,0.007000000000000117,0.004999999999999893
2006-02-22,8,2,2006,93.0,,114.67,92.83,129.79,2006-02-20,2.455,2.427,2,-0.020999999999999908,-0.04400000000000004,-0.016999999999999904,-0.008481421647819065,-0.006877022653721698,2.47975,2.470875,2.4615,0.01899780689095574,0.02039213784073805,-0.020000000000000018,-0.03600000000000003,-0.004999999999999893,-0.008173273395995051,-0.0020559210526315264,2.448,2.43825,2.4335,0.01544884030160057,0.01882817038370541,-0.028000000000000025,0.0009999999999998899,0.01200000000000001
2006-03-01,9,2,2006,93.0,,117.73,90.7,127.98,2006-02-27,2.471,2.443,2,0.016000000000000014,-0.004999999999999893,-0.017999999999999794,0.006517311608961407,-0.007231820008035239,2.47525,2.4745000000000004,2.465333333333333,0.018191115047353233,0.016784346448869683,0.016000000000000014,-0.0040000000000000036,-0.01200000000000001,0.006592501030078246,-0.004887983706720944,2.4450000000000003,2.441875,2.4361666666666664,0.01478738200846886,0.01608404266872236,-0.028000000000000025,0.0,0.005999999999999783
2006-03-08,10,3,2006,96.0,,115.59,91.64,131.89,2006-03-06,2.545,2.499,2,0.07399999999999984,0.08999999999999986,0.04599999999999982,0.02994738972076072,0.018407362945177974,2.48675,2.4819999999999998,2.474416666666667,0.03985285435197071,0.030194606897850695,0.05600000000000005,0.07200000000000006,0.03600000000000003,0.022922636103151817,0.014616321559074219,2.454,2.447625,2.4419999999999997,0.03121965193054373,0.025872972660357145,-0.04599999999999982,-0.017999999999999794,-0.009999999999999787
2006-03-15,11,3,2006,96.0,,103.05,91.86,138.07,2006-03-13,2.543,2.497,2,-0.0019999999999997797,0.07200000000000006,0.06700000000000017,-0.0007858546168958425,0.02705977382875613,2.5035000000000003,2.49375,2.4811666666666667,0.04722640504350034,0.03361441017525214,-0.002000000000000224,0.053999999999999826,0.04999999999999982,-0.0008003201280513128,0.020433183489987572,2.4665,2.457875,2.4471666666666665,0.036963946398224964,0.02730482688878428,-0.04600000000000026,-4.440892098500626e-16,-0.017000000000000348
2006-03-22,12,3,2006,97.0,,101.83,88.85,130.3,2006-03-20,2.581,2.552,2,0.03799999999999981,0.03600000000000003,0.1259999999999999,0.01494298073141942,0.05132382892057019,2.535,2.5073749999999997,2.49225,0.046101337652315576,0.04401927337625,0.05500000000000016,0.052999999999999936,0.125,0.022026431718061845,0.051503914297486686,2.49775,2.472875,2.458083333333333,0.044507490006333784,0.04072358916259311,-0.028999999999999915,0.017000000000000348,-0.0009999999999998899
2006-03-29,13,3,2006,97.0,,98.47,92.17,128.27,2006-03-27,2.565,2.528,2,-0.016000000000000014,0.021999999999999797,0.09399999999999986,-0.006199147617202638,0.03804127883447994,2.5585,2.516875,2.5025,0.01799073835800494,0.047546781474386735,-0.02400000000000002,0.03100000000000014,0.08499999999999996,-0.009404388714733591,0.03479328694228401,2.519,2.482,2.4675833333333332,0.02616613587566403,0.04417821053089718,-0.03699999999999992,-0.008000000000000007,-0.008999999999999897
2006-04-05,14,4,2006,99.0,,105.5,90.77,123.11,2006-04-03,2.617,2.579,2,0.052000000000000046,0.03600000000000003,0.07200000000000006,0.020272904483430887,0.02829076620825144,2.5765000000000002,2.531625,2.5135,0.031171568242008885,0.05829711460638782,0.051000000000000156,0.027000000000000135,0.08000000000000007,0.020174050632911555,0.03201280512204874,2.5389999999999997,2.4965,2.4780833333333336,0.0348998567331856,0.05480875842416104,-0.03799999999999981,-0.0009999999999998899,0.008000000000000007
2006-04-12,15,4,2006,100.0,,100.3,88.68,121.08,2006-04-10,2.654,2.601,2,0.03699999999999992,0.08899999999999997,0.11099999999999977,0.014138326327856277,0.043649233189146486,2.60425,2.553875,2.530583333333333,0.03966001344763084,0.06730620328024658,0.021999999999999797,0.07299999999999995,0.10400000000000009,0.008530438154323194,0.04164997997597131,2.565,2.51575,2.4935833333333335,0.03178049716408875,0.061567036634859365,-0.052999999999999936,-0.015000000000000124,-0.006999999999999673
2006-04-19,16,4,2006,104.0,,89.9,88.37,120.36,2006-04-17,2.765,2.725,2,0.11100000000000021,0.14800000000000013,0.18400000000000016,0.0418236623963828,0.0712901975978304,2.6502499999999998,2.592625,2.555,0.08476388775101307,0.08823335537086936,0.12400000000000011,0.1459999999999999,0.17300000000000004,0.047673971549404115,0.06778996865203757,2.60825,2.5530000000000004,2.5180000000000002,0.08362366092597825,0.08564211247143357,-0.040000000000000036,0.0129999999999999,-0.01100000000000012
2006-04-26,17,4,2006,109.0,,88.07,87.34,118.78,2006-04-24,2.876,2.817,2,0.11099999999999977,0.22199999999999998,0.31099999999999994,0.040144665461121054,0.12124756335282649,2.728,2.6432499999999997,2.58725,0.11700427342622922,0.1192245780030378,0.09200000000000008,0.2160000000000002,0.28900000000000015,0.0337614678899083,0.11431962025316467,2.6805,2.5997500000000002,2.548166666666667,0.11140765982041992,0.11430129358097452,-0.05899999999999972,-0.018999999999999684,-0.021999999999999797
2006-05-03,18,4,2006,109.0,,95.41,86.59,117.77,2006-05-01,2.896,2.832,2,0.020000000000000018,0.13099999999999978,0.2789999999999999,0.006954102920723182,0.10661062285059231,2.7977499999999997,2.687125,2.6203333333333334,0.11182240383751335,0.14057579297813444,0.01499999999999968,0.10699999999999976,0.25299999999999967,0.005324813631522707,0.09810003877471885,2.7437500000000004,2.641375,2.5789166666666667,0.10627440896093114,0.13168245083207328,-0.06400000000000006,-0.0050000000000003375,-0.026000000000000245
2006-05-10,19,5,2006,109.0,,108.86,87.34,120.27,2006-05-08,2.897,2.814,2,0.0009999999999998899,0.020999999999999908,0.24299999999999988,0.00034530386740327934,0.09155990957045956,2.8585,2.731375,2.6554166666666665,0.0630793151516407,0.1443912715011449,-0.017999999999999794,-0.0030000000000001137,0.21300000000000008,-0.006355932203389814,0.08189158016147635,2.797,2.681,2.6095,0.048641546028007986,0.12971176838337187,-0.08299999999999974,-0.018999999999999684,-0.029999999999999805
2006-05-17,20,5,2006,110.0,,120.18,88.57,120.96,2006-05-15,2.92,2.829,2,0.02300000000000013,0.02400000000000002,0.1549999999999998,0.00793924749741115,0.05605786618444841,2.89725,2.7737499999999997,2.6941666666666664,0.01798842220244471,0.14369784768247154,0.015000000000000124,-0.0029999999999996696,0.10400000000000009,0.005330490405117239,0.03816513761467899,2.8230000000000004,2.715625,2.6430000000000002,0.008831760866023861,0.12730608503018637,-0.09099999999999975,-0.008000000000000007,-0.05099999999999971
2006-05-24,21,5,2006,109.0,,117.42,89.33,120.87,2006-05-22,2.888,2.801,2,-0.03200000000000003,-0.008999999999999897,0.01200000000000001,-0.010958904109588996,0.004172461752433909,2.9002499999999998,2.8141249999999998,2.7289166666666667,0.013768926368217992,0.12010642602055994,-0.028000000000000025,-0.0129999999999999,-0.016000000000000014,-0.009897490279250576,-0.005679801206957769,2.819,2.74975,2.672833333333333,0.014352700094221372,0.10434660648872651,-0.08699999999999974,0.0040000000000000036,-0.028000000000000025
2006-05-31,22,5,2006,109.0,,107.33,89.27,122.84,2006-05-29,2.882,2.798,2,-0.005999999999999783,-0.03799999999999981,-0.01399999999999979,-0.0020775623268697307,-0.004834254143646355,2.89675,2.84725,2.7569999999999997,0.016680827317614458,0.0909862626993983,-0.0030000000000001137,-0.03100000000000014,-0.03399999999999981,-0.001071046054980429,-0.012005649717514055,2.8105,2.777125,2.6977500000000005,0.014153915830188622,0.07873542949106074,-0.08400000000000007,0.0029999999999996696,-0.020000000000000018
2006-06-07,23,6,2006,109.0,,114.67,90.78,130.21,2006-06-05,2.89,2.805,2,0.008000000000000007,0.002000000000000224,-0.006999999999999673,0.002775850104094424,-0.0024162927166032633,2.895,2.87675,2.7859166666666666,0.017009801096232884,0.04700987738159619,0.007000000000000117,0.0040000000000000036,-0.008999999999999897,0.0025017869907077994,-0.0031982942430702765,2.80825,2.802625,2.723416666666667,0.01412739655166798,0.03370009537924823,-0.08499999999999996,-0.0009999999999998899,-0.002000000000000224
2006-06-14,24,6,2006,110.0,,118.34,94.02,138.1,2006-06-12,2.918,2.848,2,0.028000000000000025,0.03600000000000003,-0.0019999999999997797,0.009688581314878819,-0.000684931506849229,2.8945,2.8958749999999998,2.814,0.01603121954188383,0.015842415941434602,0.042999999999999705,0.04999999999999982,0.018999999999999684,0.015329768270944566,0.0067161541180627005,2.8129999999999997,2.818,2.7480833333333337,0.023508863576561317,0.017287485151292952,-0.07000000000000028,0.01499999999999968,0.020999999999999464
2006-06-21,25,6,2006,110.0,,116.81,93.72,136.21,2006-06-19,2.915,2.859,2,-0.0030000000000001137,0.02499999999999991,0.027000000000000135,-0.0010281014393420662,0.009349030470914066,2.90125,2.9007500000000004,2.8431666666666664,0.017951323071018436,0.014820352801035693,0.01100000000000012,0.053999999999999826,0.05799999999999983,0.0038623595505618002,0.020706890396287037,2.8275,2.82325,2.7756666666666665,0.03049043565876461,0.02252458973779957,-0.05600000000000005,0.014000000000000234,0.030999999999999694
2006-06-28,26,6,2006,108.0,,127.21,98.5,143.86,2006-06-26,2.867,2.822,2,-0.04800000000000004,-0.051000000000000156,-0.015000000000000124,-0.016466552315608896,-0.005204718945177045,2.8975,2.897125,2.8640000000000003,0.023895606290698698,0.01908205963737369,-0.03699999999999992,-0.0259999999999998,0.02400000000000002,-0.012941587967820856,0.008577555396712011,2.8335000000000004,2.822,2.795916666666667,0.024528894525869267,0.0222453847540604,-0.04499999999999993,0.01100000000000012,0.039000000000000146
2006-07-05,27,7,2006,109.0,,135.47,101.49,149.37,2006-07-03,2.898,2.845,2,0.03100000000000014,-0.016999999999999904,0.008000000000000007,0.010812696198116534,0.0027681660899654403,2.8995,2.89725,2.8843333333333336,0.023388031127054707,0.019084399013816825,0.02300000000000013,-0.01399999999999979,0.040000000000000036,0.008150248051027598,0.01426024955436711,2.8434999999999997,2.8258750000000004,2.81625,0.015545631754970694,0.02332648709083846,-0.052999999999999936,-0.008000000000000007,0.03200000000000003
2006-07-12,28,7,2006,110.0,,150.76,97.98,143.09,2006-07-10,2.918,2.866,2,0.020000000000000018,0.051000000000000156,0.0,0.0069013112491373985,0.0,2.8994999999999997,2.8970000000000002,2.8970833333333332,0.023388031127054707,0.01875404718237032,0.020999999999999908,0.04400000000000004,0.018000000000000238,0.007381370826010425,0.006320224719101208,2.8480000000000003,2.8305000000000002,2.828,0.01940790217053673,0.027354811538096626,-0.052000000000000046,0.0009999999999998899,0.018000000000000238
2006-07-19,29,7,2006,110.0,,160.85,100.01,142.95,2006-07-17,2.926,2.868,2,0.008000000000000007,0.028000000000000025,0.01100000000000012,0.002741603838245288,0.0037735849056603765,2.90225,2.9017500000000003,2.9012499999999997,0.02628529373369742,0.020844663585779303,0.0019999999999997797,0.022999999999999687,0.008999999999999897,0.0006978367062107083,0.0031479538300105414,2.85025,2.838875,2.83225,0.02151549828986321,0.027289126562983507,-0.058000000000000274,-0.006000000000000227,-0.002000000000000224
2006-07-26,30,7,2006,111.0,,151.67,103.19,145.46,2006-07-24,2.946,2.895,2,0.020000000000000018,0.028000000000000025,0.07900000000000018,0.006835269993164639,0.027554935472619446,2.9220000000000006,2.9097500000000003,2.905416666666667,0.019866219234337987,0.024194155138411094,0.027000000000000135,0.028999999999999915,0.07299999999999995,0.009414225941422716,0.025868178596739844,2.8685,2.851,2.8375000000000004,0.020502032419437034,0.02807133769522138,-0.051000000000000156,0.007000000000000117,-0.006000000000000227
2006-08-02,31,7,2006,112.0,,152.28,105.4,142.79,2006-07-31,2.98,2.925,2,0.03399999999999981,0.053999999999999826,0.08199999999999985,0.011541072640868899,0.028295376121463045,2.9425,2.9210000000000003,2.912333333333333,0.027634519475952416,0.03301514803850537,0.029999999999999805,0.05699999999999994,0.07999999999999963,0.010362694300518172,0.028119507908611396,2.8885,2.866,2.84675,0.02769476484814736,0.031793979663709365,-0.05500000000000016,-0.0040000000000000036,-0.002000000000000224
2006-08-09,32,8,2006,115.0,,174.91,110.69,152.29,2006-08-07,3.055,2.988,2,0.07500000000000018,0.10899999999999999,0.137,0.025167785234899487,0.046949965729951915,2.97675,2.9381250000000003,2.923583333333333,0.0567296218919195,0.0576081281467811,0.06300000000000017,0.09299999999999997,0.12199999999999989,0.021538461538461506,0.042568039078855424,2.9189999999999996,2.8834999999999997,2.86,0.05155579501854273,0.05235319610927731,-0.06700000000000017,-0.01200000000000001,-0.015000000000000124
2006-08-16,33,8,2006,116.0,,174.0,115.12,158.45,2006-08-14,3.065,2.974,2,0.009999999999999787,0.08499999999999996,0.1389999999999998,0.003273322422258529,0.04750512645249483,3.0115000000000003,2.956875,2.938333333333333,0.05784173810205596,0.07169466507352294,-0.01399999999999979,0.04900000000000038,0.10600000000000032,-0.004685408299866078,0.036959553695955494,2.9455,2.897875,2.874416666666667,0.04316248370974306,0.059908114165415985,-0.09099999999999975,-0.023999999999999577,-0.032999999999999474
2006-08-23,34,8,2006,114.0,,177.05,116.01,158.28,2006-08-21,3.033,2.923,2,-0.03200000000000003,-0.02200000000000024,0.08699999999999974,-0.01044045676998373,0.029531568228105876,3.0332500000000002,2.977625,2.9509166666666666,0.03793305506635141,0.06574178384301645,-0.051000000000000156,-0.06499999999999995,0.028000000000000025,-0.01714862138533968,0.00967184801381693,2.9524999999999997,2.9105000000000003,2.8848333333333334,0.033411574840571785,0.051716258841595024,-0.10999999999999988,-0.019000000000000128,-0.05899999999999972
2006-08-30,35,8,2006,114.0,,174.0,119.12,159.48,2006-08-28,3.027,2.923,2,-0.005999999999999783,-0.03799999999999981,0.04700000000000015,-0.001978239366963286,0.015771812080537018,3.045,2.9937500000000004,2.9623333333333335,0.017962924780415182,0.05888426906111689,0.0,-0.051000000000000156,-0.0019999999999997797,0.0,-0.0006837606837606369,2.952,2.92025,2.894666666666667,0.03397057550283478,0.04444499007600987,-0.10400000000000009,0.005999999999999783,-0.04899999999999993
2006-09-06,36,9,2006,112.0,,154.12,125.17,167.97,2006-09-04,2.967,2.872,2,-0.06000000000000005,-0.06599999999999984,-0.08800000000000008,-0.019821605550049526,-0.028805237315875587,3.023,2.999875,2.966416666666667,0.04089009660052383,0.05202866654895212,-0.051000000000000156,-0.051000000000000156,-0.1160000000000001,-0.01744782757440988,-0.038821954484605126,2.923,2.921,2.8966666666666665,0.04164132562724208,0.0434379689080489,-0.0950000000000002,0.008999999999999897,-0.028000000000000025
2006-09-13,37,9,2006,108.0,,157.18,128.22,173.29,2006-09-11,2.857,2.77,2,-0.10999999999999988,-0.16999999999999993,-0.20799999999999974,-0.037074486012807495,-0.06786296900489386,2.971,2.99125,2.9615833333333335,0.08163332652783484,0.06898188167921232,-0.10199999999999987,-0.15300000000000002,-0.20400000000000018,-0.035515320334261746,-0.0685944855413585,2.8720000000000003,2.90875,2.88925,0.07212489168098878,0.0676118121548044,-0.08700000000000019,0.008000000000000007,0.0039999999999995595
2006-09-20,38,9,2006,102.0,,165.13,130.82,187.46,2006-09-18,2.713,2.636,2,-0.14400000000000013,-0.254,-0.31999999999999984,-0.05040252012600632,-0.10550609957138146,2.891,2.962125,2.94875,0.13797584329632995,0.12065231926018581,-0.1339999999999999,-0.23599999999999977,-0.2869999999999999,-0.048375451263537816,-0.09818679438932598,2.80025,2.8763750000000003,2.87375,0.1266343160442495,0.11821159901996238,-0.07699999999999996,0.010000000000000231,0.03299999999999992
2006-09-27,39,9,2006,98.0,,177.67,125.85,175.3,2006-09-25,2.595,2.526,2,-0.11799999999999988,-0.262,-0.43199999999999994,-0.04349428676741607,-0.14271555996035679,2.783,2.9139999999999997,2.9235000000000007,0.16286599808840826,0.1764053773071033,-0.11000000000000032,-0.24400000000000022,-0.39700000000000024,-0.041729893778452265,-0.13581936366746505,2.7009999999999996,2.8265000000000002,2.8471666666666664,0.15149477438731113,0.16831772676357104,-0.0690000000000004,0.007999999999999563,0.0349999999999997
2006-10-04,40,10,2006,96.0,,186.53,126.35,183.5,2006-10-02,2.546,2.49,2,-0.04900000000000038,-0.16700000000000026,-0.42100000000000026,-0.018882466281310406,-0.14189416919447262,2.67775,2.850375,2.8925,0.1385385024701323,0.20736092585497512,-0.03599999999999959,-0.1459999999999999,-0.3819999999999997,-0.014251781472683911,-0.13300835654596088,2.6055,2.76425,2.8158333333333334,0.1260304196083747,0.19066256655597866,-0.055999999999999606,0.013000000000000789,0.03900000000000059
2006-10-11,41,10,2006,95.0,,171.24,125.33,186.84,2006-10-09,2.506,2.446,2,-0.040000000000000036,-0.08900000000000041,-0.3510000000000004,-0.01571091908876676,-0.12285614280714052,2.59,2.7805,2.8575,0.08971436154076433,0.21858636736997905,-0.04400000000000004,-0.07999999999999963,-0.32399999999999984,-0.01767068273092376,-0.11696750902527075,2.5245,2.6982500000000003,2.780666666666667,0.08121370984423501,0.19889175088833355,-0.05999999999999961,-0.0040000000000000036,0.02700000000000058
2006-10-18,42,10,2006,94.0,,169.41,123.4,184.4,2006-10-16,2.503,2.461,2,-0.0029999999999996696,-0.042999999999999705,-0.20999999999999996,-0.0011971268954508174,-0.07740508661997791,2.5375,2.71425,2.8205833333333334,0.04305422937026112,0.2113215221275123,0.01499999999999968,-0.02900000000000036,-0.17500000000000027,0.006132461161079128,-0.06638846737481041,2.48075,2.6405,2.7445000000000004,0.03526447693260991,0.19123657749349796,-0.04200000000000026,0.01799999999999935,0.0349999999999997
2006-10-25,43,10,2006,95.0,,137.61,122.8,175.63,2006-10-23,2.524,2.477,2,0.020999999999999908,0.018000000000000238,-0.07100000000000017,0.008389932081502183,-0.027360308285163892,2.51975,2.651375,2.782583333333333,0.019805302320348554,0.17702052947933847,0.016000000000000014,0.030999999999999694,-0.04899999999999993,0.006501422186103278,-0.01939825811559781,2.4684999999999997,2.58475,2.707166666666667,0.019122412678948368,0.1594909312244897,-0.04700000000000015,-0.004999999999999893,0.02200000000000024
2006-11-01,44,10,2006,95.0,,161.46,122.5,179.67,2006-10-30,2.517,2.462,2,-0.007000000000000117,0.01399999999999979,-0.028999999999999915,-0.0027733755942948024,-0.01139041633935578,2.5125,2.595125,2.73775,0.009746794344830523,0.12676123506138517,-0.01499999999999968,0.001000000000000334,-0.028000000000000025,-0.006055712555510517,-0.011244979919678766,2.4615,2.5335,2.6633333333333336,0.012662279942045246,0.11313961034301341,-0.054999999999999716,-0.007999999999999563,0.0009999999999998899
2006-11-08,45,11,2006,95.0,,140.36,125.36,198.7,2006-11-06,2.506,2.449,2,-0.01100000000000012,-0.018000000000000238,0.0,-0.004370282081843535,0.0,2.5125,2.55125,2.6911666666666663,0.009746794344830523,0.07215410096256436,-0.013000000000000345,-0.028000000000000025,0.0029999999999996696,-0.005280259951259247,0.0012264922322158256,2.46225,2.4933750000000003,2.6195833333333334,0.011470977871599255,0.06316856700242698,-0.05699999999999994,-0.002000000000000224,0.0029999999999996696
2006-11-15,46,11,2006,96.0,,136.08,126.09,194.5,2006-11-13,2.552,2.47,2,0.04600000000000026,0.03500000000000014,0.04899999999999993,0.01835594573024757,0.01957650819017176,2.52475,2.531125,2.6510833333333332,0.0196192932254723,0.03171496942637254,0.02100000000000035,0.008000000000000007,0.009000000000000341,0.008574928542262272,0.0036570499796833023,2.4645,2.472625,2.5818333333333334,0.012013880860517299,0.025889531806117857,-0.08199999999999985,-0.02499999999999991,-0.03999999999999959
2006-11-22,47,11,2006,96.0,,141.89,125.17,193.38,2006-11-20,2.553,2.469,2,0.0009999999999998899,0.04700000000000015,0.028999999999999915,0.00039184952978055243,0.011489698890649658,2.532,2.5258749999999996,2.6115833333333334,0.024097026095911595,0.0214438635911463,-0.001000000000000334,0.020000000000000018,-0.008000000000000007,-0.00040485829959524544,-0.0032297133629390906,2.4625,2.4655,2.544,0.009678154093836927,0.014392458342477571,-0.08400000000000007,-0.002000000000000224,-0.03699999999999992
2006-11-29,48,11,2006,97.0,,136.08,126.82,195.11,2006-11-27,2.567,2.49,2,0.014000000000000234,0.015000000000000124,0.050000000000000266,0.005483744614179553,0.019864918553833988,2.5445,2.5284999999999997,2.57825,0.026564387187868903,0.02521337513534662,0.02100000000000035,0.020000000000000018,0.028000000000000025,0.00850546780072925,0.011372867587327473,2.4695,2.4655,2.512166666666667,0.01674315780641945,0.014392458342477571,-0.07699999999999996,0.007000000000000117,-0.02200000000000024
2006-12-06,49,12,2006,99.0,,115.28,132.58,197.71,2006-12-04,2.618,2.537,2,0.05099999999999971,0.06499999999999995,0.1120000000000001,0.01986754966887405,0.04469273743016755,2.5725,2.5425000000000004,2.558333333333333,0.031096623610936413,0.03851901200337084,0.04699999999999971,0.06800000000000006,0.08800000000000008,0.018875502008032008,0.03593303389138436,2.4915000000000003,2.4768749999999997,2.49275,0.03183813227348299,0.027115823003184297,-0.08099999999999996,-0.0040000000000000036,-0.02400000000000002
2006-12-13,50,12,2006,99.0,,116.81,132.98,188.76,2006-12-11,2.621,2.54,2,0.0030000000000001137,0.053999999999999826,0.06899999999999995,0.0011459129106188293,0.027037617554859006,2.58975,2.5572500000000002,2.5506666666666664,0.03484609016805464,0.043502873468331545,0.0030000000000001137,0.04999999999999982,0.06999999999999984,0.0011824990145841152,0.028340080971659853,2.509,2.4867500000000002,2.48475,0.03514730904820894,0.03401575265327293,-0.08099999999999996,0.0,0.0009999999999998899
2006-12-20,51,12,2006,98.0,,87.15,134.25,186.29,2006-12-18,2.606,2.519,2,-0.015000000000000124,-0.01200000000000001,0.052999999999999936,-0.005723006486074045,0.02075989032510761,2.6029999999999998,2.5675,2.5515833333333333,0.024859605789315068,0.044204072210620476,-0.020999999999999908,-0.017999999999999794,0.050000000000000266,-0.008267716535433012,0.02025111381125977,2.5215,2.492,2.4841666666666664,0.022956480566429533,0.03550452687431105,-0.08699999999999974,-0.005999999999999783,-0.0029999999999996696
2006-12-27,52,12,2006,98.0,,83.79,135.87,187.21,2006-12-25,2.596,2.514,2,-0.009999999999999787,-0.02499999999999991,0.028999999999999915,-0.0038372985418264616,0.01129723412543826,2.6102499999999997,2.577375,2.55575,0.01150000000000562,0.03992828392436477,-0.0050000000000003375,-0.026000000000000245,0.023999999999999577,-0.001984914648670233,0.009638554216867323,2.5275,2.4985,2.4861666666666666,0.012922847983196447,0.03395375005583963,-0.0820000000000003,0.004999999999999449,-0.0050000000000003375
2007-01-03,53,12,2006,97.0,,81.95,,,2007-01-01,2.58,2.5,2,-0.016000000000000014,-0.0259999999999998,-0.03799999999999981,-0.006163328197226536,-0.014514896867838023,2.60075,2.586625,2.5619166666666664,0.017231270024778277,0.0277434033343663,-0.01399999999999979,-0.019000000000000128,-0.03699999999999992,-0.005568814638026942,-0.014584154513204495,2.51825,2.5048749999999997,2.4906666666666664,0.016580611166768042,0.027508115685534545,-0.08000000000000007,0.002000000000000224,0.0009999999999998899
2007-01-10,1,1,2007,96.0,,81.95,136.03,187.48,2007-01-08,2.537,2.459,2,-0.04300000000000015,-0.05900000000000016,-0.08400000000000007,-0.01666666666666672,-0.032048836322014496,2.5797499999999998,2.58475,2.56475,0.030445306151636434,0.03076059631600419,-0.040999999999999925,-0.054999999999999716,-0.08099999999999996,-0.01639999999999997,-0.03188976377952757,2.498,2.5035,2.4905,0.027215191835879362,0.02968886275063241,-0.07799999999999985,0.002000000000000224,0.0030000000000001137
2007-01-17,2,1,2007,93.0,,120.18,142.38,194.77,2007-01-15,2.463,2.391,2,-0.07399999999999984,-0.11699999999999999,-0.1429999999999998,-0.0291683090264091,-0.05487336914811969,2.544,2.5735,2.5596666666666663,0.05946988033170193,0.05267962468682414,-0.06800000000000006,-0.10899999999999999,-0.1280000000000001,-0.027653517690117924,-0.05081381500595483,2.466,2.49375,2.4833333333333334,0.05517849822769691,0.04909975269064987,-0.07200000000000006,0.005999999999999783,0.01499999999999968
2007-01-24,3,1,2007,92.0,,87.46,136.03,180.52,2007-01-22,2.43,2.361,2,-0.03299999999999992,-0.10699999999999976,-0.16599999999999993,-0.013398294762484775,-0.06394453004622491,2.5025,2.556375,2.5524166666666663,0.06834471449936975,0.07331914094268342,-0.029999999999999805,-0.09799999999999986,-0.15299999999999958,-0.012547051442910795,-0.06085918854415262,2.42775,2.477625,2.4749166666666667,0.06325279967451428,0.06803767338759584,-0.06899999999999995,0.0030000000000001137,0.013000000000000345
2007-01-31,4,1,2007,91.0,,95.41,133.49,175.77,2007-01-29,2.413,2.347,2,-0.017000000000000348,-0.050000000000000266,-0.16700000000000026,-0.006995884773662642,-0.06472868217054273,2.46075,2.53075,2.5446666666666666,0.054908256816867985,0.08378160384510791,-0.014000000000000234,-0.04400000000000004,-0.15300000000000002,-0.0059296908089793154,-0.06120000000000003,2.3895,2.453875,2.4664166666666665,0.04983639901381826,0.076931207674667,-0.06599999999999984,0.0030000000000001137,0.014000000000000234
2007-02-07,5,2,2007,92.0,,109.47,133.49,171.02,2007-02-05,2.435,2.36,2,0.02200000000000024,0.004999999999999893,-0.10199999999999987,0.009117281392457599,-0.04020496649586125,2.43525,2.5075,2.5349166666666667,0.02075853238230484,0.08091794785902304,0.0129999999999999,-0.001000000000000334,-0.0990000000000002,0.0055389859394971985,-0.04026026840178942,2.36475,2.431375,2.45725,0.018625699091971766,0.07442529811829374,-0.07500000000000018,-0.009000000000000341,0.0029999999999996696
2007-02-14,6,2,2007,93.0,,113.14,133.49,175.77,2007-02-12,2.476,2.394,2,0.040999999999999925,0.06300000000000017,0.0129999999999999,0.016837782340862306,0.0052781161185546654,2.4385,2.49125,2.5284999999999997,0.026714540360395306,0.07072229391884872,0.03400000000000025,0.04700000000000015,0.0030000000000001137,0.014406779661017,0.0012547051442910462,2.3655,2.41575,2.451,0.02004162335402686,0.06605138692171811,-0.08199999999999985,-0.006999999999999673,-0.009999999999999787
2007-02-21,7,2,2007,94.0,,111.31,136.03,179.33,2007-02-19,2.491,2.418,2,0.015000000000000124,0.05600000000000005,0.06099999999999994,0.006058158319870888,0.025102880658436133,2.45375,2.4781250000000004,2.5221666666666667,0.036031236448399805,0.05689699339283169,0.02400000000000002,0.058000000000000274,0.05699999999999994,0.010025062656641603,0.02414231257941557,2.37975,2.40375,2.445,0.0322942203291019,0.0531029996462093,-0.07299999999999995,0.008999999999999897,-0.0040000000000000036
2007-02-28,8,2,2007,96.0,,97.85,141.11,181.71,2007-02-26,2.551,2.497,2,0.06000000000000005,0.07500000000000018,0.13800000000000034,0.02408671216378977,0.057190219643597384,2.48825,2.4745,2.5165833333333336,0.0480650600748655,0.049982854203084126,0.07899999999999974,0.10299999999999976,0.1499999999999999,0.032671629445822914,0.0639113762249679,2.41725,2.403375,2.441666666666667,0.05824874819826,0.0523311911905825,-0.05400000000000027,0.018999999999999684,0.011999999999999567
2007-03-07,9,3,2007,99.0,,87.15,142.38,185.27,2007-03-05,2.626,2.587,2,0.07499999999999973,0.1349999999999998,0.19099999999999984,0.02940023520188162,0.07843942505133472,2.536,2.485625,2.517,0.0681909084849316,0.07125795694918964,0.0900000000000003,0.16900000000000004,0.2270000000000003,0.03604325190228286,0.09618644067796622,2.474,2.419375,2.445583333333333,0.08724295578057027,0.08258837258180547,-0.0389999999999997,0.015000000000000568,0.036000000000000476
2007-03-14,10,3,2007,101.0,,90.82,144.93,190.02,2007-03-12,2.685,2.644,2,0.05900000000000016,0.1339999999999999,0.20900000000000007,0.02246763137852259,0.08441033925686603,2.58825,2.513375,2.5235833333333333,0.08491319096583386,0.09901073174157114,0.05699999999999994,0.14700000000000024,0.25,0.022033243138770642,0.10442773600668342,2.5365,2.451,2.456,0.0995138181359591,0.11300821714748964,-0.040999999999999925,-0.002000000000000224,0.040999999999999925
2007-03-21,11,3,2007,101.0,,81.95,144.93,190.02,2007-03-19,2.681,2.64,2,-0.0040000000000000036,0.05500000000000016,0.18999999999999995,-0.0014897579143389184,0.07627458851866709,2.6357500000000003,2.54475,2.5306666666666664,0.06258527515851209,0.10816224585581179,-0.0040000000000000036,0.052999999999999936,0.22199999999999998,-0.001512859304084735,0.09181141439205964,2.592,2.485875,2.4665000000000004,0.06845436436047266,0.12380103565224598,-0.040999999999999925,0.0,0.03200000000000003
2007-03-28,12,3,2007,101.0,,74.61,144.93,191.21,2007-03-26,2.676,2.643,2,-0.004999999999999893,-0.008999999999999897,0.125,-0.0018649757553151902,0.049000392003136106,2.6670000000000003,2.577625,2.538666666666667,0.027580186124581463,0.10220139431535134,0.0029999999999996696,-0.001000000000000334,0.1459999999999999,0.001136363636363491,0.058470164197036434,2.6285,2.522875,2.4784166666666665,0.027718826333908958,0.12055637389085552,-0.03300000000000036,0.007999999999999563,0.020999999999999908
2007-04-04,13,4,2007,105.0,,72.47,144.93,191.21,2007-04-02,2.79,2.766,2,0.11399999999999988,0.10899999999999999,0.16400000000000015,0.04260089686098656,0.06245239908606259,2.708,2.6220000000000003,2.5597499999999997,0.05479051012720809,0.10831435731241867,0.12300000000000022,0.1259999999999999,0.17899999999999983,0.04653802497162318,0.06919211441824502,2.6732500000000003,2.5736250000000003,2.504,0.06185668920978371,0.12745524424562552,-0.02400000000000002,0.009000000000000341,0.01499999999999968
2007-04-11,14,4,2007,107.0,,70.64,144.93,191.21,2007-04-09,2.84,2.81,2,0.04999999999999982,0.1639999999999997,0.1549999999999998,0.017921146953404854,0.05772811918063314,2.74675,2.6675,2.5911666666666666,0.08143453403398848,0.11449890829175038,0.04400000000000004,0.16700000000000026,0.16599999999999993,0.01590744757772966,0.06278366111951583,2.71475,2.625625,2.5389166666666667,0.0864768755216994,0.12855786634818625,-0.029999999999999805,-0.005999999999999783,0.01100000000000012
2007-04-18,15,4,2007,109.0,,68.5,148.74,197.15,2007-04-16,2.877,2.849,2,0.03699999999999992,0.08699999999999974,0.19599999999999973,0.013028169014084545,0.07310704960835501,2.79575,2.71575,2.628416666666667,0.0874314016815426,0.11076584053116054,0.039000000000000146,0.08300000000000018,0.20900000000000007,0.01387900355871885,0.07916666666666661,2.767,2.6795,2.5795833333333333,0.08934950102450762,0.11907860549113246,-0.02799999999999958,0.002000000000000224,0.013000000000000345
2007-04-25,16,4,2007,108.0,,65.13,152.56,201.9,2007-04-23,2.851,2.815,2,-0.0259999999999998,0.01100000000000012,0.17499999999999982,-0.009037191518943222,0.0653961136023915,2.8394999999999997,2.75325,2.664916666666667,0.03646459470041783,0.09694144035007037,-0.03400000000000025,0.004999999999999893,0.17200000000000015,-0.011934011934012001,0.06507756337495274,2.8100000000000005,2.71925,2.6185833333333335,0.034068558329660964,0.10118688509033388,-0.03600000000000003,-0.008000000000000451,-0.0029999999999996696
2007-05-02,17,4,2007,106.0,,65.44,152.56,206.65,2007-04-30,2.811,2.766,2,-0.040000000000000036,-0.06599999999999984,0.020999999999999908,-0.014030164854437088,0.007526881720430145,2.84475,2.776375,2.6962499999999996,0.02732977619128494,0.08336483928236788,-0.04899999999999993,-0.08300000000000018,0.0,-0.01740674955595023,0.0,2.8099999999999996,2.741625,2.652416666666667,0.034068558329660964,0.08648854176792282,-0.04499999999999993,-0.008999999999999897,-0.020999999999999908
2007-05-09,18,5,2007,105.0,,63.91,155.1,211.4,2007-05-07,2.792,2.744,2,-0.019000000000000128,-0.05900000000000016,-0.04800000000000004,-0.0067591604411242345,-0.016901408450704203,2.83275,2.78975,2.722583333333333,0.038404643816416055,0.07474862636102991,-0.021999999999999797,-0.07099999999999973,-0.06599999999999984,-0.00795372378886472,-0.02348754448398571,2.7935000000000003,2.754125,2.6815833333333337,0.04743065113048324,0.07707776685177183,-0.0479999999999996,-0.0029999999999996696,-0.017999999999999794
2007-05-16,19,5,2007,105.0,,69.41,165.27,218.53,2007-05-14,2.773,2.713,2,-0.018999999999999684,-0.03799999999999981,-0.10399999999999965,-0.006805157593123057,-0.03614876607577322,2.80675,2.80125,2.7460833333333334,0.03333041653903995,0.06153686467711472,-0.03100000000000014,-0.052999999999999936,-0.13600000000000012,-0.011297376093294509,-0.04773604773604778,2.7595,2.7632499999999998,2.706166666666667,0.042914643965222835,0.06501373481261268,-0.06000000000000005,-0.012000000000000455,-0.03200000000000047
2007-05-23,20,5,2007,106.0,,84.09,162.73,211.4,2007-05-21,2.803,2.747,2,0.029999999999999805,0.01100000000000012,-0.04800000000000004,0.010818608005769947,-0.016836197825324417,2.79475,2.817125,2.7670833333333333,0.01645954636877845,0.03547005779532882,0.03399999999999981,0.0029999999999996696,-0.06800000000000006,0.01253225211942488,-0.024156305506216724,2.7424999999999997,2.77625,2.7270000000000003,0.021946905628401514,0.04478440417312631,-0.05600000000000005,0.0040000000000000036,-0.020000000000000018
2007-05-30,21,5,2007,106.0,,99.69,162.73,201.9,2007-05-28,2.817,2.776,2,0.014000000000000234,0.04400000000000004,0.006000000000000227,0.004994648590795681,0.002134471718249875,2.79625,2.8205,2.783,0.018571932227583746,0.03376388603232748,0.028999999999999915,0.06299999999999972,0.009999999999999787,0.01055697124135424,0.003615328994938549,2.745,2.7775,2.7427500000000005,0.025755258362684025,0.04459660461129555,-0.04100000000000037,0.01499999999999968,0.0039999999999995595
2007-06-06,22,6,2007,106.0,,108.25,162.73,197.15,2007-06-04,2.799,2.749,2,-0.018000000000000238,-0.0040000000000000036,0.007000000000000117,-0.006389776357827559,0.002507163323782313,2.798,2.815375,2.7925,0.01836663641858848,0.03349173672079998,-0.02699999999999969,0.002000000000000224,0.004999999999999893,-0.009726224783861537,0.0018221574344023939,2.74625,2.7698750000000003,2.7515,0.02581181899818886,0.043445984525933026,-0.04999999999999982,-0.008999999999999453,-0.002000000000000224
2007-06-13,23,6,2007,112.0,,100.91,157.64,190.02,2007-06-11,2.792,2.742,2,-0.007000000000000117,-0.025000000000000355,0.018999999999999684,-0.0025008931761343334,0.006851785070320915,2.80275,2.80475,2.80175,0.010531698185284929,0.022982912907596083,-0.007000000000000117,-0.03399999999999981,0.028999999999999915,-0.0025463805020007335,0.01068927386656826,2.7535,2.7565,2.76,0.015286159316907718,0.029995237717231858,-0.04999999999999982,0.0,0.010000000000000231
2007-06-20,24,6,2007,106.0,,105.5,150.01,185.27,2007-06-18,2.805,2.753,2,0.013000000000000345,0.006000000000000227,0.002000000000000224,0.0046561604584527405,0.0007135212272566527,2.8032500000000002,2.799,2.8125,0.010594810050173898,0.013596217961659447,0.01100000000000012,0.0040000000000000036,0.006000000000000227,0.0040116703136396925,0.0021842009464871914,2.755,2.7487500000000002,2.7691666666666666,0.01471960144371694,0.01854531130575854,-0.052000000000000046,-0.002000000000000224,0.0040000000000000036
2007-06-27,25,6,2007,107.0,,112.84,153.83,194.77,2007-06-25,2.835,2.78,2,0.029999999999999805,0.04300000000000015,0.017999999999999794,0.010695187165775222,0.006389776357827337,2.80775,2.802,2.81625,0.018927493230727992,0.01841583169847868,0.02699999999999969,0.03799999999999981,0.0040000000000000036,0.009807482746094998,0.0014409221902016434,2.7560000000000002,2.7505,2.7703333333333333,0.016633299933021945,0.020914793124186145,-0.05500000000000016,-0.0030000000000001137,-0.01399999999999979
2007-07-04,26,7,2007,107.0,,110.09,188.15,242.28,2007-07-02,2.829,2.766,2,-0.005999999999999783,0.02400000000000002,0.03000000000000025,-0.002116402116402072,0.010718113612004476,2.8152500000000003,2.806625,2.8153333333333332,0.020205197351157826,0.02011351713232793,-0.01399999999999979,0.0129999999999999,0.016999999999999904,-0.005035971223021463,0.006184066933430321,2.76025,2.75325,2.766666666666667,0.016418993066826863,0.02137922890495297,-0.06300000000000017,-0.008000000000000007,-0.013000000000000345
2007-07-11,27,7,2007,108.0,,108.86,188.15,256.53,2007-07-09,2.849,2.785,2,0.020000000000000018,0.014000000000000234,0.057000000000000384,0.007069635913750538,0.020415472779369725,2.8295000000000003,2.816125,2.813,0.018357559750663697,0.01991006565257086,0.019000000000000128,0.0050000000000003375,0.04300000000000015,0.006869125090383177,0.01568198395331888,2.771,2.7622500000000003,2.7613333333333334,0.01444529911984433,0.01664546270220287,-0.06400000000000006,-0.0009999999999998899,-0.014000000000000234
2007-07-18,28,7,2007,109.0,,134.24,203.41,285.04,2007-07-16,2.889,2.821,2,0.03999999999999959,0.05999999999999961,0.08399999999999963,0.01404001404001387,0.029946524064170976,2.8505000000000003,2.826875,2.8161666666666663,0.026999999999983728,0.031597637796040565,0.03600000000000003,0.05500000000000016,0.06800000000000006,0.01292639138240581,0.024700326916091475,2.788,2.7715,2.7618333333333336,0.023423634787574484,0.02528127483221348,-0.06799999999999962,-0.0039999999999995595,-0.01599999999999957
2007-07-25,29,7,2007,109.0,,140.05,213.58,285.04,2007-07-23,2.889,2.815,2,0.0,0.03999999999999959,0.053999999999999826,0.0,0.01904761904761898,2.864,2.835875,2.8226666666666667,0.029999999999984546,0.0379903653199991,-0.006000000000000227,0.029999999999999805,0.03500000000000014,-0.002126905352711872,0.0125899280575541,2.79675,2.7763750000000003,2.765916666666667,0.02585053190932328,0.029654859876330535,-0.07399999999999984,-0.006000000000000227,-0.018999999999999684
2007-08-01,30,7,2007,109.0,,120.79,228.83,280.29,2007-07-30,2.886,2.808,2,-0.0029999999999996696,-0.0029999999999996696,0.05699999999999994,-0.0010384215991691148,0.020148462354188768,2.87825,2.8467499999999997,2.8305000000000002,0.019551214795992363,0.0383768903676411,-0.007000000000000117,-0.013000000000000345,0.041999999999999815,-0.00248667850799289,0.015184381778741818,2.80725,2.78375,2.7712499999999998,0.015755951256425916,0.02920738654125972,-0.07800000000000029,-0.004000000000000448,-0.015000000000000124
2007-08-08,31,8,2007,109.0,,136.38,227.56,275.53,2007-08-06,2.898,2.824,2,0.01200000000000001,0.009000000000000341,0.04899999999999993,0.004158004158004269,0.017199017199017064,2.8905,2.8600000000000003,2.8409166666666668,0.0051961524226098845,0.03491622627299813,0.016000000000000014,0.008999999999999897,0.0389999999999997,0.005698005698005604,0.014003590664272814,2.8169999999999997,2.7939999999999996,2.7805,0.007071067811498416,0.026747496545055715,-0.07400000000000029,0.0040000000000000036,-0.010000000000000231
2007-08-15,32,8,2007,107.0,,162.38,226.29,268.41,2007-08-13,2.847,2.771,2,-0.051000000000000156,-0.039000000000000146,-0.041999999999999815,-0.017598343685300222,-0.014537902388369606,2.88,2.86525,2.844583333333333,0.022583179581250973,0.027922085472744645,-0.052999999999999936,-0.03699999999999992,-0.050000000000000266,-0.018767705382436217,-0.01772421127259849,2.8045,2.7962499999999997,2.7825,0.023273733406171688,0.02334676484163583,-0.07600000000000007,-0.0019999999999997797,-0.008000000000000451
2007-08-22,33,8,2007,108.0,,176.75,239.0,289.79,2007-08-20,2.868,2.807,2,0.020999999999999908,-0.03000000000000025,-0.020999999999999908,0.007376185458377149,-0.007268951194184803,2.87475,2.869375,2.8488333333333333,0.022231734075394326,0.02511082578158297,0.03600000000000003,-0.016999999999999904,-0.008000000000000007,0.012991699747383567,-0.002841918294849033,2.8025,2.799625,2.785083333333333,0.02239791656966255,0.022601754040638553,-0.06099999999999994,0.015000000000000124,0.0129999999999999
2007-08-29,34,8,2007,108.0,,213.44,228.83,280.29,2007-08-27,2.863,2.808,2,-0.004999999999999893,0.016000000000000014,-0.02300000000000013,-0.0017433751743374248,-0.007969507969508016,2.8689999999999998,2.873625,2.8541666666666665,0.021307275752640548,0.01956627930186958,0.0009999999999998899,0.03699999999999992,0.0,0.0003562522265763146,0.0,2.8025,2.804875,2.7899999999999996,0.02239791656966255,0.018106332751652257,-0.05500000000000016,0.005999999999999783,0.02300000000000013
2007-09-05,35,9,2007,109.0,,247.69,231.88,280.76,2007-09-03,2.893,2.836,2,0.029999999999999805,0.02499999999999991,-0.0050000000000003375,0.010478519035976186,-0.0017253278122844051,2.86775,2.8791249999999997,2.8625833333333333,0.0190678612679135,0.017755783766068893,0.028000000000000025,0.028999999999999915,0.01200000000000001,0.009971509971510084,0.004249291784702569,2.8055,2.81125,2.797833333333333,0.02663956956599611,0.019061929148343027,-0.05699999999999994,-0.0019999999999997797,0.017000000000000348
2007-09-12,36,9,2007,110.0,,210.39,250.44,323.04,2007-09-10,2.924,2.865,2,0.03100000000000014,0.06099999999999994,0.07699999999999996,0.010715520221223684,0.027046013347383102,2.887,2.8834999999999997,2.8725,0.027940412786243464,0.02381476132879434,0.02900000000000036,0.057000000000000384,0.0940000000000003,0.010225669957687034,0.03392277156261292,2.8289999999999997,2.81675,2.807166666666667,0.027507574714274837,0.026980151434488123,-0.05899999999999972,-0.0019999999999997797,0.017000000000000348
2007-09-19,37,9,2007,112.0,,228.12,241.55,311.16,2007-09-17,2.964,2.903,2,0.040000000000000036,0.07100000000000017,0.09600000000000009,0.013679890560875485,0.03347280334728042,2.911,2.892875,2.88325,0.0432280772954988,0.037257549570586024,0.03799999999999981,0.06700000000000017,0.09600000000000009,0.013263525305410084,0.03420021375133597,2.853,2.82775,2.8174166666666665,0.040653003169031116,0.04064392416374147,-0.06099999999999994,-0.002000000000000224,0.0
2007-09-26,38,9,2007,114.0,,199.68,241.55,318.29,2007-09-24,3.032,2.971,2,0.06800000000000006,0.1080000000000001,0.16900000000000004,0.02294197031039147,0.05902899056933286,2.95325,2.911125,2.900166666666667,0.06000763840266925,0.06136643452017677,0.06800000000000006,0.10599999999999987,0.16300000000000026,0.023424044092318352,0.05804843304843321,2.89375,2.848125,2.8345,0.05835166378657064,0.06366527984028943,-0.06099999999999994,0.0,-0.005999999999999783
2007-10-03,39,9,2007,115.0,,205.19,251.72,313.54,2007-10-01,3.048,2.975,2,0.016000000000000014,0.08400000000000007,0.15500000000000025,0.005277044854881341,0.0535776011061182,2.992,2.9298749999999996,2.91675,0.05814923329960629,0.0775618416859691,0.0040000000000000036,0.07200000000000006,0.13900000000000023,0.0013463480309661158,0.049012693935119866,2.9285,2.867,2.8503333333333334,0.05369978274314289,0.07656743059925042,-0.07299999999999995,-0.01200000000000001,-0.016000000000000014
2007-10-10,40,10,2007,115.0,,195.71,256.8,325.42,2007-10-08,3.035,2.946,2,-0.0129999999999999,0.0030000000000001137,0.11100000000000021,-0.004265091863516979,0.03796169630642954,3.01975,2.953375,2.9289166666666664,0.037809831173015514,0.07734512174111655,-0.028999999999999915,-0.02499999999999991,0.08099999999999996,-0.009747899159663787,0.02827225130890043,2.9487500000000004,2.888875,2.86075,0.03308952502923902,0.06993351434449109,-0.08899999999999997,-0.016000000000000014,-0.03000000000000025
2007-10-17,41,10,2007,115.0,,160.85,292.4,427.55,2007-10-15,3.039,2.941,2,0.0040000000000000036,-0.008999999999999897,0.07500000000000018,0.0013179571663921585,0.025303643724696512,3.0385,2.9747500000000002,2.941416666666667,0.00695221787143209,0.07393385074321349,-0.0050000000000003375,-0.03400000000000025,0.03799999999999981,-0.0016972165648337922,0.013089906992766132,2.95825,2.905625,2.87125,0.017231270024597203,0.06324992941836664,-0.09800000000000031,-0.009000000000000341,-0.037000000000000366
2007-10-24,42,10,2007,117.0,,162.99,292.4,427.55,2007-10-22,3.094,2.994,2,0.054999999999999716,0.05899999999999972,0.06199999999999983,0.018098058571898612,0.02044854881266489,3.054,3.003625,2.95875,0.02721519183590521,0.06899883539394017,0.05300000000000038,0.04800000000000004,0.02300000000000013,0.018021081264876004,0.007741501178054611,2.964,2.9288749999999997,2.8867499999999997,0.024993332444085036,0.05600876844617316,-0.09999999999999964,-0.0019999999999993356,-0.0389999999999997
2007-10-31,43,10,2007,119.0,,139.44,297.48,437.05,2007-10-29,3.157,3.062,2,0.06300000000000017,0.11799999999999988,0.10899999999999999,0.020361990950226394,0.03576115485564313,3.08125,3.0366250000000004,2.980333333333333,0.05722688761993792,0.07161392023506792,0.06799999999999962,0.121,0.08699999999999974,0.022712090848363342,0.02924369747899158,2.9857500000000003,2.957125,2.9065833333333337,0.056168644871141545,0.05936674754680206,-0.0950000000000002,0.004999999999999449,-0.02200000000000024
2007-11-07,44,11,2007,125.0,,127.82,292.4,441.81,2007-11-05,3.303,3.219,2,0.1459999999999999,0.20900000000000007,0.2679999999999998,0.046246436490338994,0.08830313014827018,3.14825,3.0839999999999996,3.018333333333333,0.11387529729195602,0.10434557968599616,0.15700000000000003,0.22499999999999964,0.2729999999999997,0.05127367733507504,0.0926680244399185,3.054,3.0013750000000003,2.9439166666666665,0.12063443400066179,0.09935353541772014,-0.08400000000000007,0.01100000000000012,0.004999999999999893
2007-11-14,45,11,2007,129.0,,133.94,292.4,437.05,2007-11-12,3.425,3.347,2,0.12199999999999989,0.2679999999999998,0.3859999999999997,0.03693611867998792,0.1270154656136886,3.24475,3.141625,3.06475,0.1486704969611128,0.14713059068151957,0.1280000000000001,0.28500000000000014,0.40600000000000014,0.03976390183286749,0.1380482828969738,3.1555,3.056875,2.9889166666666664,0.1586705181605143,0.14843703571356082,-0.07799999999999985,0.006000000000000227,0.020000000000000462
2007-11-21,46,11,2007,129.0,,124.15,300.03,427.55,2007-11-19,3.41,3.324,2,-0.01499999999999968,0.1070000000000002,0.3160000000000003,-0.004379562043795526,0.10213316095669045,3.32375,3.188875,3.110333333333333,0.12372920700733478,0.1663382418877071,-0.02300000000000013,0.10499999999999998,0.3299999999999996,-0.006871825515386898,0.1102204408817633,3.238,3.101,3.031916666666666,0.12988969679434031,0.1701427971692365,-0.0860000000000003,-0.008000000000000451,0.013999999999999346
2007-11-28,47,11,2007,130.0,,118.34,305.11,389.55,2007-11-26,3.444,3.36,2,0.03399999999999981,0.019000000000000128,0.2869999999999999,0.009970674486803555,0.09090909090909083,3.3955,3.238375,3.15625,0.06321655901209945,0.1770068097963857,0.03600000000000003,0.0129999999999999,0.29800000000000004,0.010830324909747224,0.09732201175702149,3.3125,3.149125,3.075583333333333,0.06408587987998497,0.1833485653845487,-0.08400000000000007,0.002000000000000224,0.01100000000000012
2007-12-05,48,12,2007,129.0,,118.34,302.57,389.55,2007-12-03,3.416,3.345,2,-0.028000000000000025,0.005999999999999783,0.11299999999999999,-0.008130081300813052,0.03421132303966101,3.42375,3.286,3.19725,0.01484082207954815,0.16534120564978025,-0.01499999999999968,0.02100000000000035,0.12600000000000033,-0.004464285714285587,0.03914259086672889,3.344,3.199,3.1155833333333334,0.014899664425471634,0.1742428518722428,-0.07099999999999973,0.013000000000000345,0.013000000000000345
2007-12-12,49,12,2007,125.0,,122.32,310.2,389.55,2007-12-10,3.325,3.265,2,-0.09099999999999975,-0.11899999999999977,-0.09999999999999964,-0.026639344262294973,-0.029197080291970656,3.39875,3.3217499999999998,3.2273333333333336,0.05135091690187776,0.1318286225153503,-0.08000000000000007,-0.09499999999999975,-0.08199999999999985,-0.02391629297458897,-0.024499551837466327,3.3235,3.2395,3.14575,0.04170131892388736,0.13999693874204516,-0.06000000000000005,0.010999999999999677,0.017999999999999794
2007-12-19,50,12,2007,125.0,,115.28,315.28,370.55,2007-12-17,3.309,3.245,2,-0.016000000000000014,-0.10699999999999976,-0.10099999999999998,-0.004812030075187934,-0.029618768328445788,3.3735,3.3486249999999997,3.2504166666666663,0.06655574104961672,0.09574212015324196,-0.020000000000000018,-0.10000000000000009,-0.07899999999999974,-0.006125574272588086,-0.023766546329723193,3.30375,3.270875,3.1685833333333338,0.05720941064771184,0.09933987474467125,-0.06400000000000006,-0.0040000000000000036,0.02200000000000024
2007-12-26,51,12,2007,125.0,,112.23,321.64,370.55,2007-12-24,3.308,3.246,2,-0.001000000000000334,-0.017000000000000348,-0.13600000000000012,-0.00030220610456344055,-0.03948896631823462,3.3395,3.3674999999999997,3.2720833333333332,0.05159134294301483,0.06123257769715409,0.0009999999999998899,-0.019000000000000128,-0.11399999999999988,0.00030816640986119914,-0.03392857142857142,3.27525,3.293875,3.191166666666667,0.047401652573076616,0.05585296385537588,-0.06199999999999983,0.002000000000000224,0.02200000000000024
2008-01-02,52,12,2007,126.0,,110.09,312.74,370.55,2007-12-31,3.345,3.293,2,0.037000000000000366,0.03600000000000003,-0.07099999999999973,0.011185006045949297,-0.020784543325526816,3.3217499999999998,3.3727500000000004,3.297916666666667,0.017346949779827016,0.056532544356662925,0.04700000000000015,0.04800000000000004,-0.052000000000000046,0.014479359211337028,-0.015545590433482803,3.26225,3.3031249999999996,3.220083333333333,0.022470350835238538,0.04712729721571705,-0.052000000000000046,0.009999999999999787,0.018999999999999684
2008-01-09,1,1,2008,127.0,,107.33,315.28,332.54,2008-01-07,3.376,3.318,2,0.030999999999999694,0.06800000000000006,0.05099999999999971,0.009267563527653122,0.015338345864661651,3.3345000000000002,3.366625,3.326,0.032583226768749966,0.05257902216129554,0.02499999999999991,0.07200000000000006,0.052999999999999936,0.007591861524445687,0.016232771822358272,3.2755,3.2995,3.2515,0.03611555528197386,0.04430091904885049,-0.05799999999999983,-0.005999999999999783,0.002000000000000224
2008-01-16,2,1,2008,126.0,,99.38,307.65,323.04,2008-01-14,3.326,3.266,2,-0.04999999999999982,-0.019000000000000128,0.016999999999999904,-0.014810426540284305,0.005137503777576269,3.3387499999999997,3.356125,3.345333333333333,0.029067450295197382,0.051044623335253524,-0.052000000000000046,-0.027000000000000135,0.020999999999999908,-0.015672091621458772,0.0064714946070878465,3.2807500000000003,3.29225,3.2741666666666664,0.03142583862564826,0.04446427137121193,-0.06000000000000005,-0.002000000000000224,0.0040000000000000036
2008-01-23,3,1,2008,123.0,,130.88,,,2008-01-21,3.27,3.222,2,-0.05600000000000005,-0.10599999999999987,-0.03799999999999981,-0.016837041491280846,-0.011487303506650504,3.32925,3.334375,3.3547499999999997,0.04455240360141988,0.04496010135992639,-0.04400000000000004,-0.09600000000000009,-0.02400000000000002,-0.013472137170851162,-0.007393715341959317,3.27475,3.275,3.2874999999999996,0.041080206101300254,0.04106440933809962,-0.04800000000000004,0.01200000000000001,0.01399999999999979
2008-01-30,4,1,2008,123.0,,136.38,,,2008-01-28,3.259,3.218,2,-0.01100000000000012,-0.06700000000000017,-0.0860000000000003,-0.0033639143730886945,-0.025710014947683213,3.30775,3.31475,3.3510833333333334,0.05413794110107917,0.0379614466081101,-0.0040000000000000036,-0.04800000000000004,-0.07500000000000018,-0.0012414649286157653,-0.022775584573337393,3.2560000000000002,3.259125,3.287416666666667,0.04670474636828017,0.03409414486809939,-0.040999999999999925,0.007000000000000117,0.01100000000000012
2008-02-06,5,2,2008,124.0,,152.28,233.92,242.28,2008-02-04,3.28,3.247,2,0.020999999999999908,0.009999999999999787,-0.09600000000000009,0.006443694384780541,-0.028436018957346043,3.2837500000000004,3.309125,3.339,0.02944344862043228,0.039527341351204344,0.028999999999999915,0.02499999999999991,-0.07100000000000017,0.009011808576755653,-0.021398432790837862,3.23825,3.256875,3.279083333333334,0.02251480994054319,0.03424465547457962,-0.03299999999999992,0.008000000000000007,0.02499999999999991
2008-02-13,6,2,2008,124.0,,143.72,246.63,256.53,2008-02-11,3.28,3.239,2,0.0,0.020999999999999908,-0.04600000000000026,0.0,-0.013830426939266505,3.27225,3.3055,3.3281666666666667,0.0100124921971215,0.04084815085876361,-0.008000000000000007,0.020999999999999908,-0.027000000000000135,-0.002463812750230998,-0.008266993263931433,3.2314999999999996,3.256125,3.2720000000000002,0.013771952173123858,0.03460568698104109,-0.040999999999999925,-0.008000000000000007,0.019000000000000128
2008-02-20,7,2,2008,128.0,,152.9,266.97,299.29,2008-02-18,3.396,3.367,2,0.1160000000000001,0.1160000000000001,0.1259999999999999,0.03536585365853662,0.038532110091743066,3.3037499999999995,3.3165,3.3241666666666667,0.062291652731303396,0.05195602536219991,0.1280000000000001,0.1200000000000001,0.14500000000000002,0.039518369867243,0.04500310366232152,3.26775,3.27125,3.2725833333333334,0.067287319260952,0.051745945320808825,-0.028999999999999915,0.01200000000000001,0.019000000000000128
2008-02-27,8,2,2008,134.0,,161.76,272.06,294.54,2008-02-25,3.552,3.51,2,0.15600000000000014,0.27200000000000024,0.29300000000000015,0.04593639575971742,0.08990487879717701,3.377,3.3423749999999997,3.3355,0.12884616150017958,0.09869713774983167,0.1429999999999998,0.2709999999999999,0.2919999999999998,0.042471042471042386,0.09073958980733376,3.34075,3.298375,3.2863333333333333,0.12711772758611667,0.0995603729258997,-0.04200000000000026,-0.013000000000000345,-0.001000000000000334
2008-03-05,9,3,2008,138.0,,135.77,282.23,318.29,2008-03-03,3.658,3.609,2,0.10599999999999987,0.262,0.3780000000000001,0.0298423423423424,0.11524390243902438,3.4715,3.377625,3.3632500000000003,0.16696806081801976,0.1496356885429538,0.0990000000000002,0.242,0.3620000000000001,0.028205128205128327,0.11148752694795205,3.43125,3.33475,3.3149999999999995,0.16215707405678492,0.14875843313430312,-0.04899999999999993,-0.006999999999999673,-0.016000000000000014
2008-03-12,10,3,2008,144.0,,148.31,286.04,327.79,2008-03-10,3.819,3.798,2,0.16100000000000003,0.2669999999999999,0.5390000000000001,0.04401312192454898,0.1643292682926829,3.6062499999999997,3.43925,3.40575,0.17803440678699145,0.21330779236990968,0.18900000000000006,0.28800000000000026,0.5590000000000002,0.052369077306733125,0.17258413090460034,3.571,3.4012499999999997,3.361083333333333,0.18102486017116595,0.21692641938817225,-0.020999999999999908,0.028000000000000025,0.020000000000000018
2008-03-19,11,3,2008,150.0,,131.49,283.5,318.29,2008-03-17,3.974,3.914,2,0.15500000000000025,0.3160000000000003,0.5780000000000003,0.04058654097931402,0.1702002355712604,3.75075,3.52725,3.46125,0.18493489845527217,0.2709405575293165,0.1160000000000001,0.30500000000000016,0.5470000000000002,0.030542390731964186,0.16245916245916248,3.70775,3.48775,3.41675,0.18215446741705116,0.26734768694396416,-0.06000000000000005,-0.039000000000000146,-0.03100000000000014
2008-03-26,12,3,2008,151.0,,143.42,282.23,313.54,2008-03-24,3.989,3.928,2,0.01499999999999968,0.16999999999999993,0.43699999999999983,0.0037745344740813813,0.12302927927927931,3.8600000000000003,3.6185,3.5149166666666662,0.15505052939819713,0.2899517201190778,0.01399999999999979,0.1299999999999999,0.41800000000000015,0.0035769034236075026,0.11908831908831918,3.81225,3.5765000000000002,3.4696666666666665,0.14749548015670078,0.2824297637087385,-0.06099999999999994,-0.0009999999999998899,-0.018999999999999684
2008-04-02,13,3,2008,150.0,,132.71,279.68,304.04,2008-03-31,3.964,3.907,2,-0.02499999999999991,-0.010000000000000231,0.30600000000000005,-0.006267234895963925,0.08365226899945322,3.9364999999999997,3.7039999999999997,3.563916666666666,0.0790042192965715,0.2764080834046672,-0.020999999999999908,-0.007000000000000117,0.29800000000000004,-0.005346232179226029,0.08257134940426702,3.88675,3.6590000000000003,3.5187500000000003,0.059807329539575745,0.26848144389191675,-0.05699999999999994,0.0040000000000000036,-0.008000000000000007
2008-04-09,14,4,2008,151.0,,127.21,277.14,294.54,2008-04-07,3.955,3.894,2,-0.008999999999999897,-0.03399999999999981,0.13600000000000012,-0.002270433905146252,0.03561141660120448,3.9705000000000004,3.7883750000000003,3.6163333333333334,0.014571661996054117,0.22711918677208598,-0.0129999999999999,-0.03399999999999981,0.09600000000000009,-0.0033273611466597686,0.025276461295418606,3.91075,3.740875,3.5710833333333336,0.014174507633611578,0.21704932783652828,-0.06099999999999994,-0.0040000000000000036,-0.040000000000000036
2008-04-16,15,4,2008,153.0,,124.76,282.23,299.29,2008-04-14,4.059,4.0,2,0.10400000000000009,0.0950000000000002,0.08499999999999996,0.02629582806573949,0.021389028686461975,3.99175,3.87125,3.6820833333333334,0.04708414453571882,0.1794497542091622,0.10599999999999987,0.09299999999999997,0.08599999999999985,0.027221366204416952,0.02197240674501777,3.9322500000000002,3.82,3.6359166666666667,0.04728900506448152,0.1719842185451176,-0.05900000000000016,0.0019999999999997797,0.0009999999999998899
2008-04-23,16,4,2008,156.0,,128.74,289.86,308.79,2008-04-21,4.143,4.077,2,0.08399999999999963,0.18799999999999972,0.15399999999999991,0.020694752402069305,0.038606166959137544,4.03025,3.945125,3.7557500000000004,0.08867684778636908,0.1481711727313602,0.07699999999999996,0.18299999999999983,0.14900000000000002,0.01924999999999999,0.03793279022403251,3.9695,3.8908750000000003,3.7074999999999996,0.08581569398030728,0.13980234772197161,-0.06599999999999984,-0.006999999999999673,-0.004999999999999893
2008-04-30,17,4,2008,158.0,,118.65,302.57,327.79,2008-04-28,4.177,4.113,2,0.03399999999999981,0.11799999999999944,0.21299999999999963,0.00820661356504937,0.053733602421796034,4.0835,4.01,3.8305000000000002,0.09898653107027479,0.11422909311686544,0.036000000000000476,0.11300000000000043,0.2060000000000004,0.008830022075055233,0.05272587663168693,4.021,3.953875,3.779666666666666,0.09690201236294445,0.10347316767440416,-0.06399999999999917,0.002000000000000668,-0.006999999999999229
2008-05-07,18,5,2008,157.0,,117.12,312.74,323.04,2008-05-05,4.149,4.084,2,-0.02799999999999958,0.006000000000000227,0.19399999999999995,-0.006703375628441366,0.04905183312262951,4.132,4.05125,3.9029166666666666,0.050872389367837056,0.0930172795008032,-0.029000000000000803,0.006999999999999673,0.1899999999999995,-0.007050814490639601,0.048793014894709774,4.0685,3.989625,3.8500833333333335,0.04825280648129584,0.09052061722536586,-0.06500000000000039,-0.0010000000000012221,-0.004000000000000448
2008-05-14,19,5,2008,163.0,,115.28,321.64,332.54,2008-05-12,4.331,4.268,2,0.18200000000000038,0.1540000000000008,0.27200000000000024,0.04386599180525441,0.0670115792067012,4.2,4.095875,3.980833333333333,0.08858141264768338,0.12924333362201343,0.18400000000000016,0.15499999999999936,0.2679999999999998,0.045053868756121496,0.06699999999999995,4.1355,4.033875,3.925166666666667,0.08969764025131591,0.12731674505512927,-0.06300000000000061,0.0019999999999997797,-0.004000000000000448
2008-05-21,20,5,2008,188.0,,116.51,358.5,342.04,2008-05-19,4.497,4.443,2,0.16599999999999948,0.34799999999999986,0.3540000000000001,0.03832833063957497,0.08544532947139749,4.2885,4.159375,4.059583333333333,0.16038599273832668,0.1828925816663674,0.17499999999999982,0.359,0.36599999999999966,0.04100281162136832,0.08977189109639427,4.227,4.09825,4.002916666666667,0.16510804543284402,0.18380404938801814,-0.05400000000000027,0.009000000000000341,0.011999999999999567
2008-05-28,21,5,2008,178.0,,123.85,355.96,346.79,2008-05-26,4.723,4.673,2,0.22599999999999998,0.39199999999999946,0.5460000000000003,0.05025572603958195,0.13071582475460874,4.425,4.25425,4.148333333333333,0.2442676128074648,0.25117992981700504,0.23000000000000043,0.40500000000000025,0.5599999999999996,0.05176682421787082,0.1361536591295891,4.367,4.194,4.091583333333333,0.2511984607171265,0.2554838546757988,-0.04999999999999982,0.004000000000000448,0.013999999999999346
2008-06-04,22,6,2008,178.0,,131.8,343.25,370.55,2008-06-02,4.707,4.664,2,-0.016000000000000014,0.20999999999999996,0.5579999999999998,-0.0033876773237349056,0.13449023861171372,4.5645,4.34825,4.222333333333333,0.18664315328095124,0.263596959661671,-0.009000000000000341,0.22100000000000009,0.5800000000000001,-0.0019259576289322178,0.14201762977473065,4.5120000000000005,4.29025,4.16375,0.19435534466534882,0.27089573640056597,-0.04300000000000015,0.006999999999999673,0.02200000000000024
2008-06-11,23,6,2008,177.0,,161.15,343.25,380.05,2008-06-09,4.692,4.658,2,-0.01499999999999968,-0.030999999999999694,0.36099999999999977,-0.0031867431485022024,0.08335257446317246,4.65475,4.4273750000000005,4.282166666666666,0.10592568149409977,0.2593386850653966,-0.005999999999999339,-0.01499999999999968,0.39000000000000057,-0.0012864493996568305,0.09137769447047805,4.6095,4.3725,4.22575,0.11117103939419709,0.2700703612024193,-0.03399999999999981,0.009000000000000341,0.029000000000000803
2008-06-18,24,6,2008,177.0,,196.93,307.65,370.55,2008-06-16,4.692,4.656,2,0.0,-0.01499999999999968,0.19500000000000028,0.0,0.043362241494329545,4.7035,4.496,4.34075,0.014798648586580447,0.2456123542728454,-0.002000000000000668,-0.008000000000000007,0.21300000000000008,-0.00042936882782329544,0.047940580688723866,4.66275,4.444875,4.286416666666667,0.00763216876031119,0.25682480826988374,-0.036000000000000476,-0.002000000000000668,0.017999999999999794
2008-06-25,25,6,2008,175.0,,170.63,310.2,384.8,2008-06-23,4.648,4.602,2,-0.04400000000000048,-0.04400000000000048,-0.07500000000000018,-0.009377664109121997,-0.01587973745500748,4.68475,4.554875,4.39775,0.025499999999789177,0.21243179577729085,-0.05399999999999938,-0.05600000000000005,-0.07099999999999973,-0.011597938144329745,-0.015193665739353657,4.645,4.506,4.344333333333333,0.028867513459237215,0.22244421451553684,-0.045999999999999375,-0.009999999999998899,0.004000000000000448
2008-07-02,26,6,2008,175.0,,184.7,333.08,389.55,2008-06-30,4.645,4.604,2,-0.0030000000000001137,-0.0470000000000006,-0.06200000000000028,-0.000645438898450923,-0.013171871680475955,4.66925,4.616875,4.4552499999999995,0.026297972038214337,0.1355027016073094,0.0019999999999997797,-0.0519999999999996,-0.05999999999999961,0.0004345936549325913,-0.012864493996569415,4.63,4.571,4.4035,0.031198290551235155,0.14347224719189192,-0.04099999999999948,0.004999999999999893,0.002000000000000668
2008-07-09,27,7,2008,178.0,,167.57,320.37,361.05,2008-07-07,4.727,4.697,2,0.08200000000000074,0.07900000000000063,0.03500000000000014,0.01765339074273431,0.007459505541347111,4.678,4.6663749999999995,4.510916666666667,0.03909816704982457,0.07495510561106457,0.09299999999999997,0.09499999999999975,0.0389999999999997,0.02019982623805383,0.00837269214255043,4.639749999999999,4.624625,4.4615833333333335,0.04562437214164437,0.08031355960949868,-0.03000000000000025,0.010999999999999233,0.0039999999999995595
2008-07-16,28,7,2008,180.0,,142.5,335.62,361.05,2008-07-14,4.764,4.737,2,0.03699999999999992,0.11900000000000066,0.07200000000000006,0.007827374656230068,0.01534526854219953,4.696,4.69975,4.562666666666666,0.05913261931164462,0.040106109260602096,0.040000000000000036,0.133,0.0810000000000004,0.008516074089844672,0.017396907216495006,4.66,4.661375,4.516583333333333,0.0678183849211938,0.04470198940929242,-0.027000000000000135,0.0030000000000001137,0.009000000000000341
2008-07-23,29,7,2008,178.0,,138.52,327.99,342.04,2008-07-21,4.718,4.701,2,-0.04600000000000026,-0.009000000000000341,0.07000000000000028,-0.00965575146935349,0.015060240963855387,4.7135,4.6991249999999996,4.60775,0.04981632931736099,0.039729217388580186,-0.036000000000000476,0.0039999999999995595,0.09899999999999931,-0.0075997466751109854,0.02151238591916549,4.68475,4.664874999999999,4.5655833333333335,0.05675899341354761,0.046789612705690264,-0.017000000000000348,0.009999999999999787,0.028999999999999027
2008-07-30,30,7,2008,174.0,,150.45,312.74,313.54,2008-07-28,4.603,4.57,2,-0.11500000000000021,-0.16100000000000048,-0.041999999999999815,-0.024374735057227648,-0.00904198062432715,4.702999999999999,4.686125,4.645583333333334,0.06957489968843543,0.05192697482338945,-0.13099999999999934,-0.16699999999999982,-0.03399999999999981,-0.027866411401829216,-0.007384882710686269,4.6762500000000005,4.653125,4.606083333333333,0.07308157542535937,0.05759572776819879,-0.032999999999999474,-0.015999999999999126,0.008000000000000007
2008-08-06,31,8,2008,170.0,,148.31,302.57,308.79,2008-08-04,4.502,4.45,2,-0.10099999999999998,-0.2160000000000002,-0.22500000000000053,-0.021942211601129746,-0.04759889993653488,4.64675,4.662375,4.659833333333333,0.11788518425424073,0.08300591631251424,-0.1200000000000001,-0.25099999999999945,-0.2469999999999999,-0.026258205689277947,-0.05258675750479025,4.6145,4.627125,4.62125,0.13105851110599173,0.09184526972813643,-0.0519999999999996,-0.019000000000000128,-0.021999999999999353
2008-08-13,32,8,2008,164.0,,140.66,284.77,275.53,2008-08-11,4.353,4.299,2,-0.14900000000000002,-0.25,-0.4110000000000005,-0.03309640159928917,-0.0862720403022671,4.544,4.619999999999999,4.647833333333334,0.1549214854907382,0.1355939315962805,-0.1509999999999998,-0.2709999999999999,-0.4379999999999997,-0.033932584269662835,-0.09246358454718173,4.505,4.5825000000000005,4.60925,0.17136899758509339,0.14636061140701093,-0.05399999999999938,-0.0019999999999997797,-0.026999999999999247
2008-08-20,33,8,2008,159.0,,157.48,300.03,294.54,2008-08-18,4.207,4.156,2,-0.1459999999999999,-0.29499999999999993,-0.5110000000000001,-0.03354008729611757,-0.10830860534124631,4.41625,4.564875,4.604833333333334,0.17321927336950083,0.1979086639986643,-0.14300000000000068,-0.2940000000000005,-0.5449999999999999,-0.03326354966271239,-0.11593278025951925,4.36875,4.52675,4.566166666666667,0.1800284699706889,0.20928705509079368,-0.051000000000000156,0.0029999999999992255,-0.03399999999999981
2008-08-27,34,8,2008,156.0,,173.08,294.94,285.04,2008-08-25,4.145,4.098,2,-0.06200000000000028,-0.20800000000000018,-0.4580000000000002,-0.014737342524364205,-0.0995003258744298,4.30175,4.502375,4.558,0.15945192587942852,0.2428402987856567,-0.05799999999999983,-0.2010000000000005,-0.4720000000000004,-0.013955726660250245,-0.10328227571115978,4.25075,4.4635,4.518999999999999,0.15741532115178997,0.2542389202530447,-0.04699999999999971,0.004000000000000448,-0.014000000000000234
2008-09-03,35,8,2008,156.0,,181.95,289.86,261.28,2008-09-01,4.121,4.068,2,-0.023999999999999133,-0.08599999999999941,-0.38099999999999934,-0.005790108564535323,-0.08462905375388707,4.2065,4.426625,4.510416666666667,0.10417133322877029,0.2568729188306777,-0.03000000000000025,-0.08800000000000008,-0.38200000000000056,-0.007320644216691097,-0.08584269662921362,4.15525,4.384875,4.469833333333334,0.10255851988005811,0.2685689257102324,-0.053000000000000824,-0.0060000000000011156,-0.0010000000000012221
2008-09-10,36,9,2008,153.0,,186.23,266.97,251.78,2008-09-08,4.059,4.015,2,-0.06200000000000028,-0.08599999999999941,-0.2939999999999996,-0.015044892016500944,-0.06753962784286693,4.133,4.3385,4.457666666666667,0.0612100209660154,0.2452648714000373,-0.052999999999999936,-0.08300000000000018,-0.2840000000000007,-0.013028515240904648,-0.06606187485461756,4.08425,4.294625,4.416416666666667,0.0588692053056758,0.25426641680389334,-0.04400000000000048,0.009000000000000341,0.009999999999998899
2008-09-17,37,9,2008,151.81132,,187.14,231.38,237.53,2008-09-15,4.023,4.011,2,-0.036000000000000476,-0.09800000000000075,-0.18400000000000016,-0.008869179600887067,-0.04373662942714529,4.087,4.251625,4.405583333333333,0.05597618541243283,0.2125444071247677,-0.0039999999999995595,-0.056999999999999496,-0.14499999999999957,-0.0009962640099625553,-0.03488931665062556,4.048,4.208375,4.367166666666667,0.042261093218095555,0.20988087607703254,-0.011999999999999567,0.03200000000000092,0.03900000000000059
2008-09-24,38,9,2008,149.0,,182.25,231.38,285.04,2008-09-22,3.958,3.924,2,-0.0649999999999995,-0.10099999999999998,-0.1869999999999994,-0.016157096694009332,-0.04511459589867295,4.04025,4.171,4.348333333333334,0.0681536254843478,0.18006903438091598,-0.08700000000000019,-0.09099999999999975,-0.17399999999999993,-0.02169035153328347,-0.04245973645680823,4.0045,4.127625,4.3105,0.05962382074296039,0.17166490405939078,-0.03400000000000025,-0.022000000000000686,0.012999999999999456
2008-10-01,39,9,2008,149.0,,191.12,165.27,204.28,2008-09-29,3.959,3.929,2,0.0009999999999998899,-0.06399999999999961,-0.16200000000000037,0.00025265285497733103,-0.039310846881824846,3.99975,4.103125,4.2843333333333335,0.04984893847075408,0.13389808224388175,0.004999999999999893,-0.0820000000000003,-0.1389999999999998,0.0012742099898062076,-0.03416912487708945,3.9697499999999994,4.0625,4.2465,0.05000916582643091,0.12414162419248588,-0.03000000000000025,0.0040000000000000036,0.023000000000000576
2008-10-08,40,10,2008,146.0,,229.34,142.38,166.27,2008-10-06,3.875,3.843,2,-0.08400000000000007,-0.08300000000000018,-0.18400000000000016,-0.021217479161404373,-0.04533136240453317,3.9537500000000003,4.043375,4.210249999999999,0.060670558483183125,0.11119087513956898,-0.08599999999999985,-0.08099999999999996,-0.1719999999999997,-0.021888521252226956,-0.04283935242839343,3.92675,4.0055,4.172,0.06861668893198632,0.1029105020324795,-0.03200000000000003,-0.0019999999999997797,0.012000000000000455
2008-10-15,41,10,2008,138.0,,201.82,122.04,142.52,2008-10-13,3.659,3.631,2,-0.2160000000000002,-0.30000000000000027,-0.3639999999999999,-0.055741935483870964,-0.09047974148645288,3.86275,3.974875,4.122,0.14142224011800755,0.1558281448079994,-0.2120000000000002,-0.29800000000000004,-0.38000000000000034,-0.05516523549310437,-0.0947394664672152,3.83175,3.9398750000000002,4.082833333333333,0.1395167254011361,0.1498956184435591,-0.028000000000000025,0.0040000000000000036,-0.01600000000000046
2008-10-22,42,10,2008,131.0,,174.61,96.62,90.26,2008-10-20,3.482,3.453,2,-0.1769999999999996,-0.3929999999999998,-0.476,-0.048373872642798466,-0.12026275896917638,3.74375,3.8920000000000003,4.028583333333333,0.21544894986979204,0.21679944649379665,-0.17799999999999994,-0.3900000000000001,-0.4710000000000001,-0.049022307904158624,-0.12003058103975539,3.7139999999999995,3.85925,3.9897500000000004,0.214379725409509,0.21291228911725263,-0.02900000000000036,-0.001000000000000334,0.004999999999999893
2008-10-29,43,10,2008,124.0,,212.22,78.82,80.76,2008-10-27,3.288,3.219,2,-0.1940000000000004,-0.371,-0.6710000000000003,-0.05571510626076981,-0.1694872442535995,3.5759999999999996,3.787875,3.9274166666666672,0.25037971163813827,0.28148912057132136,-0.23399999999999999,-0.4119999999999999,-0.71,-0.06776715899218066,-0.18070755917536274,3.5365,3.753125,3.887166666666667,0.26498490523044976,0.2911957797476862,-0.06899999999999995,-0.03999999999999959,-0.0389999999999997
2008-11-05,44,11,2008,117.0,,321.08,73.74,80.76,2008-11-03,3.088,3.033,2,-0.19999999999999973,-0.39400000000000013,-0.7869999999999999,-0.06082725060827243,-0.20309677419354832,3.37925,3.6665,3.8220000000000005,0.24628624944699035,0.34910375044024317,-0.18599999999999994,-0.41999999999999993,-0.81,-0.05778191985088532,-0.2107728337236534,3.334,3.630375,3.7816666666666663,0.2621678851423092,0.36312647835942813,-0.05500000000000016,0.01399999999999979,-0.02300000000000013
2008-11-12,45,11,2008,111.0,,168.19,73.74,90.26,2008-11-10,2.944,2.895,2,-0.14400000000000013,-0.34399999999999986,-0.7149999999999999,-0.04663212435233166,-0.19540858157966656,3.2005,3.531625,3.7167499999999998,0.2347672606362873,0.39686231419547197,-0.1379999999999999,-0.32399999999999984,-0.7359999999999998,-0.04549950544015824,-0.20269898099697048,3.15,3.490875,3.6765833333333333,0.2417188449417867,0.40764916200787205,-0.04899999999999993,0.006000000000000227,-0.020999999999999908
2008-11-19,46,11,2008,106.0,,146.47,73.74,90.26,2008-11-17,2.809,2.745,2,-0.1349999999999998,-0.2789999999999999,-0.673,-0.04585597826086951,-0.1932797242963814,3.03225,3.388,3.6054166666666667,0.20505669947602503,0.4272610443277189,-0.1499999999999999,-0.2879999999999998,-0.7079999999999997,-0.051813471502590636,-0.20503909643788,2.973,3.3435,3.563833333333333,0.20181179351066664,0.44049031122797744,-0.06400000000000006,-0.015000000000000124,-0.0349999999999997
2008-11-26,47,11,2008,101.0,,120.79,69.92,80.76,2008-11-24,2.664,2.598,2,-0.14500000000000002,-0.2799999999999998,-0.6239999999999997,-0.05161979352082591,-0.1897810218978101,2.87625,3.226125,3.484,0.18165970934690495,0.4253353089034719,-0.14700000000000024,-0.29700000000000015,-0.621,-0.05355191256830605,-0.19291705498602052,2.8177499999999998,3.1771249999999998,3.441333333333333,0.1878676395763578,0.43911223345681777,-0.06600000000000028,-0.002000000000000224,0.0029999999999996696
2008-12-03,48,11,2008,99.0,,122.32,63.56,68.88,2008-12-01,2.615,2.556,2,-0.04899999999999993,-0.19399999999999995,-0.47299999999999986,-0.01839339339339341,-0.15317357512953367,2.758,3.0686250000000004,3.3636666666666666,0.1488645917156578,0.3817919917965943,-0.041999999999999815,-0.18900000000000006,-0.47699999999999987,-0.016166281755196188,-0.1572700296735905,2.6985,3.01625,3.3197500000000004,0.15403571014538314,0.39371808260662217,-0.05900000000000016,0.007000000000000117,-0.0040000000000000036
2008-12-10,49,12,2008,95.0,,152.9,58.48,66.51,2008-12-08,2.515,2.465,2,-0.10000000000000009,-0.14900000000000002,-0.4289999999999998,-0.03824091778202676,-0.1457201086956521,2.6507500000000004,2.925625,3.238,0.12237204201397592,0.3411580854761089,-0.09100000000000019,-0.133,-0.43000000000000016,-0.03560250391236319,-0.14853195164075994,2.591,2.8705,3.1909166666666664,0.11671332400370012,0.346639376215201,-0.050000000000000266,0.008999999999999897,-0.001000000000000334
2008-12-17,50,12,2008,91.0,,143.72,58.48,61.76,2008-12-15,2.422,2.378,2,-0.09299999999999997,-0.19300000000000006,-0.387,-0.03697813121272364,-0.13777144891420434,2.5540000000000003,2.793125,3.11,0.10765066960623614,0.29721489940543044,-0.08699999999999974,-0.17799999999999994,-0.367,-0.0352941176470587,-0.13369763205828777,2.49925,2.736125,3.0620833333333333,0.09805908083051856,0.29274778881684066,-0.04400000000000004,0.006000000000000227,0.020000000000000018
2008-12-24,51,12,2008,89.0,,158.71,61.02,61.76,2008-12-22,2.366,2.306,2,-0.05600000000000005,-0.14900000000000002,-0.29800000000000004,-0.023121387283236983,-0.11186186186186187,2.4795000000000003,2.6778750000000002,2.97725,0.10925352778440721,0.25344226589672264,-0.07200000000000006,-0.1589999999999998,-0.2919999999999998,-0.030277544154751923,-0.1123941493456504,2.42625,2.6220000000000003,2.926833333333333,0.1082046671821184,0.2528556900684792,-0.06000000000000005,-0.016000000000000014,0.006000000000000227
2008-12-31,52,12,2008,88.0,,134.85,61.02,61.76,2008-12-29,2.327,2.264,2,-0.039000000000000146,-0.0950000000000002,-0.28800000000000026,-0.016483516483516536,-0.11013384321223718,2.4075,2.58275,2.84825,0.08158635506834927,0.21783070097146887,-0.04200000000000026,-0.11400000000000032,-0.29200000000000026,-0.018213356461405095,-0.11424100156494532,2.35325,2.525875,2.79525,0.08812632977716255,0.21806777288594356,-0.06300000000000017,-0.0030000000000001137,-0.0040000000000000036
2009-01-07,1,1,2009,86.0,,113.45,58.48,61.76,2009-01-05,2.291,2.228,2,-0.03600000000000003,-0.07500000000000018,-0.2240000000000002,-0.015470562956596545,-0.08906560636182914,2.3515,2.501125,2.73425,0.05609812831107515,0.18262642392132727,-0.03599999999999959,-0.07799999999999985,-0.23699999999999966,-0.015901060070671158,-0.0961460446247463,2.294,2.4425,2.6783333333333332,0.06443601477429646,0.18116291011133295,-0.06299999999999972,4.440892098500626e-16,-0.012999999999999456
2009-01-14,2,1,2009,87.0,,168.19,68.65,64.13,2009-01-12,2.314,2.244,2,0.02300000000000013,-0.0129999999999999,-0.1080000000000001,0.010039284155390682,-0.04459124690338567,2.3245,2.4392500000000004,2.6369166666666666,0.03141655614490629,0.142962282738212,0.016000000000000014,-0.019999999999999574,-0.1339999999999999,0.007181328545780907,-0.056349873843565934,2.2605,2.379875,2.577583333333333,0.033719430600077316,0.1445489907065858,-0.06999999999999984,-0.007000000000000117,-0.0259999999999998
2009-01-21,3,1,2009,87.0,,172.16,63.56,64.13,2009-01-19,2.296,2.227,2,-0.018000000000000238,0.004999999999999893,-0.07000000000000028,-0.007778738115816863,-0.0295857988165682,2.307,2.39325,2.55425,0.016593171286391352,0.117197940011175,-0.017000000000000348,-0.001000000000000334,-0.07900000000000018,-0.00757575757575768,-0.03425845620121426,2.2407500000000002,2.3335,2.4949166666666667,0.017346949779721104,0.122385806833524,-0.06899999999999995,0.0009999999999998899,-0.008999999999999897
2009-01-28,4,1,2009,86.0,,171.24,67.38,68.88,2009-01-26,2.268,2.202,2,-0.028000000000000025,-0.04600000000000026,-0.05900000000000016,-0.012195121951219523,-0.02535453373442209,2.29225,2.349875,2.4859166666666668,0.01894509611147393,0.08247153188485135,-0.02499999999999991,-0.04200000000000026,-0.06199999999999983,-0.011225864391558149,-0.02738515901060068,2.22525,2.28925,2.425666666666667,0.01734694977972246,0.0902136353330633,-0.06599999999999984,0.0030000000000001137,-0.0029999999999996696
2009-02-04,5,2,2009,85.0,,139.44,76.28,87.89,2009-02-02,2.246,2.189,2,-0.021999999999999797,-0.04999999999999982,-0.04499999999999993,-0.00970017636684295,-0.01964207769532955,2.2809999999999997,2.3162499999999997,2.42775,0.0300444115714234,0.056175108875266534,-0.0129999999999999,-0.03799999999999981,-0.039000000000000146,-0.005903723887375034,-0.017504488330341128,2.2155,2.25475,2.3668333333333336,0.024691429012113363,0.06165514692922302,-0.05699999999999994,0.008999999999999897,0.005999999999999783
2009-02-11,6,2,2009,84.0,,108.86,97.89,97.39,2009-02-09,2.219,2.156,2,-0.027000000000000135,-0.04899999999999993,-0.0950000000000002,-0.012021371326803254,-0.041054451166810835,2.25725,2.290875,2.3785833333333333,0.032694291040995166,0.0466183210459989,-0.03299999999999992,-0.04599999999999982,-0.08800000000000008,-0.015075376884422065,-0.03921568627450989,2.1935000000000002,2.227,2.3177499999999998,0.029557852876355605,0.046306432752832964,-0.06299999999999972,-0.005999999999999783,0.007000000000000117
2009-02-18,7,2,2009,82.0,,94.8,101.7,95.01,2009-02-16,2.186,2.133,2,-0.03299999999999992,-0.06000000000000005,-0.10999999999999988,-0.014871563767462792,-0.04790940766550522,2.22975,2.268375,2.3387499999999997,0.03538714455853844,0.04857670664604796,-0.02300000000000013,-0.05600000000000005,-0.09399999999999986,-0.01066790352504643,-0.04220925011225862,2.17,2.205375,2.279,0.03135814620361079,0.044503410784292666,-0.052999999999999936,0.009999999999999787,0.016000000000000014
2009-02-25,8,2,2009,80.0,,93.27,99.16,90.26,2009-02-23,2.13,2.074,2,-0.05600000000000005,-0.08899999999999997,-0.1379999999999999,-0.025617566331198605,-0.060846560846560815,2.1952499999999997,2.24375,2.2983333333333333,0.049942466899495955,0.06253855953390673,-0.05900000000000016,-0.0820000000000003,-0.1280000000000001,-0.02766057196436955,-0.05812897366030889,2.138,2.1816250000000004,2.2388333333333335,0.0484630443395839,0.05753741019054913,-0.05600000000000005,-0.0030000000000001137,0.009999999999999787
2009-03-04,9,3,2009,79.0,,86.23,100.43,92.64,2009-03-02,2.087,2.043,2,-0.042999999999999705,-0.09899999999999975,-0.1589999999999998,-0.020187793427229872,-0.07079252003561876,2.1555,2.21825,2.2626666666666666,0.05860887304843543,0.07974378614397346,-0.030999999999999694,-0.08999999999999986,-0.1459999999999999,-0.01494696239151383,-0.06669712197350386,2.1014999999999997,2.1585,2.2036666666666664,0.0520928657942774,0.07167585766096905,-0.04400000000000004,0.01200000000000001,0.0129999999999999
2009-03-11,10,3,2009,77.0,,81.65,109.33,109.26,2009-03-09,2.045,2.006,2,-0.04200000000000026,-0.08499999999999996,-0.17399999999999993,-0.020124580737901465,-0.07841369986480395,2.112,2.184625,2.2312499999999997,0.06031583540006758,0.08969462079748176,-0.037000000000000366,-0.06800000000000006,-0.15000000000000036,-0.018110621634850887,-0.0695732838589983,2.064,2.12875,2.1726666666666667,0.05374631770326916,0.08002454980464123,-0.039000000000000146,0.004999999999999893,0.023999999999999577
2009-03-18,11,3,2009,76.0,,81.03,116.96,118.76,2009-03-16,2.017,1.973,2,-0.028000000000000025,-0.07000000000000028,-0.16900000000000004,-0.013691931540342317,-0.07731015553522413,2.06975,2.14975,2.2021666666666664,0.04940563395681848,0.09432428864600662,-0.032999999999999696,-0.07000000000000006,-0.15999999999999992,-0.016450648055832406,-0.07501172058134076,2.024,2.097,2.1449166666666666,0.043916587602646016,0.08566379465265739,-0.04399999999999982,-0.004999999999999671,0.009000000000000119
2009-03-25,12,3,2009,79.0,,82.87,101.7,95.01,2009-03-23,2.09,2.06,2,0.07299999999999995,0.04499999999999993,-0.040000000000000036,0.03619236489836397,-0.018779342723004744,2.05975,2.1275,2.1824166666666662,0.0351318943413042,0.0827267446822238,0.08699999999999997,0.05400000000000027,-0.01399999999999979,0.04409528636594007,-0.0067502410800385215,2.0205,2.07925,2.1279166666666667,0.03887158345107944,0.07482503400796187,-0.029999999999999805,0.014000000000000012,0.026000000000000245
2009-04-01,13,3,2009,84.0,,76.14,101.7,95.01,2009-03-30,2.221,2.203,2,0.13100000000000023,0.20400000000000018,0.1339999999999999,0.06267942583732067,0.0642069956875897,2.0932500000000003,2.124375,2.1765833333333333,0.09031934085976025,0.0779449210294632,0.1429999999999998,0.22999999999999976,0.1599999999999997,0.06941747572815515,0.07831620166421915,2.0604999999999998,2.081,2.1258333333333335,0.10154309429987864,0.0778606814399453,-0.018000000000000238,0.011999999999999567,0.0259999999999998
2009-04-08,14,4,2009,84.0,,77.37,95.35,80.76,2009-04-06,2.228,2.21,2,0.007000000000000117,0.13800000000000034,0.18300000000000027,0.0031517334533994745,0.08948655256723725,2.1390000000000002,2.1254999999999997,2.1694166666666668,0.103166532040876,0.07955411455644958,0.007000000000000117,0.1499999999999999,0.20400000000000018,0.003177485247390033,0.10169491525423746,2.1115,2.08775,2.1229999999999998,0.11533863186284914,0.08708575412451511,-0.018000000000000238,0.0,0.020999999999999908
2009-04-15,15,4,2009,84.0,,80.42,99.16,85.51,2009-04-13,2.229,2.202,2,0.0009999999999998899,0.008000000000000007,0.2120000000000002,0.0004488330341112512,0.10510659395141309,2.192,2.130875,2.1638333333333333,0.06809307355872465,0.08545915900093137,-0.008000000000000007,-0.0009999999999998899,0.22899999999999987,-0.0036199095022624306,0.11606690319310697,2.1687499999999997,2.096375,2.1209166666666666,0.07258730375665101,0.09524245376935085,-0.027000000000000135,-0.008999999999999897,0.016999999999999682
2009-04-22,16,4,2009,84.0,,79.2,109.33,109.26,2009-04-20,2.221,2.186,2,-0.008000000000000007,-0.007000000000000117,0.13100000000000023,-0.0035890533871690833,0.06267942583732067,2.2247500000000002,2.14225,2.1599166666666667,0.004349329451025003,0.09119014671085127,-0.016000000000000014,-0.02400000000000002,0.1259999999999999,-0.0072661217075385975,0.061165048543689204,2.20025,2.110375,2.1195833333333334,0.010144785195371908,0.09961488342615749,-0.03500000000000014,-0.008000000000000007,-0.0050000000000003375
2009-04-29,17,4,2009,83.0,,76.14,106.79,116.39,2009-04-27,2.201,2.171,2,-0.020000000000000018,-0.028000000000000025,-0.020000000000000018,-0.00900495272399826,-0.00900495272399826,2.2197500000000003,2.1565000000000003,2.1561666666666666,0.012996794476854787,0.09022511528712662,-0.015000000000000124,-0.03100000000000014,-0.03200000000000003,-0.006861848124428249,-0.014525646845211071,2.19225,2.126375,2.1180833333333333,0.017327723450978567,0.09750448707627238,-0.03000000000000025,0.004999999999999893,-0.01200000000000001
2009-05-06,18,5,2009,82.0,,76.14,101.7,99.76,2009-05-04,2.185,2.153,2,-0.016000000000000014,-0.03600000000000003,-0.04300000000000015,-0.007269422989550245,-0.019299820466786466,2.209,2.174,2.1533333333333333,0.019866219234512317,0.07829796567328842,-0.017999999999999794,-0.03299999999999992,-0.05699999999999994,-0.00829111008751715,-0.02579185520361993,2.178,2.14475,2.1178333333333335,0.020928449536304083,0.08457245414440204,-0.03200000000000003,-0.0019999999999997797,-0.01399999999999979
2009-05-13,19,5,2009,84.0,,83.48,110.6,111.64,2009-05-11,2.216,2.198,2,0.03100000000000014,0.015000000000000124,-0.0129999999999999,0.014187643020594942,-0.00583221175414983,2.20575,2.198875,2.1558333333333333,0.016235249715985434,0.046412552181540855,0.04499999999999993,0.027000000000000135,-0.0040000000000000036,0.02090106827682292,-0.0018165304268846771,2.1769999999999996,2.172875,2.12325,0.019442222095059712,0.049391837093143265,-0.018000000000000238,0.01399999999999979,0.008999999999999897
2009-05-20,20,5,2009,84.0,,83.18,122.04,125.89,2009-05-18,2.231,2.21,2,0.01499999999999968,0.04599999999999982,0.009999999999999787,0.006768953068591932,0.004502476361998964,2.20825,2.2165000000000004,2.1642500000000005,0.019754746265316706,0.015910463762797068,0.01200000000000001,0.05699999999999994,0.02400000000000002,0.005459508644221955,0.010978956999085021,2.183,2.191625,2.134583333333333,0.02580697580100418,0.020360588680969724,-0.020999999999999908,-0.0029999999999996696,0.014000000000000234
2009-05-27,21,5,2009,86.0,,82.87,125.86,125.89,2009-05-25,2.274,2.242,2,0.04300000000000015,0.05799999999999983,0.07299999999999995,0.0192738682205289,0.033166742389822756,2.2265,2.223125,2.1798333333333333,0.03700900791258171,0.02593088340743914,0.03200000000000003,0.04400000000000004,0.07100000000000017,0.014479638009049722,0.03270382312298481,2.20075,2.1965,2.1511666666666667,0.03685444342265351,0.027044936151443277,-0.03200000000000003,-0.01100000000000012,-0.0019999999999997797
2009-06-03,22,5,2009,89.0,,80.73,137.3,147.27,2009-06-01,2.352,2.323,2,0.07799999999999985,0.121,0.16699999999999982,0.03430079155672816,0.07643020594965666,2.26825,2.238625,2.205416666666667,0.061004781233439234,0.052603469467370996,0.08099999999999996,0.11299999999999999,0.16999999999999993,0.036128456735057934,0.07895959126799812,2.2432499999999997,2.210625,2.177583333333333,0.05631681217298062,0.052568153042434514,-0.028999999999999915,0.0030000000000001137,0.0030000000000001137
2009-06-10,23,6,2009,94.0,,81.95,143.66,161.52,2009-06-08,2.498,2.474,2,0.14600000000000035,0.2240000000000002,0.28200000000000003,0.062074829931972886,0.12725631768953072,2.33875,2.27225,2.2455000000000003,0.11738646997562846,0.10522594737043214,0.15100000000000025,0.2320000000000002,0.27600000000000025,0.06500215238915197,0.12556869881710653,2.31225,2.244625,2.2193333333333336,0.11785407643915681,0.10649471817891806,-0.02400000000000002,0.004999999999999893,-0.005999999999999783
2009-06-17,24,6,2009,97.0,,88.68,143.66,166.27,2009-06-15,2.572,2.543,2,0.07399999999999984,0.2200000000000002,0.3410000000000002,0.029623698959167166,0.15284625728372947,2.4240000000000004,2.316125,2.2856666666666667,0.13547939572743745,0.1460581464447037,0.06899999999999995,0.2200000000000002,0.3330000000000002,0.027890056588520507,0.15067873303167434,2.3955,2.28925,2.259583333333333,0.13752211943293485,0.14591949835442578,-0.028999999999999915,-0.004999999999999893,-0.008000000000000007
2009-06-24,25,6,2009,99.0,,84.4,157.64,166.27,2009-06-22,2.616,2.583,2,0.04400000000000004,0.11799999999999988,0.3420000000000001,0.01710730948678063,0.1503957783641161,2.5095,2.368,2.318583333333333,0.11573965036525184,0.17091100441041615,0.040000000000000036,0.10899999999999999,0.3410000000000002,0.01572945340149423,0.15209634255129356,2.48075,2.3407500000000003,2.2912500000000002,0.11439806233787131,0.16908810045148975,-0.03299999999999992,-0.0040000000000000036,-0.0009999999999998899
2009-07-01,26,6,2009,98.0,,80.42,150.01,147.27,2009-06-29,2.608,2.569,2,-0.008000000000000007,0.03600000000000003,0.2560000000000002,-0.003058103975535187,0.10884353741496611,2.5735,2.420875,2.35025,0.05384855306013448,0.1716386881962242,-0.014000000000000234,0.0259999999999998,0.246,-0.005420054200542146,0.10589754627636672,2.54225,2.39275,2.3211666666666666,0.04842433960994485,0.16705495246434518,-0.039000000000000146,-0.006000000000000227,-0.010000000000000231
2009-07-08,27,7,2009,98.0,,76.14,152.56,156.77,2009-07-06,2.594,2.547,2,-0.014000000000000234,-0.02200000000000024,0.09599999999999964,-0.005368098159509338,0.038430744595676414,2.5975,2.468125,2.380666666666667,0.019278658321312245,0.15872567305171884,-0.021999999999999797,-0.03600000000000003,0.07299999999999995,-0.008563643441027557,0.0295068714632174,2.5605,2.4363750000000004,2.3499166666666667,0.018859126879557157,0.1539906653015292,-0.04699999999999971,-0.007999999999999563,-0.022999999999999687
2009-07-15,28,7,2009,96.0,,82.56,139.84,147.27,2009-07-13,2.542,2.494,2,-0.052000000000000046,-0.06600000000000028,-0.03000000000000025,-0.02004626060138781,-0.011664074650077905,2.59,2.5069999999999997,2.4074166666666668,0.03326659986638214,0.12733308401873222,-0.052999999999999936,-0.07499999999999973,-0.04899999999999993,-0.020808794660384766,-0.01926858041683044,2.5482500000000003,2.4718750000000003,2.3755833333333336,0.03908431057759539,0.12420310267579218,-0.0479999999999996,-0.0009999999999998899,-0.018999999999999684
2009-07-22,29,7,2009,94.0,,91.13,152.56,147.27,2009-07-20,2.496,2.443,2,-0.04599999999999982,-0.09799999999999986,-0.1200000000000001,-0.01809598741148699,-0.04587155963302758,2.56,2.5347500000000003,2.432,0.05125101625012166,0.08715134619077697,-0.051000000000000156,-0.10400000000000009,-0.14000000000000012,-0.02044907778668814,-0.05420054200542013,2.51325,2.497,2.3982500000000004,0.05642915912888219,0.08529444798549655,-0.052999999999999936,-0.0050000000000003375,-0.020000000000000018
2009-07-29,30,7,2009,95.0,,88.07,162.73,156.77,2009-07-27,2.528,2.493,2,0.03200000000000003,-0.01399999999999979,-0.08000000000000007,0.012820512820512775,-0.030674846625766916,2.54,2.55675,2.4605833333333336,0.040824829046431976,0.047724656700185844,0.04999999999999982,-0.001000000000000334,-0.07600000000000007,0.020466639377814122,-0.029583495523549996,2.49425,2.51825,2.4265833333333333,0.04246861586308293,0.04935802149318841,-0.03500000000000014,0.017999999999999794,0.0040000000000000036
2009-08-05,31,8,2009,96.0,,84.4,157.64,156.77,2009-08-03,2.55,2.513,2,0.021999999999999797,0.053999999999999826,-0.04400000000000004,0.008702531645569556,-0.016962220508866643,2.529,2.56325,2.4884166666666667,0.02380476142855653,0.04174668506951805,0.020000000000000018,0.06999999999999984,-0.03400000000000025,0.008022462896109195,-0.013349038084020548,2.48575,2.523125,2.452833333333333,0.029948567021803364,0.04618731272926184,-0.03699999999999992,-0.0019999999999997797,0.009999999999999787
2009-08-12,32,8,2009,99.0,,85.62,144.93,142.52,2009-08-10,2.625,2.581,2,0.07500000000000018,0.09699999999999998,0.08300000000000018,0.02941176470588247,0.03265145554681359,2.54975,2.569875,2.5212499999999998,0.05484751589638004,0.04718485683239472,0.06800000000000006,0.08800000000000008,0.08699999999999974,0.027059291683247055,0.0348837209302324,2.5075000000000003,2.527875,2.48375,0.05716350817312914,0.050294667425447366,-0.04400000000000004,-0.007000000000000117,0.0039999999999995595
2009-08-19,33,8,2009,100.0,,98.47,142.38,137.77,2009-08-17,2.652,2.607,2,0.027000000000000135,0.10200000000000031,0.15600000000000014,0.010285714285714231,0.0625,2.58875,2.5743750000000003,2.55275,0.05917981074659959,0.05350550705976169,0.026000000000000245,0.0940000000000003,0.16400000000000015,0.010073614877954329,0.06713057715923054,2.5484999999999998,2.530875,2.5141666666666667,0.0542186929633991,0.05458528713340586,-0.04499999999999993,-0.0009999999999998899,0.008000000000000007
2009-08-26,34,8,2009,101.0,,103.97,134.76,133.02,2009-08-24,2.668,2.622,2,0.016000000000000014,0.04300000000000015,0.14000000000000012,0.006033182503770718,0.05537974683544311,2.62375,2.581875,2.5790833333333336,0.0522709288228461,0.062363994878061296,0.01499999999999968,0.040999999999999925,0.129,0.005753739930955071,0.05174488567990365,2.58075,2.5375,2.5390833333333336,0.0482381246179748,0.06251399843241354,-0.04600000000000026,-0.001000000000000334,-0.01100000000000012
2009-09-02,35,8,2009,101.0,,108.56,132.21,118.76,2009-08-31,2.674,2.618,2,0.005999999999999783,0.021999999999999797,0.12400000000000011,0.002248875562218755,0.04862745098039212,2.65475,2.591875,2.59375,0.021899391163593674,0.07047276576305071,-0.0040000000000000036,0.010999999999999677,0.10499999999999998,-0.0015255530129671957,0.04178272980501396,2.6069999999999998,2.546375,2.551083333333333,0.018457157599673504,0.06878109686332506,-0.05600000000000005,-0.009999999999999787,-0.019000000000000128
2009-09-09,36,9,2009,100.0,,102.75,144.93,137.77,2009-09-07,2.647,2.575,2,-0.027000000000000135,-0.02100000000000035,0.021999999999999797,-0.010097232610321694,0.008380952380952378,2.66025,2.605,2.6,0.012816005618081662,0.06962963244405318,-0.042999999999999705,-0.04699999999999971,-0.005999999999999783,-0.016424751718869257,-0.0023246803564509477,2.6055,2.5564999999999998,2.55375,0.02129945226195228,0.06587000184351745,-0.07199999999999962,-0.01599999999999957,-0.02799999999999958
2009-09-16,37,9,2009,99.0,,102.44,146.2,142.52,2009-09-14,2.634,2.555,2,-0.0129999999999999,-0.040000000000000036,-0.018000000000000238,-0.004911220249338877,-0.006787330316742168,2.65575,2.6222499999999997,2.6015,0.0185539753153533,0.05413937041174221,-0.020000000000000018,-0.06299999999999972,-0.052000000000000046,-0.007766990291262155,-0.019946298427311104,2.5925000000000002,2.5705,2.5514166666666664,0.032827833718648204,0.04769546249765303,-0.07899999999999974,-0.007000000000000117,-0.03399999999999981
2009-09-23,38,9,2009,99.0,,118.95,147.47,149.64,2009-09-21,2.622,2.542,2,-0.01200000000000001,-0.02499999999999991,-0.04600000000000026,-0.004555808656036442,-0.017241379310344973,2.64425,2.634,2.6026666666666665,0.02230657601103671,0.038785122331819834,-0.013000000000000345,-0.03300000000000036,-0.08000000000000007,-0.0050880626223093195,-0.030511060259344025,2.5725,2.576625,2.549166666666667,0.03323151115020126,0.03860028682361102,-0.08000000000000007,-0.001000000000000334,-0.03399999999999981
2009-09-30,39,9,2009,98.0,,137.0,142.38,137.77,2009-09-28,2.601,2.525,2,-0.020999999999999908,-0.03299999999999992,-0.07299999999999995,-0.008009153318077722,-0.02729992520568436,2.626,2.6403749999999997,2.6032499999999996,0.019544820285767605,0.024605095291306753,-0.016999999999999904,-0.03000000000000025,-0.09299999999999997,-0.0066876475216364195,-0.0355233002291826,2.54925,2.578125,2.547333333333333,0.021108844907432298,0.0359143325946924,-0.07600000000000007,0.0040000000000000036,-0.020000000000000018
2009-10-07,40,10,2009,97.0,,142.81,142.38,140.14,2009-10-05,2.582,2.518,2,-0.019000000000000128,-0.040000000000000036,-0.06499999999999995,-0.007304882737408702,-0.024556101246694384,2.60975,2.635,2.6065833333333335,0.022983689869189205,0.03202231364903385,-0.007000000000000117,-0.02400000000000002,-0.057000000000000384,-0.0027722772277227747,-0.022135922330097202,2.535,2.5702499999999997,2.5493333333333332,0.016713268182078234,0.041643898541348985,-0.06400000000000006,0.01200000000000001,0.007999999999999563
2009-10-14,41,10,2009,98.0,,130.57,148.74,152.02,2009-10-12,2.6,2.53,2,0.018000000000000238,-0.0009999999999998899,-0.03399999999999981,0.006971340046475705,-0.012908124525436548,2.60125,2.6285,2.61525,0.01635797460984902,0.03332952359193892,0.01200000000000001,0.004999999999999893,-0.025000000000000355,0.004765687053216894,-0.009784735812133238,2.5287499999999996,2.560625,2.5565833333333337,0.010111874207719829,0.040826943134676885,-0.07000000000000028,-0.006000000000000227,0.008999999999999453
2009-10-21,42,10,2009,102.0,,136.69,150.01,159.14,2009-10-19,2.705,2.644,2,0.10499999999999998,0.12300000000000022,0.08300000000000018,0.04038461538461546,0.03165522501906959,2.622,2.6331249999999997,2.63,0.05601785429667042,0.04122564215918384,0.11400000000000032,0.12600000000000033,0.10200000000000031,0.04505928853754959,0.04012588512981918,2.5542499999999997,2.5633749999999997,2.5691666666666664,0.06003540621993568,0.04596873937805849,-0.06099999999999994,0.009000000000000341,0.019000000000000128
2009-10-28,43,10,2009,106.0,,138.83,164.63,175.77,2009-10-26,2.801,2.74,2,0.09600000000000009,0.20100000000000007,0.20000000000000018,0.0354898336414049,0.07689350249903892,2.672,2.649,2.650916666666667,0.10167595585979336,0.0721031007853739,0.09600000000000009,0.2100000000000004,0.2150000000000003,0.036308623298033416,0.08514851485148522,2.6079999999999997,2.578625,2.5880833333333335,0.10472821969265288,0.07666613612658034,-0.06099999999999994,0.0,0.015000000000000124
2009-11-04,44,11,2009,106.0,,133.94,167.81,175.77,2009-11-02,2.808,2.749,2,0.006999999999999673,0.10299999999999976,0.22599999999999998,0.002499107461620742,0.08752904725019373,2.7285000000000004,2.669125,2.666166666666667,0.09770875088753404,0.09136181994064003,0.008999999999999897,0.10499999999999998,0.23100000000000032,0.003284671532846728,0.09173947577442432,2.66575,2.600375,2.6020833333333333,0.10221668161309294,0.09737546992371911,-0.05899999999999972,0.002000000000000224,0.0050000000000003375
2009-11-11,45,11,2009,106.0,,198.77,177.98,187.65,2009-11-09,2.801,2.746,2,-0.006999999999999673,0.0,0.20100000000000007,-0.00249287749287741,0.0773076923076923,2.77875,2.69,2.6785833333333335,0.04927727671048592,0.10078265156837166,-0.0030000000000001137,0.005999999999999783,0.2160000000000002,-0.001091305929428965,0.08537549407114642,2.71975,2.62425,2.6136666666666666,0.0506384241460204,0.1075450071897186,-0.05500000000000016,0.0039999999999995595,0.015000000000000124
2009-11-18,46,11,2009,105.0,,130.27,177.98,204.28,2009-11-16,2.79,2.733,2,-0.01100000000000012,-0.017999999999999794,0.08499999999999996,-0.003927168868261388,0.031423290203327126,2.8,2.7110000000000003,2.68875,0.0074386378682494364,0.10208399902605675,-0.0129999999999999,-0.016000000000000014,0.08899999999999997,-0.004734158776402042,0.03366111951588491,2.742,2.648125,2.6229166666666663,0.007071067811315608,0.1078774933498026,-0.05699999999999994,-0.0019999999999997797,0.0040000000000000036
2009-11-25,47,11,2009,105.0,,123.54,186.88,218.53,2009-11-23,2.787,2.738,2,-0.0030000000000001137,-0.014000000000000234,-0.014000000000000234,-0.0010752688172043223,-0.004998214923241817,2.7965,2.7342500000000003,2.698166666666667,0.009746794344893672,0.09433943274918417,0.004999999999999893,-0.008000000000000007,-0.002000000000000224,0.0018294914013903263,-0.0007299270072993469,2.7415000000000003,2.6747500000000004,2.6329166666666666,0.007325753658081357,0.09907392622254894,-0.04899999999999993,0.008000000000000007,0.01200000000000001
2009-12-02,48,11,2009,105.0,,122.32,183.07,209.03,2009-11-30,2.775,2.724,2,-0.01200000000000001,-0.015000000000000124,-0.03299999999999992,-0.0043057050592034685,-0.01175213675213671,2.7882499999999997,2.758375,2.708833333333333,0.010688779163296575,0.07183699305676719,-0.01399999999999979,-0.008999999999999897,-0.02499999999999991,-0.005113221329437478,-0.009094216078573969,2.73525,2.7005,2.6453333333333333,0.009215023964098616,0.07677425163617027,-0.05099999999999971,-0.0019999999999997797,0.008000000000000007
2009-12-09,49,12,2009,105.0,,119.26,177.98,199.52,2009-12-07,2.772,2.726,2,-0.0030000000000001137,-0.015000000000000124,-0.02900000000000036,-0.00108108108108107,-0.01035344519814363,2.7809999999999997,2.779875,2.720333333333333,0.0088317608664289,0.03279563342029228,0.0019999999999997797,-0.01200000000000001,-0.020000000000000018,0.0007342143906019505,-0.007283321194464731,2.73025,2.725,2.6595833333333334,0.0064485140401179955,0.03388636472527023,-0.04599999999999982,0.004999999999999893,0.009000000000000341
2009-12-16,50,12,2009,104.0,,110.7,172.9,185.27,2009-12-14,2.748,2.699,2,-0.023999999999999577,-0.02699999999999969,-0.041999999999999815,-0.008658008658008476,-0.01505376344086018,2.7705,2.78525,2.7308333333333334,0.016340134638425523,0.019666868441502738,-0.027000000000000135,-0.025000000000000355,-0.03400000000000025,-0.009904622157006604,-0.012440541529454952,2.72175,2.731875,2.6726666666666667,0.016378339353924395,0.01592336558133713,-0.04900000000000038,-0.0030000000000005578,0.007999999999999563
2009-12-23,51,12,2009,103.0,,110.09,174.17,178.15,2009-12-21,2.726,2.68,2,-0.02200000000000024,-0.04599999999999982,-0.06099999999999994,-0.008005822416302877,-0.02188733405095078,2.7552499999999998,2.775875,2.7412500000000004,0.022940139493952776,0.027430105984033316,-0.018999999999999684,-0.04599999999999982,-0.05799999999999983,-0.007039644312708315,-0.02118334550766976,2.70725,2.7243749999999998,2.6855833333333337,0.021929812280524506,0.02375432291502279,-0.04599999999999982,0.0030000000000005578,0.0030000000000001137
2009-12-30,52,12,2009,103.0,,110.09,172.9,175.77,2009-12-28,2.732,2.689,2,0.006000000000000227,-0.016000000000000014,-0.042999999999999705,0.0022010271460015662,-0.015495495495495337,2.7445,2.766375,2.75375,0.02055075018911578,0.02787183678417689,0.008999999999999897,-0.009999999999999787,-0.03500000000000014,0.0033582089552237626,-0.01284875183553602,2.6985,2.716875,2.6998333333333338,0.01990812229532843,0.024333618719958223,-0.04300000000000015,0.0029999999999996696,0.007999999999999563
2010-01-06,1,1,2010,106.0,84.0,116.2,,,2010-01-04,2.797,2.75,2,0.06499999999999995,0.07100000000000017,0.025000000000000355,0.023792093704245953,0.009018759018759148,2.75075,2.7658750000000003,2.7701666666666664,0.032201190454216516,0.027189480634104833,0.06099999999999994,0.06999999999999984,0.02400000000000002,0.022685013015991018,0.00880410858400582,2.7045000000000003,2.7173749999999997,2.718166666666667,0.03131027520360876,0.025048167882981295,-0.04700000000000015,-0.0040000000000000036,-0.001000000000000334
2010-01-13,2,1,2010,109.0,83.0,118.04,183.07,199.52,2010-01-11,2.879,2.846,2,0.08199999999999985,0.1469999999999998,0.13099999999999978,0.02931712549159804,0.047671033478893676,2.7835,2.7769999999999997,2.784666666666667,0.07132320800413948,0.04840306956037729,0.09600000000000009,0.15700000000000003,0.14700000000000024,0.034909090909091,0.05446461652463874,2.74125,2.7315,2.735,0.07644333413271236,0.05223025942888203,-0.03299999999999992,0.014000000000000234,0.01600000000000046
2010-01-20,3,1,2010,108.0,81.0,119.56,177.98,190.02,2010-01-18,2.87,2.831,2,-0.008999999999999897,0.07299999999999995,0.14400000000000013,-0.0031260854463355248,0.05282465150403537,2.8195,2.787375,2.7904166666666668,0.06892749814117294,0.058661102955959235,-0.015000000000000124,0.08099999999999996,0.1509999999999998,-0.005270555165144075,0.0563432835820894,2.779,2.743125,2.7425833333333336,0.07333484846914165,0.06310181681792226,-0.039000000000000146,-0.006000000000000227,0.006999999999999673
2010-01-27,4,1,2010,107.0,83.0,125.37,174.17,185.27,2010-01-25,2.833,2.8,2,-0.03699999999999992,-0.04599999999999982,0.10099999999999998,-0.012891986062717797,0.036969253294289794,2.84475,2.7946250000000004,2.7925,0.037544418138180026,0.060469443286988084,-0.03100000000000014,-0.04600000000000026,0.11099999999999977,-0.010950194277640435,0.041279285979918034,2.80675,2.752625,2.7468333333333335,0.042405777908108386,0.06548704888324795,-0.03300000000000036,0.005999999999999783,0.009999999999999787
2010-02-03,5,1,2010,105.0,83.0,122.32,170.35,180.52,2010-02-01,2.781,2.744,2,-0.052000000000000046,-0.08899999999999997,-0.016000000000000014,-0.018355100600070617,-0.005720414730067902,2.8407500000000003,2.79575,2.7908333333333335,0.044529952466490136,0.06007079157135938,-0.055999999999999606,-0.08699999999999974,-0.005999999999999783,-0.019999999999999907,-0.0021818181818180626,2.80525,2.7548749999999997,2.7466666666666666,0.04510266067530616,0.06474662153354672,-0.03699999999999992,-0.0039999999999995595,0.010000000000000231
2010-02-10,6,2,2010,104.0,86.0,109.47,160.18,175.77,2010-02-08,2.769,2.729,2,-0.01200000000000001,-0.06400000000000006,-0.10999999999999988,-0.004314994606256728,-0.03820771101076759,2.81325,2.798375,2.7890833333333336,0.046935239071172585,0.05811303640328666,-0.015000000000000124,-0.07099999999999973,-0.11699999999999999,-0.0054664723032070706,-0.04111033028812372,2.776,2.7586250000000003,2.7463333333333337,0.047728398255042576,0.06185221441937033,-0.040000000000000036,-0.0030000000000001137,-0.007000000000000117
2010-02-17,7,2,2010,104.0,87.0,93.27,155.1,166.27,2010-02-15,2.756,2.718,2,-0.013000000000000345,-0.025000000000000355,-0.11400000000000032,-0.0046948356807513525,-0.03972125435540086,2.7847500000000003,2.8021249999999998,2.7865,0.03374783943704246,0.053565547296304195,-0.01100000000000012,-0.026000000000000245,-0.11299999999999999,-0.004030780505679732,-0.0399152243023666,2.74775,2.7633750000000004,2.744666666666667,0.03642686737366767,0.05614760521551135,-0.03799999999999981,0.002000000000000224,0.001000000000000334
2010-02-24,8,2,2010,107.0,83.0,96.94,160.18,175.77,2010-02-22,2.832,2.793,2,0.07600000000000007,0.06299999999999972,-0.001000000000000334,0.027576197387518153,-0.0003529827038476485,2.7845,2.814625,2.7912500000000002,0.033271609519254085,0.04599670019231012,0.07500000000000018,0.06400000000000006,-0.006999999999999673,0.02759381898454749,-0.0024999999999998357,2.746,2.7763750000000003,2.7504166666666663,0.03309582048122485,0.047901498634561855,-0.0389999999999997,-0.0009999999999998899,-0.005999999999999339
2010-03-03,9,2,2010,108.0,81.0,105.5,165.27,180.52,2010-03-01,2.861,2.819,2,0.02900000000000036,0.10500000000000043,0.08000000000000007,0.010240112994350348,0.02876663070837826,2.8045,2.822625,2.798666666666667,0.05020292156174656,0.04801469269187931,0.0259999999999998,0.10099999999999998,0.07499999999999973,0.009308986752595727,0.027332361516034798,2.76475,2.785,2.7581666666666664,0.049005952019375694,0.048679711232942326,-0.04200000000000026,-0.0030000000000005578,-0.0050000000000003375
2010-03-10,10,3,2010,110.0,84.0,95.71,172.9,204.28,2010-03-08,2.904,2.873,2,0.042999999999999705,0.07200000000000006,0.1349999999999998,0.015029709891646093,0.04875406283856987,2.83825,2.82575,2.811666666666667,0.06230235415563813,0.052784602733412726,0.05400000000000027,0.08000000000000007,0.14400000000000013,0.01915572898190865,0.052766581165262005,2.8007500000000003,2.7883750000000003,2.7726666666666664,0.06444829969304983,0.05414250376824192,-0.030999999999999694,0.011000000000000565,0.009000000000000341
2010-03-17,11,3,2010,110.0,85.0,86.54,177.98,204.28,2010-03-15,2.924,2.897,2,0.020000000000000018,0.06299999999999972,0.16800000000000015,0.00688705234159781,0.060957910014513894,2.8802499999999998,2.8325,2.8281666666666667,0.04154014122910705,0.06191468784899541,0.023999999999999577,0.07799999999999985,0.17899999999999983,0.008353637312913165,0.0658572479764532,2.8455000000000004,2.7966249999999997,2.7907500000000005,0.04784349485553461,0.0654193887817657,-0.027000000000000135,0.0039999999999995595,0.010999999999999677
2010-03-24,12,3,2010,111.0,77.0,84.7,180.52,204.28,2010-03-22,2.946,2.904,2,0.02200000000000024,0.04200000000000026,0.11400000000000032,0.00752393980848165,0.04025423728813582,2.9087500000000004,2.846625,2.846,0.03616052175140611,0.07379496208130687,0.007000000000000117,0.030999999999999694,0.11099999999999977,0.0024162927166033743,0.039742212674543476,2.8732499999999996,2.809625,2.808666666666667,0.03852596527008015,0.07570985499170862,-0.04200000000000026,-0.015000000000000124,-0.0030000000000005578
2010-03-31,13,3,2010,111.0,76.0,84.4,175.44,194.77,2010-03-29,2.939,2.899,2,-0.007000000000000117,0.015000000000000124,0.07799999999999985,-0.002376103190767198,0.0272631946871722,2.9282500000000002,2.866375,2.8578333333333332,0.018589871794441423,0.07485784146354797,-0.004999999999999893,0.002000000000000224,0.08000000000000007,-0.001721763085399397,0.028378857750975595,2.89325,2.829,2.8210833333333336,0.013817259737660863,0.07634695241373808,-0.040000000000000036,0.002000000000000224,0.002000000000000224
2010-04-07,14,4,2010,114.0,75.0,84.09,170.35,190.02,2010-04-05,3.015,2.978,2,0.07600000000000007,0.06899999999999995,0.11100000000000021,0.025859135760462726,0.03822314049586795,2.956,2.897125,2.8691666666666666,0.04038976768110399,0.07952436733486477,0.07900000000000018,0.07400000000000029,0.10499999999999998,0.02725077612970006,0.03654716324399576,2.9194999999999998,2.860125,2.8320833333333333,0.039110953282397255,0.08040333592942481,-0.03699999999999992,0.0030000000000001137,-0.006000000000000227
2010-04-14,15,4,2010,116.0,76.0,84.09,177.98,199.52,2010-04-12,3.069,3.023,2,0.053999999999999826,0.1299999999999999,0.14500000000000002,0.017910447761193993,0.049589603283173744,2.9922500000000003,2.9362500000000002,2.88575,0.06159748371483952,0.07713392805473908,0.04499999999999993,0.12400000000000011,0.12600000000000033,0.015110812625923398,0.04349326889886096,2.9509999999999996,2.89825,2.8480833333333333,0.06007217880731217,0.07554894345489843,-0.04599999999999982,-0.008999999999999897,-0.018999999999999684
2010-04-21,16,4,2010,116.0,75.0,84.09,177.98,194.77,2010-04-19,3.074,3.034,2,0.004999999999999893,0.05899999999999972,0.12799999999999967,0.001629195177582199,0.04344874405974197,3.02425,2.9665,2.9058333333333333,0.06279795644233177,0.07785884663935769,0.010999999999999677,0.055999999999999606,0.1299999999999999,0.0036387694343367194,0.044765840220385655,2.9835,2.928375,2.8675833333333336,0.06132155684034884,0.07563434121771151,-0.040000000000000036,0.005999999999999783,0.002000000000000224
2010-04-28,17,4,2010,116.0,76.0,94.18,175.44,185.27,2010-04-26,3.078,3.038,2,0.0040000000000000036,0.008999999999999897,0.1389999999999998,0.0013012361743656164,0.04729499829874095,3.059,2.9936249999999998,2.9305833333333333,0.029563490998178666,0.07353315578710891,0.0040000000000000036,0.01499999999999968,0.1389999999999998,0.0013183915622940745,0.04794756812694034,3.01825,2.95575,2.8920833333333333,0.02757263135775358,0.06979920179656256,-0.040000000000000036,0.0,0.0
2010-05-05,18,5,2010,118.0,75.0,103.97,177.98,190.02,2010-05-03,3.122,3.083,2,0.04400000000000004,0.04800000000000004,0.10699999999999976,0.014294996751137212,0.03548922056384729,3.08575,3.020875,2.9600000000000004,0.02444551765319204,0.07592936096895775,0.04500000000000037,0.04900000000000038,0.10499999999999998,0.01481237656352885,0.035258562793821335,3.0445,2.9819999999999998,2.921583333333333,0.026438608132623425,0.07361676827623798,-0.0389999999999997,0.001000000000000334,-0.0019999999999997797
2010-05-12,19,5,2010,118.0,74.0,117.12,183.07,199.52,2010-05-10,3.127,3.087,2,0.004999999999999893,0.04899999999999993,0.05799999999999983,0.0016015374759767997,0.018898664059954218,3.10025,3.04625,2.9909166666666667,0.02812324068569885,0.072784908168895,0.0040000000000000036,0.04900000000000038,0.06400000000000006,0.0012974375608174604,0.021171022163413822,3.0605,3.00575,2.9523333333333337,0.02838426794294669,0.0729221698604179,-0.03999999999999959,-0.0009999999999998899,0.006000000000000227
2010-05-19,20,5,2010,117.0,75.0,127.52,183.07,204.28,2010-05-17,3.094,3.042,2,-0.03299999999999992,-0.028000000000000025,0.020000000000000018,-0.010553245922609533,0.006506180871828304,3.10525,3.0647499999999996,3.01275,0.023257615240297305,0.06161574474119236,-0.04500000000000037,-0.04100000000000037,0.008000000000000007,-0.014577259475218818,0.002636783124587927,3.0625,3.023,2.9730833333333337,0.02608320021246713,0.06071478991394532,-0.052000000000000046,-0.012000000000000455,-0.01200000000000001
2010-05-26,21,5,2010,114.0,75.0,103.36,185.61,204.28,2010-05-24,3.021,2.977,2,-0.07299999999999995,-0.10599999999999987,-0.05699999999999994,-0.02359405300581774,-0.01851851851851849,3.0909999999999997,3.0749999999999997,3.0260833333333337,0.048873987628039975,0.041120033351992824,-0.06499999999999995,-0.11000000000000032,-0.06099999999999994,-0.021367521367521403,-0.02007899934167212,3.04725,3.03275,2.98625,0.051057973585494895,0.04102873557478907,-0.04400000000000004,0.008000000000000007,-0.0040000000000000036
2010-06-02,22,5,2010,112.0,75.0,96.02,181.8,194.77,2010-05-31,2.98,2.936,2,-0.040999999999999925,-0.11399999999999988,-0.1419999999999999,-0.013571665011585576,-0.045483664317744976,3.0555,3.0706249999999997,3.0324166666666663,0.06704476116744212,0.04943664777135451,-0.040999999999999925,-0.10599999999999987,-0.14700000000000024,-0.013772253946926383,-0.047680830360039006,3.0105,3.0275,2.9915000000000003,0.06712426287608197,0.0506049122404728,-0.04400000000000004,0.0,-0.0050000000000003375
2010-06-09,23,6,2010,111.0,74.0,89.9,177.98,180.52,2010-06-07,2.946,2.899,2,-0.03399999999999981,-0.07499999999999973,-0.1809999999999996,-0.011409395973154268,-0.0578829549088582,3.0102499999999996,3.05525,3.03425,0.06369916273651433,0.06627378279324334,-0.03699999999999992,-0.07799999999999985,-0.18800000000000017,-0.01260217983651224,-0.06090055069646916,2.9635,3.012,2.9916666666666667,0.06126717446282034,0.06813432111861462,-0.04700000000000015,-0.0030000000000001137,-0.007000000000000561
2010-06-16,24,6,2010,110.0,73.0,91.43,174.17,175.77,2010-06-14,2.928,2.874,2,-0.018000000000000238,-0.052000000000000046,-0.16599999999999993,-0.006109979633401319,-0.05365223012281839,2.96875,3.037,3.03275,0.04096644968751643,0.0792121924237867,-0.02499999999999991,-0.06199999999999983,-0.1679999999999997,-0.008623663332183451,-0.05522682445759364,2.9215,2.992,2.989166666666667,0.04491844461530201,0.08268356202160237,-0.053999999999999826,-0.006999999999999673,-0.0019999999999997797
2010-06-23,25,6,2010,112.0,73.0,91.13,169.08,161.52,2010-06-21,2.961,2.908,2,0.03299999999999992,0.01499999999999968,-0.06000000000000005,0.01127049180327866,-0.019860973187686204,2.9537500000000003,3.022375,3.0345833333333334,0.022096379793981803,0.08133341871587275,0.03399999999999981,0.008999999999999897,-0.06899999999999995,0.011830201809324814,-0.02317769566677863,2.9042499999999998,2.97575,2.9899166666666663,0.025591339680799872,0.0850911276221482,-0.052999999999999936,0.0009999999999998899,-0.008999999999999897
2010-06-30,26,6,2010,112.0,76.0,90.51,157.64,156.77,2010-06-28,2.956,2.893,2,-0.004999999999999893,0.028000000000000025,-0.02400000000000002,-0.0016886187098952288,-0.008053691275167751,2.94775,3.001625,3.029666666666667,0.014568802284330508,0.07303802825542254,-0.015000000000000124,0.018999999999999684,-0.04300000000000015,-0.005158184319119741,-0.014645776566757585,2.8935,2.952,2.9828333333333332,0.014387494569642698,0.07701205842506618,-0.06300000000000017,-0.010000000000000231,-0.019000000000000128
2010-07-07,27,7,2010,110.0,77.0,99.38,142.38,144.89,2010-07-05,2.924,2.866,2,-0.03200000000000003,-0.03699999999999992,-0.02200000000000024,-0.010825439783491264,-0.007467752885268242,2.94225,2.97625,3.017583333333333,0.018945096111305453,0.05669152116004403,-0.02699999999999969,-0.041999999999999815,-0.03299999999999992,-0.009332872450743102,-0.0113832355984822,2.88525,2.9243749999999995,2.96975,0.01892749323052462,0.059259568244968,-0.05799999999999983,0.0050000000000003375,-0.010999999999999677
2010-07-14,28,7,2010,110.0,82.0,118.65,129.67,128.27,2010-07-12,2.903,2.857,2,-0.020999999999999908,-0.052999999999999936,-0.02499999999999991,-0.007181942544459585,-0.008538251366120186,2.936,2.952375,3.0033333333333334,0.027434771124735507,0.03671876709740981,-0.008999999999999897,-0.03599999999999959,-0.016999999999999904,-0.003140265177948298,-0.005915100904662407,2.8810000000000002,2.90125,2.9549999999999996,0.023622023621857325,0.039654760117904496,-0.04599999999999982,0.01200000000000001,0.008000000000000007
2010-07-21,29,7,2010,109.0,82.0,129.96,142.38,147.27,2010-07-19,2.899,2.859,2,-0.0040000000000000036,-0.02499999999999991,-0.06199999999999983,-0.0013778849466069554,-0.020938872002701725,2.9205,2.937125,2.9884166666666663,0.026083200212653073,0.028577901052776352,0.0019999999999997797,-0.007000000000000117,-0.04899999999999993,0.0007000350017500878,-0.016850068775790872,2.8687500000000004,2.8865,2.9400833333333334,0.016620770138344454,0.027552547198968488,-0.040000000000000036,0.005999999999999783,0.0129999999999999
2010-07-28,30,7,2010,110.0,83.0,118.65,146.2,152.02,2010-07-26,2.919,2.875,2,0.020000000000000018,0.016000000000000014,-0.03699999999999992,0.006898930665746761,-0.012516914749661656,2.91125,2.9295,2.9715000000000003,0.012120918557053167,0.023120800777270124,0.016000000000000014,0.017999999999999794,-0.017999999999999794,0.005596362364463037,-0.006221914967162068,2.86425,2.878875,2.92275,0.008139410297541371,0.019014562089017185,-0.04400000000000004,-0.0040000000000000036,0.019000000000000128
2010-08-04,31,8,2010,110.0,86.0,113.45,152.56,159.14,2010-08-02,2.928,2.887,2,0.008999999999999897,0.028999999999999915,0.0040000000000000036,0.0030832476875641834,0.001367989056087593,2.9122500000000002,2.92725,2.954916666666667,0.013598406769423836,0.02214078331326723,0.01200000000000001,0.028000000000000025,0.020999999999999908,0.004173913043478361,0.007327285415212881,2.8695,2.877375,2.906083333333333,0.01417744687846435,0.017622530222334353,-0.040999999999999925,0.0030000000000001137,0.016999999999999904
2010-08-11,32,8,2010,113.0,96.0,132.41,152.56,156.77,2010-08-09,2.991,2.947,2,0.06300000000000017,0.07200000000000006,0.08800000000000008,0.021516393442623016,0.030313468825353018,2.93425,2.935125,2.9463333333333335,0.03972719471596188,0.03162023538377152,0.06000000000000005,0.07200000000000006,0.08999999999999986,0.020782819535850372,0.03150157507875395,2.892,2.8865,2.8981666666666666,0.038418745424486464,0.030104579623277318,-0.04400000000000004,-0.0030000000000001137,0.0019999999999997797
2010-08-18,33,8,2010,112.0,94.0,133.63,157.64,161.52,2010-08-16,2.979,2.933,2,-0.01200000000000001,0.051000000000000156,0.08000000000000007,-0.004012036108325012,0.027595722662987265,2.95425,2.937375,2.942833333333333,0.03603123644839094,0.034255083043200525,-0.014000000000000234,0.04599999999999982,0.07399999999999984,-0.004750593824228155,0.02588317593564171,2.9105,2.8896249999999997,2.8945000000000003,0.0348855270849008,0.03373399091221904,-0.04600000000000026,-0.002000000000000224,-0.006000000000000227
2010-08-25,34,8,2010,112.0,98.0,139.44,165.27,171.02,2010-08-23,2.957,2.916,2,-0.02200000000000024,-0.03400000000000025,0.03799999999999981,-0.007385028533064886,0.013018156903048972,2.96375,2.9375,2.940916666666667,0.02768122107132942,0.03433448911616412,-0.016999999999999904,-0.03100000000000014,0.040999999999999925,-0.005796113194681207,0.014260869565217327,2.92075,2.8925,2.8928333333333334,0.0258247297499496,0.0350183625301677,-0.040999999999999925,0.0050000000000003375,0.0030000000000001137
2010-09-01,35,8,2010,111.0,100.0,154.73,162.73,166.27,2010-08-30,2.938,2.888,2,-0.018999999999999684,-0.040999999999999925,0.010000000000000231,-0.006425431180250185,0.003415300546448119,2.9662499999999996,2.93925,2.9402500000000003,0.023514180118950886,0.03390217017932635,-0.028000000000000025,-0.04499999999999993,0.0009999999999998899,-0.009602194787380003,0.0003463803255974174,2.9210000000000003,2.8952500000000003,2.8919166666666665,0.025390286856550693,0.033469602413575675,-0.050000000000000266,-0.009000000000000341,-0.009000000000000341
2010-09-08,36,9,2010,111.0,94.0,151.37,165.27,166.27,2010-09-06,2.931,2.876,2,-0.007000000000000117,-0.0259999999999998,-0.06000000000000005,-0.0023825731790333426,-0.02006018054162484,2.95125,2.94275,2.9405,0.021515498289989693,0.030941188452740947,-0.01200000000000001,-0.040000000000000036,-0.07100000000000017,-0.0041551246537395725,-0.02409229725144224,2.90325,2.8976249999999997,2.8920833333333333,0.025966324345032054,0.030946670718834675,-0.05500000000000016,-0.004999999999999893,-0.01100000000000012
2010-09-15,37,9,2010,111.0,79.0,145.25,172.9,190.02,2010-09-13,2.943,2.887,2,0.01200000000000001,0.004999999999999893,-0.03600000000000003,0.004094165813715467,-0.012084592145015116,2.94225,2.9482500000000003,2.939,0.010996211468801363,0.02548248698357504,0.01100000000000012,-0.0009999999999998899,-0.04599999999999982,0.0038247566063978056,-0.0156836004091373,2.89175,2.901125,2.890333333333333,0.017056279390833432,0.02732574662438312,-0.05600000000000005,-0.0009999999999998899,-0.009999999999999787
2010-09-22,38,9,2010,112.0,85.0,166.66,165.27,166.27,2010-09-20,2.96,2.89,2,0.016999999999999904,0.028999999999999915,0.0030000000000001137,0.005776418620455193,0.00101454176530269,2.943,2.953375,2.9393333333333334,0.012355835328564201,0.022734099624248418,0.0030000000000001137,0.014000000000000234,-0.0259999999999998,0.0010391409767924742,-0.008916323731138487,2.8852499999999996,2.903,2.8900833333333336,0.006291528695388226,0.02574601217403781,-0.06999999999999984,-0.01399999999999979,-0.028999999999999915
2010-09-29,39,9,2010,111.0,76.0,170.94,162.73,161.52,2010-09-27,2.951,2.883,2,-0.008999999999999897,0.008000000000000007,0.0129999999999999,-0.0030405405405404817,0.004424778761061843,2.94625,2.95625,2.9415833333333334,0.012311918344971398,0.02040133048909489,-0.007000000000000117,-0.0040000000000000036,-0.004999999999999893,-0.0024221453287197603,-0.0017313019390581275,2.884,2.9025,2.8915,0.00605530070749898,0.026137001686333802,-0.06800000000000006,0.0019999999999997797,-0.017999999999999794
2010-10-06,40,10,2010,113.0,106.0,196.93,155.1,152.02,2010-10-04,3.0,2.92,2,0.04899999999999993,0.040000000000000036,0.06899999999999995,0.016604540833615733,0.023541453428863823,2.9635,2.957375,2.949666666666667,0.025304808502202392,0.022708950406886325,0.03699999999999992,0.029999999999999805,0.04400000000000004,0.012833853624696578,0.015299026425591222,2.895,2.899125,2.8967499999999995,0.016911534525035833,0.020760109413625282,-0.08000000000000007,-0.01200000000000001,-0.02499999999999991
2010-10-13,41,10,2010,116.0,101.0,181.64,152.56,156.77,2010-10-11,3.066,2.982,2,0.06599999999999984,0.11499999999999977,0.12299999999999978,0.02200000000000002,0.041794087665647295,2.99425,2.9682500000000003,2.9635833333333337,0.05236013114319835,0.044714171611114656,0.06200000000000028,0.0990000000000002,0.0950000000000002,0.021232876712328874,0.03290613093176309,2.91875,2.90525,2.907,0.04511743934804612,0.03471825374159417,-0.08399999999999963,-0.0039999999999995595,-0.02799999999999958
2010-10-20,42,10,2010,116.0,95.0,169.1,150.01,152.02,2010-10-18,3.073,2.979,2,0.007000000000000117,0.07299999999999995,0.11299999999999999,0.0022831050228311334,0.0381756756756757,3.0225,2.98275,2.976416666666667,0.0579108510269543,0.05751956188994467,-0.0030000000000001137,0.05900000000000016,0.08899999999999997,-0.001006036217303885,0.03079584775086497,2.9410000000000003,2.913125,2.9156666666666666,0.04806245936269904,0.04353139261344329,-0.09399999999999986,-0.010000000000000231,-0.02400000000000002
2010-10-27,43,10,2010,116.0,76.0,150.14,150.01,154.39,2010-10-25,3.067,2.985,2,-0.005999999999999783,0.001000000000000334,0.1160000000000001,-0.001952489424015602,0.03930870891223326,3.0515,2.998875,2.988,0.03447221103051846,0.061149553204861276,0.005999999999999783,0.0029999999999996696,0.10199999999999987,0.002014098690835686,0.03537981269510926,2.9665,2.92525,2.923833333333333,0.031096623610785586,0.048731773149500265,-0.0820000000000003,0.011999999999999567,-0.014000000000000234
2010-11-03,44,10,2010,116.0,74.0,135.77,155.1,166.27,2010-11-01,3.067,2.982,2,0.0,-0.005999999999999783,0.06700000000000017,0.0,0.022333333333333316,3.06825,3.015875,2.9943333333333335,0.0032015621185873806,0.05842806933080809,-0.0029999999999996696,0.0030000000000001137,0.06200000000000028,-0.0010050251256280562,0.021232876712328874,2.982,2.9385000000000003,2.9267499999999997,0.0024494897408892063,0.04783005630064607,-0.08499999999999996,-0.0029999999999996696,-0.004999999999999893
2010-11-10,45,11,2010,118.0,74.0,140.05,147.47,154.39,2010-11-08,3.116,3.03,2,0.04899999999999993,0.04899999999999993,0.050000000000000266,0.015976524290837846,0.016307893020221842,3.08075,3.0374999999999996,3.0057500000000004,0.02366960075707023,0.05960584822707192,0.0479999999999996,0.04499999999999993,0.0479999999999996,0.01609657947686105,0.01609657947686105,2.994,2.956375,2.934833333333333,0.024124676163434704,0.05234210951595442,-0.0860000000000003,-0.001000000000000334,-0.002000000000000668
2010-11-17,46,11,2010,120.0,73.0,125.37,150.01,163.9,2010-11-15,3.184,3.1,2,0.06800000000000006,0.11699999999999999,0.11100000000000021,0.021822849807445532,0.03612105434428914,3.1085000000000003,3.0655,3.0246666666666666,0.055380501983991866,0.06974852789033568,0.07000000000000028,0.11799999999999988,0.121,0.02310231023102327,0.04061765693185637,3.02425,2.982625,2.9501666666666666,0.05506586964708988,0.06534291414208773,-0.08400000000000007,0.002000000000000224,0.009999999999999787
2010-11-24,47,11,2010,120.0,73.0,140.66,136.03,147.27,2010-11-22,3.171,3.087,2,-0.013000000000000345,0.054999999999999716,0.10399999999999965,-0.004082914572864471,0.033909357678513,3.1345,3.093,3.044083333333333,0.05379281240709966,0.06097306196777614,-0.0129999999999999,0.057000000000000384,0.10200000000000031,-0.004193548387096735,0.0341708542713568,3.04975,3.008125,2.9667500000000007,0.05444492630163098,0.06053909598652788,-0.08399999999999963,4.440892098500626e-16,-0.0019999999999993356
2010-12-01,48,11,2010,119.0,73.0,142.5,134.76,144.89,2010-11-29,3.162,3.078,2,-0.008999999999999897,-0.02200000000000024,0.09499999999999975,-0.002838221381267658,0.03097489403325726,3.15825,3.1132500000000003,3.063333333333333,0.029578990291510183,0.05190031654195362,-0.009000000000000341,-0.02200000000000024,0.09599999999999964,-0.00291545189504383,0.0321931589537221,3.0737499999999995,3.027875,2.9835833333333333,0.030532769281376763,0.05298365650983136,-0.08400000000000007,-4.440892098500626e-16,0.0009999999999998899
2010-12-08,49,12,2010,121.0,77.0,170.94,134.76,137.77,2010-12-06,3.197,3.132,2,0.03500000000000014,0.026000000000000245,0.08099999999999996,0.011068943706515011,0.025994865211810048,3.1785,3.1296250000000003,3.0845000000000002,0.01528615931701379,0.0554099978086546,0.05400000000000027,0.04499999999999993,0.10200000000000031,0.01754385964912286,0.03366336633663369,3.09925,3.046625,3.0039999999999996,0.023627314701199276,0.06044581398724323,-0.06499999999999995,0.019000000000000128,0.02100000000000035
2010-12-15,50,12,2010,122.0,83.0,177.67,138.57,147.27,2010-12-13,3.231,3.163,2,0.03399999999999981,0.06899999999999995,0.04699999999999971,0.010634970284641776,0.014761306532663276,3.1902500000000003,3.149375,3.1070833333333336,0.030955613384302038,0.060287258781943055,0.030999999999999694,0.08499999999999996,0.06299999999999972,0.009897828863346003,0.020322580645161237,3.115,3.0696250000000003,3.02675,0.03977436360256849,0.06580694166603994,-0.06800000000000006,-0.0030000000000001137,0.016000000000000014
2010-12-22,51,12,2010,123.0,83.0,158.4,132.21,137.77,2010-12-20,3.248,3.183,2,0.017000000000000348,0.051000000000000156,0.0770000000000004,0.0052615289384092545,0.02428256070640189,3.2095,3.172,3.1318333333333332,0.03810949138117159,0.05890428070800012,0.020000000000000018,0.05099999999999971,0.09599999999999964,0.006323110970597456,0.03109815354713308,3.1390000000000002,3.0943750000000003,3.05175,0.04576024475447074,0.06666105631161622,-0.06500000000000039,0.0029999999999996696,0.01899999999999924
2010-12-29,52,12,2010,124.0,81.0,147.7,132.21,128.27,2010-12-27,3.294,3.226,2,0.04599999999999982,0.06300000000000017,0.13200000000000012,0.014162561576354538,0.04174573055028463,3.2425,3.200375,3.156333333333334,0.040352612472197874,0.05568518012655699,0.04300000000000015,0.06300000000000017,0.14800000000000013,0.013509267986176576,0.04808317089018854,3.176,3.124875,3.07725,0.03938696908016684,0.06365181514644852,-0.06800000000000006,-0.0029999999999996696,0.016000000000000014
2011-01-05,1,1,2011,126.0,80.0,126.29,,,2011-01-03,3.331,3.279,2,0.03699999999999992,0.08299999999999974,0.1339999999999999,0.011232544019429191,0.04191429465123542,3.276,3.22725,3.1784166666666667,0.04530636452712245,0.06079414915468091,0.052999999999999936,0.09600000000000009,0.1469999999999998,0.016429014259144337,0.04693486590038298,3.2127499999999998,3.156,3.1020000000000003,0.05139633579664676,0.07107742257573149,-0.052000000000000046,0.016000000000000014,0.0129999999999999
2011-01-12,2,1,2011,126.0,81.0,137.61,134.76,137.77,2011-01-10,3.333,3.284,2,0.002000000000000224,0.039000000000000146,0.10200000000000031,0.0006004202942060388,0.03156917363045508,3.3015,3.2458750000000003,3.200083333333333,0.03992075483585356,0.06804292237791859,0.004999999999999893,0.05799999999999983,0.121,0.0015248551387618825,0.038254821372115,3.2429999999999994,3.179,3.127416666666667,0.047840011148145865,0.07962411694963475,-0.04900000000000038,0.0029999999999996696,0.018999999999999684
2011-01-19,3,1,2011,129.0,82.0,140.05,137.3,152.02,2011-01-17,3.407,3.366,2,0.07399999999999984,0.07600000000000007,0.1589999999999998,0.02220222022202223,0.04895320197044328,3.34125,3.2753750000000004,3.2284166666666665,0.047359441156585226,0.08088958523823317,0.0820000000000003,0.08700000000000019,0.18300000000000027,0.02496954933008544,0.057492931196984065,3.28875,3.213875,3.159166666666667,0.05780066320254705,0.09346876865720902,-0.040999999999999925,0.008000000000000451,0.024000000000000465
2011-01-26,4,1,2011,129.0,80.0,139.44,127.13,133.02,2011-01-24,3.43,3.382,2,0.02300000000000013,0.09699999999999998,0.13600000000000012,0.006750807161725936,0.041287188828172505,3.3752500000000003,3.308875,3.2586666666666666,0.05082240319646258,0.08270332088693853,0.016000000000000014,0.09800000000000031,0.15600000000000014,0.004753416518122444,0.048357098574085544,3.32775,3.251875,3.1925000000000003,0.05384158863419517,0.09212326757437873,-0.04800000000000004,-0.007000000000000117,0.020000000000000018
2011-02-02,5,1,2011,130.0,81.0,168.19,124.59,128.27,2011-01-31,3.438,3.384,2,0.008000000000000007,0.03100000000000014,0.1070000000000002,0.0023323615160348865,0.03212248574001797,3.402,3.339,3.2855000000000003,0.04784001114823859,0.07997856855799115,0.0019999999999997797,0.017999999999999794,0.10499999999999998,0.0005913660555882938,0.0320219579139982,3.354,3.283375,3.222,0.04735680169367056,0.08828191450450414,-0.05400000000000027,-0.006000000000000227,-0.002000000000000224
2011-02-09,6,2,2011,133.0,87.0,164.52,124.59,137.77,2011-02-07,3.513,3.455,2,0.07499999999999973,0.08299999999999974,0.17999999999999972,0.021815008726003393,0.05400540054005387,3.447,3.3742500000000004,3.3129166666666667,0.04592022067306747,0.08738053068545215,0.07100000000000017,0.07299999999999995,0.17100000000000026,0.020981087470449244,0.05207064555420238,3.3967500000000004,3.3198749999999997,3.251583333333333,0.0396600134474662,0.09170050241337983,-0.05799999999999983,-0.0039999999999995595,-0.008999999999999453
2011-02-16,7,2,2011,133.0,83.0,178.58,134.76,152.02,2011-02-14,3.534,3.489,2,0.020999999999999908,0.09599999999999964,0.12699999999999978,0.005977796754910392,0.03727619606692101,3.4787500000000002,3.41,3.343166666666667,0.05248094892431216,0.08685291343094327,0.03399999999999981,0.10499999999999998,0.12299999999999978,0.009840810419681656,0.036541889483065804,3.4274999999999998,3.358125,3.285083333333333,0.0532321957714772,0.09025905178197119,-0.04499999999999993,0.0129999999999999,-0.0040000000000000036
2011-02-23,8,2,2011,135.0,84.0,164.52,143.66,156.77,2011-02-21,3.573,3.522,2,0.039000000000000146,0.06000000000000005,0.1429999999999998,0.011035653650254718,0.04169096209912526,3.5145,3.444875,3.377416666666667,0.05673623180998135,0.0895918323765399,0.03299999999999992,0.06699999999999973,0.13999999999999968,0.009458297506448776,0.04139562389118856,3.4625,3.395125,3.3220833333333335,0.05905082556565868,0.08902076403053709,-0.051000000000000156,-0.006000000000000227,-0.0030000000000001137
2011-03-02,9,2,2011,140.0,85.0,152.28,142.38,156.77,2011-02-28,3.716,3.656,2,0.14300000000000024,0.18200000000000038,0.278,0.04002239014833475,0.0808609656777195,3.584,3.4930000000000003,3.420666666666667,0.09144397191720924,0.11844227044677232,0.13400000000000034,0.16700000000000026,0.27200000000000024,0.03804656445201604,0.08037825059101666,3.5305,3.44225,3.3657500000000002,0.08802461776865876,0.11481506869748924,-0.06000000000000005,-0.008999999999999897,-0.005999999999999783
2011-03-09,10,3,2011,146.0,87.0,193.57,150.01,161.52,2011-03-07,3.871,3.812,2,0.1549999999999998,0.29800000000000004,0.3580000000000001,0.04171151776103321,0.1019072018218048,3.6735,3.56025,3.4739999999999998,0.15315895881946068,0.1600461986874449,0.1559999999999997,0.29000000000000004,0.35699999999999976,0.04266958424507661,0.10332850940665694,3.61975,3.5082500000000003,3.419833333333333,0.14711078591768,0.15542637209581378,-0.05900000000000016,0.0009999999999998899,-0.001000000000000334
2011-03-16,11,3,2011,147.0,90.0,170.02,152.56,166.27,2011-03-14,3.908,3.842,2,0.03699999999999992,0.19199999999999973,0.3740000000000001,0.00955825368121932,0.10582908885116016,3.767,3.6228749999999996,3.529,0.15376822385220024,0.18722517954900886,0.03000000000000025,0.18599999999999994,0.3530000000000002,0.007869884575026243,0.10117512181140742,3.708,3.56775,3.47475,0.14840485167265643,0.1820257046212607,-0.06599999999999984,-0.006999999999999673,-0.020999999999999908
2011-03-23,12,3,2011,147.0,82.0,150.14,150.01,171.02,2011-03-21,3.907,3.841,2,-0.0009999999999998899,0.03600000000000003,0.3340000000000001,-0.0002558853633571889,0.09347886929750904,3.8505000000000003,3.6825,3.580083333333334,0.0913035231156292,0.19289449373764364,-0.0009999999999998899,0.02900000000000036,0.3190000000000004,-0.00026028110359188616,0.09057353776263488,3.78775,3.625125,3.526,0.08892834193878923,0.18737314756544185,-0.06599999999999984,0.0,-0.01499999999999968
2011-03-30,13,3,2011,148.0,84.0,155.04,150.01,166.27,2011-03-28,3.932,3.857,2,0.02499999999999991,0.02400000000000002,0.21599999999999975,0.006398771435884187,0.05812701829924638,3.9045,3.74425,3.6301666666666663,0.025146238949904965,0.18221788370759234,0.016000000000000014,0.015000000000000124,0.20100000000000007,0.004165581879718827,0.05497811816192555,3.838,3.68425,3.5741666666666667,0.018814887721739372,0.17460956445741885,-0.07499999999999973,-0.008999999999999897,-0.01499999999999968
2011-04-06,14,4,2011,150.0,78.0,144.33,147.47,161.52,2011-04-04,3.976,3.905,2,0.04400000000000004,0.06899999999999995,0.10499999999999998,0.011190233977619535,0.027124773960216952,3.9307499999999997,3.8021249999999998,3.6837500000000003,0.03230454044442453,0.1714888063819401,0.0479999999999996,0.06399999999999961,0.09299999999999997,0.012444905366865378,0.02439664218258142,3.86125,3.7405,3.6259166666666665,0.030070749907199924,0.16225288903440072,-0.07100000000000017,0.0039999999999995595,-0.01200000000000001
2011-04-13,15,4,2011,154.0,76.0,131.18,134.76,147.27,2011-04-11,4.078,4.001,2,0.10200000000000031,0.14600000000000035,0.17000000000000037,0.025653923541247625,0.04350051177072678,3.97325,3.870125,3.7396666666666665,0.0754337457640261,0.15724542918640658,0.09600000000000053,0.14400000000000013,0.15900000000000025,0.024583866837388113,0.04138469547110879,3.901,3.8045,3.6788333333333334,0.07199999999986736,0.14934236792401712,-0.07699999999999996,-0.005999999999999783,-0.01100000000000012
2011-04-20,16,4,2011,155.0,80.0,126.29,132.21,142.52,2011-04-18,4.105,4.033,2,0.027000000000000135,0.12900000000000045,0.1980000000000004,0.006620892594409122,0.05067826977220391,4.02275,3.9366250000000003,3.795916666666667,0.08213555868192082,0.12223389464472446,0.03200000000000003,0.12800000000000056,0.19200000000000017,0.00799800049987498,0.049986982556625925,3.9490000000000003,3.8683750000000003,3.733083333333333,0.08197560612755689,0.11703959952576978,-0.07200000000000006,0.004999999999999893,-0.006000000000000227
2011-04-27,17,4,2011,155.0,77.0,122.93,128.4,133.02,2011-04-25,4.098,4.024,2,-0.007000000000000561,0.019999999999999574,0.16599999999999993,-0.001705237515225444,0.04221770091556465,4.06425,3.984375,3.8509166666666665,0.05993538187073492,0.09540430882761546,-0.009000000000000341,0.022999999999999687,0.16699999999999982,-0.002231589387552746,0.04329789992221933,3.9907500000000002,3.914375,3.7864166666666663,0.05873315361287156,0.09108541909349895,-0.07399999999999984,-0.0019999999999997797,0.0009999999999998899
2011-05-04,18,5,2011,156.0,76.0,140.66,129.67,142.52,2011-05-02,4.124,4.06,2,0.0259999999999998,0.01899999999999924,0.1479999999999997,0.006344558321132121,0.037223340040241304,4.10125,4.016,3.9018333333333337,0.01899780689072013,0.09438068809736637,0.03599999999999959,0.026999999999999247,0.1549999999999998,0.00894632206759427,0.03969270166453254,4.0295000000000005,3.945375,3.8368333333333333,0.02439262183487768,0.09343743131870834,-0.06400000000000006,0.009999999999999787,0.007000000000000117
2011-05-11,19,5,2011,155.0,79.0,129.96,134.76,142.52,2011-05-09,4.104,4.022,2,-0.019999999999999574,0.006000000000000227,0.0259999999999998,-0.004849660523763233,0.006375674350171501,4.10775,4.0405,3.9493333333333336,0.011265729743653108,0.08753121892063713,-0.03799999999999937,-0.0019999999999997797,0.020999999999999908,-0.009359605911329894,0.005248687828042886,4.03475,3.9678750000000003,3.8812499999999996,0.017499999999408645,0.08639516768899624,-0.08199999999999985,-0.017999999999999794,-0.004999999999999893
2011-05-18,20,5,2011,153.0,83.0,129.04,134.76,142.52,2011-05-16,4.061,3.996,2,-0.04300000000000015,-0.06299999999999972,-0.04400000000000048,-0.010477582846003974,-0.010718635809987886,4.09675,4.05975,3.99,0.026297972038235324,0.06893630600585317,-0.026000000000000245,-0.06399999999999961,-0.037000000000000366,-0.006464445549477893,-0.00917431192660556,4.0255,3.98725,3.92075,0.026299556396374445,0.06963117118079945,-0.06499999999999995,0.016999999999999904,0.007000000000000117
2011-05-25,21,5,2011,151.0,80.0,137.3,130.94,137.77,2011-05-23,3.997,3.935,2,-0.06400000000000006,-0.1070000000000002,-0.10099999999999998,-0.01575966510711646,-0.024646168862859974,4.0715,4.067875,4.013416666666667,0.056193119388919875,0.05392438488970158,-0.06099999999999994,-0.08700000000000019,-0.08899999999999997,-0.015265265265265282,-0.022117296222664007,4.0032499999999995,3.997,3.9440000000000004,0.05254442564769697,0.05202197337948184,-0.06199999999999983,0.0030000000000001137,0.01200000000000001
2011-06-01,22,5,2011,149.0,79.0,141.58,136.03,147.27,2011-05-30,3.948,3.884,2,-0.04899999999999993,-0.11299999999999999,-0.1759999999999997,-0.012259194395796813,-0.04267701260911727,4.0275,4.064375,4.019833333333334,0.06885976086698173,0.06116240091537173,-0.051000000000000156,-0.1120000000000001,-0.1759999999999997,-0.012960609911054632,-0.04334975369458116,3.95925,3.994375,3.9500000000000006,0.06201814250669144,0.05756223340260106,-0.06400000000000006,-0.002000000000000224,0.0
2011-06-08,23,6,2011,149.0,84.0,136.69,134.76,142.52,2011-06-06,3.94,3.877,2,-0.008000000000000007,-0.05699999999999994,-0.16400000000000015,-0.0020263424518743856,-0.0399610136452242,3.9865000000000004,4.047124999999999,4.0225,0.05569260872556059,0.0747270031515937,-0.007000000000000117,-0.058000000000000274,-0.14500000000000046,-0.0018022657054582725,-0.0360517155643959,3.923,3.978875,3.952916666666667,0.055105958540319445,0.07071560244091295,-0.06300000000000017,0.0009999999999998899,0.018999999999999684
2011-06-15,24,6,2011,149.0,83.0,136.38,137.3,147.27,2011-06-13,3.954,3.896,2,0.014000000000000234,0.006000000000000227,-0.10699999999999976,0.0035532994923859196,-0.026348190100960345,3.95975,4.02825,4.026416666666667,0.025486924752220957,0.07705424805210505,0.019000000000000128,0.01200000000000001,-0.10000000000000009,0.004900696414753769,-0.025025025025025016,3.8979999999999997,3.96175,3.9575,0.025884358210723213,0.07230639173492286,-0.058000000000000274,0.004999999999999893,0.006999999999999673
2011-06-22,25,6,2011,149.0,78.0,137.61,137.3,144.89,2011-06-20,3.95,3.896,2,-0.0040000000000000036,0.010000000000000231,-0.04699999999999971,-0.0010116337885685,-0.011758819114335628,3.948,4.0097499999999995,4.027916666666667,0.005887840576888478,0.07566986567615061,0.0,0.019000000000000128,-0.039000000000000146,0.0,-0.009911054637865346,3.88825,3.94575,3.9607500000000004,0.009394147113024096,0.07070815269226531,-0.05400000000000027,0.0040000000000000036,0.007999999999999563
2011-06-29,26,6,2011,147.0,80.0,136.08,132.21,137.77,2011-06-27,3.888,3.834,2,-0.06200000000000028,-0.06600000000000028,-0.06000000000000005,-0.01569620253164561,-0.015197568389057725,3.9330000000000003,3.98025,4.020583333333334,0.03057231863400387,0.07059896802172284,-0.06199999999999983,-0.06199999999999983,-0.04999999999999982,-0.01591375770020531,-0.01287332646755912,3.87575,3.9175,3.954833333333333,0.029238958029449993,0.06329974046445233,-0.053999999999999826,4.440892098500626e-16,0.010000000000000231
2011-07-06,27,7,2011,145.0,81.0,140.66,132.21,133.02,2011-07-04,3.85,3.798,2,-0.03799999999999981,-0.10000000000000009,-0.08999999999999986,-0.009773662551440299,-0.022842639593908642,3.9105000000000003,3.9485,4.0015833333333335,0.05039510558238135,0.06378087487654734,-0.03600000000000003,-0.09799999999999986,-0.07899999999999974,-0.009389671361502372,-0.020376579829765262,3.856,3.8895,3.9379166666666663,0.048469921944591675,0.05992376108746046,-0.052000000000000046,0.0019999999999997797,0.01100000000000012
2011-07-13,28,7,2011,147.0,80.0,137.3,134.76,137.77,2011-07-11,3.899,3.856,2,0.04899999999999993,0.01100000000000012,-0.05500000000000016,0.012727272727272698,-0.013909964592817459,3.89675,3.9282500000000002,3.9844166666666663,0.041242170974132165,0.0462748003007559,0.05799999999999983,0.021999999999999797,-0.040000000000000036,0.015271195365982093,-0.010266940451745366,3.846,3.872,3.9231666666666665,0.041020320167549265,0.04220020311404975,-0.04300000000000015,0.008999999999999897,0.015000000000000124
2011-07-20,29,7,2011,148.0,80.0,131.8,130.94,130.64,2011-07-18,3.923,3.882,2,0.02400000000000002,0.07299999999999995,-0.027000000000000135,0.006155424467812365,-0.0068354430379746756,3.8899999999999997,3.919,3.9698333333333333,0.030408332191352357,0.03704437493471002,0.026000000000000245,0.08400000000000007,-0.01399999999999979,0.006742738589211594,-0.0035934291581107836,3.8425,3.8653750000000002,3.9113333333333333,0.035566838487299156,0.034321744461304114,-0.040999999999999925,0.002000000000000224,0.013000000000000345
2011-07-27,30,7,2011,149.0,77.0,119.26,129.67,128.27,2011-07-25,3.949,3.913,2,0.0259999999999998,0.04999999999999982,0.06099999999999994,0.006627580932959454,0.01568930041152261,3.9052499999999997,3.919125,3.9552499999999995,0.04211393276964379,0.037157723673404496,0.030999999999999694,0.05699999999999994,0.07899999999999974,0.007985574446161658,0.020605112154407967,3.86225,3.8689999999999998,3.8990833333333335,0.04876046896118553,0.037913435236581826,-0.03600000000000003,0.004999999999999893,0.017999999999999794
2011-08-03,31,7,2011,149.0,75.0,110.7,132.21,130.64,2011-08-01,3.937,3.904,2,-0.01200000000000001,0.01399999999999979,0.08699999999999974,-0.003038743985819159,0.022597402597402505,3.927,3.9187499999999997,3.941333333333333,0.021478671591273247,0.03693140359431558,-0.008999999999999897,0.021999999999999797,0.10599999999999987,-0.0023000255558395244,0.027909426013691396,3.88875,3.872375,3.88925,0.025421447637401097,0.03987816266019244,-0.03299999999999992,0.0030000000000001137,0.019000000000000128
2011-08-10,32,8,2011,147.0,74.0,115.28,128.4,128.27,2011-08-08,3.897,3.868,2,-0.040000000000000036,-0.052000000000000046,-0.002000000000000224,-0.010160020320040597,-0.0005129520389843822,3.9265,3.911625,3.9276666666666666,0.022353224972229663,0.03458297475456342,-0.03600000000000003,-0.04499999999999993,0.01200000000000001,-0.009221311475409832,0.003112033195020736,3.89175,3.868875,3.8785833333333333,0.020499999999538887,0.038720380384918346,-0.028999999999999915,0.0040000000000000036,0.014000000000000234
2011-08-17,33,8,2011,145.0,79.0,129.35,129.67,133.02,2011-08-15,3.835,3.806,2,-0.06199999999999983,-0.10199999999999987,-0.08800000000000008,-0.015909674108288363,-0.022431812388478245,3.9044999999999996,3.8972499999999997,3.9141666666666666,0.05139066063004796,0.03985240627279438,-0.06199999999999983,-0.09799999999999986,-0.07600000000000007,-0.016028955532574884,-0.019577537351880503,3.87275,3.857625,3.867833333333333,0.0485618162755605,0.04259422328383008,-0.028999999999999915,0.0,0.01200000000000001
2011-08-24,34,8,2011,144.0,78.0,133.02,134.76,152.02,2011-08-22,3.81,3.772,2,-0.02499999999999991,-0.08699999999999974,-0.1389999999999998,-0.006518904823989535,-0.035198784502405656,3.8697500000000002,3.8875,3.9026666666666663,0.05785830392715125,0.05054559469305591,-0.03400000000000025,-0.09600000000000009,-0.14100000000000001,-0.008933263268523395,-0.03603373370815233,3.8375,3.849875,3.8584999999999994,0.059539902586262926,0.05208903778294219,-0.038000000000000256,-0.009000000000000341,-0.002000000000000224
2011-08-31,35,8,2011,144.0,79.0,140.05,138.57,161.52,2011-08-29,3.82,3.763,2,0.009999999999999787,-0.015000000000000124,-0.11699999999999999,0.002624671916010346,-0.029718059436118827,3.8404999999999996,3.88375,3.8926666666666665,0.03904271165437995,0.0546697879482191,-0.008999999999999897,-0.04300000000000015,-0.14100000000000001,-0.0023860021208907956,-0.03611680327868849,3.80225,3.8454999999999995,3.849,0.047584136011721956,0.05818198051933933,-0.05699999999999994,-0.018999999999999684,-0.02400000000000002
2011-09-07,36,9,2011,146.0,78.0,140.66,137.3,163.9,2011-09-05,3.868,3.8,2,0.04800000000000004,0.05799999999999983,-0.028999999999999915,0.012565445026178068,-0.007441621760328476,3.83325,3.8798749999999997,3.8855,0.025342651794826823,0.054532919284885135,0.03699999999999992,0.028000000000000025,-0.06800000000000006,0.009832580387988177,-0.0175801447776629,3.7852499999999996,3.8385,3.8409999999999997,0.020966242708591497,0.06007614216269867,-0.06800000000000006,-0.01100000000000012,-0.039000000000000146
2011-09-14,37,9,2011,146.0,80.0,145.25,137.3,166.27,2011-09-12,3.862,3.79,2,-0.005999999999999783,0.04200000000000026,0.027000000000000135,-0.0015511892450877918,0.007040417209908778,3.84,3.87225,3.878166666666667,0.029257477676548498,0.05183972552854248,-0.009999999999999787,0.027000000000000135,-0.016000000000000014,-0.002631578947368318,-0.004203888596952199,3.78125,3.827,3.8321666666666663,0.016800297615883916,0.0593608817802111,-0.07200000000000006,-0.0040000000000000036,-0.04300000000000015
2011-09-21,38,9,2011,145.0,87.0,158.4,139.84,163.9,2011-09-19,3.833,3.765,2,-0.028999999999999915,-0.0349999999999997,0.02300000000000013,-0.007509062661833266,0.0060367454068241955,3.84575,3.85775,3.873583333333333,0.02298368986898404,0.04272754213806673,-0.02499999999999991,-0.0349999999999997,-0.006999999999999673,-0.00659630606860151,-0.001855779427359372,3.7795,3.8085,3.826416666666667,0.018375708602635116,0.05123614795388849,-0.06800000000000006,0.0040000000000000036,-0.029999999999999805
2011-09-28,39,9,2011,143.0,80.0,172.16,139.84,152.02,2011-09-26,3.786,3.73,2,-0.04700000000000015,-0.07600000000000007,-0.03399999999999981,-0.012261935820506165,-0.008900523560209428,3.83725,3.8388750000000003,3.8682499999999997,0.03742882133677795,0.03544991436645172,-0.03500000000000014,-0.06000000000000005,-0.03299999999999992,-0.009296148738379806,-0.008769598724421956,3.77125,3.78675,3.8207500000000003,0.03119161212007244,0.04076675816689929,-0.05600000000000005,0.01200000000000001,0.0009999999999998899
2011-10-05,40,10,2011,141.0,91.0,171.86,139.84,152.02,2011-10-03,3.749,3.693,2,-0.03699999999999992,-0.08400000000000007,-0.11899999999999977,-0.00977284733227679,-0.03076525336090996,3.8075,3.820375,3.8557500000000005,0.0500166638897572,0.03920254182743174,-0.03699999999999992,-0.07200000000000006,-0.10699999999999976,-0.009919571045576392,-0.02815789473684205,3.7445,3.764875,3.807166666666667,0.042241369927075376,0.037782979917397215,-0.05600000000000005,0.0,0.01200000000000001
2011-10-12,41,10,2011,140.0,93.0,160.54,142.38,161.52,2011-10-10,3.721,3.651,2,-0.028000000000000025,-0.06499999999999995,-0.14100000000000001,-0.0074686583088823255,-0.03650958052822373,3.77225,3.806125,3.8389166666666665,0.04846562355589302,0.0518168133222638,-0.04200000000000026,-0.07900000000000018,-0.13900000000000023,-0.011372867587327473,-0.036675461741424886,3.70975,3.7455,3.7879166666666664,0.04897193073570921,0.051082566218216184,-0.07000000000000028,-0.014000000000000234,0.0019999999999997797
2011-10-19,42,10,2011,143.0,80.0,151.67,150.01,171.02,2011-10-17,3.801,3.726,2,0.08000000000000007,0.052000000000000046,-0.03200000000000003,0.021499596882558425,-0.00834855204800422,3.76425,3.805,3.8265833333333337,0.036178953366033974,0.051818364091893575,0.07500000000000018,0.03299999999999992,-0.039000000000000146,0.020542317173377178,-0.01035856573705185,3.6999999999999997,3.73975,3.7723333333333335,0.03663331816779913,0.0502557743662629,-0.07500000000000018,-0.004999999999999893,-0.007000000000000117
2011-10-26,43,10,2011,144.0,83.0,150.76,150.01,166.27,2011-10-24,3.825,3.745,2,0.02400000000000002,0.10400000000000009,0.039000000000000146,0.006314127861089203,0.010301109350237647,3.7740000000000005,3.805625,3.8172499999999996,0.04748333040827595,0.05205474453485119,0.019000000000000128,0.0940000000000003,0.015000000000000124,0.005099302200751499,0.004021447721179738,3.7037500000000003,3.7375000000000003,3.7590833333333333,0.04120982892445879,0.04946282875636308,-0.08000000000000007,-0.004999999999999893,-0.02400000000000002
2011-11-02,44,10,2011,147.0,81.0,148.31,147.47,161.52,2011-10-31,3.892,3.808,2,0.06699999999999973,0.09099999999999975,0.1429999999999998,0.017516339869281028,0.03814350493464924,3.80975,3.808625,3.8168333333333333,0.07059449931352699,0.056651661178670765,0.06299999999999972,0.08199999999999985,0.11499999999999977,0.016822429906542036,0.031139994584348685,3.7325,3.7385,3.7540833333333334,0.06465549731705848,0.05096497396681807,-0.08400000000000007,-0.0040000000000000036,-0.028000000000000025
2011-11-09,45,11,2011,147.0,82.0,135.47,144.93,152.02,2011-11-07,3.887,3.796,2,-0.004999999999999893,0.06199999999999983,0.16599999999999993,-0.001284686536485058,0.04461166353130874,3.8512500000000003,3.81175,3.8211666666666666,0.04528704744913492,0.060570502014618596,-0.01200000000000001,0.05099999999999971,0.14500000000000002,-0.0031512605042016695,0.03971514653519592,3.76875,3.73925,3.75325,0.039474675425928175,0.0518672756728571,-0.09100000000000019,-0.007000000000000117,-0.020999999999999908
2011-11-16,46,11,2011,150.0,81.0,135.47,143.66,147.27,2011-11-14,3.987,3.882,2,0.10000000000000009,0.0950000000000002,0.18599999999999994,0.02572678157962449,0.048934490923441265,3.8977500000000003,3.831,3.8359166666666673,0.06684995636991396,0.08699589481293331,0.0860000000000003,0.07400000000000029,0.15600000000000014,0.022655426765015863,0.041867954911433136,3.80775,3.7538750000000003,3.7624166666666663,0.05653538714806802,0.0725405059260678,-0.10499999999999998,-0.01399999999999979,-0.029999999999999805
2011-11-23,47,11,2011,151.0,83.0,129.35,146.2,152.02,2011-11-21,4.01,3.903,2,0.022999999999999687,0.12299999999999978,0.1849999999999996,0.0057687484324051574,0.04836601307189525,3.944,3.859,3.8517500000000005,0.06366055817112047,0.10469138319032283,0.020999999999999908,0.1070000000000002,0.15799999999999992,0.005409582689335446,0.04218958611481982,3.84725,3.7755,3.7740833333333335,0.05317502546604758,0.0884485322498499,-0.10699999999999976,-0.0019999999999997797,-0.02699999999999969
2011-11-30,48,11,2011,150.0,84.0,123.85,144.93,147.27,2011-11-28,3.964,3.859,2,-0.04599999999999982,-0.02300000000000013,0.07200000000000006,-0.011471321695760595,0.018499486125385323,3.962,3.885875,3.85975,0.05341036104220146,0.09990629538302484,-0.04400000000000004,-0.02300000000000013,0.051000000000000156,-0.011273379451703813,0.013392857142857206,3.86,3.7962499999999997,3.779,0.04629614814770943,0.08576004730814689,-0.10499999999999998,0.0019999999999997797,-0.020999999999999908
2011-12-07,49,12,2011,148.0,85.0,128.43,142.38,140.14,2011-12-05,3.931,3.828,2,-0.03299999999999992,-0.07899999999999974,0.04400000000000004,-0.008324924318869775,0.01131978389503474,3.973,3.912125,3.8655000000000004,0.03371448748918091,0.0748416184830357,-0.03100000000000014,-0.07500000000000018,0.03200000000000003,-0.008033169214822555,0.008429926238145313,3.868,3.818375,3.782166666666667,0.03215587038133517,0.06265309820188923,-0.1030000000000002,0.0019999999999997797,-0.01200000000000001
2011-12-14,50,12,2011,147.0,88.0,116.2,142.38,140.14,2011-12-12,3.894,3.794,2,-0.03699999999999992,-0.06999999999999984,-0.09299999999999997,-0.009412363266344426,-0.02332580887885627,3.94975,3.92375,3.8705833333333337,0.049304327058165016,0.06107080200194112,-0.03399999999999981,-0.06499999999999995,-0.08800000000000008,-0.008881922675026077,-0.022668727460072202,3.846,3.8268750000000002,3.7845833333333334,0.046353712544392266,0.05204513837604129,-0.10000000000000009,0.0030000000000001137,0.004999999999999893
2011-12-21,51,12,2011,144.0,86.0,107.94,146.2,142.52,2011-12-19,3.828,3.727,2,-0.06600000000000028,-0.1030000000000002,-0.18199999999999994,-0.016949152542372947,-0.04538653366583545,3.90425,3.924125,3.874083333333333,0.058323094339428935,0.06038315162375552,-0.06700000000000017,-0.10099999999999998,-0.17600000000000016,-0.017659462308908802,-0.045093517806815364,3.802,3.8246249999999997,3.784333333333333,0.056609775362994434,0.05630513171241785,-0.10099999999999998,-0.0009999999999998899,0.005999999999999783
2011-12-28,52,12,2011,143.0,84.0,104.58,144.93,137.77,2011-12-26,3.791,3.708,2,-0.03699999999999992,-0.1030000000000002,-0.17300000000000004,-0.009665621734587182,-0.04364278506559027,3.8609999999999998,3.9115,3.8775833333333334,0.06318755151657604,0.07647408524659283,-0.018999999999999684,-0.08599999999999985,-0.1509999999999998,-0.005097933995170334,-0.03912930811090953,3.76425,3.812125,3.7855833333333333,0.056275364651409795,0.06996619081494095,-0.08299999999999974,0.018000000000000238,0.02200000000000024
2012-01-04,1,1,2012,143.0,84.0,104.89,142.38,140.14,2012-01-02,3.783,3.709,2,-0.008000000000000007,-0.04499999999999993,-0.14800000000000013,-0.0021102611448167163,-0.037649453065377814,3.824,3.8985,3.88275,0.05061620293931462,0.08904092157150627,0.0009999999999998899,-0.017999999999999794,-0.11899999999999977,0.00026968716289110795,-0.03108672936259138,3.7345,3.80125,3.7904166666666668,0.040616088766023635,0.07900768497889407,-0.07399999999999984,0.008999999999999897,0.02900000000000036
2012-01-11,2,1,2012,144.0,83.0,111.0,142.38,137.77,2012-01-09,3.828,3.75,2,0.04499999999999993,0.03699999999999992,-0.06600000000000028,0.011895321173671647,-0.016949152542372947,3.8075,3.878625,3.885,0.023895606290574387,0.08407129202572382,0.040999999999999925,0.041999999999999815,-0.04400000000000004,0.011054192504718285,-0.011597258829731172,3.7235,3.78475,3.7924166666666665,0.019706175004711397,0.07331293006213571,-0.07799999999999985,-0.0040000000000000036,0.02200000000000024
2012-01-18,3,1,2012,145.0,83.0,110.7,129.67,128.27,2012-01-16,3.854,3.777,2,0.026000000000000245,0.07100000000000017,0.026000000000000245,0.006792058516196464,0.006792058516196464,3.814,3.859125,3.8874166666666667,0.033095820481253625,0.06522584391407363,0.027000000000000135,0.06800000000000006,0.050000000000000266,0.007200000000000095,0.0134156157767642,3.7359999999999998,3.769,3.795083333333333,0.03361547262768782,0.05569816616636147,-0.07699999999999996,0.0009999999999998899,0.02400000000000002
2012-01-25,4,1,2012,145.0,85.0,117.73,129.67,128.27,2012-01-23,3.848,3.774,2,-0.006000000000000227,0.020000000000000018,0.05699999999999994,-0.0015568240788791377,0.015035610656818799,3.82825,3.844625,3.8837499999999996,0.032149390870234565,0.04960396729542855,-0.0030000000000001137,0.02400000000000002,0.06599999999999984,-0.000794281175536149,0.017799352750808906,3.7525,3.758375,3.7922499999999997,0.031416556144533495,0.04265789995512356,-0.07399999999999984,0.0030000000000001137,0.008999999999999897
2012-02-01,5,1,2012,145.0,84.0,141.28,124.59,123.52,2012-01-30,3.85,3.776,2,0.002000000000000224,-0.0040000000000000036,0.06700000000000017,0.0005197505197505059,0.017710811525244452,3.845,3.8345000000000002,3.8806666666666665,0.011604596790072884,0.035801037495185116,0.0019999999999997797,-0.001000000000000334,0.06699999999999973,0.0005299417064121847,0.01806416823941759,3.76925,3.751875,3.7905833333333336,0.012893796957545469,0.033515188454680704,-0.07400000000000029,-4.440892098500626e-16,-4.440892098500626e-16
2012-02-08,6,2,2012,146.0,86.0,120.79,119.5,118.76,2012-02-06,3.856,3.775,2,0.005999999999999783,0.008000000000000007,0.028000000000000025,0.0015584415584415368,0.007314524555903867,3.852,3.8297499999999998,3.86975,0.0036514837157948427,0.028569464218491124,-0.0009999999999998899,0.0009999999999998899,0.02499999999999991,-0.00026483050847458944,0.006666666666666599,3.7755,3.7495000000000003,3.7816666666666667,0.0012909944418913171,0.03065475959331911,-0.08099999999999996,-0.006999999999999673,-0.0030000000000001137
2012-02-15,7,2,2012,149.0,85.0,129.35,127.13,137.77,2012-02-13,3.943,3.86,2,0.08700000000000019,0.09299999999999997,0.08899999999999997,0.022562240663900557,0.023092890503373154,3.87425,3.844125,3.8641666666666663,0.04595922105511571,0.049110480406239755,0.08499999999999996,0.08400000000000007,0.08299999999999974,0.02251655629139071,0.021975112523166418,3.7962499999999997,3.766125,3.7780833333333335,0.04250784241347369,0.047914917152429425,-0.08300000000000018,-0.002000000000000224,-0.006000000000000227
2012-02-22,8,2,2012,149.0,85.0,123.85,127.13,137.77,2012-02-20,3.96,3.886,2,0.016999999999999904,0.10400000000000009,0.1120000000000001,0.004311437991377121,0.02910602910602922,3.90225,3.8652499999999996,3.8638333333333335,0.05734326464365706,0.05845327804582991,0.026000000000000245,0.11100000000000021,0.1120000000000001,0.006735751295336767,0.029676735559088563,3.82425,3.788375,3.7803333333333335,0.057285105684767794,0.05744795781533707,-0.07399999999999984,0.009000000000000341,0.0
2012-02-29,9,2,2012,153.0,86.0,117.12,124.59,137.77,2012-02-27,4.051,3.992,2,0.09100000000000019,0.1080000000000001,0.20100000000000007,0.0229797979797981,0.05220779220779215,3.9525,3.89875,3.8738333333333332,0.07991870869822415,0.07808191669204288,0.10599999999999987,0.13200000000000012,0.2160000000000002,0.027277406073082933,0.05720338983050843,3.87825,3.82375,3.794,0.0894292085021122,0.08302624369961,-0.05900000000000016,0.01499999999999968,0.015000000000000124
2012-03-07,10,3,2012,154.0,86.0,106.11,124.59,142.52,2012-03-05,4.094,4.02,2,0.04300000000000015,0.13400000000000034,0.23800000000000043,0.010614663046161432,0.06172199170124504,4.0120000000000005,3.9320000000000004,3.8905,0.07236481649708788,0.09779716618748811,0.02799999999999958,0.13399999999999945,0.24499999999999966,0.007014028056112176,0.06490066225165547,3.9395,3.8575,3.8128333333333337,0.07835602508197251,0.10157052440832086,-0.07400000000000073,-0.015000000000000568,0.006999999999999229
2012-03-14,11,3,2012,156.0,86.0,105.5,124.59,142.52,2012-03-12,4.123,4.036,2,0.028999999999999915,0.07200000000000006,0.18000000000000016,0.007083536883243813,0.04565051990869895,4.057,3.965625,3.9150833333333335,0.07111024305018519,0.11231452965420846,0.016000000000000014,0.043999999999999595,0.1759999999999997,0.003980099502487455,0.04559585492227969,3.9835,3.889875,3.838583333333333,0.0674956788738811,0.11289241085467745,-0.08700000000000063,-0.0129999999999999,-0.004000000000000448
2012-03-21,12,3,2012,158.0,85.0,110.7,124.59,137.77,2012-03-19,4.142,4.053,2,0.019000000000000128,0.04800000000000004,0.18200000000000038,0.004608294930875667,0.04595959595959598,4.1025,4.002375,3.9443333333333332,0.0396021884915757,0.11635529025981628,0.017000000000000348,0.03300000000000036,0.16699999999999982,0.004212091179385702,0.04297478126608323,4.02525,3.9247499999999995,3.8673333333333333,0.02594063736004771,0.11505619744906588,-0.08900000000000041,-0.0019999999999997797,-0.015000000000000568
2012-03-28,13,3,2012,158.0,85.0,107.94,129.67,140.14,2012-03-26,4.147,4.055,2,0.004999999999999893,0.02400000000000002,0.09600000000000009,0.0012071463061322785,0.02369785238212785,4.1265,4.0395,3.9746666666666663,0.024006943439802888,0.10786367056886671,0.0019999999999997797,0.019000000000000128,0.06299999999999972,0.000493461633358061,0.01578156312625234,4.0409999999999995,3.959625,3.8961666666666663,0.016391054470206515,0.10540661066289159,-0.09200000000000053,-0.0030000000000001137,-0.03300000000000036
2012-04-04,14,4,2012,156.0,85.0,99.38,129.67,140.14,2012-04-02,4.142,4.049,2,-0.004999999999999893,0.0,0.04800000000000004,-0.0012056908608631955,0.01172447484123107,4.1385000000000005,4.0752500000000005,4.0008333333333335,0.01059874206317468,0.08285227818242309,-0.005999999999999339,-0.0039999999999995595,0.029000000000000803,-0.001479654747225445,0.007213930348259012,4.0482499999999995,3.993875,3.9210833333333337,0.008539125637040167,0.07772743126746452,-0.09299999999999997,-0.0009999999999994458,-0.01899999999999924
2012-04-11,15,4,2012,157.0,85.0,97.85,129.67,137.77,2012-04-09,4.148,4.063,2,0.005999999999999339,0.0009999999999994458,0.024999999999999467,0.0014485755673585565,0.0060635459616782406,4.14475,4.100875,4.025333333333333,0.003201562116886135,0.06611772509279347,0.013999999999999346,0.008000000000000007,0.027000000000000135,0.0034576438626818806,0.0066897918731416706,4.055,4.0192499999999995,3.9449166666666664,0.005887840575714578,0.0585485146817442,-0.08499999999999996,0.008000000000000007,0.002000000000000668
2012-04-18,16,4,2012,156.0,82.0,100.3,133.49,140.14,2012-04-16,4.127,4.038,2,-0.020999999999999908,-0.015000000000000568,-0.015000000000000568,-0.005062680810028919,-0.0036214389183970574,4.141,4.1217500000000005,4.048583333333334,0.009695359714231248,0.03370353944982981,-0.024999999999999467,-0.01100000000000012,-0.01499999999999968,-0.006153088850602839,-0.0037009622501850137,4.05125,4.03825,3.9669166666666666,0.010531698184295673,0.02300155274283251,-0.08899999999999952,-0.0039999999999995595,8.881784197001252e-16
2012-04-25,17,4,2012,154.0,85.0,98.77,136.03,142.52,2012-04-23,4.085,3.993,2,-0.041999999999999815,-0.06299999999999972,-0.06200000000000028,-0.010176883935061776,-0.014950566674704624,4.1255,4.126,4.068166666666667,0.02840774542248246,0.024354524367364017,-0.04500000000000037,-0.06999999999999984,-0.06199999999999983,-0.011144130757800963,-0.015289765721331672,4.03575,4.038375,3.985,0.03028063187328443,0.022715240321577485,-0.09200000000000008,-0.0030000000000005578,4.440892098500626e-16
2012-05-02,18,4,2012,154.0,83.0,103.05,137.3,144.89,2012-04-30,4.073,3.98,2,-0.011999999999999567,-0.05399999999999938,-0.06899999999999995,-0.0029375764993878617,-0.01665861902462573,4.10825,4.123375,4.086250000000001,0.03518877661966721,0.02898737409908873,-0.0129999999999999,-0.058000000000000274,-0.0690000000000004,-0.0032556974705735264,-0.017041244751790696,4.0184999999999995,4.0333749999999995,4.002083333333333,0.038699698534299214,0.030429954697091026,-0.09300000000000042,-0.001000000000000334,-4.440892098500626e-16
2012-05-09,19,5,2012,153.0,86.0,107.03,132.21,137.77,2012-05-07,4.057,3.962,2,-0.016000000000000014,-0.02799999999999958,-0.0909999999999993,-0.0039283083722072565,-0.021938283510125167,4.0855,4.115125000000001,4.09575,0.029949958263564086,0.03730736235291805,-0.017999999999999794,-0.030999999999999694,-0.10099999999999953,-0.004522613065326531,-0.024858478956436003,3.99325,4.024125,4.010583333333334,0.0324281256521667,0.03943326188469578,-0.0950000000000002,-0.0019999999999997797,-0.010000000000000231
2012-05-16,20,5,2012,151.0,86.0,104.89,127.13,125.89,2012-05-14,4.004,3.915,2,-0.053000000000000824,-0.06900000000000084,-0.12300000000000022,-0.013063840276066219,-0.029803731524109534,4.05475,4.097875,4.099416666666667,0.03572464135565027,0.0520835523806607,-0.04700000000000015,-0.06499999999999995,-0.12300000000000022,-0.011862695608278684,-0.03046062407132244,3.9625,4.006875,4.013,0.034122328954999205,0.05288650246392733,-0.08899999999999952,0.0060000000000006715,0.0
2012-05-23,21,5,2012,149.0,87.0,98.77,129.67,125.89,2012-05-21,3.956,3.861,2,-0.0479999999999996,-0.10100000000000042,-0.129,-0.011988011988011915,-0.03157894736842104,4.0225,4.074,4.0915,0.053244718047807366,0.06776429738451879,-0.053999999999999826,-0.10099999999999998,-0.13199999999999967,-0.013793103448275779,-0.03305785123966931,3.9295,3.982625,4.002083333333333,0.05325723737966201,0.06952684476421311,-0.09499999999999975,-0.006000000000000227,-0.0029999999999996696
2012-05-30,22,5,2012,147.0,87.0,100.91,127.13,121.14,2012-05-28,3.897,3.802,2,-0.05900000000000016,-0.10699999999999976,-0.1760000000000006,-0.014914054600606685,-0.0432113920942796,3.9785,4.043374999999999,4.075083333333333,0.06821778849140518,0.08564534429855122,-0.05900000000000016,-0.11299999999999999,-0.17799999999999994,-0.015281015281015331,-0.04472361809045222,3.8850000000000002,3.9517499999999997,3.983916666666666,0.06902656493443447,0.08818122573109548,-0.09499999999999975,0.0,-0.0019999999999993356
2012-06-06,23,6,2012,145.0,86.0,87.15,123.32,114.01,2012-06-04,3.846,3.757,2,-0.05099999999999971,-0.10999999999999988,-0.2110000000000003,-0.013086989992301734,-0.05200887355188566,3.92575,4.005625,4.0520000000000005,0.06885915576977286,0.09852909287552779,-0.04499999999999993,-0.10400000000000009,-0.20500000000000007,-0.011835875854813271,-0.051741544674406836,3.83375,3.9135,3.960666666666667,0.06890270918704985,0.09876234100106099,-0.08899999999999997,0.005999999999999783,0.006000000000000227
2012-06-13,24,6,2012,143.0,83.0,86.85,124.59,116.39,2012-06-11,3.781,3.698,2,-0.06499999999999995,-0.11599999999999966,-0.22299999999999942,-0.01690067602704104,-0.05569430569430556,3.87,3.9623749999999998,4.021916666666667,0.07443565453907407,0.1125775129792292,-0.05900000000000016,-0.10400000000000009,-0.21700000000000008,-0.015704019164226812,-0.05542784163473824,3.7795,3.871,3.931083333333333,0.06903380814245552,0.11004414698530816,-0.08300000000000018,0.005999999999999783,0.005999999999999339
2012-06-20,25,6,2012,142.0,81.0,84.7,128.4,128.27,2012-06-18,3.729,3.654,2,-0.052000000000000046,-0.11699999999999999,-0.22699999999999987,-0.013752975403332424,-0.05738119312436807,3.81325,3.917875,3.987083333333333,0.07354080499963901,0.1266608942920982,-0.04400000000000004,-0.1030000000000002,-0.2070000000000003,-0.01189832341806385,-0.053613053613053685,3.7277500000000003,3.828625,3.8976666666666664,0.0650454968975574,0.12107133375474416,-0.07500000000000018,0.008000000000000007,0.019999999999999574
2012-06-27,26,6,2012,139.0,88.0,82.56,123.32,121.14,2012-06-25,3.678,3.601,2,-0.051000000000000156,-0.1030000000000002,-0.21899999999999986,-0.013676588897827857,-0.0561970746728252,3.7585,3.8685,3.9484166666666667,0.07190966555336027,0.13430987624579074,-0.052999999999999936,-0.09699999999999998,-0.20100000000000007,-0.014504652435686882,-0.05286691215149919,3.6774999999999998,3.78125,3.860333333333333,0.06619415885598136,0.1273642134084477,-0.07699999999999996,-0.0019999999999997797,0.017999999999999794
2012-07-04,27,7,2012,138.0,84.0,97.85,122.04,118.76,2012-07-02,3.648,3.568,2,-0.029999999999999805,-0.08099999999999996,-0.19799999999999995,-0.00815660685154973,-0.05148205928237126,3.709,3.817375,3.90675,0.05849786320881459,0.13008342103661016,-0.03299999999999992,-0.08599999999999985,-0.18900000000000006,-0.009164121077478438,-0.05030609528879426,3.63025,3.732,3.8190833333333334,0.057401364675864465,0.12360767428791315,-0.08000000000000007,-0.0030000000000001137,0.008999999999999897
2012-07-11,28,7,2012,139.0,85.0,107.94,124.59,128.27,2012-07-09,3.683,3.605,2,0.0349999999999997,0.004999999999999893,-0.09800000000000031,0.009594298245613864,-0.025919069029357367,3.6845,3.7772500000000004,3.86975,0.03345145736732111,0.11263055916206453,0.03699999999999992,0.0040000000000000036,-0.09299999999999997,0.010369955156950716,-0.025148729042725804,3.6069999999999998,3.6932500000000004,3.783,0.03544949458951316,0.10527481044530708,-0.07799999999999985,0.002000000000000224,0.0050000000000003375
2012-07-18,29,7,2012,139.0,87.0,125.07,128.4,135.39,2012-07-16,3.695,3.617,2,0.01200000000000001,0.04699999999999971,-0.03400000000000025,0.0032582134129786056,-0.009117725931885312,3.676,3.7446249999999996,3.8372499999999996,0.0199833263830426,0.08871936090852074,0.01200000000000001,0.04899999999999993,-0.03699999999999992,0.003328710124826717,-0.01012588943623427,3.59775,3.66275,3.7516666666666665,0.020966242708666937,0.08264511047680835,-0.07799999999999985,0.0,-0.0029999999999996696
2012-07-25,30,7,2012,143.0,84.0,107.03,129.67,137.77,2012-07-23,3.783,3.711,2,0.08800000000000008,0.10000000000000009,0.10499999999999998,0.023815967523680648,0.028548123980424167,3.70225,3.730375,3.813083333333333,0.057407171445130675,0.06732424207850306,0.09399999999999986,0.10599999999999987,0.10999999999999988,0.025988388166989118,0.030547070258261533,3.6252500000000003,3.6513750000000003,3.72925,0.06085159543226182,0.06515243115743144,-0.07200000000000006,0.005999999999999783,0.004999999999999893
2012-08-01,31,7,2012,143.0,85.0,108.56,128.4,133.02,2012-07-30,3.796,3.696,2,0.0129999999999999,0.10099999999999998,0.1479999999999997,0.0034364261168384758,0.04057017543859631,3.7392499999999997,3.724125,3.7913333333333337,0.058471503030648624,0.0565090068675706,-0.01499999999999968,0.07900000000000018,0.1280000000000001,-0.004042037186742009,0.03587443946188351,3.65725,3.64375,3.7070833333333333,0.05397761881852426,0.053563713730294824,-0.09999999999999964,-0.02799999999999958,-0.019999999999999574
2012-08-08,32,8,2012,145.0,87.0,93.27,127.13,133.02,2012-08-06,3.85,3.752,2,0.05400000000000027,0.06700000000000017,0.16700000000000026,0.01422550052687055,0.045343469997285,3.7809999999999997,3.7327500000000002,3.7784999999999997,0.06425470151406991,0.07006884369788881,0.055999999999999606,0.040999999999999925,0.1469999999999998,0.015151515151515138,0.04077669902912606,3.694,3.6505,3.6935,0.056527279549942785,0.06380102999623895,-0.09800000000000031,0.0019999999999993356,-0.020000000000000462
2012-08-15,33,8,2012,149.0,83.0,111.61,127.13,128.27,2012-08-13,3.965,3.856,2,0.11499999999999977,0.16900000000000004,0.27,0.029870129870129825,0.07307171853856564,3.8484999999999996,3.76225,3.7792499999999998,0.08290757906645593,0.10779047135207333,0.10400000000000009,0.1599999999999997,0.23899999999999988,0.02771855010660973,0.06607685927564266,3.7537499999999997,3.67575,3.6930833333333335,0.072158968026503,0.09681462404296692,-0.10899999999999999,-0.010999999999999677,-0.03100000000000014
2012-08-22,34,8,2012,152.0,83.0,100.91,127.13,128.27,2012-08-20,4.026,3.911,2,0.06099999999999994,0.1759999999999997,0.24299999999999988,0.01538461538461533,0.06423473433782712,3.90925,3.80575,3.7899999999999996,0.10499960317381811,0.13557259520804776,0.05500000000000016,0.15900000000000025,0.20000000000000018,0.014263485477178373,0.0538938291565616,3.80375,3.7145,3.702166666666667,0.09750341874339169,0.12151072850932484,-0.11499999999999977,-0.005999999999999783,-0.042999999999999705
2012-08-29,35,8,2012,154.0,84.0,133.94,127.13,125.89,2012-08-27,4.089,3.981,2,0.06300000000000061,0.12400000000000055,0.2930000000000006,0.015648286140089507,0.07718651211801908,3.9825,3.860875,3.81025,0.10181191809733144,0.15104156239739264,0.06999999999999984,0.125,0.2849999999999997,0.017898235745333668,0.07711038961038952,3.875,3.7661249999999997,3.720833333333333,0.09664712446135264,0.13710938021472852,-0.10800000000000054,0.006999999999999229,-0.008000000000000895
2012-09-05,36,9,2012,156.0,84.0,152.9,124.59,121.14,2012-09-03,4.127,4.026,2,0.03799999999999937,0.10099999999999998,0.2769999999999997,0.009293225727561527,0.07194805194805176,4.05175,3.9163750000000004,3.8390833333333334,0.07127119567765759,0.15776830887643867,0.04499999999999993,0.11499999999999977,0.274,0.01130369253956287,0.0730277185501067,3.9435000000000002,3.8187499999999996,3.7481666666666666,0.07511102892816203,0.14687774313551186,-0.10099999999999998,0.007000000000000561,-0.0029999999999996696
2012-09-12,37,9,2012,156.0,88.0,168.19,122.04,114.01,2012-09-10,4.132,4.021,2,0.004999999999999893,0.04299999999999926,0.16699999999999982,0.0012115338017930632,0.0421185372005044,4.0935,3.971,3.872666666666667,0.048925112842541835,0.14533311489723041,-0.004999999999999893,0.040000000000000036,0.16500000000000004,-0.0012419274714355888,0.04279045643153534,3.98475,3.86925,3.77875,0.053131127097461504,0.13670170863185016,-0.11099999999999977,-0.009999999999999787,-0.0019999999999997797
2012-09-19,38,9,2012,156.0,96.0,191.12,122.04,114.01,2012-09-17,4.135,4.028,2,0.0030000000000001137,0.008000000000000007,0.10899999999999999,0.0007260406582769718,0.027074018877297545,4.120749999999999,4.015,3.9107499999999997,0.02142234036362217,0.1330499369195762,0.006999999999999673,0.0019999999999997797,0.11699999999999955,0.0017408604824669105,0.029915622602914693,4.013999999999999,3.9088749999999997,3.8143333333333334,0.02219609575232089,0.13005980767108175,-0.1070000000000002,0.0039999999999995595,0.007999999999999563
2012-09-26,39,9,2012,154.0,97.0,185.92,119.5,114.01,2012-09-24,4.086,3.995,2,-0.04899999999999949,-0.045999999999999375,-0.0030000000000001137,-0.011850060459491996,-0.0007336757153338924,4.12,4.05125,3.9472500000000004,0.02290560338988898,0.10034476283588045,-0.032999999999999474,-0.0259999999999998,0.014000000000000234,-0.008192651439920429,0.0035167043456418856,4.0175,3.94625,3.8499166666666667,0.0152861593163932,0.09952422533525068,-0.09100000000000019,0.016000000000000014,0.017000000000000348
2012-10-03,40,9,2012,154.0,96.0,193.57,119.5,114.01,2012-10-01,4.079,3.999,2,-0.007000000000000561,-0.05600000000000005,-0.04800000000000004,-0.0017131669114048842,-0.011630724497213474,4.108,4.0798749999999995,3.98025,0.029608557321408806,0.05879367677386103,0.0040000000000000036,-0.02899999999999947,-0.02699999999999969,0.0010012515644555187,-0.006706408345752535,4.01075,3.9771249999999996,3.8827499999999997,0.01621470525930864,0.06182795830837239,-0.07999999999999963,0.011000000000000565,0.02100000000000035
2012-10-10,41,10,2012,154.0,97.0,156.87,124.59,128.27,2012-10-08,4.094,3.999,2,0.015000000000000568,0.008000000000000007,-0.03799999999999937,0.0036773719048788234,-0.009196515004840089,4.0985,4.096,4.0135,0.0250931597582957,0.03609511245134226,0.0,0.0040000000000000036,-0.021999999999999797,0.0,-0.0054712758020392105,4.00525,3.995,3.9145833333333333,0.015283433295990677,0.03781534080251633,-0.0950000000000002,-0.015000000000000568,0.01599999999999957
2012-10-17,42,10,2012,157.0,92.0,152.9,124.59,128.27,2012-10-15,4.15,4.022,2,0.05600000000000005,0.07100000000000062,0.015000000000000568,0.013678553981436359,0.0036275695284160303,4.10225,4.1114999999999995,4.044083333333333,0.03241784487986964,0.027292071062400714,0.02300000000000013,0.02300000000000013,-0.005999999999999339,0.0057514378594649695,-0.00148957298907626,4.00375,4.008875,3.9405,0.01231191834415051,0.017496428207222584,-0.1280000000000001,-0.03299999999999992,-0.020999999999999908
2012-10-24,43,10,2012,155.0,90.0,179.81,124.59,133.02,2012-10-22,4.116,3.999,2,-0.034000000000000696,0.021999999999999353,0.02999999999999936,-0.008192771084337469,0.007342143906020393,4.10975,4.114875,4.07075,0.030836936726191564,0.02573734085533554,-0.02300000000000013,0.0,0.0040000000000000036,-0.0057185479860766275,0.0010012515644555187,4.0047500000000005,4.011125,3.96575,0.011499999999116654,0.014257203693338877,-0.11699999999999955,0.011000000000000565,-0.025999999999999357
2012-10-31,44,10,2012,152.0,90.0,167.27,120.77,128.27,2012-10-29,4.03,3.945,2,-0.08599999999999941,-0.1200000000000001,-0.04899999999999949,-0.020894071914479895,-0.012012748222603453,4.0975,4.1027499999999995,4.08575,0.0505536019157425,0.03876209488685971,-0.05400000000000027,-0.0770000000000004,-0.05400000000000027,-0.013503375843961107,-0.013503375843961107,3.99125,4.001,3.981833333333334,0.03268409399050112,0.02606036947461277,-0.08500000000000041,0.03199999999999914,-0.005000000000000782
2012-11-07,45,11,2012,151.0,90.0,181.95,119.5,125.89,2012-11-05,4.01,3.92,2,-0.020000000000000462,-0.10599999999999987,-0.08400000000000052,-0.004962779156327701,-0.020517830972154538,4.0765,4.0875,4.0895,0.06719871030500349,0.04840897201393961,-0.02499999999999991,-0.07900000000000018,-0.07900000000000018,-0.006337135614702172,-0.019754938734683702,3.9715000000000003,3.988375,3.987166666666667,0.04712041312757743,0.03710963486765173,-0.08999999999999986,-0.004999999999999449,0.0050000000000003375
2012-11-14,46,11,2012,150.0,90.0,162.99,116.96,123.52,2012-11-12,3.98,3.875,2,-0.029999999999999805,-0.050000000000000266,-0.17000000000000037,-0.007481296758104716,-0.04096385542168679,4.034,4.068125,4.085666666666667,0.05840091323478227,0.056947187313113344,-0.04499999999999993,-0.06999999999999984,-0.14700000000000024,-0.011479591836734637,-0.03654898060666345,3.93475,3.96925,3.984166666666667,0.05170670491642407,0.050705733685470065,-0.10499999999999998,-0.015000000000000124,0.02300000000000013
2012-11-21,47,11,2012,150.0,91.0,183.48,116.96,123.52,2012-11-19,3.976,3.865,2,-0.0040000000000000036,-0.03399999999999981,-0.13999999999999968,-0.0010050251256281673,-0.0340136054421768,3.999,4.054375,4.07625,0.02563851269718844,0.06475875561334543,-0.009999999999999787,-0.054999999999999716,-0.1339999999999999,-0.002580645161290307,-0.03350837709427357,3.90125,3.9530000000000003,3.9744999999999995,0.03772156765894016,0.06105033052452048,-0.11099999999999977,-0.005999999999999783,0.005999999999999783
2012-11-28,48,11,2012,152.0,91.0,187.45,118.23,125.89,2012-11-26,4.034,3.902,2,0.05799999999999983,0.053999999999999826,0.0039999999999995595,0.014587525150905334,0.0009925558312653404,4.0,4.04875,4.068499999999999,0.027276363393798284,0.06426674323265351,0.03699999999999992,0.027000000000000135,-0.042999999999999705,0.009573091849935267,-0.010899873257287584,3.8905000000000003,3.940875,3.964166666666667,0.0251197133737929,0.06023629067510735,-0.13199999999999967,-0.020999999999999908,-0.046999999999999265
2012-12-05,49,12,2012,152.0,90.0,175.83,118.23,123.52,2012-12-03,4.027,3.901,2,-0.006999999999999673,0.051000000000000156,0.017000000000000348,-0.001735250371839303,0.004239401496259454,4.00425,4.040375,4.05975,0.030489069079324263,0.061847594941254254,-0.001000000000000334,0.03599999999999959,-0.019000000000000128,-0.00025627883136858376,-0.0048469387755102344,3.88575,3.928625,3.954166666666667,0.018643586921912866,0.05658101019154747,-0.12600000000000033,0.005999999999999339,-0.036000000000000476
2012-12-12,50,12,2012,151.0,90.0,183.48,115.69,118.76,2012-12-10,3.991,3.874,2,-0.03600000000000003,-0.042999999999999705,0.01100000000000012,-0.008939657313136284,0.0027638190954775155,4.007,4.0205,4.04775,0.027964262908047953,0.04477882152491453,-0.02699999999999969,-0.028000000000000025,-0.0009999999999998899,-0.006921302230197268,-0.0002580645161289752,3.8855,3.9101250000000003,3.941333333333333,0.018841443680928247,0.04462042293465377,-0.11699999999999999,0.009000000000000341,-0.01200000000000001
2012-12-19,51,12,2012,149.0,93.0,175.83,114.42,114.01,2012-12-17,3.945,3.847,2,-0.04600000000000026,-0.0820000000000003,-0.03100000000000014,-0.011525933350037598,-0.0077967806841046094,3.99925,3.999125,4.036,0.04077887525002642,0.031534278401492616,-0.027000000000000135,-0.053999999999999826,-0.018000000000000238,-0.006969540526587492,-0.004657179818887469,3.8810000000000002,3.8911249999999997,3.9290000000000003,0.026115129714050313,0.03192597464687717,-0.09799999999999986,0.019000000000000128,0.0129999999999999
2012-12-26,52,12,2012,148.0,94.0,172.16,113.15,114.01,2012-12-24,3.923,3.833,2,-0.021999999999999797,-0.06800000000000006,-0.11099999999999977,-0.005576679340937862,-0.02751611303916701,3.9715,3.98575,4.023000000000001,0.0466011444779808,0.038492114220446016,-0.01399999999999979,-0.040999999999999925,-0.06899999999999995,-0.0036391993761372143,-0.017683239364428505,3.8637499999999996,3.877125,3.9151666666666665,0.030103986446681205,0.02938142027120215,-0.08999999999999986,0.008000000000000007,0.041999999999999815
2013-01-02,53,12,2012,148.0,94.0,152.9,113.15,114.01,2012-12-31,3.918,3.83,2,-0.004999999999999893,-0.02699999999999969,-0.10899999999999999,-0.0012745347947998864,-0.027067295753662735,3.94425,3.97425,4.008333333333334,0.033300400397863625,0.043614381638757485,-0.0030000000000001137,-0.016999999999999904,-0.07099999999999973,-0.0007826767545003888,-0.01820046142014864,3.846,3.865875,3.9010833333333337,0.02008316044141507,0.027807694207772543,-0.08800000000000008,0.0019999999999997797,0.038000000000000256
2013-01-09,1,1,2013,148.0,92.0,114.06,113.15,114.01,2013-01-07,3.911,3.837,2,-0.007000000000000117,-0.01200000000000001,-0.08000000000000007,-0.0017866258295048398,-0.020045101478326277,3.92425,3.965625,3.988416666666667,0.014682756325874092,0.04882603959849668,0.007000000000000117,0.0040000000000000036,-0.03699999999999992,0.0018276762402089641,-0.009550851832730967,3.8367500000000003,3.861125,3.885666666666667,0.007410578023954509,0.029235191611849343,-0.07399999999999984,0.014000000000000234,0.04300000000000015
2013-01-16,2,1,2013,147.0,92.0,106.42,118.23,128.27,2013-01-14,3.894,3.824,2,-0.016999999999999904,-0.02400000000000002,-0.05099999999999971,-0.004346714395295326,-0.012927756653992373,3.9114999999999998,3.955375,3.9699166666666668,0.012662279941826601,0.05460229587025119,-0.013000000000000345,-0.006000000000000227,-0.02300000000000013,-0.0033880635913474677,-0.005978684689368352,3.831,3.8560000000000003,3.871083333333333,0.005477225573459631,0.031928491530898835,-0.07000000000000028,0.0039999999999995595,0.02799999999999958
2013-01-23,3,1,2013,147.0,92.0,101.83,116.96,114.01,2013-01-21,3.902,3.831,2,0.008000000000000007,-0.008999999999999897,-0.020999999999999908,0.0020544427324087344,-0.005353046138159567,3.90625,3.9388750000000003,3.9592500000000004,0.010468205831242621,0.04684148802094799,0.007000000000000117,-0.006000000000000227,-0.002000000000000224,0.0018305439330543738,-0.0005217845030003332,3.8305,3.847125,3.8615833333333334,0.005322906472586442,0.02676584977720304,-0.07100000000000017,-0.0009999999999998899,0.018999999999999684
2013-01-30,4,1,2013,148.0,91.0,100.91,116.96,114.01,2013-01-28,3.927,3.845,2,0.02499999999999991,0.03299999999999992,0.008999999999999897,0.006406970784213151,0.0022970903522205877,3.9085,3.926375,3.9523333333333333,0.014153915830088367,0.03043464895738696,0.014000000000000234,0.02100000000000035,0.015000000000000124,0.0036543983294179405,0.003916449086161844,3.8342500000000004,3.840125,3.855333333333333,0.008920949126400967,0.015697474774491318,-0.08199999999999985,-0.010999999999999677,0.006000000000000227
2013-02-06,5,2,2013,152.0,92.0,98.77,116.96,114.01,2013-02-04,4.022,3.941,2,0.0950000000000002,0.1200000000000001,0.11100000000000021,0.02419149477973015,0.02838148811045782,3.9362500000000002,3.93025,3.955833333333333,0.0588692053057012,0.040234136181882534,0.09599999999999964,0.10999999999999988,0.10399999999999965,0.02496749024707401,0.027104508730779076,3.8602499999999997,3.8485,3.8608333333333333,0.054536684900917905,0.03815756805681012,-0.0810000000000004,0.0009999999999994458,-0.007000000000000561
2013-02-13,6,2,2013,155.0,94.0,99.38,116.96,114.01,2013-02-11,4.104,3.997,2,0.08199999999999985,0.17700000000000005,0.20999999999999996,0.020387866732968662,0.05392912172573183,3.9887500000000005,3.9501250000000003,3.9665,0.09260444553758719,0.07381722118092682,0.05600000000000005,0.1519999999999997,0.17300000000000004,0.014209591474245054,0.04524058577405854,3.9034999999999997,3.8672500000000003,3.8718333333333335,0.07921910543958363,0.0648399127522888,-0.1070000000000002,-0.0259999999999998,-0.03699999999999992
2013-02-20,7,2,2013,157.0,96.0,99.38,118.23,116.39,2013-02-18,4.157,4.068,2,0.052999999999999936,0.1349999999999998,0.2549999999999999,0.0129142300194931,0.06535110199897476,4.0525,3.979375,3.9767500000000005,0.1004207813817583,0.1023717839195651,0.07099999999999973,0.12699999999999978,0.23699999999999966,0.017763322491868738,0.061863743148003136,3.9627499999999998,3.896625,3.885666666666667,0.09414306488874653,0.09384932833314055,-0.08900000000000041,0.017999999999999794,-0.018000000000000238
2013-02-27,8,2,2013,157.0,92.0,99.99,118.23,118.76,2013-02-25,4.159,4.089,2,0.0019999999999997797,0.054999999999999716,0.23199999999999976,0.0004811161895597049,0.05907817672523552,4.1105,4.0095,3.98775,0.0642624825746347,0.11624973118255914,0.021000000000000796,0.09200000000000053,0.24400000000000022,0.005162241887905816,0.06345903771131334,4.02375,3.9290000000000003,3.901333333333333,0.06777106068703395,0.11073649546821375,-0.0699999999999994,0.019000000000001016,0.012000000000000455
2013-03-06,9,3,2013,156.0,92.0,99.38,119.5,118.76,2013-03-04,4.13,4.065,2,-0.028999999999999915,-0.027000000000000135,0.10799999999999965,-0.006972830007213271,0.026852312282446444,4.1375,4.036875,3.999333333333334,0.025955089417198884,0.11552419350825108,-0.02400000000000002,-0.0029999999999992255,0.12400000000000055,-0.005869405722670584,0.03146409540725714,4.05475,3.9575,3.9172500000000006,0.039953097501675486,0.11299304656233923,-0.0649999999999995,0.004999999999999893,0.016000000000000902
2013-03-13,10,3,2013,154.0,92.0,99.38,122.04,118.76,2013-03-11,4.088,4.036,2,-0.041999999999999815,-0.07099999999999973,-0.016000000000000014,-0.01016949152542368,-0.003898635477582846,4.1335,4.0611250000000005,4.01125,0.03309078421537029,0.10065278010504725,-0.029000000000000803,-0.053000000000000824,0.0389999999999997,-0.007134071340713644,0.009757317988491332,4.0645,3.984,3.933,0.021794494717203138,0.10148469272335268,-0.05200000000000049,0.012999999999999012,0.054999999999999716
2013-03-20,11,3,2013,154.0,93.0,93.88,122.04,118.76,2013-03-18,4.047,3.989,2,-0.04100000000000037,-0.08300000000000018,-0.11000000000000032,-0.010029354207436447,-0.02646139042578788,4.106,4.07925,4.021583333333333,0.04895576234372595,0.07852888458588862,-0.04699999999999971,-0.07600000000000051,-0.07899999999999974,-0.011645193260654052,-0.01941986234021631,4.0447500000000005,4.00375,3.946,0.043022281048838214,0.08070183216195426,-0.05799999999999983,-0.005999999999999339,0.031000000000000583
2013-03-27,12,3,2013,151.0,91.0,89.6,124.59,123.52,2013-03-25,4.006,3.935,2,-0.04099999999999948,-0.08199999999999985,-0.15299999999999958,-0.010130961205831346,-0.03678768934840093,4.06775,4.089125,4.0289166666666665,0.053319008492807664,0.0592487190942045,-0.053999999999999826,-0.10099999999999953,-0.15400000000000036,-0.013537227375281957,-0.037662020053802925,4.00625,4.015,3.9547499999999993,0.05689390711355571,0.05867829971252935,-0.07100000000000017,-0.013000000000000345,-0.001000000000000778
2013-04-03,13,3,2013,151.0,90.0,80.42,124.59,123.52,2013-04-01,3.993,3.915,2,-0.013000000000000345,-0.053999999999999826,-0.137,-0.0032451323015477707,-0.03317191283292975,4.0335,4.085500000000001,4.03575,0.04300775123924478,0.06458880929179985,-0.020000000000000018,-0.07399999999999984,-0.15000000000000036,-0.0050825921219822545,-0.03690036900369009,3.9687499999999996,4.01175,3.96125,0.054652691302867776,0.06385418657275102,-0.07799999999999985,-0.006999999999999673,-0.013000000000000345
2013-04-10,14,4,2013,150.0,89.0,87.15,120.77,118.76,2013-04-08,3.977,3.888,2,-0.016000000000000014,-0.02900000000000036,-0.11100000000000021,-0.004007012271475041,-0.02715264187866928,4.00575,4.069625,4.042666666666666,0.02994856702176747,0.07427350517813584,-0.027000000000000135,-0.04700000000000015,-0.1479999999999997,-0.006896551724137945,-0.036669970267591556,3.9317499999999996,3.998125,3.966583333333334,0.04275024366379582,0.07760051085994722,-0.08899999999999997,-0.01100000000000012,-0.03699999999999948
2013-04-17,15,4,2013,149.0,89.0,83.48,120.77,118.76,2013-04-15,3.942,3.852,2,-0.0349999999999997,-0.05099999999999971,-0.10499999999999954,-0.00880060346995215,-0.025945144551519528,3.9795,4.04275,4.046,0.027670682439321786,0.07698933135749907,-0.03600000000000003,-0.06300000000000017,-0.137,-0.0092592592592593,-0.03434444722988217,3.8975,3.971125,3.9683333333333333,0.03593048844618202,0.08684211864895389,-0.0900000000000003,-0.001000000000000334,-0.03200000000000047
2013-04-24,16,4,2013,147.0,89.0,0.0,120.77,118.76,2013-04-22,3.887,3.802,2,-0.05500000000000016,-0.08999999999999986,-0.11900000000000022,-0.013952308472856445,-0.029705441837244217,3.94975,4.00875,4.042666666666666,0.04694234051818248,0.07836498853817733,-0.04999999999999982,-0.08599999999999985,-0.133,-0.012980269989615767,-0.033799237611181754,3.8642499999999997,3.9352500000000004,3.96475,0.048869724779068,0.09039871996570986,-0.08499999999999996,0.0050000000000003375,-0.01399999999999979
2013-05-01,17,4,2013,145.0,91.0,0.0,118.23,116.39,2013-04-29,3.851,3.757,2,-0.03600000000000003,-0.09100000000000019,-0.1419999999999999,-0.009261641368664808,-0.03556223390934132,3.91425,3.973875,4.028416666666667,0.0561270879343685,0.0787771495151424,-0.04499999999999993,-0.09499999999999975,-0.15799999999999992,-0.011835875854813271,-0.04035759897828861,3.82475,3.89675,3.9494166666666666,0.05730255957037129,0.09280047721557604,-0.09399999999999986,-0.008999999999999897,-0.016000000000000014
2013-05-08,18,5,2013,145.0,92.0,88.07,114.42,114.01,2013-05-06,3.845,3.735,2,-0.005999999999999783,-0.041999999999999815,-0.13199999999999967,-0.0015580368735392813,-0.0331908473723912,3.88125,3.9435000000000002,4.006833333333334,0.04454492114700579,0.07525575440752032,-0.02200000000000024,-0.06700000000000017,-0.15300000000000002,-0.005855735959542252,-0.03935185185185186,3.7865,3.8591249999999997,3.927583333333333,0.051810552335568874,0.0892275381899474,-0.11000000000000032,-0.01600000000000046,-0.02100000000000035
2013-05-15,19,5,2013,146.0,92.0,85.01,114.42,114.01,2013-05-13,3.866,3.739,2,0.020999999999999908,0.015000000000000124,-0.07600000000000007,0.005461638491547349,-0.019279553526128868,3.86225,3.920875,3.982583333333333,0.018714967272034415,0.06637864867573151,0.0040000000000000036,-0.018000000000000238,-0.11299999999999999,0.0010709504685408877,-0.02933541017653163,3.75825,3.827875,3.900166666666667,0.030696090956080276,0.08060563167144523,-0.12700000000000022,-0.016999999999999904,-0.03699999999999992
2013-05-22,20,5,2013,147.0,92.0,83.48,113.15,111.64,2013-05-20,3.89,3.775,2,0.02400000000000002,0.04499999999999993,0.0030000000000001137,0.006207966890843242,0.000771803447388697,3.863,3.9063749999999997,3.9601666666666664,0.02004993765559652,0.05715627074722695,0.03600000000000003,0.040000000000000036,-0.027000000000000135,0.009628242845680646,-0.007101525512888007,3.7515,3.807875,3.874,0.018357559750252283,0.06928293440674808,-0.11500000000000021,0.01200000000000001,-0.03000000000000025
2013-05-29,21,5,2013,146.0,93.0,94.8,114.42,111.64,2013-05-27,3.88,3.775,2,-0.010000000000000231,0.01399999999999979,0.028999999999999915,-0.0025706940874036244,0.007530511555440045,3.8702500000000004,3.89225,3.9393333333333334,0.019499999999824876,0.04545562985736931,0.0,0.03600000000000003,0.017999999999999794,0.0,0.004791056694170903,3.756,3.790375,3.8498333333333328,0.02199999999963608,0.05445296135206687,-0.10499999999999998,0.010000000000000231,-0.01100000000000012
2013-06-05,22,6,2013,146.0,94.0,96.32,111.87,106.89,2013-06-03,3.869,3.77,2,-0.010999999999999677,-0.020999999999999908,0.02400000000000002,-0.0028350515463916315,0.006241872561768558,3.87625,3.87875,3.9210833333333333,0.010965856099414186,0.030150811408437575,-0.004999999999999893,-0.004999999999999893,0.03500000000000014,-0.0013245033112582183,0.009370816599732379,3.76475,3.775625,3.827666666666667,0.017327723450696064,0.03760675281319154,-0.0990000000000002,0.005999999999999783,0.01100000000000012
2013-06-12,23,6,2013,145.0,94.0,89.6,111.87,106.89,2013-06-10,3.849,3.748,2,-0.020000000000000018,-0.030999999999999694,-0.016999999999999904,-0.0051692943913156375,-0.004397309881013944,3.8720000000000003,3.867125,3.904583333333333,0.01756891193727724,0.017594134575027936,-0.021999999999999797,-0.02699999999999969,0.009000000000000341,-0.005835543766578244,0.0024070607114201614,3.7670000000000003,3.7626250000000003,3.807583333333333,0.012884098726094534,0.022289892007900672,-0.10099999999999998,-0.0019999999999997797,0.026000000000000245
2013-06-19,24,6,2013,145.0,95.0,90.21,115.69,114.01,2013-06-17,3.841,3.741,2,-0.008000000000000007,-0.028000000000000025,-0.04899999999999993,-0.002078461938165743,-0.012596401028277637,3.85975,3.8613750000000002,3.890833333333333,0.017914147109478282,0.017687263375939493,-0.007000000000000117,-0.028999999999999915,-0.03399999999999981,-0.001867662753468502,-0.009006622516556262,3.7585,3.755,3.7914166666666667,0.016542873591084268,0.016604646510053986,-0.10000000000000009,0.0009999999999998899,0.015000000000000124
2013-06-26,25,6,2013,145.0,93.0,98.77,116.96,114.01,2013-06-24,3.838,3.74,2,-0.0030000000000001137,-0.01100000000000012,-0.041999999999999815,-0.0007810466024472662,-0.010824742268041199,3.8492500000000005,3.85975,3.8779166666666662,0.013961255912711792,0.019300259066021615,-0.0009999999999998899,-0.008000000000000007,-0.0349999999999997,-0.0002673082063618937,-0.009271523178807861,3.74975,3.752875,3.776833333333333,0.01396125591237311,0.017381743296043545,-0.09799999999999986,0.002000000000000224,0.007000000000000117
2013-07-03,26,6,2013,144.0,93.0,93.88,116.96,114.01,2013-07-01,3.817,3.734,2,-0.020999999999999908,-0.02400000000000002,-0.052000000000000046,-0.0054715997915580905,-0.013440165417420546,3.83625,3.85625,3.8645833333333335,0.013647344063729031,0.024259018941736172,-0.006000000000000227,-0.007000000000000117,-0.03600000000000003,-0.0016042780748664054,-0.009549071618037197,3.7407500000000002,3.7527500000000003,3.764,0.0057373048246502495,0.017531604115616387,-0.08300000000000018,0.01499999999999968,0.016000000000000014
2013-07-10,27,7,2013,144.0,91.0,88.07,115.69,114.01,2013-07-08,3.828,3.753,2,0.010999999999999677,-0.010000000000000231,-0.02100000000000035,0.0028818443804032867,-0.005455962587685215,3.831,3.8514999999999997,3.8550833333333334,0.010862780490919167,0.0257515602858997,0.019000000000000128,0.0129999999999999,0.004999999999999893,0.005088377075522343,0.0013340448239060887,3.742,3.7545,3.7557500000000004,0.00795822425655361,0.01663902469697972,-0.07499999999999973,0.008000000000000451,0.026000000000000245
2013-07-17,28,7,2013,146.0,92.0,86.23,115.69,114.01,2013-07-15,3.867,3.798,2,0.039000000000000146,0.04999999999999982,0.0259999999999998,0.010188087774294807,0.006769070554543122,3.8375000000000004,3.8486249999999997,3.8534166666666665,0.021455380055527145,0.02182356197228805,0.04499999999999993,0.06400000000000006,0.05699999999999994,0.011990407673860837,0.015236567762630271,3.75625,3.757375,3.755416666666667,0.02894103200159488,0.021856267489692632,-0.06899999999999995,0.005999999999999783,0.03100000000000014
2013-07-24,29,7,2013,147.0,92.0,81.03,118.23,117.58,2013-07-22,3.903,3.841,2,0.03600000000000003,0.07500000000000018,0.06499999999999995,0.009309542280837801,0.016935904116727407,3.85375,3.8515,3.85775,0.03922053033799391,0.027360033417137813,0.04300000000000015,0.08800000000000008,0.10099999999999998,0.01132174828857302,0.027005347593582973,3.7815,3.765625,3.7624166666666667,0.04789224015067824,0.036804260234898904,-0.06199999999999983,0.007000000000000117,0.03600000000000003
2013-07-31,30,7,2013,148.0,92.0,78.89,116.96,114.01,2013-07-29,3.915,3.845,2,0.01200000000000001,0.04800000000000004,0.09799999999999986,0.003074558032282848,0.0256746135708672,3.87825,3.85725,3.863583333333333,0.03922053033798859,0.035257218106182965,0.0040000000000000036,0.04700000000000015,0.11100000000000021,0.0010413954699297623,0.029726834493840393,3.80925,3.7750000000000004,3.7715833333333335,0.043115155881079226,0.046383494601400906,-0.06999999999999984,-0.008000000000000007,0.013000000000000345
2013-08-07,31,8,2013,148.0,93.0,87.15,118.23,117.58,2013-08-05,3.909,3.841,2,-0.006000000000000227,0.005999999999999783,0.08099999999999996,-0.0015325670498085309,0.021159874608150497,3.8985,3.86475,3.8671666666666673,0.021563858652678954,0.039390898151203155,-0.0040000000000000036,0.0,0.08800000000000008,-0.001040312093628093,0.023447908339994772,3.83125,3.786625,3.7800833333333337,0.022246722604675497,0.05015102192388156,-0.06799999999999962,0.002000000000000224,0.007000000000000117
2013-08-14,32,8,2013,147.0,92.0,107.64,115.69,114.01,2013-08-12,3.896,3.824,2,-0.0129999999999999,-0.019000000000000128,0.028999999999999915,-0.0033256587362496814,0.0074993535040082104,3.9057500000000003,3.871625,3.8676666666666666,0.008139410297594749,0.039453182019252214,-0.017000000000000348,-0.02100000000000035,0.0259999999999998,-0.004425930747201323,0.006845708267509076,3.8377499999999998,3.797,3.784166666666667,0.00935859675998157,0.04789870263687097,-0.07200000000000006,-0.004000000000000448,-0.0030000000000001137
2013-08-21,33,8,2013,147.0,93.0,108.56,114.42,114.01,2013-08-19,3.9,3.822,2,0.0040000000000000036,-0.008999999999999897,-0.0030000000000001137,0.0010266940451746365,-0.000768639508070712,3.9050000000000002,3.879375,3.8693333333333335,0.00860232526661278,0.03796591516480899,-0.0019999999999997797,-0.019000000000000128,-0.019000000000000128,-0.0005230125523012497,-0.004946628482166093,3.833,3.8072500000000002,3.788083333333334,0.011690451943759554,0.04241883005066086,-0.07799999999999985,-0.005999999999999783,-0.016000000000000014
2013-08-28,34,8,2013,148.0,95.0,119.87,114.42,116.39,2013-08-26,3.913,3.829,2,0.0129999999999999,0.016999999999999904,-0.002000000000000224,0.0033333333333334103,-0.0005108556832695843,3.9044999999999996,3.891375,3.8729999999999998,0.007852812659122783,0.029707803207986744,0.007000000000000117,0.0050000000000003375,-0.016000000000000014,0.001831501831501825,-0.004161248374512372,3.829,3.819125,3.7929999999999997,0.008524474567351253,0.030647477174354752,-0.08399999999999963,-0.005999999999999783,-0.01399999999999979
2013-09-04,35,9,2013,150.0,97.0,129.96,115.69,118.76,2013-09-02,3.981,3.897,2,0.06800000000000006,0.08099999999999996,0.07200000000000006,0.017377970866343073,0.018419033000767415,3.9225,3.9105,3.8840000000000003,0.039669467688122115,0.03222244115987817,0.06799999999999962,0.07499999999999973,0.055999999999999606,0.017759206059023036,0.014579536579015784,3.843,3.837125,3.8054166666666673,0.03612016980371456,0.028472731315790936,-0.08400000000000007,-4.440892098500626e-16,-0.01600000000000046
2013-09-11,36,9,2013,150.0,99.0,138.52,120.77,128.27,2013-09-09,3.981,3.898,2,0.0,0.06800000000000006,0.08499999999999996,0.0,0.021817248459959027,3.9437499999999996,3.92475,3.895666666666667,0.0433387817086719,0.03529771340249697,0.001000000000000334,0.06899999999999995,0.07400000000000029,0.0002566076469079359,0.01935146443514646,3.8615,3.849625,3.8185000000000002,0.041669333247791936,0.030705688165617126,-0.08299999999999974,0.001000000000000334,-0.010999999999999677
2013-09-18,37,9,2013,150.0,97.0,168.19,128.4,147.27,2013-09-16,3.974,3.889,2,-0.006999999999999673,-0.006999999999999673,0.07400000000000029,-0.0017583521728208318,0.01897435897435895,3.96225,3.9336249999999997,3.907,0.03299873734945394,0.03787927250793796,-0.009000000000000341,-0.008000000000000007,0.06699999999999973,-0.002308876346844624,0.01753008895866026,3.87825,3.855625,3.830916666666667,0.03307944981377313,0.03335496322046276,-0.08500000000000041,-0.002000000000000668,-0.007000000000000561
2013-09-25,38,9,2013,149.0,106.0,170.63,132.21,152.02,2013-09-23,3.949,3.862,2,-0.025000000000000355,-0.03200000000000003,0.03600000000000003,-0.006290890790136006,0.009200102223358098,3.97125,3.937875,3.9179999999999997,0.01519594244060167,0.0373953301135596,-0.02699999999999969,-0.03600000000000003,0.03299999999999992,-0.006942658781177613,0.008618438234526016,3.8865,3.8577500000000002,3.841583333333334,0.016822603840720166,0.033122068603595525,-0.08699999999999974,-0.0019999999999993356,-0.0030000000000001137
2013-10-02,39,9,2013,148.0,114.0,181.95,147.47,166.27,2013-09-30,3.919,3.831,2,-0.029999999999999805,-0.05500000000000016,-0.06199999999999983,-0.007596859964547953,-0.015573976387842192,3.95575,3.9391249999999998,3.9255833333333334,0.02808766039844464,0.0364473690998693,-0.03100000000000014,-0.05799999999999983,-0.06599999999999984,-0.00802692905230451,-0.016936104695919885,3.87,3.8565,3.8480833333333333,0.030166206257699373,0.0340210019170281,-0.08800000000000008,-0.001000000000000334,-0.0040000000000000036
2013-10-09,40,10,2013,147.0,114.0,168.19,143.66,161.52,2013-10-07,3.897,3.805,2,-0.02200000000000024,-0.052000000000000046,-0.08400000000000007,-0.005613676958407865,-0.02110022607385076,3.93475,3.93925,3.9280833333333334,0.03374783943689928,0.03627966766290291,-0.0259999999999998,-0.05699999999999994,-0.09299999999999997,-0.006786739754633175,-0.023858388917393558,3.84675,3.854125,3.8486666666666665,0.03655475345262764,0.03713464881841475,-0.09199999999999964,-0.0039999999999995595,-0.008999999999999897
2013-10-16,41,10,2013,147.0,115.0,191.12,146.2,156.77,2013-10-14,3.886,3.797,2,-0.010999999999999677,-0.03299999999999992,-0.08800000000000008,-0.002822684115986629,-0.022143935581278362,3.91275,3.9375,3.926666666666667,0.02778938646304447,0.038700313767858034,-0.008000000000000007,-0.03399999999999981,-0.09199999999999964,-0.002102496714848856,-0.023656466958086875,3.82375,3.851,3.845,0.029341381471386138,0.0410678880462737,-0.08899999999999997,0.0029999999999996696,-0.0039999999999995595
2013-10-23,42,10,2013,147.0,113.0,196.01,141.11,152.02,2013-10-21,3.886,3.8,2,0.0,-0.010999999999999677,-0.06299999999999972,0.0,-0.015953405925550723,3.8970000000000002,3.934125,3.9242500000000002,0.015556349185869995,0.042164431523864086,0.0029999999999996696,-0.0050000000000003375,-0.06200000000000028,0.000790097445351412,-0.01605385810460913,3.80825,3.847375,3.84125,0.015521490477709735,0.04442951882326638,-0.0860000000000003,0.0029999999999996696,0.0009999999999994458
2013-10-30,43,10,2013,146.0,118.0,188.98,139.84,147.27,2013-10-28,3.87,3.783,2,-0.016000000000000014,-0.016000000000000014,-0.04899999999999993,-0.004117344312918214,-0.012503189589180841,3.88475,3.92025,3.921,0.011116804096783445,0.04279435877394747,-0.016999999999999904,-0.014000000000000234,-0.04800000000000004,-0.004473684210526296,-0.012529365700861383,3.79625,3.833125,3.8364166666666666,0.009429563438983294,0.04452106243127869,-0.08700000000000019,-0.0009999999999998899,0.0009999999999998899
2013-11-06,44,11,2013,146.0,131.0,178.28,138.57,144.89,2013-11-04,3.857,3.769,2,-0.0129999999999999,-0.028999999999999915,-0.03999999999999959,-0.003359173126614934,-0.010264305876314994,3.87475,3.90475,3.9177500000000003,0.014032699906282116,0.04001339061598573,-0.01399999999999979,-0.030999999999999694,-0.03600000000000003,-0.0037007665873645124,-0.009461235216819963,3.78725,3.817,3.8318333333333334,0.014244882121307244,0.04087961420014413,-0.08800000000000008,-0.0009999999999998899,0.0039999999999995595
2013-11-13,45,11,2013,145.0,120.0,211.61,138.57,142.52,2013-11-11,3.832,3.752,2,-0.025000000000000355,-0.038000000000000256,-0.05400000000000027,-0.006481721545242514,-0.013896037056098876,3.86125,3.887,3.9120833333333334,0.022823598898070695,0.03622154055276835,-0.017000000000000348,-0.03100000000000014,-0.04500000000000037,-0.004510480233483771,-0.011851461680273956,3.776,3.7998749999999997,3.826,0.02041241452278755,0.03462632153242503,-0.08000000000000007,0.008000000000000007,0.008999999999999897
2013-11-20,46,11,2013,144.0,102.0,198.77,134.76,133.02,2013-11-18,3.822,3.745,2,-0.009999999999999787,-0.03500000000000014,-0.06400000000000006,-0.0026096033402922547,-0.016469377251672634,3.84525,3.8711249999999997,3.9045,0.022111460075270904,0.032839164336222096,-0.006999999999999673,-0.02400000000000002,-0.054999999999999716,-0.001865671641790967,-0.014473684210526194,3.76225,3.78525,3.8190000000000004,0.017114808402383993,0.02886792584975322,-0.07699999999999996,0.0030000000000001137,0.009000000000000341
2013-11-27,47,11,2013,145.0,108.0,162.07,134.76,133.02,2013-11-25,3.844,3.753,2,0.021999999999999797,0.01200000000000001,-0.026000000000000245,0.005756148613291323,-0.00671834625323009,3.83875,3.86175,3.8930833333333332,0.01512999228884184,0.027488958822742868,0.008000000000000007,0.001000000000000334,-0.029999999999999805,0.0021361815754339375,-0.007930214115781098,3.75475,3.7755,3.807,0.010144785194888407,0.023964259101741506,-0.09099999999999975,-0.01399999999999979,-0.0039999999999995595
2013-12-04,48,12,2013,147.0,112.0,165.74,138.57,137.77,2013-12-02,3.883,3.78,2,0.039000000000000146,0.06099999999999994,0.0259999999999998,0.010145681581685828,0.0067409904070521165,3.84525,3.86,3.884916666666667,0.02672545602966631,0.025281274832540352,0.02699999999999969,0.0349999999999997,0.010999999999999677,0.007194244604316502,0.002918546033430447,3.7575,3.7723750000000003,3.797166666666667,0.01541644143926808,0.021016575091605847,-0.1030000000000002,-0.012000000000000455,-0.015000000000000124
2013-12-11,49,12,2013,146.0,132.0,164.52,144.93,144.89,2013-12-09,3.879,3.773,2,-0.0040000000000000036,0.03500000000000014,0.04700000000000015,-0.001030131341746121,0.012265135699373708,3.857,3.859125,3.8770000000000002,0.029177616991912594,0.024357090490418377,-0.006999999999999673,0.020000000000000018,0.02100000000000035,-0.0018518518518517713,0.005597014925373234,3.7627499999999996,3.769375,3.7874999999999996,0.016459546368302592,0.01856984883417093,-0.10599999999999987,-0.0029999999999996696,-0.0259999999999998
2013-12-18,50,12,2013,146.0,135.0,176.44,151.28,149.64,2013-12-16,3.871,3.766,2,-0.008000000000000007,-0.01200000000000001,0.04899999999999993,-0.0020623872131992904,0.012820512820512775,3.86925,3.85725,3.8705000000000003,0.017557049865885525,0.022499206335554106,-0.007000000000000117,-0.01399999999999979,0.020999999999999908,-0.0018552875695733162,0.005607476635514086,3.768,3.765125,3.7795,0.011518101694733532,0.013850605969557948,-0.10499999999999998,0.0009999999999998899,-0.028000000000000025
2013-12-25,51,12,2013,146.0,133.0,180.42,147.47,140.14,2013-12-23,3.873,3.772,2,0.002000000000000224,-0.005999999999999783,0.02900000000000036,0.0005166623611470023,0.007544224765869023,3.8765,3.857625,3.8666666666666667,0.005507570546655784,0.022765497076901557,0.005999999999999783,-0.001000000000000334,0.018999999999999684,0.0015932023366966863,0.0050626165734077855,3.77275,3.7637500000000004,3.7745833333333336,0.005737304824579941,0.01227948347021897,-0.10100000000000042,0.0039999999999995595,-0.010000000000000675
2014-01-01,52,12,2013,147.0,130.0,179.5,147.47,140.14,2013-12-30,3.903,3.789,2,0.029999999999999805,0.03200000000000003,0.020000000000000018,0.0077459333849727585,0.005150656708730272,3.8815000000000004,3.863375,3.8671666666666664,0.01473091986241758,0.02783080256557795,0.017000000000000348,0.02300000000000013,0.009000000000000341,0.004506892895016046,0.0023809523809523725,3.7750000000000004,3.76625,3.7732500000000004,0.009831920801659988,0.015191633035832085,-0.11399999999999988,-0.012999999999999456,-0.010999999999999677
2014-01-08,1,1,2014,148.0,133.0,173.69,147.47,140.14,2014-01-06,3.91,3.802,2,0.007000000000000117,0.03699999999999992,0.03100000000000014,0.001793492185498291,0.007991750451147306,3.88925,3.873125,3.8691666666666666,0.020139099615577784,0.02891088524639085,0.0129999999999999,0.03000000000000025,0.028999999999999915,0.0034309844286091185,0.0076861913596606435,3.7822500000000003,3.7725,3.7736666666666667,0.01637833935365028,0.01843133977018389,-0.1080000000000001,0.005999999999999783,-0.002000000000000224
2014-01-15,2,1,2014,147.0,139.0,171.24,144.93,135.39,2014-01-13,3.886,3.78,2,-0.02400000000000002,-0.016999999999999904,0.015000000000000124,-0.006138107416879812,0.003874967708602517,3.893,3.8811250000000004,3.8691666666666666,0.016713268182079112,0.020321962082262238,-0.02200000000000024,-0.009000000000000341,0.01399999999999979,-0.005786428195686533,0.0037174721189590088,3.7857499999999997,3.776875,3.772,0.012867918763988493,0.014759379584656267,-0.10600000000000032,0.0019999999999997797,-0.001000000000000334
2014-01-22,3,1,2014,146.0,133.0,169.71,143.66,133.02,2014-01-20,3.873,3.771,2,-0.0129999999999999,-0.03699999999999992,0.0,-0.0033453422542459865,0.0,3.8930000000000002,3.88475,3.8694166666666665,0.016713268182079112,0.014508618129091051,-0.008999999999999897,-0.03100000000000014,-0.0009999999999998899,-0.0023809523809523725,-0.0002651113467656563,3.7855,3.779125,3.7709999999999995,0.013228756554690807,0.011642747589734022,-0.10200000000000031,0.0040000000000000036,-0.0009999999999998899
2014-01-29,4,1,2014,147.0,119.0,180.42,143.66,133.02,2014-01-27,3.904,3.772,2,0.030999999999999694,0.017999999999999794,0.0009999999999998899,0.00800413116447185,0.000256213169356867,3.89325,3.887375,3.873333333333333,0.016918924315474666,0.015972632845458218,0.0009999999999998899,-0.008000000000000007,-0.017000000000000348,0.00026518164942990197,-0.004486671945104326,3.7812499999999996,3.7781249999999997,3.77125,0.01440775254217948,0.011897628815787476,-0.13200000000000012,-0.029999999999999805,-0.018000000000000238
2014-02-05,5,2,2014,149.0,116.0,0.0,143.66,133.02,2014-02-03,3.951,3.775,2,0.04700000000000015,0.07799999999999985,0.040999999999999925,0.012038934426229497,0.010485933503836309,3.9035,3.896375,3.88325,0.0341223289551859,0.02703403938981692,0.0030000000000001137,0.0040000000000000036,-0.027000000000000135,0.0007953340402968578,-0.007101525512888007,3.7744999999999997,3.7783749999999996,3.7731666666666666,0.004041451882280831,0.011795126112496031,-0.17600000000000016,-0.04400000000000004,-0.06800000000000006
2014-02-12,6,2,2014,150.0,137.0,179.5,141.11,133.02,2014-02-10,3.977,3.788,2,0.0259999999999998,0.07299999999999995,0.09099999999999975,0.006580612503163774,0.023417395779721906,3.92625,3.909625,3.8961666666666672,0.046614554236406154,0.0369707896281683,0.0129999999999999,0.016000000000000014,0.008000000000000007,0.0034437086092715674,0.002116402116402183,3.7765,3.781125,3.77675,0.007852812658537597,0.01103808342621017,-0.18900000000000006,-0.0129999999999999,-0.08299999999999974
2014-02-19,7,2,2014,151.0,129.0,183.48,132.21,128.27,2014-02-17,3.989,3.783,2,0.01200000000000001,0.03799999999999981,0.11599999999999966,0.003017349761126553,0.02995094242189511,3.95525,3.924125,3.9082500000000002,0.03766851027925506,0.04283669154910597,-0.004999999999999893,0.008000000000000007,0.01200000000000001,-0.0013199577613516311,0.0031821797931583795,3.7795,3.7824999999999998,3.7792499999999998,0.007325753657476779,0.010406042201308129,-0.20599999999999996,-0.016999999999999904,-0.10399999999999965
2014-02-26,8,2,2014,152.0,133.0,181.03,134.76,133.02,2014-02-24,4.017,3.806,2,0.02800000000000047,0.04000000000000048,0.11300000000000043,0.007019303083479755,0.02894467213114771,3.9835,3.938375,3.9194166666666668,0.027392213005241476,0.052644189748745684,0.02300000000000013,0.018000000000000238,0.03400000000000025,0.006079830822098842,0.00901378579003187,3.7880000000000003,3.784625,3.7814166666666664,0.013140268895646082,0.013265826128320772,-0.2110000000000003,-0.0050000000000003375,-0.07900000000000018
2014-03-05,9,3,2014,152.0,133.0,189.59,134.76,133.02,2014-03-03,4.016,3.793,2,-0.001000000000000334,0.027000000000000135,0.06499999999999995,-0.00024894199651492865,0.016451531257909435,3.99975,3.951625,3.9308333333333336,0.019956202043247336,0.057589526577711145,-0.0129999999999999,0.010000000000000231,0.018000000000000238,-0.0034156594850236477,0.004768211920529897,3.7925,3.7835,3.783083333333334,0.009882644719395978,0.011892374507988926,-0.22299999999999986,-0.011999999999999567,-0.04699999999999971
2014-03-12,10,3,2014,152.0,151.0,191.12,132.21,133.02,2014-03-10,4.021,3.814,2,0.004999999999999893,0.0039999999999995595,0.04400000000000004,0.0012450199203186685,0.011063615790797066,4.01075,3.9684999999999997,3.9433333333333334,0.014660036379810877,0.05534824813347776,0.020999999999999908,0.008000000000000007,0.026000000000000245,0.005536514632217271,0.006863780359028571,3.799,3.78775,3.787083333333333,0.013735598518073029,0.01587225791871699,-0.20699999999999985,0.016000000000000014,-0.017999999999999794
2014-03-19,11,3,2014,151.0,177.0,176.75,134.76,142.52,2014-03-17,4.003,3.803,2,-0.017999999999999794,-0.0129999999999999,0.014000000000000234,-0.004476498383486627,0.0035096515417398777,4.01425,3.98475,3.954166666666667,0.007804912982046196,0.0403582174321699,-0.01100000000000012,0.009999999999999787,0.020000000000000018,-0.0028841111693760357,0.005286809410520732,3.8040000000000003,3.79175,3.7896666666666667,0.008679477709877956,0.015059406173399554,-0.20000000000000018,0.006999999999999673,0.005999999999999783
2014-03-26,12,3,2014,150.0,136.0,143.42,134.76,137.77,2014-03-24,3.988,3.8,2,-0.015000000000000124,-0.03299999999999992,-0.02900000000000036,-0.003747189607794188,-0.0072193178989296,4.007,3.99525,3.96125,0.014764823059921618,0.02393294203190204,-0.0030000000000001137,-0.014000000000000234,-0.006000000000000227,-0.0007888509071786176,-0.0015764582238571023,3.8024999999999998,3.7952500000000002,3.7905833333333327,0.008736894947079006,0.012914554359149604,-0.18800000000000017,0.01200000000000001,0.02300000000000013
2014-04-02,13,3,2014,150.0,144.0,127.21,130.94,133.02,2014-03-31,3.975,3.804,2,-0.0129999999999999,-0.028000000000000025,-0.040999999999999925,-0.003259779338014024,-0.010209163346613481,3.99675,3.99825,3.9666666666666663,0.019805302320111153,0.018475852967422997,0.0040000000000000036,0.0009999999999998899,0.010999999999999677,0.001052631578947416,0.002900079093065999,3.80525,3.7988750000000002,3.7907499999999996,0.006075908709780138,0.010204165816455533,-0.17100000000000026,0.016999999999999904,0.0519999999999996
2014-04-09,14,4,2014,149.0,133.0,113.14,127.13,128.27,2014-04-07,3.959,3.793,2,-0.016000000000000014,-0.028999999999999915,-0.06199999999999983,-0.004025157232704357,-0.01541904998756527,3.98125,3.996,3.97275,0.018732769860807623,0.02216174309840115,-0.010999999999999677,-0.006999999999999673,-0.020999999999999908,-0.0028916929547843084,-0.00550603041426323,3.8,3.7995,3.7918333333333334,0.00496655480687264,0.009576757578847113,-0.16599999999999993,0.0050000000000003375,0.040999999999999925
2014-04-16,15,4,2014,149.0,123.0,117.42,127.13,128.27,2014-04-14,3.952,3.79,2,-0.007000000000000117,-0.02300000000000013,-0.051000000000000156,-0.0017681232634504385,-0.01274044466650015,3.9685,3.991375,3.979333333333333,0.01617611407780759,0.027134256156369916,-0.0030000000000001137,-0.01399999999999979,-0.0129999999999999,-0.0007909306617454037,-0.00341835393110701,3.79675,3.800375,3.793416666666667,0.006396613686141012,0.00805228450341926,-0.16199999999999992,0.0040000000000000036,0.038000000000000256
2014-04-23,16,4,2014,150.0,130.0,115.28,120.77,125.89,2014-04-21,3.971,3.82,2,0.019000000000000128,0.01200000000000001,-0.016999999999999904,0.004807692307692291,-0.004262788365095305,3.96425,3.985625,3.984916666666667,0.010626225419137918,0.02576785095567232,0.029999999999999805,0.02699999999999969,0.020000000000000018,0.0079155672823219,0.0052631578947368585,3.80175,3.8021249999999998,3.7974166666666664,0.013573871959870986,0.01057540948256879,-0.15100000000000025,0.010999999999999677,0.03699999999999992
2014-04-30,17,4,2014,150.0,116.0,110.09,120.77,125.89,2014-04-28,3.975,3.824,2,0.0040000000000000036,0.02300000000000013,0.0,0.0010073029463610883,0.0,3.96425,3.9804999999999997,3.986916666666667,0.010626225419137918,0.022765889271062507,0.0040000000000000036,0.03399999999999981,0.020000000000000018,0.0010471204188482464,0.00525762355415349,3.80675,3.806,3.8014999999999994,0.017727097900753105,0.012294017128366965,-0.15100000000000025,0.0,0.020000000000000018
2014-05-07,18,5,2014,150.0,110.0,111.61,119.5,125.89,2014-05-05,3.964,3.813,2,-0.01100000000000012,-0.007000000000000117,0.004999999999999893,-0.0027672955974843427,0.0012629451881787102,3.9655,3.9733750000000003,3.9858333333333333,0.01008298897442157,0.016273883547905987,-0.010999999999999677,-0.006999999999999673,0.020000000000000018,-0.002876569037656873,0.005272871078302099,3.81175,3.805875,3.8035833333333335,0.0151959424403184,0.012205824137143148,-0.1509999999999998,4.440892098500626e-16,0.015000000000000124
2014-05-14,19,5,2014,149.0,97.0,108.56,118.23,123.52,2014-05-12,3.948,3.797,2,-0.016000000000000014,-0.027000000000000135,-0.0040000000000000036,-0.004036326942482349,-0.0010121457489878916,3.9645,3.9665,3.982416666666667,0.011902380713887651,0.013320231658835554,-0.016000000000000014,-0.02699999999999969,0.007000000000000117,-0.0041961709939679626,0.0018469656992083916,3.8135,3.805125,3.80475,0.011902380713514508,0.012586131824172042,-0.1509999999999998,0.0,0.01100000000000012
2014-05-21,20,5,2014,148.0,96.0,114.06,120.77,125.89,2014-05-19,3.934,3.791,2,-0.01399999999999979,-0.029999999999999805,-0.03699999999999992,-0.0035460992907800915,-0.009317552253840344,3.9552500000000004,3.95975,3.9755000000000003,0.017988422202215606,0.01449876842117003,-0.006000000000000227,-0.02200000000000024,-0.028999999999999915,-0.0015801948907032681,-0.0075916230366491755,3.8062500000000004,3.804,3.8035,0.015041608955923044,0.013480144128458198,-0.14300000000000024,0.007999999999999563,0.008000000000000007
2014-05-28,21,5,2014,148.0,104.0,110.09,119.5,123.52,2014-05-26,3.925,3.783,2,-0.009000000000000341,-0.02300000000000013,-0.050000000000000266,-0.0022877478393493744,-0.012578616352201366,3.9427499999999998,3.9535,3.967916666666666,0.017036725037167855,0.01746015872990674,-0.008000000000000007,-0.014000000000000234,-0.040999999999999925,-0.0021102611448167163,-0.010721757322175729,3.796,3.801375,3.802666666666667,0.01270170592150593,0.01538958367611037,-0.1419999999999999,0.001000000000000334,0.009000000000000341
2014-06-04,22,6,2014,148.0,104.0,107.94,116.96,118.76,2014-06-02,3.918,3.783,2,-0.006999999999999673,-0.016000000000000014,-0.04599999999999982,-0.0017834394904457929,-0.01160443995963667,3.9312500000000004,3.948375,3.9593333333333334,0.012945398152455856,0.021226247229431172,0.0,-0.008000000000000007,-0.03000000000000025,0.0,-0.007867820613690069,3.7885,3.800125,3.8000833333333333,0.006806859284320802,0.016530815380753974,-0.13500000000000023,0.006999999999999673,0.01599999999999957
2014-06-11,23,6,2014,147.0,110.0,114.06,114.42,114.01,2014-06-09,3.892,3.769,2,-0.026000000000000245,-0.03299999999999992,-0.05600000000000005,-0.0066360387953038336,-0.014184397163120588,3.91725,3.9408749999999997,3.950083333333333,0.018062391867982027,0.028955322728335016,-0.01399999999999979,-0.01399999999999979,-0.028000000000000025,-0.0037007665873645124,-0.007374242823281585,3.7815,3.7975000000000003,3.79725,0.009146948488429844,0.01972670416345741,-0.12299999999999978,0.012000000000000455,0.028000000000000025
2014-06-18,24,6,2014,146.0,107.0,112.23,111.87,109.26,2014-06-16,3.882,3.77,2,-0.009999999999999787,-0.03600000000000003,-0.052000000000000046,-0.002569373072970116,-0.013218098627351349,3.9042499999999998,3.92975,3.94125,0.02053249457143786,0.03259601202626258,0.0009999999999998899,-0.0129999999999999,-0.020999999999999908,0.00026532236667553555,-0.005539435505143686,3.77625,3.7912500000000002,3.79475,0.007804912981582394,0.019499084227829484,-0.1120000000000001,0.010999999999999677,0.03100000000000014
2014-06-25,25,6,2014,148.0,110.0,112.84,110.6,109.26,2014-06-23,3.919,3.813,2,0.03699999999999992,0.027000000000000135,-0.005999999999999783,0.009531169500257564,-0.0015286624203820764,3.90275,3.92275,3.9365833333333335,0.01864358692221426,0.02702776350377912,0.04300000000000015,0.04400000000000004,0.03000000000000025,0.011405835543766507,0.007930214115781098,3.78375,3.789875,3.7955,0.02051625371869716,0.017100020885818176,-0.10599999999999987,0.006000000000000227,0.03600000000000003
2014-07-02,26,6,2014,148.0,117.0,115.59,106.79,104.51,2014-06-30,3.92,3.816,2,0.0009999999999998899,0.03799999999999981,0.0019999999999997797,0.0002551671344730444,0.0005104645227156368,3.9032500000000003,3.9172499999999997,3.9333333333333336,0.019207203509607577,0.021305599532628876,0.0029999999999996696,0.04599999999999982,0.03299999999999992,0.0007867820613689513,0.008723235527359208,3.7920000000000003,3.79025,3.797416666666667,0.026012817353178366,0.017701896589542156,-0.10400000000000009,0.0019999999999997797,0.03100000000000014
2014-07-09,27,7,2014,148.0,103.0,105.5,109.33,111.64,2014-07-07,3.913,3.802,2,-0.007000000000000117,-0.006000000000000227,0.020999999999999908,-0.0017857142857142794,0.0053956834532373765,3.9085,3.912875,3.9300833333333336,0.017935068069549715,0.017307615995414607,-0.01399999999999979,-0.01100000000000012,0.03299999999999992,-0.0036687631027253476,0.008755638100291785,3.80025,3.7908749999999998,3.7984166666666668,0.021045585443263126,0.018058931308626826,-0.11099999999999977,-0.006999999999999673,0.01200000000000001
2014-07-16,28,7,2014,147.0,121.0,123.85,109.33,114.01,2014-07-14,3.894,3.787,2,-0.018999999999999684,-0.0259999999999998,0.01200000000000001,-0.004855609506772218,0.0030911901081915882,3.9115,3.907875,3.923666666666666,0.012069244659850339,0.016066269013561615,-0.015000000000000124,-0.028999999999999915,0.016999999999999904,-0.003945291951604424,0.004509283819628562,3.8045,3.790375,3.795666666666667,0.013127579111027741,0.018110277271948222,-0.1070000000000002,0.0039999999999995595,0.004999999999999893
2014-07-23,29,7,2014,146.0,128.0,167.27,108.06,111.64,2014-07-21,3.869,3.773,2,-0.02499999999999991,-0.043999999999999595,-0.04999999999999982,-0.006420133538777573,-0.012758356723653996,3.899,3.900875,3.9148333333333327,0.022818121453344043,0.019393942353634258,-0.01399999999999979,-0.028999999999999915,-0.040000000000000036,-0.003696857670979603,-0.010490427484920017,3.7945,3.789125,3.7914166666666667,0.018592113022725072,0.01901456208904823,-0.09600000000000009,0.01100000000000012,0.009999999999999787
2014-07-30,30,7,2014,146.0,146.0,171.24,106.79,110.45,2014-07-28,3.858,3.767,2,-0.01100000000000012,-0.03600000000000003,-0.06199999999999983,-0.002843111915223573,-0.015816326530612157,3.8834999999999997,3.8933750000000003,3.906,0.024772296354190863,0.02307712225223533,-0.006000000000000227,-0.020000000000000018,-0.04899999999999993,-0.0015902464882057155,-0.012840670859538772,3.78225,3.787125,3.7875833333333335,0.015607156477611347,0.020531769807745917,-0.09100000000000019,0.004999999999999893,0.0129999999999999
2014-08-06,31,8,2014,145.0,134.0,143.11,105.52,109.26,2014-08-04,3.853,3.754,2,-0.004999999999999893,-0.016000000000000014,-0.05999999999999961,-0.0012960082944530882,-0.015333503705596607,3.8685,3.8885,3.8980833333333336,0.01826654501158214,0.027166155414707044,-0.0129999999999999,-0.019000000000000128,-0.04800000000000004,-0.003451022033448381,-0.012624934245134112,3.77025,3.78525,3.7839999999999994,0.01369610650209848,0.02296425794287364,-0.0990000000000002,-0.008000000000000007,0.011999999999999567
2014-08-13,32,8,2014,145.0,128.0,135.16,105.52,108.08,2014-08-11,3.843,3.75,2,-0.010000000000000231,-0.015000000000000124,-0.051000000000000156,-0.0025953802232027146,-0.013097072419106404,3.8557500000000005,3.883625,3.8905,0.01081280105524982,0.031631528123765434,-0.0040000000000000036,-0.016999999999999904,-0.03699999999999992,-0.0010655301012253426,-0.009770266701874863,3.761,3.78275,3.780583333333333,0.010801234496588843,0.025777897509488387,-0.09299999999999997,0.006000000000000227,0.014000000000000234
2014-08-20,33,8,2014,145.0,123.0,142.81,109.33,114.01,2014-08-18,3.835,3.739,2,-0.008000000000000007,-0.018000000000000238,-0.03400000000000025,-0.002081706999739752,-0.008787800465236528,3.84725,3.873125,3.8829999999999996,0.010275375094236214,0.03214892799837202,-0.01100000000000012,-0.015000000000000124,-0.03400000000000025,-0.0029333333333333433,-0.00901139676649887,3.7525,3.7735,3.7769166666666667,0.01156143012998097,0.02663510036471129,-0.09600000000000009,-0.0030000000000001137,0.0
2014-08-27,34,8,2014,144.0,118.0,143.42,111.87,116.39,2014-08-25,3.821,3.732,2,-0.01399999999999979,-0.021999999999999797,-0.03699999999999992,-0.003650586701434144,-0.009590461378952808,3.838,3.8607500000000003,3.874916666666666,0.013515423288257609,0.030541540797765682,-0.006999999999999673,-0.017999999999999794,-0.0349999999999997,-0.0018721583311044343,-0.009291213166976342,3.74375,3.7630000000000003,3.7726666666666664,0.010078855754361826,0.023904572186889926,-0.08899999999999997,0.007000000000000117,0.002000000000000224
2014-09-03,35,8,2014,144.0,120.0,182.25,116.96,123.52,2014-09-01,3.814,3.72,2,-0.007000000000000117,-0.020999999999999908,-0.039000000000000146,-0.0018319811567653055,-0.010121982870490598,3.8282499999999997,3.8483750000000003,3.8684166666666666,0.013149778198166854,0.02607646722378148,-0.01200000000000001,-0.018999999999999684,-0.03399999999999981,-0.003215434083601254,-0.009057005860415468,3.73525,3.75275,3.7685833333333334,0.012579745624774324,0.022320714274501354,-0.09399999999999986,-0.004999999999999893,0.0050000000000003375
2014-09-10,36,9,2014,144.0,123.0,203.96,118.23,123.52,2014-09-08,3.814,3.715,2,0.0,-0.007000000000000117,-0.028999999999999915,0.0,-0.007546187874056698,3.8209999999999997,3.838375,3.86275,0.00989949493633268,0.020907534527431687,-0.0050000000000003375,-0.017000000000000348,-0.03500000000000014,-0.0013440860215054862,-0.009333333333333416,3.7265,3.74375,3.7640000000000007,0.010969655113881297,0.021015300548707153,-0.0990000000000002,-0.0050000000000003375,-0.006000000000000227
2014-09-17,37,9,2014,143.0,134.0,193.57,118.23,123.52,2014-09-15,3.801,3.706,2,-0.0129999999999999,-0.0129999999999999,-0.03399999999999981,-0.0034084950183533858,-0.008865710560625795,3.8125,3.829875,3.8529166666666668,0.008346656016712702,0.02049695099315245,-0.008999999999999897,-0.014000000000000234,-0.03299999999999992,-0.0024226110363391173,-0.008825889275207222,3.71825,3.735375,3.7550833333333333,0.010843584892351557,0.021043746950671783,-0.0950000000000002,0.0040000000000000036,0.0009999999999998899
2014-09-24,38,9,2014,143.0,159.0,252.28,115.69,121.14,2014-09-22,3.778,3.696,2,-0.02300000000000013,-0.03600000000000003,-0.04300000000000015,-0.006051039200210551,-0.011253598534415099,3.8017499999999997,3.819875,3.841083333333333,0.01697792684619916,0.024026399171712825,-0.009999999999999787,-0.018999999999999684,-0.03600000000000003,-0.002698327037236825,-0.009646302250803873,3.70925,3.7265,3.745083333333333,0.01056330125092417,0.02077085870728952,-0.08199999999999985,0.013000000000000345,0.007000000000000117
2014-10-01,39,9,2014,142.0,183.0,326.28,116.96,121.14,2014-09-29,3.755,3.685,2,-0.02300000000000013,-0.04600000000000026,-0.05900000000000016,-0.0060878771836950785,-0.015469323544834879,3.7870000000000004,3.8076250000000003,3.827916666666667,0.026012817353410114,0.029159352824752495,-0.01100000000000012,-0.020999999999999908,-0.03500000000000014,-0.0029761904761904656,-0.009408602150537626,3.7005,3.717875,3.735333333333333,0.012922847982723544,0.022009332436385334,-0.06999999999999984,0.01200000000000001,0.02400000000000002
2014-10-08,40,10,2014,141.0,169.0,272.77,119.5,116.39,2014-10-06,3.733,3.662,2,-0.021999999999999797,-0.04499999999999993,-0.08099999999999996,-0.0058588548601863355,-0.021237545883586728,3.76675,3.7938750000000003,3.8145000000000002,0.02930728009662962,0.035369225929790964,-0.02300000000000013,-0.03400000000000025,-0.052999999999999936,-0.006241519674355489,-0.014266487213997259,3.68725,3.7068749999999997,3.7249166666666667,0.01889223826473365,0.025390872938539026,-0.07100000000000017,-0.001000000000000334,0.028000000000000025
2014-10-15,41,10,2014,140.0,180.0,254.73,116.96,118.76,2014-10-13,3.698,3.637,2,-0.03500000000000014,-0.05699999999999994,-0.1030000000000002,-0.009375837128315023,-0.02709813207050782,3.741,3.7767500000000003,3.80025,0.03404898432155511,0.04457978401554327,-0.02499999999999991,-0.04800000000000004,-0.06899999999999995,-0.00682687056253406,-0.018618456556934726,3.67,3.694125,3.7135833333333337,0.026166135875435346,0.03176447926327047,-0.06099999999999994,0.010000000000000231,0.03400000000000025
2014-10-22,42,10,2014,138.0,135.0,266.96,115.69,116.39,2014-10-20,3.656,3.589,2,-0.041999999999999815,-0.07699999999999996,-0.12199999999999989,-0.011357490535424453,-0.032292218104817305,3.7105,3.756125,3.783416666666666,0.04325505750772727,0.057484003986334534,-0.04800000000000004,-0.07299999999999995,-0.1070000000000002,-0.013197690404179285,-0.02895021645021656,3.6432499999999997,3.67625,3.69875,0.04113696634397707,0.04491817958413313,-0.06700000000000017,-0.006000000000000227,0.01499999999999968
2014-10-29,43,10,2014,137.0,131.0,267.57,116.96,116.39,2014-10-27,3.635,3.563,2,-0.02100000000000035,-0.06300000000000017,-0.1200000000000001,-0.005743982494529676,-0.031957390146471365,3.6805,3.7337499999999997,3.76525,0.04371498598875938,0.06595182224289127,-0.0259999999999998,-0.07399999999999984,-0.12199999999999989,-0.007244357759821574,-0.03310719131614648,3.61275,3.656625,3.6828333333333334,0.04491751699859766,0.05600239153065168,-0.07199999999999962,-0.004999999999999449,-0.0019999999999997797
2014-11-05,44,11,2014,137.0,117.0,259.92,116.96,121.14,2014-11-03,3.623,3.532,2,-0.011999999999999567,-0.03299999999999992,-0.10999999999999988,-0.0033012379642364253,-0.02946691668899004,3.6530000000000005,3.709875,3.746916666666667,0.03295451410653779,0.06730832574281294,-0.03100000000000014,-0.05699999999999994,-0.1299999999999999,-0.008700533258490073,-0.035499726925177444,3.58025,3.63375,3.6646666666666667,0.04443253312592588,0.06534687663327003,-0.09100000000000019,-0.019000000000000572,-0.020000000000000018
2014-11-12,45,11,2014,139.0,104.0,234.54,115.69,118.76,2014-11-10,3.677,3.562,2,0.053999999999999826,0.04200000000000026,-0.020999999999999908,0.014904775048302454,-0.005678745267712282,3.6477500000000003,3.694375,3.73375,0.023796008068541978,0.05678012101846858,0.029999999999999805,-0.001000000000000334,-0.07500000000000018,0.00849377123442796,-0.020621391256530175,3.5615,3.6157500000000002,3.6499166666666665,0.023302360395179075,0.06236700134808764,-0.11500000000000021,-0.02400000000000002,-0.05400000000000027
2014-11-19,46,11,2014,138.0,98.0,204.58,113.78,116.39,2014-11-17,3.661,3.542,2,-0.016000000000000014,0.03799999999999981,0.004999999999999893,-0.00435137340223013,0.001367614879649759,3.649,3.67975,3.720416666666667,0.02449489742779279,0.04625627370592619,-0.020000000000000018,0.009999999999999787,-0.04700000000000015,-0.005614823133071267,-0.013095569796600759,3.54975,3.5965,3.6340833333333333,0.01528343329623103,0.05764670725334048,-0.11900000000000022,-0.0040000000000000036,-0.052000000000000046
2014-11-26,47,11,2014,137.0,95.0,168.19,110.6,114.01,2014-11-24,3.628,3.511,2,-0.03299999999999992,-0.04899999999999993,-0.006999999999999673,-0.009013930620049182,-0.0019257221458045537,3.64725,3.663875,3.704916666666667,0.02603043090944626,0.037752719864368206,-0.030999999999999694,-0.05099999999999971,-0.052000000000000046,-0.008752117447769492,-0.014594442885209058,3.53675,3.57475,3.6166666666666667,0.021219095173621857,0.05203776101484401,-0.11699999999999999,0.002000000000000224,-0.04500000000000037
2014-12-03,48,11,2014,136.0,95.0,175.83,110.6,114.01,2014-12-01,3.605,3.501,2,-0.02300000000000013,-0.05600000000000005,-0.018000000000000238,-0.006339581036383768,-0.0049682583494342625,3.6427500000000004,3.647875,3.6875,0.03239727354780874,0.03074520868618978,-0.010000000000000231,-0.040999999999999925,-0.03100000000000014,-0.002848191398462041,-0.008776896942242374,3.529,3.554625,3.5988333333333338,0.028083209692875533,0.04398356024059447,-0.10400000000000009,0.0129999999999999,-0.0129999999999999
2014-12-10,49,12,2014,133.0,97.0,153.81,108.06,109.26,2014-12-08,3.535,3.434,2,-0.06999999999999984,-0.09299999999999997,-0.1419999999999999,-0.01941747572815533,-0.03861843894479189,3.60725,3.6275,3.6653333333333333,0.053368998491623555,0.04395452195183529,-0.06699999999999973,-0.07699999999999996,-0.12799999999999967,-0.019137389317337772,-0.035934868051656244,3.497,3.52925,3.576166666666667,0.04548259740444183,0.04804090518961926,-0.10099999999999998,0.0030000000000001137,0.014000000000000234
2014-12-17,50,12,2014,129.0,95.0,151.37,105.52,106.89,2014-12-15,3.419,3.328,2,-0.1160000000000001,-0.18599999999999994,-0.242,-0.03281471004243286,-0.06610215788036056,3.5467500000000003,3.597875,3.6354166666666665,0.0939019879093806,0.08380493933627675,-0.10600000000000032,-0.17300000000000004,-0.21399999999999997,-0.03086779266161921,-0.06041784302653863,3.4435000000000002,3.496625,3.5455,0.08424765080793309,0.07979605700969895,-0.09100000000000019,0.009999999999999787,0.028000000000000025
2014-12-24,51,12,2014,124.0,97.0,136.69,101.7,102.14,2014-12-22,3.281,3.175,2,-0.1379999999999999,-0.254,-0.347,-0.04036267914594904,-0.09564498346196249,3.46,3.5536250000000003,3.595916666666667,0.14185908501044908,0.13759665434060583,-0.15300000000000002,-0.25900000000000034,-0.3360000000000003,-0.04597355769230771,-0.09569923098832245,3.3594999999999997,3.448125,3.503,0.14213256722741896,0.1335187921498404,-0.10600000000000032,-0.015000000000000124,0.010999999999999677
2014-12-31,52,12,2014,121.0,96.0,119.26,101.7,102.14,2014-12-29,3.213,3.121,2,-0.06800000000000006,-0.20599999999999996,-0.3919999999999999,-0.020725388601036232,-0.10873786407766983,3.362,3.5023750000000002,3.552583333333333,0.14368948001391912,0.17837755904665278,-0.053999999999999826,-0.20699999999999985,-0.3799999999999999,-0.017007874015747992,-0.10854041702370754,3.2645,3.39675,3.457916666666667,0.1430209774822966,0.17056691188088294,-0.09200000000000008,0.014000000000000234,0.01200000000000001
2015-01-07,1,1,2015,118.0,93.0,122.32,99.16,99.76,2015-01-05,3.137,3.045,2,-0.07600000000000007,-0.14400000000000013,-0.39800000000000013,-0.023653906006847247,-0.11258840169731266,3.2625,3.4348750000000003,3.5058333333333334,0.11977061409212933,0.20328898325855932,-0.07600000000000007,-0.1299999999999999,-0.38900000000000023,-0.02435116949695615,-0.11327897495631922,3.1672499999999997,3.3321249999999996,3.408583333333333,0.11970066833561575,0.1951778950452516,-0.09200000000000008,0.0,0.008999999999999897
2015-01-14,2,1,2015,115.0,88.0,144.33,92.8,95.01,2015-01-12,3.053,2.964,2,-0.08400000000000007,-0.16000000000000014,-0.3660000000000001,-0.02677717564552118,-0.10704884469143028,3.171,3.3588750000000003,3.4555833333333337,0.09822423326250784,0.2196662647225456,-0.08099999999999996,-0.15700000000000003,-0.3639999999999999,-0.026600985221674867,-0.109375,3.07625,3.259875,3.3565,0.09188897286033774,0.21259245887716283,-0.08899999999999997,0.0030000000000001137,0.002000000000000224
2015-01-21,3,1,2015,111.0,93.0,152.9,88.99,92.64,2015-01-19,2.933,2.843,2,-0.1200000000000001,-0.20400000000000018,-0.3480000000000003,-0.0393056010481494,-0.10606522401706808,3.084,3.2720000000000002,3.3970833333333332,0.12001666550945847,0.23492734439155696,-0.121,-0.20199999999999996,-0.33199999999999985,-0.04082321187584348,-0.10456692913385823,2.99325,3.176375,3.2965,0.11892399533593957,0.23031403251091365,-0.08999999999999986,-0.0009999999999998899,0.01600000000000046
2015-01-28,4,1,2015,108.0,93.0,143.72,86.45,87.89,2015-01-26,2.866,2.786,2,-0.06699999999999973,-0.18699999999999983,-0.347,-0.022843504943743542,-0.10799875505757861,2.9972499999999997,3.179625,3.334,0.12109603626878503,0.23053288423627802,-0.05699999999999994,-0.17799999999999994,-0.33499999999999996,-0.020049243756595114,-0.10733739186158286,2.9095,3.0869999999999997,3.2343333333333333,0.1169116475520322,0.22501428526082126,-0.08000000000000007,0.009999999999999787,0.01200000000000001
2015-02-04,5,2,2015,107.0,92.0,134.55,71.19,76.01,2015-02-02,2.831,2.769,2,-0.03500000000000014,-0.10199999999999987,-0.30600000000000005,-0.01221214235868806,-0.09754542556582724,2.92075,3.091625,3.2635,0.09779698359362833,0.20884508099822147,-0.016999999999999904,-0.07399999999999984,-0.2759999999999998,-0.006101938262742301,-0.09064039408866986,2.8405,3.003875,3.16825,0.08820619781700004,0.19994887739479378,-0.06199999999999983,0.018000000000000238,0.03000000000000025
2015-02-11,6,2,2015,107.0,95.0,125.37,71.19,76.01,2015-02-09,2.835,2.761,2,0.0040000000000000036,-0.03100000000000014,-0.21799999999999997,0.0014129282938890597,-0.07140517523747136,2.86625,3.018625,3.1946666666666665,0.04716902232058848,0.17782972393358776,-0.008000000000000007,-0.02499999999999991,-0.20299999999999985,-0.002889129649693012,-0.0684885290148447,2.7897499999999997,2.933,3.1031666666666666,0.036998873856726004,0.16630522713203671,-0.07399999999999984,-0.01200000000000001,0.015000000000000124
2015-02-18,7,2,2015,108.0,94.0,128.43,69.92,76.01,2015-02-16,2.865,2.783,2,0.03000000000000025,0.03400000000000025,-0.06799999999999962,0.010582010582010692,-0.023184452778724718,2.84925,2.966625,3.131083333333333,0.018839232114938407,0.14856065379888714,0.021999999999999797,0.01399999999999979,-0.06000000000000005,0.007968127490039834,-0.021104467112205483,2.77475,2.884,3.0425,0.011786291472137547,0.1405753483774391,-0.0820000000000003,-0.008000000000000451,0.007999999999999563
2015-02-25,8,2,2015,109.0,94.0,137.61,72.46,80.76,2015-02-23,2.9,2.795,2,0.0349999999999997,0.06499999999999995,0.03399999999999981,0.012216404886561838,0.011863224005582707,2.8577500000000002,2.9274999999999998,3.0723333333333334,0.03199348892113865,0.11083063011387348,0.01200000000000001,0.03399999999999981,0.008999999999999897,0.004311893639956876,0.003230437903804617,2.777,2.84325,2.9836666666666667,0.01505545305416422,0.10474288247218164,-0.10499999999999998,-0.022999999999999687,-0.02499999999999991
2015-03-04,9,3,2015,111.0,90.0,120.18,78.82,80.76,2015-03-02,2.936,2.796,2,0.03600000000000003,0.07099999999999973,0.10499999999999998,0.012413793103448256,0.037089367714588484,2.8840000000000003,2.9023749999999997,3.0224166666666665,0.04367302752668404,0.07281667293382989,0.0009999999999998899,0.0129999999999999,0.02699999999999969,0.0003577817531306149,0.009750812567713929,2.78375,2.812125,2.9305,0.016276260831838182,0.0660917922287621,-0.14000000000000012,-0.03500000000000014,-0.07800000000000029
2015-03-11,10,3,2015,111.0,91.0,111.61,81.36,85.51,2015-03-09,2.944,2.795,2,0.008000000000000007,0.04400000000000004,0.10899999999999999,0.0027247956403269047,0.0384479717813051,2.91125,2.88875,2.9828333333333337,0.0362893464625541,0.045787552893875066,-0.0009999999999998899,0.0,0.03399999999999981,-0.0003576537911301747,0.01231437884824338,2.7922499999999997,2.791,2.886083333333333,0.006184658438363776,0.02459384359686433,-0.14900000000000002,-0.008999999999999897,-0.07500000000000018
2015-03-18,11,3,2015,110.0,95.0,121.4,81.36,85.51,2015-03-16,2.917,2.763,2,-0.027000000000000135,-0.019000000000000128,0.0519999999999996,-0.009171195652173947,0.018150087260034864,2.92425,2.8867499999999997,2.9525,0.01973786547085843,0.043888657825498376,-0.03200000000000003,-0.03299999999999992,-0.020000000000000018,-0.0114490161001789,-0.007186489399928164,2.78725,2.7809999999999997,2.8517499999999996,0.01617353805858953,0.014706655442200409,-0.15399999999999991,-0.004999999999999893,-0.07199999999999962
2015-03-25,12,3,2015,108.0,92.0,133.02,81.36,85.51,2015-03-23,2.864,2.715,2,-0.052999999999999936,-0.08000000000000007,-0.03600000000000003,-0.018169352074048684,-0.012413793103448256,2.91525,2.8865,2.9234166666666668,0.03599421249792647,0.04402921108288023,-0.04800000000000004,-0.08000000000000007,-0.08000000000000007,-0.017372421281216077,-0.028622540250447304,2.7672499999999998,2.772125,2.8179166666666666,0.038055879966171595,0.027294361008586246,-0.14900000000000002,0.004999999999999893,-0.04400000000000004
2015-04-01,13,3,2015,107.0,92.0,129.35,81.36,85.51,2015-03-30,2.824,2.675,2,-0.040000000000000036,-0.09299999999999997,-0.1120000000000001,-0.013966480446927387,-0.038147138964577665,2.88725,2.8856249999999997,2.8973333333333335,0.05368659050464204,0.04533978858112181,-0.040000000000000036,-0.08800000000000008,-0.121,-0.014732965009208066,-0.04327610872675247,2.737,2.760375,2.7870833333333334,0.05281413952090406,0.043970566454113534,-0.14900000000000002,0.0,-0.008999999999999897
2015-04-08,14,4,2015,105.0,91.0,134.55,78.82,80.76,2015-04-06,2.784,2.643,2,-0.040000000000000036,-0.08000000000000007,-0.16000000000000014,-0.014164305949008527,-0.05434782608695654,2.84725,2.8792500000000003,2.874916666666667,0.05682355732159503,0.055843531407042776,-0.03200000000000003,-0.07200000000000006,-0.15200000000000014,-0.011962616822429939,-0.0543828264758498,2.699,2.745625,2.760333333333333,0.05184592558727092,0.06043872339588424,-0.14100000000000001,0.008000000000000007,0.008000000000000007
2015-04-15,15,4,2015,104.0,89.0,142.81,78.82,80.76,2015-04-13,2.754,2.62,2,-0.029999999999999805,-0.06999999999999984,-0.1629999999999998,-0.010775862068965414,-0.05587932807679119,2.8064999999999998,2.865375,2.86,0.04787135538797107,0.0714881358788847,-0.022999999999999687,-0.054999999999999716,-0.1429999999999998,-0.008702232311766811,-0.05175533840028945,2.6632499999999997,2.72525,2.7417499999999997,0.04121791681621079,0.07234194594332584,-0.1339999999999999,0.007000000000000117,0.020000000000000018
2015-04-22,16,4,2015,105.0,91.0,123.85,78.82,80.76,2015-04-20,2.78,2.659,2,0.0259999999999998,-0.0040000000000000036,-0.08400000000000007,0.009440813362382006,-0.029329608938547524,2.7855,2.850375,2.852833333333333,0.028907899727961418,0.0756532267275822,0.0389999999999997,0.016000000000000014,-0.05600000000000005,0.014885496183205893,-0.020626151012891336,2.64925,2.70825,2.7311666666666667,0.023471614061847085,0.06953467788507676,-0.121,0.0129999999999999,0.028000000000000025
2015-04-29,17,4,2015,106.0,91.0,123.85,78.82,80.76,2015-04-27,2.811,2.683,2,0.03100000000000014,0.05699999999999994,-0.0129999999999999,0.011151079136690667,-0.004603399433427691,2.78225,2.83475,2.8511666666666664,0.02332916629490381,0.06795954679078704,0.02400000000000002,0.06299999999999972,0.008000000000000007,0.009025949605114603,0.0029906542056075125,2.65125,2.6941249999999997,2.724,0.026537709019461408,0.05998437296504795,-0.1280000000000001,-0.007000000000000117,0.020999999999999908
2015-05-06,18,5,2015,108.0,91.0,120.79,78.18,80.76,2015-05-04,2.854,2.751,2,0.04300000000000015,0.07400000000000029,0.07000000000000028,0.01529704731412318,0.025143678160919558,2.79975,2.8234999999999997,2.85275,0.04302228104926067,0.05311981067100491,0.06800000000000006,0.09200000000000008,0.1080000000000001,0.025344763324636643,0.04086265607264483,2.67825,2.688625,2.7231666666666663,0.0550113624626876,0.050714713277974124,-0.1030000000000002,0.02499999999999991,0.03799999999999981
2015-05-13,19,5,2015,109.0,87.0,124.76,76.28,77.2,2015-05-11,2.878,2.771,2,0.02400000000000002,0.06700000000000017,0.12400000000000011,0.008409250175192673,0.04502541757443712,2.83075,2.818625,2.8538333333333337,0.04373690280164929,0.044384480878638714,0.020000000000000018,0.08800000000000008,0.1509999999999998,0.007270083605961375,0.05763358778625949,2.716,2.689625,2.7221666666666664,0.053503893939294715,0.05244027214714971,-0.1070000000000002,-0.0040000000000000036,0.02699999999999969
2015-05-20,20,5,2015,110.0,88.0,116.2,76.28,77.2,2015-05-18,2.904,2.793,2,0.0259999999999998,0.04999999999999982,0.12400000000000011,0.009034051424600342,0.04460431654676267,2.86175,2.823625,2.8541666666666665,0.039516874033087374,0.05185126393288495,0.02200000000000024,0.04200000000000026,0.13400000000000034,0.007939372067845563,0.050394885295223846,2.7495,2.6993750000000003,2.722,0.047535951307055985,0.06384341894719552,-0.11099999999999977,-0.0039999999999995595,0.010000000000000231
2015-05-27,21,5,2015,110.0,87.0,112.53,76.91,78.38,2015-05-25,2.914,2.803,2,0.010000000000000231,0.03600000000000003,0.1030000000000002,0.003443526170799016,0.0366417644966206,2.8875,2.8348750000000003,2.8523333333333336,0.027000000000240627,0.060915485950459335,0.009999999999999787,0.03200000000000003,0.1200000000000001,0.00358037952022916,0.04472605292582932,2.7795,2.715375,2.722583333333333,0.023230726778694276,0.07233639175020093,-0.11100000000000021,-4.440892098500626e-16,0.016999999999999904
2015-06-03,22,5,2015,110.0,86.0,114.06,76.28,78.38,2015-06-01,2.909,2.799,2,-0.0050000000000003375,0.004999999999999893,0.054999999999999716,-0.0017158544955389043,0.01927119831814994,2.90125,2.8505,2.8494166666666665,0.016028620236294977,0.06202303719479067,-0.0040000000000000036,0.005999999999999783,0.04800000000000004,-0.0014270424545129723,0.017448200654307522,2.7915,2.7348749999999997,2.7229166666666664,0.014271183085720921,0.07105417952929566,-0.10999999999999988,0.001000000000000334,-0.006999999999999673
2015-06-10,23,6,2015,109.0,86.0,113.14,76.79,78.38,2015-06-08,2.884,2.783,2,-0.02499999999999991,-0.03000000000000025,0.005999999999999783,-0.008594018563080064,0.0020847810979847115,2.90275,2.86675,2.8466666666666662,0.013149778198864662,0.048734704560310455,-0.016000000000000014,-0.020000000000000018,0.01200000000000001,-0.005716327259735587,0.004330566582461115,2.7944999999999998,2.7552499999999998,2.7245833333333334,0.008698658900435384,0.05495387676441508,-0.10099999999999998,0.008999999999999897,0.006000000000000227
2015-06-17,24,6,2015,108.0,87.0,120.79,78.82,81.95,2015-06-15,2.87,2.777,2,-0.01399999999999979,-0.0389999999999997,-0.03399999999999981,-0.004854368932038722,-0.011707988980716233,2.89425,2.878,2.8471666666666664,0.020822663934909554,0.034012602706445544,-0.005999999999999783,-0.021999999999999797,-0.016000000000000014,-0.002155946819978327,-0.005728607232366678,2.7905,2.77,2.7297499999999997,0.012476644848122508,0.03892850589784443,-0.09299999999999997,0.008000000000000007,0.017999999999999794
2015-06-24,25,6,2015,108.0,88.0,,82.63,87.89,2015-06-22,2.859,2.755,2,-0.01100000000000012,-0.02499999999999991,-0.05500000000000016,-0.0038327526132404532,-0.018874399450926616,2.8805,2.884,2.8500833333333335,0.02157931107982382,0.022934689882564193,-0.02200000000000024,-0.028000000000000025,-0.04800000000000004,-0.007922218221101951,-0.017124509454156223,2.7784999999999997,2.779,2.736416666666667,0.01821171783952199,0.019331691227728067,-0.10400000000000009,-0.01100000000000012,0.007000000000000117
2015-07-01,26,6,2015,107.0,88.0,,81.36,85.51,2015-06-29,2.843,2.73,2,-0.016000000000000014,-0.027000000000000135,-0.06599999999999984,-0.005596362364463148,-0.022688209006531346,2.864,2.882625,2.855,0.01733974240524245,0.025207354369213415,-0.02499999999999991,-0.04700000000000015,-0.06899999999999995,-0.00907441016333932,-0.024651661307609873,2.76125,2.776375,2.7436666666666665,0.0240606871611478,0.024430294425655544,-0.11299999999999999,-0.008999999999999897,-0.0030000000000001137
2015-07-08,27,7,2015,107.0,90.0,129.96,81.36,85.51,2015-07-06,2.832,2.712,2,-0.01100000000000012,-0.027000000000000135,-0.052000000000000046,-0.0038691523039043885,-0.018030513176144236,2.851,2.876875,2.8615,0.01683250823101257,0.030995103300050415,-0.017999999999999794,-0.042999999999999705,-0.07099999999999973,-0.00659340659340657,-0.025512037369744833,2.7435,2.769,2.751333333333333,0.028454642269177988,0.03350479709804787,-0.11999999999999966,-0.006999999999999673,-0.018999999999999684
2015-07-15,28,7,2015,106.0,92.0,116.81,82.63,87.89,2015-07-13,2.814,2.708,2,-0.017999999999999794,-0.028999999999999915,-0.05600000000000005,-0.006355932203389814,-0.019512195121951237,2.837,2.865625,2.864333333333333,0.01892088792879612,0.035716892762119604,-0.0040000000000000036,-0.021999999999999797,-0.06899999999999995,-0.001474926253687281,-0.024846957148001447,2.72625,2.758375,2.7554166666666666,0.02142234036390865,0.03798472437341373,-0.10599999999999987,0.01399999999999979,-0.0129999999999999
2015-07-22,29,7,2015,105.0,91.0,114.67,91.53,92.64,2015-07-20,2.782,2.674,2,-0.03200000000000003,-0.04999999999999982,-0.07699999999999996,-0.011371712864250205,-0.02693249387897867,2.81775,2.849125,2.861916666666666,0.02666302058434352,0.04036419028237915,-0.03400000000000025,-0.038000000000000256,-0.08099999999999996,-0.01255539143279183,-0.029401088929219554,2.7060000000000004,2.7422500000000003,2.7546666666666666,0.023380903889017264,0.04333836967081503,-0.1080000000000001,-0.002000000000000224,-0.0040000000000000036
2015-07-29,30,7,2015,103.0,91.0,107.03,90.26,90.26,2015-07-27,2.723,2.611,2,-0.05900000000000016,-0.09100000000000019,-0.1200000000000001,-0.02120776419841841,-0.042208934224410855,2.78775,2.825875,2.8510000000000004,0.04786352125242938,0.05264826004459645,-0.06299999999999972,-0.09699999999999998,-0.11899999999999977,-0.023560209424083656,-0.043589743589743546,2.67625,2.7187500000000004,2.743,0.0467216937478502,0.056990600728879126,-0.11199999999999966,-0.0039999999999995595,0.001000000000000334
2015-08-05,31,8,2015,101.0,90.0,100.3,88.99,87.89,2015-08-03,2.668,2.536,2,-0.054999999999999716,-0.11399999999999988,-0.1639999999999997,-0.020198310686742493,-0.057909604519773894,2.74675,2.798875,2.8335000000000004,0.06462906982684058,0.07082864130124529,-0.07500000000000018,-0.1379999999999999,-0.17600000000000016,-0.02872462657985453,-0.06489675516224191,2.63225,2.687875,2.723416666666667,0.07571162394244299,0.07962310773716547,-0.13200000000000012,-0.020000000000000462,-0.012000000000000455
2015-08-12,32,8,2015,99.0,89.0,103.05,87.72,86.7,2015-08-10,2.617,2.487,2,-0.051000000000000156,-0.10599999999999987,-0.19700000000000006,-0.01911544227886064,-0.07000710732054016,2.6975,2.7672499999999998,2.8095833333333338,0.0710422409557654,0.08874964788667557,-0.04899999999999993,-0.12400000000000011,-0.22100000000000009,-0.019321766561514186,-0.08161004431314622,2.577,2.651625,2.6979166666666665,0.08235289915966978,0.09730208851089187,-0.1299999999999999,0.002000000000000224,-0.02400000000000002
2015-08-19,33,8,2015,99.0,88.0,96.94,90.26,89.07,2015-08-17,2.615,2.478,2,-0.0019999999999997797,-0.052999999999999936,-0.16699999999999982,-0.0007642338555596817,-0.06002875629043847,2.65575,2.7367500000000002,2.7846666666666664,0.05110365283765221,0.09445747342440955,-0.008999999999999897,-0.05799999999999983,-0.19599999999999973,-0.003618817852834688,-0.07329842931937158,2.528,2.617,2.670833333333334,0.060920713499899304,0.10429491153186052,-0.137,-0.007000000000000117,-0.028999999999999915
2015-08-26,34,8,2015,97.0,89.0,103.97,91.53,91.45,2015-08-24,2.561,2.414,2,-0.05400000000000027,-0.05600000000000005,-0.16199999999999992,-0.020650095602294583,-0.059493206022768974,2.61525,2.7015000000000002,2.7556666666666665,0.043698779540762796,0.10149876846547742,-0.06400000000000006,-0.07299999999999995,-0.19700000000000006,-0.025827280064568248,-0.07545001914975102,2.47875,2.5775,2.6387500000000004,0.05012900025604809,0.11470458952087723,-0.1469999999999998,-0.009999999999999787,-0.03500000000000014
2015-09-02,35,8,2015,95.0,87.0,122.32,91.53,90.26,2015-08-31,2.514,2.376,2,-0.04700000000000015,-0.10100000000000042,-0.15400000000000036,-0.01835220616946509,-0.05772113943028501,2.5767499999999997,2.66175,2.724833333333333,0.0492231314189417,0.10528837949722317,-0.038000000000000256,-0.10200000000000031,-0.16000000000000014,-0.015741507870754012,-0.06309148264984232,2.43875,2.5355000000000003,2.6048333333333336,0.052974050251088076,0.11982129550773925,-0.1379999999999999,0.008999999999999897,-0.005999999999999783
2015-09-09,36,9,2015,96.0,89.0,135.47,91.53,90.26,2015-09-07,2.534,2.385,2,0.020000000000000018,-0.027000000000000135,-0.08300000000000018,0.007955449482895727,-0.03171570500573184,2.556,2.62675,2.6968333333333327,0.04379497688114712,0.09330403451700849,0.008999999999999897,-0.02900000000000036,-0.10200000000000031,0.0037878787878786735,-0.04101326899879387,2.41325,2.495125,2.5721666666666665,0.04611127844687432,0.10714001186702979,-0.14900000000000002,-0.01100000000000012,-0.019000000000000128
2015-09-16,37,9,2015,95.0,89.0,152.9,87.72,85.51,2015-09-14,2.517,2.362,2,-0.016999999999999904,0.0030000000000001137,-0.09800000000000031,-0.006708760852407236,-0.0374760994263863,2.5315,2.593625,2.6683333333333334,0.021548395145673457,0.07569098361104892,-0.022999999999999687,-0.01399999999999979,-0.1160000000000001,-0.009643605870020888,-0.04681194511702991,2.38425,2.456125,2.539416666666667,0.021975364995199562,0.08775849572228736,-0.1549999999999998,-0.005999999999999783,-0.017999999999999794
2015-09-23,38,9,2015,94.0,99.0,184.39,86.45,85.51,2015-09-21,2.493,2.34,2,-0.02400000000000002,-0.040999999999999925,-0.06800000000000006,-0.009535160905840279,-0.02655212807497076,2.5145,2.564875,2.6391666666666667,0.01682260384188857,0.06196643676799737,-0.02200000000000024,-0.04499999999999993,-0.07400000000000029,-0.009314140558848494,-0.030654515327257825,2.36575,2.42225,2.5069166666666667,0.019602295784061256,0.06992802422089966,-0.15300000000000002,0.0019999999999997797,-0.006000000000000227
2015-09-30,39,9,2015,93.0,103.0,197.85,84.54,84.32,2015-09-28,2.476,2.323,2,-0.016999999999999904,-0.040999999999999925,-0.03799999999999981,-0.006819093461692738,-0.01511535401750197,2.505,2.540875,2.6095,0.025625508125459558,0.05282704258785661,-0.016999999999999904,-0.039000000000000146,-0.052999999999999936,-0.007264957264957239,-0.022306397306397274,2.3525,2.395625,2.4745000000000004,0.02691344149935749,0.06032042416494377,-0.15300000000000002,0.0,-0.015000000000000124
2015-10-07,40,10,2015,94.0,95.0,181.03,83.91,84.32,2015-10-05,2.492,2.323,2,0.016000000000000014,-0.0009999999999998899,-0.041999999999999815,0.00646203554119551,-0.016574585635359074,2.4945,2.5252499999999998,2.5826666666666664,0.016901676446087272,0.045000793643880634,0.0,-0.016999999999999904,-0.06199999999999983,0.0,-0.02599580712788252,2.337,2.3751249999999997,2.4424166666666665,0.01849324200907505,0.05214386006873006,-0.16900000000000004,-0.016000000000000014,-0.020000000000000018
2015-10-14,41,10,2015,96.0,94.0,152.9,83.91,84.32,2015-10-12,2.556,2.339,2,0.06400000000000006,0.08000000000000007,0.039000000000000146,0.025682182985553803,0.015494636471990564,2.50425,2.5178749999999996,2.563833333333333,0.03536830030815757,0.030777716893078812,0.016000000000000014,0.016000000000000014,-0.02300000000000013,0.0068876452862678406,-0.009737510584250653,2.33125,2.3577500000000002,2.4145,0.009535023160588598,0.03238054971754126,-0.21700000000000008,-0.04800000000000004,-0.06200000000000028
2015-10-21,42,10,2015,96.0,86.0,158.09,84.54,84.32,2015-10-19,2.531,2.325,2,-0.02499999999999991,0.039000000000000146,0.038000000000000256,-0.009780907668231587,0.015242679502607492,2.51375,2.514125,2.5478333333333336,0.03642686737406633,0.026270230299859088,-0.01399999999999979,0.002000000000000224,-0.01499999999999968,-0.005985463873450114,-0.0064102564102562765,2.3275,2.346625,2.3906666666666667,0.007724420151248451,0.024663086934790267,-0.20599999999999996,0.01100000000000012,-0.052999999999999936
2015-10-28,43,10,2015,94.0,86.0,128.43,76.91,80.76,2015-10-26,2.498,2.299,2,-0.03299999999999992,-0.05799999999999983,0.02200000000000024,-0.013038324772817078,0.00888529886914391,2.51925,2.5121249999999997,2.5336666666666665,0.029904013108963023,0.026883013755512126,-0.026000000000000245,-0.040000000000000036,-0.02400000000000002,-0.011182795698924886,-0.01033146792940165,2.3215,2.3369999999999997,2.3709166666666666,0.016603212540743355,0.02651684101006444,-0.1990000000000003,0.006999999999999673,-0.04600000000000026
2015-11-04,44,11,2015,94.0,84.0,110.7,78.18,80.76,2015-11-02,2.485,2.29,2,-0.013000000000000345,-0.04600000000000026,-0.007000000000000117,-0.005204163330664646,-0.002808988764045006,2.5175,2.5060000000000002,2.5226666666666664,0.032150686877386314,0.02676885183527739,-0.008999999999999897,-0.03500000000000014,-0.03299999999999992,-0.00391474554153981,-0.014205768402927199,2.31325,2.325125,2.3545,0.02269177530897951,0.022987185871609302,-0.19499999999999984,0.004000000000000448,-0.0259999999999998
2015-11-11,45,11,2015,94.0,84.0,95.71,78.18,80.76,2015-11-09,2.502,2.317,2,0.016999999999999904,0.0039999999999995595,-0.05400000000000027,0.006841046277666019,-0.021126760563380365,2.504,2.504125,2.5132499999999998,0.019407902171229827,0.02641123949072005,0.027000000000000135,0.018000000000000238,-0.021999999999999797,0.011790393013100475,-0.009405728943993052,2.30775,2.3194999999999997,2.341083333333333,0.016070158680194332,0.01753364113465255,-0.1849999999999996,0.010000000000000231,0.03200000000000047
2015-11-18,46,11,2015,94.0,84.0,103.97,77.55,78.38,2015-11-16,2.482,2.304,2,-0.019999999999999574,-0.0029999999999996696,-0.04899999999999993,-0.007993605115907076,-0.019359936783879816,2.4917499999999997,2.50275,2.5066666666666664,0.009742518498226523,0.027343058664868674,-0.013000000000000345,0.01399999999999979,-0.02100000000000035,-0.005610703495899982,-0.009032258064516241,2.3025,2.315,2.331916666666667,0.011269427669882032,0.016080156360609305,-0.17800000000000038,0.006999999999999229,0.02799999999999958
2015-11-25,47,11,2015,92.0,84.0,84.09,75.01,73.63,2015-11-23,2.445,2.28,2,-0.037000000000000366,-0.05699999999999994,-0.05300000000000038,-0.014907332796132322,-0.021216973578863207,2.4785,2.498875,2.5009166666666665,0.02400694344049753,0.03323697381800894,-0.02400000000000002,-0.037000000000000366,-0.019000000000000128,-0.01041666666666663,-0.008264462809917439,2.29775,2.309625,2.3239166666666664,0.0161735380588203,0.019784102564835683,-0.16500000000000004,0.013000000000000345,0.03400000000000025
2015-12-02,48,11,2015,91.0,86.0,85.62,,,2015-11-30,2.421,2.254,2,-0.02400000000000002,-0.06100000000000039,-0.06400000000000006,-0.009815950920245453,-0.02575452716297788,2.4625,2.49,2.4915,0.036373066959252624,0.04329302154266055,-0.0259999999999998,-0.04999999999999982,-0.03600000000000003,-0.011403508771929749,-0.015720524017467263,2.28875,2.301,2.313,0.027777388886290992,0.02688600273129825,-0.16699999999999982,-0.0019999999999997797,0.028000000000000025
2015-12-09,49,12,2015,90.0,85.0,85.62,67.38,68.88,2015-12-07,2.379,2.232,2,-0.041999999999999815,-0.06599999999999984,-0.12299999999999978,-0.017348203221809078,-0.04916067146282965,2.43175,2.4678750000000003,2.48,0.043200115740851634,0.04952470523464933,-0.021999999999999797,-0.0479999999999996,-0.08499999999999996,-0.009760425909494108,-0.03668536901165298,2.2675,2.287625,2.3021666666666665,0.03125699921629095,0.03150028344559946,-0.1469999999999998,0.020000000000000018,0.03799999999999981
2015-12-16,50,12,2015,88.0,86.0,88.68,64.84,66.51,2015-12-14,2.338,2.212,2,-0.040999999999999925,-0.08299999999999974,-0.14400000000000013,-0.017234131988230317,-0.058017727639000816,2.39575,2.4437499999999996,2.4670833333333335,0.047183153773606254,0.0602322884459487,-0.020000000000000018,-0.041999999999999815,-0.09199999999999964,-0.008960573476702538,-0.03993055555555536,2.2445,2.2735,2.2914999999999996,0.029228981052046393,0.03717141759100063,-0.1259999999999999,0.020999999999999908,0.05200000000000049
2015-12-23,51,12,2015,86.0,85.0,84.09,64.2,66.51,2015-12-21,2.284,2.181,2,-0.05400000000000027,-0.0950000000000002,-0.16100000000000003,-0.023096663815226792,-0.06584867075664624,2.3554999999999997,2.4170000000000003,2.4510833333333335,0.058483615939492375,0.077688020771776,-0.03100000000000014,-0.051000000000000156,-0.09899999999999975,-0.014014466546112159,-0.043421052631578805,2.2197500000000003,2.25875,2.2796666666666665,0.031009407174940783,0.047565743976209336,-0.10299999999999976,0.02300000000000013,0.06200000000000028
2015-12-30,52,12,2015,84.339622,85.0,86.54,,,2015-12-28,2.237,2.14,2,-0.04699999999999971,-0.10099999999999998,-0.18399999999999972,-0.020577933450087404,-0.07600165220983057,2.3095,2.3859999999999997,2.4298333333333333,0.06204568209547263,0.09436706447246368,-0.040999999999999925,-0.07200000000000006,-0.11399999999999988,-0.018798716185236097,-0.0505767524401064,2.19125,2.24,2.264416666666667,0.040094679613905185,0.061120489900888544,-0.09699999999999998,0.005999999999999783,0.06999999999999984
2016-01-06,1,1,2016,83.0,85.0,91.74,64.2,66.51,2016-01-04,2.211,2.114,2,-0.026000000000000245,-0.07299999999999995,-0.16800000000000015,-0.011622708985248198,-0.07061790668348056,2.2675,2.3496249999999996,2.4010833333333337,0.055871877243327234,0.09922548275810329,-0.026000000000000245,-0.06700000000000017,-0.11800000000000033,-0.01214953271028052,-0.05286738351254494,2.16175,2.214625,2.2456666666666667,0.04339258769277884,0.06648939227970645,-0.09699999999999998,0.0,0.04999999999999982
2016-01-13,2,1,2016,82.0,86.0,87.15,64.2,66.51,2016-01-11,2.177,2.08,2,-0.03399999999999981,-0.06000000000000005,-0.16100000000000003,-0.015377657168701875,-0.06886227544910184,2.2272499999999997,2.3115,2.371583333333333,0.04511005061728856,0.09969095101508908,-0.03399999999999981,-0.06000000000000005,-0.13200000000000012,-0.016083254493850396,-0.05967450271247743,2.12875,2.1866250000000003,2.22525,0.04262530547311057,0.07051836133748975,-0.09699999999999998,0.0,0.028999999999999915
2016-01-20,3,1,2016,80.0,88.0,85.62,62.29,64.13,2016-01-18,2.112,2.014,2,-0.06499999999999995,-0.09899999999999975,-0.1719999999999997,-0.029857602204869105,-0.0753064798598948,2.18425,2.269875,2.3394166666666667,0.05407017045804472,0.10534628273328606,-0.06600000000000028,-0.10000000000000009,-0.16700000000000026,-0.03173076923076934,-0.0765703805593766,2.0869999999999997,2.153375,2.2015,0.054516052681847234,0.08198072508660119,-0.09800000000000031,-0.001000000000000334,0.004999999999999449
2016-01-27,4,1,2016,78.0,88.0,93.27,59.12,61.76,2016-01-25,2.071,1.957,2,-0.040999999999999925,-0.10599999999999987,-0.16599999999999993,-0.019412878787878785,-0.07420652659812244,2.1427500000000004,2.226125,2.3049166666666667,0.0630469401850424,0.10629129449640475,-0.05699999999999972,-0.123,-0.18300000000000005,-0.028301886792452713,-0.08551401869158881,2.04125,2.11625,2.17375,0.06984447007466384,0.09595944083687125,-0.1140000000000001,-0.015999999999999792,-0.017000000000000126
2016-02-03,5,1,2016,77.0,88.0,90.51,57.84,59.38,2016-02-01,2.031,1.917,2,-0.040000000000000036,-0.08099999999999996,-0.17999999999999972,-0.0193143408981169,-0.08141112618724544,2.09775,2.1826250000000003,2.2656666666666667,0.06232909967821908,0.10599856804966094,-0.040000000000000036,-0.09699999999999975,-0.19699999999999984,-0.020439448134900395,-0.09318826868495733,1.992,2.0768750000000002,2.140416666666667,0.07089428749914445,0.105800941799802,-0.1140000000000001,0.0,-0.017000000000000126
2016-02-10,6,2,2016,76.0,87.0,84.7,57.21,59.38,2016-02-08,2.008,1.896,2,-0.02300000000000013,-0.06300000000000017,-0.16900000000000004,-0.011324470704086709,-0.07762976573265967,2.0555000000000003,2.141375,2.2261666666666664,0.045785732858228054,0.10098788824129236,-0.02100000000000013,-0.061000000000000165,-0.18400000000000016,-0.010954616588419452,-0.08846153846153859,1.946,2.037375,2.1064166666666666,0.051916599786054576,0.10712601058038161,-0.1120000000000001,0.0020000000000000018,-0.015000000000000124
2016-02-17,7,2,2016,75.0,89.0,78.89,57.84,60.57,2016-02-15,1.98,1.858,2,-0.028000000000000025,-0.051000000000000156,-0.13200000000000012,-0.013944223107569709,-0.0625,2.0225,2.103375,2.1874166666666666,0.038475100173564036,0.09676028922773929,-0.03799999999999981,-0.05899999999999994,-0.1559999999999997,-0.020042194092826926,-0.07745779543197606,1.907,1.997,2.07125,0.041319890287196355,0.10612526291407898,-0.12199999999999989,-0.009999999999999787,-0.023999999999999577
2016-02-24,8,2,2016,75.0,87.0,77.98,57.21,61.76,2016-02-22,1.983,1.873,2,0.0030000000000001137,-0.02499999999999991,-0.08800000000000008,0.0015151515151514694,-0.042491549975857135,2.0005,2.071625,2.150916666666667,0.023895606291386744,0.08791869214551931,0.014999999999999902,-0.02299999999999991,-0.08400000000000007,0.008073196986006392,-0.04292284108329081,1.886,1.963625,2.0395,0.025910100990661,0.0962540351659363,-0.1100000000000001,0.011999999999999789,0.0040000000000000036
2016-03-02,9,2,2016,75.0,86.0,70.33,57.21,61.76,2016-02-29,1.989,1.874,2,0.006000000000000005,0.009000000000000119,-0.04200000000000004,0.00302571860816947,-0.020679468242245203,1.99,2.043875,2.1184166666666666,0.012569805091297149,0.07106222122704481,0.001000000000000112,0.016000000000000014,-0.04299999999999993,0.0005339028296851289,-0.02243088158581108,1.87525,1.933625,2.0096666666666665,0.015649813630830893,0.07844367861272691,-0.11499999999999999,-0.004999999999999893,-0.0009999999999998899
2016-03-09,10,3,2016,76.0,85.0,68.8,57.84,62.95,2016-03-07,2.021,1.907,2,0.031999999999999806,0.03799999999999981,0.0129999999999999,0.016088486676721914,0.006474103585657254,1.99325,2.024375,2.092,0.01887458608905432,0.04645716152704582,0.03299999999999992,0.03400000000000003,0.01100000000000012,0.017609391675560193,0.005801687763713037,1.8780000000000001,1.912,1.98425,0.02067204231193351,0.05156964777308146,-0.11399999999999988,0.001000000000000112,-0.0019999999999997797
2016-03-16,11,3,2016,79.0,85.0,71.25,59.75,66.51,2016-03-14,2.099,1.99,2,0.07800000000000029,0.1100000000000001,0.11900000000000022,0.0385947550717467,0.06010101010101021,2.023,2.0227500000000003,2.0765833333333332,0.053341666016030874,0.043057270831251486,0.08299999999999996,0.11599999999999988,0.1319999999999999,0.04352385946512838,0.07104413347685679,1.911,1.909,1.9683333333333335,0.05498484639740205,0.04507771067846201,-0.10900000000000021,0.004999999999999671,0.012999999999999678
2016-03-23,12,3,2016,80.0,87.0,75.84,58.48,66.51,2016-03-21,2.119,1.991,2,0.020000000000000018,0.09800000000000031,0.13600000000000012,0.009528346831824797,0.06858295511850732,2.057,2.02875,2.0667500000000003,0.0619892463794999,0.052949436797288314,0.001000000000000112,0.08400000000000007,0.1180000000000001,0.0005025125628141947,0.06300053390282967,1.9405000000000001,1.9132500000000001,1.9559166666666667,0.059287435431228996,0.0514080316127435,-0.1280000000000001,-0.018999999999999906,-0.018000000000000016
2016-03-30,13,3,2016,80.0,85.0,85.62,58.48,66.51,2016-03-28,2.121,2.001,2,0.0019999999999997797,0.021999999999999797,0.1319999999999999,0.0009438414346387702,0.06636500754147812,2.09,2.04,2.05925,0.04706024507689665,0.06224146527843935,0.009999999999999787,0.010999999999999899,0.12699999999999978,0.0050226017076844265,0.06776947705442882,1.9722499999999998,1.9237499999999998,1.9465000000000001,0.04378260689678446,0.0601230880302801,-0.1200000000000001,0.008000000000000007,-0.0050000000000001155
2016-04-06,14,4,2016,80.0,85.0,85.62,59.75,66.51,2016-04-04,2.115,1.983,2,-0.005999999999999783,-0.0040000000000000036,0.0940000000000003,-0.0028288543140027045,0.04651162790697683,2.1135,2.053375,2.0540833333333333,0.009983319422768455,0.06577871453381756,-0.017999999999999794,-0.008000000000000007,0.07600000000000007,-0.008995502248875464,0.03985317252228637,1.99125,1.934625,1.938416666666667,0.007410578025909145,0.0622183654559574,-0.13200000000000012,-0.01200000000000001,-0.018000000000000238
2016-04-13,15,4,2016,80.0,85.0,85.01,61.02,68.88,2016-04-11,2.128,1.992,2,0.0129999999999999,0.007000000000000117,0.028999999999999915,0.00614657210401881,0.013816102906145655,2.12075,2.071875,2.055416666666667,0.005439056293469469,0.0629454128591368,0.008999999999999897,-0.008999999999999897,0.0020000000000000018,0.004538577912254205,0.0010050251256281673,1.99175,1.951375,1.9365833333333333,0.007365459932102928,0.05640906082242624,-0.13600000000000012,-0.0040000000000000036,-0.026999999999999913
2016-04-20,16,4,2016,82.0,85.0,88.07,62.29,70.07,2016-04-18,2.165,2.046,2,0.03699999999999992,0.04999999999999982,0.04599999999999982,0.017387218045112673,0.02170835299669638,2.13225,2.094625,2.06325,0.022470350836081673,0.05900105931258516,0.053999999999999826,0.06299999999999972,0.054999999999999716,0.027108433734939652,0.027624309392265012,2.0055,1.973,1.944,0.027982137159466722,0.055219044333941925,-0.11900000000000022,0.016999999999999904,0.008999999999999897
2016-04-27,17,4,2016,83.0,86.0,81.95,63.56,71.26,2016-04-25,2.198,2.074,2,0.03299999999999992,0.06999999999999984,0.07699999999999996,0.01524249422632784,0.03630363036303619,2.1515,2.12075,2.077166666666667,0.03754552791873012,0.0513218137972128,0.028000000000000025,0.08199999999999985,0.07299999999999995,0.013685239491691092,0.03648175912043983,2.02375,1.998,1.9570833333333333,0.04354595273973159,0.04890807704266171,-0.12400000000000011,-0.004999999999999893,-0.0040000000000000036
2016-05-04,18,5,2016,86.0,85.0,80.42,63.56,71.26,2016-05-02,2.266,2.137,2,0.06800000000000006,0.10099999999999998,0.1509999999999998,0.030937215650591376,0.07139479905437351,2.18925,2.151375,2.098666666666667,0.058613849330699394,0.05616541259027476,0.06300000000000017,0.09100000000000019,0.15399999999999991,0.030376084860173735,0.0776601109430155,2.0622499999999997,2.02675,1.9771666666666665,0.06034553283668731,0.05499545435770923,-0.129,-0.004999999999999893,0.0030000000000001137
2016-05-11,19,5,2016,86.0,85.0,79.51,63.56,71.26,2016-05-09,2.271,2.131,2,0.004999999999999893,0.07299999999999995,0.1429999999999998,0.0022065313327448433,0.06719924812030076,2.225,2.172875,2.122916666666667,0.05204485245146189,0.06541174534117444,-0.006000000000000227,0.05699999999999994,0.1389999999999998,-0.0028076743097801282,0.06977911646586343,2.097,2.044375,1.9999166666666668,0.044294469180811404,0.06347538893154447,-0.14000000000000012,-0.01100000000000012,-0.0040000000000000036
2016-05-18,20,5,2016,87.0,85.0,78.89,64.84,73.63,2016-05-16,2.297,2.157,2,0.026000000000000245,0.03100000000000014,0.13200000000000012,0.011448701012769735,0.06096997690531181,2.258,2.195125,2.1490833333333335,0.042245315322455596,0.07415704860058883,0.026000000000000245,0.020000000000000018,0.11100000000000021,0.012200844673862177,0.05425219941348991,2.12475,2.065125,2.0235833333333333,0.03561249780637987,0.07030024893277974,-0.14000000000000012,0.0,-0.020999999999999908
2016-05-25,21,5,2016,89.0,88.0,71.86,67.38,76.01,2016-05-23,2.357,2.233,2,0.06000000000000005,0.0860000000000003,0.15900000000000025,0.02612102742707889,0.0723384895359418,2.2977499999999997,2.224625,2.17975,0.04177219968702647,0.08638938013440806,0.07600000000000007,0.10200000000000031,0.15900000000000025,0.0352341214649976,0.07666345226615245,2.1645000000000003,2.094125,2.0535,0.04700000000009336,0.08613683051656412,-0.12400000000000011,0.016000000000000014,0.0
2016-06-01,22,5,2016,90.0,87.0,74.0,69.29,78.38,2016-05-30,2.382,2.254,2,0.02499999999999991,0.08499999999999996,0.1160000000000001,0.010606703436571774,0.05119152691968232,2.32675,2.258,2.2098333333333335,0.05151294335755652,0.08950658395579553,0.020999999999999908,0.09699999999999998,0.11699999999999999,0.00940438871473348,0.054749649040711335,2.19375,2.128,2.0824166666666666,0.05904447476274399,0.08941716038568427,-0.1280000000000001,-0.0040000000000000036,0.0009999999999998899
2016-06-08,23,6,2016,91.0,88.0,83.48,71.19,77.2,2016-06-06,2.407,2.278,2,0.02499999999999991,0.04999999999999982,0.13600000000000012,0.010495382031906031,0.059885512989872325,2.3607500000000003,2.292875,2.2355,0.047147817199647654,0.08589933892981229,0.02400000000000002,0.04499999999999993,0.14700000000000024,0.010647737355811815,0.06898169873298943,2.2305,2.16375,2.1064166666666666,0.05233545643259189,0.08430175392182666,-0.129,-0.0009999999999998899,0.01100000000000012
2016-06-15,24,6,2016,92.0,89.0,95.71,71.83,76.01,2016-06-13,2.431,2.307,2,0.02400000000000002,0.04899999999999993,0.1339999999999999,0.009970918155380204,0.05833696125380916,2.39425,2.326125,2.2615000000000003,0.03188913085505232,0.08065169823741353,0.028999999999999915,0.052999999999999936,0.1499999999999999,0.012730465320456519,0.06954102920723226,2.268,2.1963749999999997,2.13275,0.03184336665629327,0.08271109357281167,-0.12400000000000011,0.004999999999999893,0.016000000000000014
2016-06-22,25,6,2016,92.0,89.0,123.85,71.83,73.63,2016-06-20,2.426,2.296,2,-0.004999999999999893,0.019000000000000128,0.06899999999999995,-0.002056766762649098,0.029274501484938487,2.4115,2.354625,2.286916666666667,0.022218610818191875,0.06823685116672865,-0.01100000000000012,0.017999999999999794,0.06299999999999972,-0.004768097095795509,0.02821316614420044,2.28375,2.224125,2.1573333333333333,0.023157072353967433,0.07238476062983765,-0.13000000000000034,-0.006000000000000227,-0.006000000000000227
2016-06-29,26,6,2016,92.0,89.0,122.32,73.1,76.01,2016-06-27,2.426,2.285,2,0.0,-0.004999999999999893,0.04400000000000004,0.0,0.018471872376154552,2.4225000000000003,2.3746250000000004,2.3128333333333333,0.010598742064825558,0.06168337933124071,-0.010999999999999677,-0.021999999999999797,0.03100000000000014,-0.0047909407665504,0.013753327417923789,2.2915,2.242625,2.1825,0.012714820748773106,0.06552412314786049,-0.14100000000000001,-0.010999999999999677,-0.0129999999999999
2016-07-06,27,7,2016,91.0,91.0,138.52,74.37,76.01,2016-07-04,2.423,2.282,2,-0.0030000000000001137,-0.0030000000000001137,0.016000000000000014,-0.0012366034624897715,0.006647278770253395,2.4265000000000003,2.393625,2.3374166666666665,0.0033166247938651396,0.04682471111962188,-0.0030000000000001137,-0.01399999999999979,0.0040000000000000036,-0.0013129102844638973,0.0017559262510975504,2.2925,2.2615,2.2066666666666666,0.011387127235322128,0.048246391426971014,-0.14100000000000001,0.0,-0.01200000000000001
2016-07-13,28,7,2016,91.0,91.0,118.49,79.46,80.76,2016-07-11,2.414,2.261,2,-0.008999999999999897,-0.01200000000000001,-0.016999999999999904,-0.0037144036318612628,-0.006993006993006978,2.42225,2.4082500000000002,2.358166666666667,0.00567890834785809,0.02595463074579094,-0.020999999999999908,-0.02400000000000002,-0.04599999999999982,-0.009202453987730008,-0.019939315127871615,2.2809999999999997,2.2745,2.2245833333333334,0.01462873883856455,0.023970219618969137,-0.15300000000000002,-0.01200000000000001,-0.028999999999999915
2016-07-20,29,7,2016,91.0,94.0,129.04,79.46,83.14,2016-07-18,2.402,2.262,2,-0.01200000000000001,-0.020999999999999908,-0.02400000000000002,-0.004971002485501197,-0.009892827699917617,2.41625,2.413875,2.375166666666667,0.010781929327513505,0.016365796214110606,0.0009999999999998899,-0.020000000000000018,-0.03399999999999981,0.00044228217602815256,-0.014808362369337913,2.2725,2.278125,2.24025,0.012767145335080249,0.018325918414214947,-0.14000000000000012,0.0129999999999999,-0.009999999999999787
2016-07-27,30,7,2016,90.0,95.0,120.79,79.46,83.14,2016-07-25,2.379,2.242,2,-0.02300000000000013,-0.03500000000000014,-0.04700000000000015,-0.009575353871773551,-0.01937345424567194,2.4045,2.4135,2.3845833333333335,0.019052558883880605,0.017212951934320438,-0.020000000000000018,-0.019000000000000128,-0.04300000000000015,-0.008841732979664063,-0.018818380743982566,2.26175,2.276625,2.249,0.016337584481002507,0.020893864444825706,-0.137,0.0030000000000001137,0.0040000000000000036
2016-08-03,31,7,2016,89.0,97.0,120.18,75.01,78.38,2016-08-01,2.348,2.224,2,-0.03100000000000014,-0.05400000000000027,-0.07500000000000018,-0.013030685161832811,-0.030953363598844486,2.38575,2.406125,2.391,0.029055980451950476,0.0289996921167215,-0.017999999999999794,-0.03799999999999981,-0.05799999999999983,-0.008028545941123899,-0.025416301489921023,2.24725,2.269875,2.25675,0.01802544497853296,0.027925602692233525,-0.12399999999999967,0.013000000000000345,0.017000000000000348
2016-08-10,32,8,2016,87.0,101.0,111.0,71.83,76.01,2016-08-08,2.316,2.184,2,-0.03200000000000003,-0.06300000000000017,-0.09800000000000031,-0.013628620102214661,-0.04059652029826033,2.36125,2.39175,2.3925833333333335,0.0374110055111859,0.04094857402026565,-0.040000000000000036,-0.05799999999999983,-0.07699999999999996,-0.017985611510791366,-0.034055727554179516,2.228,2.2545,2.259,0.03318634257252649,0.036963302264488594,-0.13199999999999967,-0.008000000000000007,0.02100000000000035
2016-08-17,33,8,2016,87.0,103.0,119.26,71.83,76.01,2016-08-15,2.31,2.179,2,-0.005999999999999783,-0.03799999999999981,-0.09200000000000008,-0.002590673575129432,-0.03830141548709409,2.33825,2.37725,2.388666666666667,0.031878676258984336,0.04715551778053413,-0.0050000000000003375,-0.04500000000000037,-0.08300000000000018,-0.0022893772893773923,-0.03669319186560571,2.20725,2.239875,2.2544999999999997,0.030696090956473396,0.04111112988000063,-0.13100000000000023,0.0009999999999994458,0.008999999999999897
2016-08-24,34,8,2016,89.0,106.0,119.26,74.37,78.38,2016-08-22,2.37,2.249,2,0.06000000000000005,0.05400000000000027,-0.008999999999999897,0.025974025974025983,-0.003783102143757877,2.3360000000000003,2.37025,2.3876666666666666,0.028142494559387995,0.042844402868405664,0.07000000000000028,0.06499999999999995,0.007000000000000117,0.032124827902707764,0.003122212310437078,2.209,2.235375,2.2540833333333334,0.03341656275972638,0.03725563236434776,-0.121,0.010000000000000231,0.016000000000000014
2016-08-31,35,8,2016,91.0,109.0,117.73,75.01,78.38,2016-08-29,2.409,2.269,2,0.0389999999999997,0.09899999999999975,0.06099999999999994,0.01645569620253151,0.02597955706984667,2.35125,2.3685,2.3878333333333335,0.04701329599193037,0.04060963995346719,0.020000000000000018,0.0900000000000003,0.04499999999999993,0.008892841262783557,0.020233812949640217,2.22025,2.23375,2.2533333333333334,0.04552929459891247,0.035155775790599066,-0.13999999999999968,-0.018999999999999684,-0.016000000000000014
2016-09-07,36,9,2016,91.0,107.0,123.85,76.28,78.38,2016-09-05,2.407,2.264,2,-0.0019999999999997797,0.03699999999999992,0.09100000000000019,-0.0008302200083021294,0.03929188255613125,2.374,2.367625,2.3858333333333333,0.0462817458618878,0.039550826251169964,-0.0050000000000003375,0.01499999999999968,0.07999999999999963,-0.002203613926840209,0.0366300366300365,2.2402499999999996,2.234125,2.24975,0.041708312520898246,0.035502263509472325,-0.14300000000000024,-0.0030000000000005578,-0.011000000000000565
2016-09-14,37,9,2016,91.0,94.0,132.41,77.55,78.38,2016-09-12,2.399,2.256,2,-0.008000000000000007,-0.009999999999999787,0.08899999999999997,-0.0033236393851266977,0.03852813852813841,2.39625,2.3672500000000003,2.3835833333333336,0.018025444978989023,0.039190924605525035,-0.008000000000000007,-0.013000000000000345,0.07699999999999996,-0.0035335689045936647,0.03533731069297841,2.2595,2.233375,2.2464166666666667,0.008812869378014445,0.03488731861307625,-0.14300000000000024,0.0,-0.01200000000000001
2016-09-21,38,9,2016,90.0,116.0,127.82,76.28,77.2,2016-09-19,2.389,2.242,2,-0.010000000000000231,-0.018000000000000238,0.018999999999999684,-0.004168403501459084,0.00801687763713077,2.401,2.3685,2.3805,0.009092121132632427,0.03977436360279545,-0.01399999999999979,-0.021999999999999797,-0.007000000000000117,-0.00620567375886516,-0.003112494441974256,2.2577499999999997,2.233375,2.2428333333333335,0.011786291472468076,0.03488731861307625,-0.1469999999999998,-0.0039999999999995595,-0.0259999999999998
2016-09-28,39,9,2016,90.0,112.0,163.6,76.91,78.38,2016-09-26,2.382,2.23,2,-0.006999999999999673,-0.016999999999999904,-0.02699999999999969,-0.0029300962745917314,-0.011207970112079524,2.39425,2.37275,2.377083333333333,0.010996211469893255,0.039081416848222604,-0.01200000000000001,-0.0259999999999998,-0.039000000000000146,-0.00535236396074934,-0.01718818862935223,2.2479999999999998,2.2341249999999997,2.2385,0.015055453054429424,0.034721082521126365,-0.15200000000000014,-0.0050000000000003375,-0.012000000000000455
2016-10-05,40,10,2016,90.0,114.0,133.94,76.28,78.38,2016-10-03,2.389,2.25,2,0.006999999999999673,0.0,-0.018000000000000238,0.002938706968933502,-0.007478188616535153,2.38975,2.381875,2.375,0.006994045087838143,0.0317779685587626,0.020000000000000018,0.008000000000000007,-0.01399999999999979,0.008968609865470878,-0.006183745583038802,2.2445,2.242375,2.2375833333333333,0.011239810200392795,0.028369689559890582,-0.1389999999999998,0.013000000000000345,0.004000000000000448
2016-10-12,41,10,2016,92.0,110.0,105.5,75.64,77.2,2016-10-10,2.445,2.317,2,0.05600000000000005,0.06299999999999972,0.04599999999999982,0.02344077019673496,0.019174656106710986,2.40125,2.3987499999999997,2.3785833333333333,0.02935273979302651,0.02270777085383606,0.06700000000000017,0.08700000000000019,0.06100000000000039,0.029777777777777903,0.027039007092198863,2.25975,2.2596249999999998,2.2421666666666664,0.03904164443267339,0.026202167304229033,-0.12799999999999967,0.01100000000000012,0.015000000000000568
2016-10-19,42,10,2016,94.0,109.0,112.53,76.91,83.14,2016-10-17,2.481,2.357,2,0.03600000000000003,0.09200000000000008,0.09200000000000008,0.014723926380368013,0.0385098367517791,2.42425,2.412625,2.3870833333333334,0.047183153773601015,0.03382280507090806,0.040000000000000036,0.1070000000000002,0.11500000000000021,0.017263703064307245,0.05129348795718114,2.2885,2.273125,2.25175,0.05890387649954403,0.042622721975275536,-0.12399999999999967,0.0040000000000000036,0.02300000000000013
2016-10-26,43,10,2016,94.0,100.0,156.87,80.73,85.51,2016-10-24,2.478,2.353,2,-0.0029999999999996696,0.03300000000000036,0.09600000000000009,-0.0012091898428051584,0.04030226700251882,2.44825,2.42125,2.3979166666666667,0.042734646365949557,0.04083678313910615,-0.0040000000000000036,0.03600000000000003,0.12300000000000022,-0.0016970725498515193,0.05515695067264592,2.3192500000000003,2.283625,2.2624999999999997,0.049547115624151726,0.05098721828636677,-0.125,-0.001000000000000334,0.027000000000000135
2016-11-02,44,10,2016,94.0,94.0,137.61,80.73,85.51,2016-10-31,2.479,2.353,2,0.0009999999999998899,-0.0019999999999997797,0.0900000000000003,0.0004035512510087713,0.03767266638760991,2.4707500000000002,2.43025,2.4114999999999998,0.017211914478705147,0.04497221364362172,0.0,-0.0040000000000000036,0.1030000000000002,0.0,0.04577777777777792,2.345,2.29475,2.2765833333333334,0.018761663039453095,0.05559483532034132,-0.1259999999999999,-0.0009999999999998899,0.0129999999999999
2016-11-09,45,11,2016,93.0,94.0,91.74,80.73,84.32,2016-11-07,2.47,2.34,2,-0.008999999999999897,-0.008000000000000007,0.025000000000000355,-0.003630496167809527,0.010224948875255713,2.4770000000000003,2.4391249999999998,2.4248333333333334,0.004830458917685875,0.04492990572635349,-0.013000000000000345,-0.013000000000000345,0.022999999999999687,-0.005524861878453136,0.009926629261976627,2.35075,2.30525,2.29,0.007410578025536166,0.055161451343268976,-0.13000000000000034,-0.004000000000000448,-0.002000000000000668
2016-11-16,46,11,2016,92.0,94.0,78.89,81.36,84.32,2016-11-14,2.443,2.316,2,-0.027000000000000135,-0.03600000000000003,-0.03799999999999981,-0.010931174089068851,-0.015316404675533968,2.4675000000000002,2.445875,2.4309166666666666,0.016822603841924324,0.04012280256564693,-0.02400000000000002,-0.037000000000000366,-0.04100000000000037,-0.01025641025641022,-0.017394993635978073,2.3405,2.3145,2.2955833333333335,0.01744515214434622,0.04888762624642444,-0.12700000000000022,0.0030000000000001137,-0.0030000000000005578
2016-11-23,47,11,2016,91.0,93.0,74.92,90.26,95.01,2016-11-21,2.421,2.296,2,-0.02200000000000024,-0.04900000000000038,-0.057000000000000384,-0.009005321326238325,-0.023002421307506182,2.45325,2.45075,2.4319166666666665,0.026386549604346582,0.032988093090112115,-0.020000000000000018,-0.04400000000000004,-0.057000000000000384,-0.008635578583765069,-0.024224394390140458,2.32625,2.32275,2.297833333333333,0.02532949532342897,0.036620642110447604,-0.125,0.002000000000000224,0.0
2016-11-30,48,11,2016,91.0,93.0,73.39,90.26,91.45,2016-11-28,2.42,2.29,2,-0.0009999999999998899,-0.02300000000000013,-0.05900000000000016,-0.00041305245766209975,-0.023799919322307406,2.4385,2.454625,2.433,0.023530122538772135,0.025717906491262876,-0.005999999999999783,-0.0259999999999998,-0.06300000000000017,-0.00261324041811839,-0.026774330641734068,2.3104999999999998,2.3277500000000004,2.3000000000000003,0.02259055849995402,0.026639122679865065,-0.1299999999999999,-0.004999999999999893,-0.0040000000000000036
2016-12-07,49,12,2016,94.0,93.0,71.25,94.08,95.01,2016-12-05,2.48,2.361,2,0.06000000000000005,0.05900000000000016,0.009999999999999787,0.024793388429751984,0.004048582995951344,2.441,2.4589999999999996,2.4397499999999996,0.028083209693508547,0.026800852865036907,0.07100000000000017,0.06500000000000039,0.02100000000000035,0.03100436681222707,0.008974358974359165,2.31575,2.3332499999999996,2.30875,0.032149390870431345,0.028574464124634488,-0.11899999999999977,0.01100000000000012,0.011000000000000565
2016-12-14,50,12,2016,94.0,93.0,79.51,95.35,95.01,2016-12-12,2.493,2.371,2,0.0129999999999999,0.07299999999999995,0.04999999999999982,0.005241935483870863,0.020466639377814122,2.4535,2.4605,2.4484166666666667,0.03847510017343639,0.02849059995370291,0.009999999999999787,0.08099999999999996,0.05500000000000016,0.004235493434985083,0.023747841105354217,2.3295,2.335,2.3195,0.042414620120970414,0.030594117081720384,-0.12199999999999989,-0.0030000000000001137,0.0050000000000003375
2016-12-21,51,12,2016,95.0,96.0,85.01,93.44,91.45,2016-12-19,2.527,2.41,2,0.03400000000000025,0.04700000000000015,0.10600000000000032,0.013638186923385476,0.04378356051218524,2.48,2.4666249999999996,2.4605,0.044639295096234835,0.03683529945204692,0.039000000000000146,0.04899999999999993,0.11400000000000032,0.01644875579924099,0.049651567944251074,2.358,2.3421250000000002,2.3345,0.050019996001657054,0.040438445286049784,-0.11699999999999999,0.004999999999999893,0.008000000000000007
2016-12-28,52,12,2016,96.0,104.0,83.48,90.26,86.7,2016-12-26,2.54,2.421,2,0.0129999999999999,0.04700000000000015,0.1200000000000001,0.005144440047487153,0.04958677685950419,2.51,2.47425,2.4730833333333333,0.028154336552085484,0.045140257610591664,0.010999999999999677,0.04999999999999982,0.13099999999999978,0.004564315352696857,0.05720524017467232,2.3907499999999997,2.350625,2.3487500000000003,0.029216148502816144,0.04923975600506678,-0.11900000000000022,-0.002000000000000224,0.010999999999999677
2017-01-04,1,1,2017,98.0,107.0,81.95,90.26,86.7,2017-01-02,2.586,2.451,2,0.04599999999999982,0.05899999999999972,0.10599999999999987,0.018110236220472364,0.04274193548387095,2.5364999999999998,2.48875,2.484833333333333,0.03849242349719677,0.0598229530723242,0.03000000000000025,0.040999999999999925,0.08999999999999986,0.01239157372986388,0.03811944091486641,2.41325,2.3645,2.359916666666667,0.033069371529230174,0.060230509592100884,-0.1349999999999998,-0.01599999999999957,-0.016000000000000014
2017-01-11,2,1,2017,98.0,109.0,97.85,88.99,84.32,2017-01-09,2.597,2.448,2,0.01100000000000012,0.05699999999999994,0.10400000000000009,0.00425367362722362,0.041716807059767325,2.5625,2.508,2.4945,0.03420038986162291,0.06730739717366582,-0.0030000000000001137,0.027000000000000135,0.07699999999999996,-0.001223990208078396,0.032475748629270385,2.4325,2.3810000000000002,2.3675,0.020174241001946522,0.06306006207244969,-0.14900000000000002,-0.014000000000000234,-0.027000000000000135
2017-01-18,3,1,2017,98.0,114.0,105.5,88.99,85.51,2017-01-16,2.585,2.429,2,-0.01200000000000001,-0.0009999999999998899,0.05799999999999983,-0.0046207162110126765,0.022952117134942496,2.577,2.5285,2.5034166666666664,0.025258661881026667,0.061771468217311075,-0.019000000000000128,-0.02200000000000024,0.018999999999999684,-0.0077614379084968155,0.007883817427385864,2.4372499999999997,2.397625,2.3738333333333332,0.014568802284489585,0.054384707672112294,-0.15600000000000014,-0.007000000000000117,-0.039000000000000146
2017-01-25,4,1,2017,97.0,110.0,114.67,89.63,85.51,2017-01-23,2.569,2.414,2,-0.016000000000000014,-0.028000000000000025,0.028999999999999915,-0.006189555125725388,0.011417322834645693,2.58425,2.547125,2.5109166666666667,0.011528949071209577,0.0444053970337207,-0.01499999999999968,-0.03399999999999981,-0.006999999999999673,-0.006175380815150122,-0.0028913672036346982,2.4355,2.413125,2.3789166666666666,0.017330127908873214,0.03266031886833058,-0.1549999999999998,0.001000000000000334,-0.03599999999999959
2017-02-01,5,1,2017,97.0,116.0,94.18,90.26,85.51,2017-01-30,2.562,2.408,2,-0.007000000000000117,-0.02300000000000013,-0.02400000000000002,-0.0027247956403270157,-0.009280742459396807,2.5782499999999997,2.557375,2.5185833333333334,0.015777093100019284,0.03520932303495156,-0.006000000000000227,-0.020999999999999908,-0.04300000000000015,-0.0024855012427507095,-0.01754385964912286,2.42475,2.419,2.384583333333333,0.01783956277504434,0.025354627642044356,-0.15399999999999991,0.0009999999999998899,-0.019000000000000128
2017-02-08,6,2,2017,97.0,119.0,105.5,89.63,84.32,2017-02-06,2.558,2.403,2,-0.0040000000000000036,-0.01100000000000012,-0.039000000000000146,-0.0015612802498048417,-0.015017327685791337,2.5685,2.5654999999999997,2.5281666666666665,0.011902380715087575,0.023922493897875784,-0.004999999999999893,-0.01100000000000012,-0.04499999999999993,-0.0020764119601328623,-0.018382352941176405,2.4135,2.423,2.3918333333333335,0.011269427669803557,0.018220867158550834,-0.1549999999999998,-0.0009999999999998899,-0.005999999999999783
2017-02-15,7,2,2017,97.0,137.0,96.32,90.9,86.7,2017-02-13,2.565,2.424,2,0.007000000000000117,0.0030000000000001137,-0.020000000000000018,0.002736512900703758,-0.007736943907156735,2.5635,2.57025,2.5401666666666665,0.004654746683440234,0.018297150441911263,0.020999999999999908,0.016000000000000014,-0.004999999999999893,0.008739076154806513,-0.0020584602717167444,2.41225,2.42475,2.4025000000000003,0.009032349270167106,0.01744992836688872,-0.14100000000000001,0.01399999999999979,0.015000000000000124
2017-02-22,8,2,2017,97.0,119.0,88.68,90.9,87.89,2017-02-20,2.572,2.433,2,0.007000000000000117,0.014000000000000234,0.0030000000000001137,0.0027290448343080254,0.0011677695601401972,2.56425,2.5742499999999997,2.552833333333333,0.005909032635464268,0.013646035531337612,0.008999999999999897,0.029999999999999805,0.018999999999999684,0.003712871287128605,0.00787075393537684,2.417,2.42625,2.4144166666666664,0.013928388277359115,0.017596671763501086,-0.13900000000000023,0.0019999999999997797,0.01599999999999957
2017-03-01,9,2,2017,97.0,130.0,94.18,92.8,90.26,2017-02-27,2.577,2.433,2,0.004999999999999893,0.01200000000000001,0.015000000000000124,0.0019440124416796323,0.005854800936768267,2.568,2.573125,2.560916666666667,0.008286535264324735,0.012888948754969778,0.0,0.008999999999999897,0.02499999999999991,0.0,0.010382059800664312,2.42325,2.424,2.4204166666666667,0.014150971698253611,0.014928400546163439,-0.14400000000000013,-0.004999999999999893,0.009999999999999787
2017-03-08,10,3,2017,97.0,142.0,93.88,94.71,93.82,2017-03-06,2.579,2.429,2,0.002000000000000224,0.007000000000000117,0.02100000000000035,0.0007760962359333323,0.008209538702111052,2.5732500000000003,2.570875,2.5680833333333335,0.006238322425682877,0.009156379509528328,-0.0040000000000000036,-0.0040000000000000036,0.0259999999999998,-0.0016440608302507043,0.01081980857261744,2.42975,2.4216249999999997,2.4252499999999997,0.004272001873206032,0.01173441215319242,-0.15000000000000036,-0.006000000000000227,0.004999999999999449
2017-03-15,11,3,2017,97.0,104.0,94.8,99.16,100.95,2017-03-13,2.564,2.419,2,-0.015000000000000124,-0.0129999999999999,-0.0009999999999998899,-0.005816207832493259,-0.0003898635477582735,2.573,2.56825,2.5711666666666666,0.0066833125534261455,0.0073630350890440815,-0.009999999999999787,-0.01399999999999979,-0.004999999999999893,-0.004116920543433378,-0.0020627062706269905,2.4285,2.420375,2.4259999999999997,0.0066080758675549234,0.011363318177784552,-0.14500000000000002,0.0050000000000003375,-0.0040000000000000036
2017-03-22,12,3,2017,96.0,92.0,81.95,97.89,99.76,2017-03-20,2.539,2.38,2,-0.02499999999999991,-0.040000000000000036,-0.03299999999999992,-0.00975039001560063,-0.012830482115085529,2.56475,2.5645,2.571083333333333,0.01840968947828772,0.012660399452382912,-0.039000000000000146,-0.04899999999999993,-0.052999999999999936,-0.016122364613476714,-0.02178380600082197,2.41525,2.4161249999999996,2.4225833333333333,0.02422636305084978,0.018318121394896594,-0.15900000000000025,-0.014000000000000234,-0.020000000000000018
2017-03-29,13,3,2017,96.0,97.0,77.98,96.62,97.39,2017-03-27,2.532,2.378,2,-0.007000000000000117,-0.03200000000000003,-0.04499999999999993,-0.0027569909413155402,-0.0174621653084982,2.5535,2.56075,2.5665833333333334,0.02185558662418483,0.01715267575984699,-0.0019999999999997797,-0.040999999999999925,-0.054999999999999716,-0.0008403361344536675,-0.022605836415947267,2.4015,2.412375,2.4164999999999996,0.026312227829252164,0.022752943294902454,-0.15399999999999991,0.0050000000000003375,-0.009999999999999787
2017-04-05,14,4,2017,96.0,89.0,77.98,99.16,100.95,2017-04-03,2.556,2.414,2,0.02400000000000002,0.016999999999999904,-0.02300000000000013,0.009478672985782088,-0.00891818534315636,2.5477499999999997,2.5605,2.5631666666666666,0.014795832747344119,0.017212951934339134,0.03600000000000003,0.03400000000000025,-0.01499999999999968,0.015138772077375906,-0.006175380815150122,2.3977500000000003,2.41375,2.4136666666666664,0.02176196988644497,0.02243562218586221,-0.1419999999999999,0.01200000000000001,0.008000000000000451
2017-04-12,15,4,2017,97.0,89.0,74.31,99.16,99.76,2017-04-10,2.582,2.446,2,0.0259999999999998,0.04999999999999982,0.017999999999999794,0.01017214397496069,0.007020280811232293,2.55225,2.562625,2.5629166666666667,0.022246722605526976,0.018822004599697285,0.03200000000000003,0.06800000000000006,0.027000000000000135,0.013256006628003414,0.011161637040099315,2.4045,2.4165,2.4150833333333335,0.03222318006247103,0.025065628144838276,-0.13599999999999968,0.006000000000000227,0.009000000000000341
2017-04-19,16,4,2017,98.0,91.0,74.92,102.34,105.7,2017-04-17,2.597,2.458,2,0.015000000000000124,0.040999999999999925,0.05799999999999983,0.005809450038729791,0.022843639228042445,2.56675,2.56575,2.56525,0.0286981416358895,0.022346300429049396,0.01200000000000001,0.04400000000000004,0.07800000000000029,0.004905968928863524,0.032773109243697585,2.4240000000000004,2.419625,2.4187499999999997,0.03585154575939663,0.0287100654327439,-0.1389999999999998,-0.0030000000000001137,0.020000000000000462
2017-04-26,17,4,2017,98.0,90.0,72.78,102.97,104.51,2017-04-24,2.595,2.458,2,-0.0019999999999997797,0.013000000000000345,0.06300000000000017,-0.0007701193685020202,0.0248815165876779,2.5825,2.568,2.568,0.018876793513549664,0.02444819596048947,0.0,0.01200000000000001,0.08000000000000007,0.0,0.033641715727502186,2.4440000000000004,2.42275,2.422916666666667,0.020784609690933785,0.03159000746182458,-0.137,0.0019999999999997797,0.016999999999999904
2017-05-03,18,4,2017,97.0,90.0,81.03,101.07,99.76,2017-05-01,2.583,2.435,2,-0.01200000000000001,-0.01399999999999979,0.027000000000000135,-0.0046242774566473965,0.010563380281690238,2.58925,2.5685,2.5700833333333333,0.007847504912583512,0.02474440773778849,-0.02300000000000013,-0.02300000000000013,0.020999999999999908,-0.009357200976403579,0.00869925434962715,2.44925,2.4235,2.4255833333333334,0.011056672193945905,0.03182990507608236,-0.14800000000000013,-0.01100000000000012,-0.006000000000000227
2017-05-10,19,5,2017,97.0,92.0,93.27,98.53,96.2,2017-05-08,2.565,2.41,2,-0.018000000000000238,-0.03000000000000025,-0.016999999999999904,-0.006968641114982632,-0.006584043377226956,2.585,2.568625,2.5700833333333333,0.014696938457372672,0.0247209425388316,-0.02499999999999991,-0.04800000000000004,-0.03600000000000003,-0.010266940451745366,-0.014717906786590351,2.4402500000000003,2.422375,2.4244166666666667,0.022896506283809515,0.03216891800673205,-0.1549999999999998,-0.006999999999999673,-0.019000000000000128
2017-05-17,20,5,2017,96.0,93.0,81.03,97.25,93.82,2017-05-15,2.544,2.382,2,-0.020999999999999908,-0.039000000000000146,-0.052999999999999936,-0.008187134502923965,-0.020408163265306145,2.57175,2.5692500000000003,2.56775,0.022231734075868637,0.023915028150449498,-0.028000000000000025,-0.052999999999999936,-0.07600000000000007,-0.011618257261410747,-0.030919446704637976,2.42125,2.4226250000000005,2.420166666666667,0.032694291040967896,0.0317981917726395,-0.16199999999999992,-0.007000000000000117,-0.02300000000000013
2017-05-24,21,5,2017,96.0,97.0,80.42,94.71,92.64,2017-05-22,2.539,2.384,2,-0.004999999999999893,-0.0259999999999998,-0.05600000000000005,-0.0019654088050313767,-0.02157996146435459,2.55775,2.570125,2.564583333333333,0.020254629101034753,0.02243999936356495,0.0019999999999997797,-0.026000000000000245,-0.07400000000000029,0.0008396305625524292,-0.030105777054516003,2.40275,2.423375,2.4160833333333334,0.02499833327787713,0.0306451464347873,-0.15500000000000025,0.006999999999999673,-0.018000000000000238
2017-05-31,22,5,2017,97.0,103.0,85.01,94.08,90.26,2017-05-29,2.571,2.423,2,0.03200000000000003,0.027000000000000135,-0.01200000000000001,0.012603387160299295,-0.004645760743321681,2.5547500000000003,2.572,2.5639166666666666,0.01562849960874547,0.021705825419713824,0.039000000000000146,0.040999999999999925,-0.01200000000000001,0.016359060402684644,-0.004928131416837789,2.39975,2.4245,2.4155833333333336,0.02007278422819989,0.03041616111793872,-0.14800000000000013,0.007000000000000117,0.0
2017-06-07,23,6,2017,97.0,95.0,81.95,92.8,87.89,2017-06-05,2.564,2.417,2,-0.007000000000000117,0.02499999999999991,-0.0009999999999998899,-0.002722676001555846,-0.0003898635477582735,2.5545,2.56975,2.5639166666666666,0.01541644144046324,0.021452605569545816,-0.006000000000000227,0.03299999999999992,0.006999999999999673,-0.0024762690879076565,0.0029045643153524647,2.4015,2.4208749999999997,2.4154166666666668,0.021517434791470186,0.029191180175004418,-0.14700000000000024,0.0009999999999998899,0.007999999999999563
2017-06-14,24,6,2017,95.0,92.0,77.98,91.53,85.51,2017-06-12,2.524,2.368,2,-0.040000000000000036,-0.04700000000000015,-0.020000000000000018,-0.015600624024960985,-0.00786163522012584,2.5495,2.5606250000000004,2.562666666666667,0.02185558662418723,0.02362164564261558,-0.04899999999999993,-0.05500000000000016,-0.014000000000000234,-0.020273065784029765,-0.005877413937867448,2.398,2.409625,2.414416666666667,0.02634387974473837,0.030165910277443513,-0.15600000000000014,-0.008999999999999897,0.005999999999999783
2017-06-21,25,6,2017,94.0,93.0,90.21,92.17,87.89,2017-06-19,2.489,2.329,2,-0.03500000000000014,-0.07500000000000018,-0.050000000000000266,-0.013866877971473901,-0.019692792437967843,2.537,2.5473749999999997,2.5590833333333336,0.03811386449427101,0.030354747804812555,-0.0389999999999997,-0.08799999999999963,-0.054999999999999716,-0.016469594594594517,-0.023070469798657567,2.3842499999999998,2.3935,2.4103333333333334,0.04431233838716702,0.03474396144875484,-0.1599999999999997,-0.0039999999999995595,-0.004999999999999449
2017-06-28,26,6,2017,93.0,93.0,97.24,93.44,90.26,2017-06-26,2.465,2.305,2,-0.02400000000000002,-0.05900000000000016,-0.10600000000000032,-0.009642426677380467,-0.041229093737845335,2.5105,2.5326250000000003,2.5515000000000003,0.04311612227487081,0.038220927326822224,-0.02400000000000002,-0.06299999999999972,-0.11799999999999988,-0.010304851867754428,-0.04869995872884847,2.35475,2.37725,2.40125,0.048951506616302966,0.04216887816534927,-0.1599999999999997,0.0,-0.011999999999999567
2017-07-05,27,7,2017,93.0,91.0,88.07,94.71,90.26,2017-07-03,2.472,2.307,2,0.007000000000000117,-0.016999999999999904,-0.09200000000000008,0.0028397565922921864,-0.03588143525741028,2.4875,2.521,2.542333333333333,0.02633755240505123,0.04100870987634373,0.0019999999999997797,-0.02200000000000024,-0.10999999999999988,0.0008676789587851452,-0.04551096400496479,2.3272500000000003,2.364375,2.3896666666666664,0.02926174977690895,0.046266116883075664,-0.16500000000000004,-0.0050000000000003375,-0.017999999999999794
2017-07-12,28,7,2017,94.0,90.0,95.41,94.08,90.26,2017-07-10,2.481,2.311,2,0.008999999999999897,0.016000000000000014,-0.04300000000000015,0.00364077669902918,-0.017036450079239374,2.47675,2.513125,2.532666666666667,0.010468205832698097,0.04199808669120612,0.0040000000000000036,0.005999999999999783,-0.05699999999999994,0.001733853489380044,-0.024070945945945943,2.3129999999999997,2.3554999999999997,2.3774166666666665,0.010954451150408197,0.049123750438588736,-0.16999999999999993,-0.004999999999999893,-0.01399999999999979
2017-07-19,29,7,2017,94.0,92.0,94.18,95.35,91.45,2017-07-17,2.491,2.324,2,0.010000000000000231,0.019000000000000128,0.002000000000000224,0.00403063280935112,0.0008035355564484092,2.4772499999999997,2.5071250000000003,2.524,0.011265729745074537,0.041194443106623804,0.0129999999999999,0.016999999999999904,-0.0050000000000003375,0.005625270445694497,-0.0021468441391157,2.31175,2.3480000000000003,2.36625,0.00853912563869185,0.04872957447568523,-0.16700000000000026,0.0029999999999996696,-0.007000000000000561
2017-07-26,30,7,2017,95.0,92.0,91.13,97.25,93.82,2017-07-24,2.507,2.342,2,0.016000000000000014,0.026000000000000245,0.04200000000000026,0.006423123243677331,0.017038539553752674,2.48775,2.499125,2.5176666666666665,0.014997221965710928,0.03226425487849962,0.018000000000000238,0.03100000000000014,0.03699999999999992,0.0077452667814115195,0.016052060737527185,2.321,2.337875,2.3585,0.01576916823022756,0.038196624757524285,-0.16500000000000004,0.002000000000000224,-0.0050000000000003375
2017-08-02,31,7,2017,96.0,92.0,91.13,95.35,91.45,2017-07-31,2.531,2.359,2,0.02400000000000002,0.040000000000000036,0.05900000000000016,0.009573195053849126,0.023867313915857613,2.5025000000000004,2.495,2.5148333333333333,0.02180978373777363,0.023778742007014925,0.016999999999999904,0.03500000000000014,0.052000000000000046,0.0072587532023911105,0.022540095361941903,2.334,2.3306250000000004,2.35425,0.020960279896501302,0.02383836943150417,-0.17200000000000015,-0.007000000000000117,-0.007000000000000117
2017-08-09,32,8,2017,97.0,91.0,90.21,94.08,90.26,2017-08-07,2.581,2.41,2,0.04999999999999982,0.07399999999999984,0.10000000000000009,0.019755037534571196,0.04030632809351076,2.5275000000000003,2.502125,2.517916666666667,0.03927255190784692,0.03799788527960422,0.051000000000000156,0.06800000000000006,0.0990000000000002,0.02161933022467144,0.042838598009519835,2.35875,2.335875,2.3565833333333335,0.03703489345656738,0.035174818509167156,-0.17099999999999982,0.001000000000000334,-0.0009999999999998899
2017-08-16,33,8,2017,211.0,92.0,94.18,94.08,90.26,2017-08-14,2.598,2.41,2,0.016999999999999904,0.06699999999999973,0.10699999999999976,0.006586594343277685,0.04295463669209143,2.55425,2.5157499999999997,2.5228333333333333,0.04243720851666899,0.050201735883553915,0.0,0.051000000000000156,0.0860000000000003,0.0,0.037005163511187655,2.38025,2.346,2.35875,0.03504639781783029,0.04356932079222323,-0.18799999999999972,-0.016999999999999904,-0.020999999999999464
2017-08-23,34,8,2017,98.0,93.0,104.58,99.16,95.01,2017-08-21,2.596,2.408,2,-0.0019999999999997797,0.015000000000000124,0.08899999999999997,-0.0007698229407235857,0.03550059832469077,2.5765000000000002,2.532125,2.5249166666666665,0.03126766167603104,0.05259124723489906,-0.002000000000000224,-0.002000000000000224,0.06599999999999984,-0.0008298755186723072,0.028181041844577148,2.39675,2.358875,2.3575,0.025184320519032532,0.04492036604619511,-0.18800000000000017,-4.440892098500626e-16,-0.02300000000000013
2017-08-30,35,8,2017,98.0,99.0,102.44,100.43,97.39,2017-08-28,2.605,2.428,2,0.008999999999999897,0.007000000000000117,0.07399999999999984,0.003466872110939878,0.029237455551165414,2.5949999999999998,2.54875,2.5283333333333333,0.010099504939334831,0.051886552070092885,0.020000000000000018,0.017999999999999794,0.06899999999999995,0.008305647840531671,0.029249682068673177,2.4139999999999997,2.374,2.3584166666666664,0.009380831519918439,0.04532738056165626,-0.17700000000000005,0.01100000000000012,-0.004999999999999893
2017-09-06,36,9,2017,104.0,101.0,103.36,98.53,95.01,2017-09-04,2.758,2.615,2,0.15300000000000002,0.16199999999999992,0.17700000000000005,0.05873320537428017,0.06857807051530407,2.63925,2.5833749999999998,2.547833333333333,0.07926064597275642,0.08319501616259392,0.18700000000000028,0.2070000000000003,0.20500000000000007,0.07701812191103796,0.08506224066390033,2.46525,2.412,2.379,0.10023763431634666,0.0901918589928216,-0.1429999999999998,0.03400000000000025,0.028000000000000025
2017-09-13,37,9,2017,106.0,97.0,105.5,101.7,102.14,2017-09-11,2.802,2.647,2,0.04400000000000004,0.19700000000000006,0.20400000000000018,0.015953589557650583,0.07852193995381063,2.69025,2.6222499999999997,2.573916666666667,0.1052437646609881,0.10393919926027001,0.031999999999999584,0.21899999999999986,0.23699999999999966,0.012237093690248502,0.09834024896265547,2.5244999999999997,2.452375,2.4055,0.1239368118572391,0.11425652529040914,-0.15500000000000025,-0.012000000000000455,0.032999999999999474
2017-09-20,38,9,2017,105.0,99.0,133.02,108.06,111.64,2017-09-18,2.791,2.639,2,-0.01100000000000012,0.03299999999999992,0.19499999999999984,-0.00392576730906502,0.07511556240369788,2.739,2.65775,2.601083333333333,0.0912688336729265,0.1073947990228214,-0.008000000000000007,0.023999999999999577,0.23099999999999987,-0.003022289384208565,0.09593023255813948,2.58225,2.4895,2.433333333333333,0.10372841140852268,0.12130363320437079,-0.15200000000000014,0.0030000000000001137,0.03600000000000003
2017-09-27,39,9,2017,105.0,103.0,187.45,108.7,114.01,2017-09-25,2.788,2.624,2,-0.0030000000000001137,-0.014000000000000234,0.18299999999999983,-0.001074883554281647,0.0702495201535509,2.78475,2.689875,2.6274166666666665,0.01882153022512368,0.102385040062409,-0.01499999999999968,-0.022999999999999687,0.19600000000000017,-0.0056839712012124455,0.08072487644151582,2.63125,2.5226249999999997,2.45975,0.014430869689717945,0.11667039960018157,-0.1639999999999997,-0.011999999999999567,0.013000000000000345
2017-10-04,40,10,2017,105.0,101.0,236.99,107.42,111.64,2017-10-02,2.792,2.615,2,0.0040000000000000036,0.0009999999999998899,0.03399999999999981,0.0014347202295552641,0.01232777374909344,2.79325,2.71625,2.6533333333333333,0.0060759087124243015,0.09738693077474117,-0.008999999999999897,-0.023999999999999577,0.0,-0.003429878048780477,0.0,2.63125,2.54825,2.4850833333333333,0.014430869689717945,0.11076326105712468,-0.1769999999999996,-0.0129999999999999,-0.03399999999999981
2017-10-11,41,10,2017,105.0,102.0,126.29,105.52,109.26,2017-10-09,2.776,2.599,2,-0.016000000000000014,-0.01200000000000001,-0.026000000000000245,-0.005730659025787954,-0.009279086366880906,2.78675,2.7385,2.6770833333333335,0.007365459932359542,0.08620241958824196,-0.016000000000000014,-0.02499999999999991,-0.0479999999999996,-0.006118546845124251,-0.018133736305251058,2.61925,2.571875,2.508,0.0167406690428372,0.09627110158302243,-0.1769999999999996,0.0,-0.021999999999999353
2017-10-18,42,10,2017,105.0,104.0,129.96,108.06,114.01,2017-10-16,2.787,2.612,2,0.01100000000000012,-0.004999999999999893,-0.0040000000000000036,0.003962536023054852,-0.0014331780723755294,2.7857499999999997,2.762375,2.700416666666667,0.006849574197122285,0.06491959312441051,0.0129999999999999,-0.0030000000000001137,-0.02699999999999969,0.005001923816852605,-0.010231148162182513,2.6125000000000003,2.597375,2.5305,0.0103440804328813,0.07013240029713115,-0.17499999999999982,0.0019999999999997797,-0.022999999999999687
2017-10-25,43,10,2017,106.0,96.0,122.32,111.87,121.14,2017-10-23,2.797,2.614,2,0.010000000000000231,0.02100000000000035,0.009000000000000341,0.0035880875493363718,0.0032281205164994553,2.788,2.786375,2.722583333333333,0.008981462391049447,0.013762656513057926,0.0019999999999997797,0.01499999999999968,-0.010000000000000231,0.0007656967840734552,-0.003810975609756184,2.61,2.620625,2.5517499999999997,0.007438637868271976,0.015555775225473951,-0.18300000000000027,-0.008000000000000451,-0.019000000000000572
2017-11-01,44,10,2017,106.0,94.0,135.47,110.6,117.58,2017-10-30,2.819,2.639,2,0.021999999999999797,0.03200000000000003,0.027000000000000135,0.007865570253843268,0.009670487106017145,2.7947499999999996,2.794,2.7424166666666667,0.018300728583356553,0.012649110641099911,0.02499999999999991,0.02699999999999969,0.023999999999999577,0.009563886763580776,0.00917782026768621,2.6159999999999997,2.623625,2.5708333333333333,0.016713268182351124,0.016595502833419096,-0.18000000000000016,0.0030000000000001137,-0.0030000000000005578
2017-11-08,45,11,2017,109.0,93.0,122.32,109.33,116.39,2017-11-06,2.882,2.668,2,0.06300000000000017,0.08499999999999996,0.10600000000000032,0.022348350478893275,0.03818443804034599,2.82125,2.8040000000000003,2.766083333333333,0.042648759263090974,0.033806170189301835,0.02900000000000036,0.05400000000000027,0.06899999999999995,0.010989010989011172,0.026548672566371723,2.63325,2.6262499999999998,2.592333333333333,0.026221810260447734,0.021697596970494375,-0.21399999999999997,-0.03399999999999981,-0.037000000000000366
2017-11-15,46,11,2017,110.0,95.0,116.2,109.33,116.39,2017-11-13,2.915,2.697,2,0.03299999999999992,0.09600000000000009,0.1280000000000001,0.011450381679389388,0.045927520631503516,2.85325,2.8195,2.792666666666667,0.054701462503425786,0.05103220271844797,0.028999999999999915,0.058000000000000274,0.08499999999999996,0.010869565217391353,0.03254211332312407,2.6544999999999996,2.6335,2.616416666666667,0.03591192930862835,0.03320499101911753,-0.21799999999999997,-0.0040000000000000036,-0.04300000000000015
2017-11-22,47,11,2017,110.0,97.0,95.71,107.42,114.01,2017-11-20,2.912,2.689,2,-0.0030000000000001137,0.029999999999999805,0.11499999999999977,-0.0010291595197255976,0.04111548087236305,2.882,2.835,2.8182500000000004,0.04456455991046076,0.058397651616284386,-0.008000000000000007,0.020999999999999908,0.07500000000000018,-0.0029662588060808126,0.028691660290742327,2.6732500000000003,2.6416250000000003,2.6381666666666668,0.02590205912022492,0.03813486406362368,-0.22299999999999986,-0.004999999999999893,-0.03999999999999959
2017-11-29,48,11,2017,110.0,96.0,91.74,,,2017-11-27,2.926,2.712,2,0.014000000000000234,0.01100000000000012,0.1070000000000002,0.004807692307692291,0.03795672224192992,2.90875,2.85175,2.83225,0.0188215302250489,0.06331271594246596,0.02300000000000013,0.015000000000000124,0.0730000000000004,0.008553365563406468,0.02766199317923479,2.6915000000000004,2.65375,2.6462499999999998,0.018339392937990407,0.043502873468405964,-0.21399999999999997,0.008999999999999897,-0.03399999999999981
2017-12-06,49,12,2017,110.0,97.0,87.15,112.51,117.58,2017-12-04,2.922,2.713,2,-0.0040000000000000036,0.010000000000000231,0.040000000000000036,-0.0013670539986329056,0.013879250520471897,2.91875,2.87,2.84225,0.0063966136884185355,0.05927177116599788,0.0009999999999998899,0.02400000000000002,0.04499999999999993,0.0003687315634217647,0.016866566716641662,2.70275,2.668,2.6517500000000003,0.011729592206630265,0.04163789482817731,-0.20900000000000007,0.004999999999999893,0.004999999999999893
2017-12-13,50,12,2017,110.0,96.0,85.01,112.51,117.58,2017-12-11,2.91,2.705,2,-0.01200000000000001,-0.016000000000000014,-0.004999999999999893,-0.004106776180698102,-0.0017152658662091813,2.9175000000000004,2.885375,2.8521666666666667,0.007724420151628989,0.04987394825254393,-0.008000000000000007,-0.007000000000000117,0.008000000000000007,-0.002948765204570547,0.0029662588060808126,2.70475,2.679625,2.65725,0.011086778913063271,0.03642580521721233,-0.20500000000000007,0.0040000000000000036,0.0129999999999999
2017-12-20,51,12,2017,109.0,95.0,85.01,115.69,119.95,2017-12-18,2.901,2.697,2,-0.009000000000000341,-0.02100000000000035,-0.01100000000000012,-0.003092783505154739,-0.003777472527472514,2.9147499999999997,2.8983749999999997,2.8615833333333334,0.011412712211051928,0.034834045333517756,-0.008000000000000007,-0.016000000000000014,0.008000000000000007,-0.0029574861367837046,0.002975083674228385,2.70675,2.69,2.6633333333333336,0.007410578025168604,0.025133926985694752,-0.20399999999999974,0.001000000000000334,0.019000000000000128
2017-12-27,52,12,2017,110.0,98.0,89.6,112.51,117.58,2017-12-25,2.903,2.708,2,0.002000000000000224,-0.007000000000000117,-0.02300000000000013,0.0006894174422613641,-0.007860560492139457,2.909,2.908875,2.870833333333333,0.009486832981160312,0.013798938883033064,0.01100000000000012,0.0030000000000001137,-0.0040000000000000036,0.004078605858361284,-0.001474926253687281,2.70575,2.6986250000000003,2.6710833333333333,0.006701989754328677,0.014879876151823925,-0.19499999999999984,0.008999999999999897,0.019000000000000128
2018-01-03,53,12,2017,112.0,100.0,103.36,,,2018-01-01,2.973,2.774,2,0.06999999999999984,0.07200000000000006,0.05099999999999971,0.024112986565621775,0.017453798767967044,2.92175,2.92025,2.88725,0.03438386249408451,0.02295181287606297,0.06599999999999984,0.07699999999999996,0.06099999999999994,0.024372230428360453,0.02248433468485067,2.721,2.711875,2.6856666666666666,0.03563705936241404,0.026427461366797113,-0.19899999999999984,-0.0040000000000000036,0.010000000000000231
2018-01-10,1,1,2018,113.0,98.0,109.47,109.33,114.01,2018-01-08,2.996,2.785,2,0.02300000000000013,0.09299999999999997,0.08599999999999985,0.007736293306424447,0.02955326460481089,2.94325,2.9303749999999997,2.904666666666667,0.048554951687185516,0.03500586685539911,0.01100000000000012,0.07699999999999996,0.08000000000000007,0.003965392934390799,0.02957486136783727,2.741,2.722875,2.7000833333333336,0.04490731195102396,0.03595011424590329,-0.21099999999999985,-0.01200000000000001,-0.005999999999999783
2018-01-17,2,1,2018,114.0,102.0,122.32,113.78,116.39,2018-01-15,3.028,2.825,2,0.03200000000000003,0.05500000000000016,0.12700000000000022,0.010680907877169465,0.04377800758359185,2.975,2.944875,2.923916666666667,0.053034579914216944,0.04794174292094628,0.040000000000000036,0.051000000000000156,0.1280000000000001,0.014362657091562037,0.047460140897293224,2.773,2.739875,2.7176666666666667,0.04855924216870997,0.047834349582780974,-0.20299999999999985,0.008000000000000007,0.0009999999999998899
2018-01-24,3,1,2018,114.0,99.0,100.61,113.15,116.39,2018-01-22,3.025,2.815,2,-0.0030000000000001137,0.028999999999999915,0.12199999999999989,-0.0009907529722589237,0.04202549087151208,3.0055,2.9572499999999997,2.9410833333333333,0.026032031551085244,0.05467762665986326,-0.010000000000000231,0.029999999999999805,0.10699999999999976,-0.0035398230088495852,0.03951255539143261,2.79975,2.75275,2.7323333333333335,0.02415746951425874,0.05285762548049431,-0.20999999999999996,-0.007000000000000117,-0.015000000000000124
2018-01-31,4,1,2018,113.0,100.0,109.47,113.78,118.76,2018-01-29,3.07,2.868,2,0.04499999999999993,0.041999999999999815,0.09699999999999998,0.014876033057851235,0.03262697611839882,3.02975,2.9757499999999997,2.95675,0.03046719547331884,0.06509279091100778,0.052999999999999936,0.042999999999999705,0.09399999999999986,0.0188277087033748,0.03388608507570301,2.8232500000000003,2.772125,2.749,0.034335355927459114,0.06353500160210082,-0.20199999999999996,0.008000000000000007,-0.0030000000000001137
2018-02-07,5,2,2018,116.0,98.0,111.0,112.51,116.39,2018-02-05,3.086,2.874,2,0.016000000000000014,0.06099999999999994,0.08999999999999986,0.005211726384364734,0.030040053404539302,3.05225,2.99775,2.971,0.03046719547330966,0.069302133547956,0.006000000000000227,0.05900000000000016,0.08899999999999997,0.0020920502092049986,0.031956912028725304,2.8455000000000004,2.79325,2.76375,0.029827280577769053,0.06607301156410444,-0.21199999999999974,-0.009999999999999787,-0.0009999999999998899
2018-02-14,6,2,2018,116.0,103.0,114.06,109.33,110.45,2018-02-12,3.063,2.851,2,-0.022999999999999687,-0.006999999999999673,0.03500000000000014,-0.007453013609850845,0.011558784676354072,3.061,3.018,2.9835833333333333,0.02585858980445978,0.060042841847768334,-0.02300000000000013,-0.016999999999999904,0.0259999999999998,-0.008002783576896322,0.00920353982300881,2.852,2.8125,2.77725,0.026520432374520803,0.05563400809891538,-0.2120000000000002,-4.440892098500626e-16,-0.009000000000000341
2018-02-21,7,2,2018,114.0,107.0,116.2,109.33,110.45,2018-02-19,3.027,2.818,2,-0.03600000000000003,-0.05899999999999972,0.002000000000000224,-0.01175318315377083,0.0006611570247934129,3.0615,3.0335,2.9920000000000004,0.024933244206787362,0.03811636319050657,-0.03299999999999992,-0.05600000000000005,0.0030000000000001137,-0.011574886004910523,0.001065719360568318,2.85275,2.82625,2.7860833333333335,0.025131321758545,0.036377976068830475,-0.20900000000000007,0.0030000000000001137,0.0009999999999998899
2018-02-28,8,2,2018,113.0,117.0,119.26,111.87,112.83,2018-02-26,3.007,2.797,2,-0.020000000000000018,-0.05600000000000005,-0.06299999999999972,-0.006607201850016509,-0.020521172638436447,3.04575,3.03775,2.999083333333333,0.03545302055785508,0.031774877767764415,-0.020999999999999908,-0.053999999999999826,-0.07099999999999973,-0.0074520936834634455,-0.024755927475592632,2.835,2.829125,2.793083333333333,0.03420526275295146,0.03234385567626785,-0.20999999999999996,-0.0009999999999998899,-0.008000000000000007
2018-03-07,9,3,2018,113.0,112.0,144.95,113.15,114.01,2018-03-05,2.992,2.793,2,-0.015000000000000124,-0.03500000000000014,-0.09399999999999986,-0.0049883604921849845,-0.03046014257939078,3.0222500000000005,3.03725,3.0059166666666663,0.030717801570798814,0.032547767095004336,-0.0040000000000000036,-0.02499999999999991,-0.08099999999999996,-0.0014301036825169477,-0.028183716075156573,2.81475,2.830125,2.800416666666667,0.0265377090194077,0.030875036148158532,-0.19899999999999984,0.01100000000000012,0.0129999999999999
2018-03-14,10,3,2018,112.0,112.0,174.3,114.42,114.01,2018-03-12,2.976,2.782,2,-0.016000000000000014,-0.03100000000000014,-0.08700000000000019,-0.005347593582887722,-0.028403525954946218,3.0005,3.03075,3.012166666666667,0.021733231083838137,0.03917634125718135,-0.01100000000000012,-0.015000000000000124,-0.06899999999999995,-0.003938417472252098,-0.02420203437390389,2.7975000000000003,2.82475,2.8075000000000006,0.015066519173287067,0.03531794363867193,-0.19399999999999995,0.004999999999999893,0.018000000000000238
2018-03-21,11,3,2018,112.0,100.0,145.25,115.05,116.39,2018-03-19,2.972,2.786,2,-0.0040000000000000036,-0.020000000000000018,-0.05500000000000016,-0.0013440860215053752,-0.01816980508754551,2.98675,3.024125,3.0179166666666664,0.016028620236226976,0.04441826361836392,0.0040000000000000036,-0.007000000000000117,-0.03200000000000003,0.0014378145219267058,-0.011355571327182457,2.7895000000000003,2.8211250000000003,2.814,0.006757711644175197,0.03785852423365363,-0.18599999999999994,0.008000000000000007,0.02300000000000013
2018-03-28,12,3,2018,114.0,103.0,149.23,115.05,116.39,2018-03-26,3.01,2.823,2,0.03799999999999981,0.03399999999999981,0.0029999999999996696,0.012786002691789866,0.0009976720984368193,2.9875,3.016625,3.0210000000000004,0.01731088289710146,0.04045433934007336,0.03699999999999992,0.040999999999999925,0.0259999999999998,0.013280689160086068,0.009295673936360327,2.7960000000000003,2.8155,2.8180833333333335,0.01856520042083348,0.03291981600376278,-0.18699999999999983,-0.0009999999999998899,0.02300000000000013
2018-04-04,13,4,2018,115.0,106.0,170.63,114.42,116.39,2018-04-02,3.042,2.851,2,0.03200000000000003,0.06999999999999984,0.04999999999999982,0.010631229235880335,0.016711229946523964,2.9999999999999996,3.011125,3.024833333333333,0.03278210894187317,0.031723976962210736,0.028000000000000025,0.06499999999999995,0.05799999999999983,0.009918526390364946,0.020766201217329083,2.8105,2.812625,2.823583333333333,0.03270575892202291,0.027666057078901466,-0.19099999999999984,-0.0040000000000000036,0.008000000000000007
2018-04-11,14,4,2018,115.0,105.0,181.03,111.87,115.2,2018-04-09,3.043,2.844,2,0.001000000000000334,0.03300000000000036,0.06700000000000017,0.0003287310979620539,0.022513440860215006,3.01675,3.008625,3.0260833333333337,0.03353977737964917,0.02756777362919013,-0.007000000000000117,0.020999999999999908,0.06199999999999983,-0.0024552788495265654,0.022286125089863384,2.826,2.81175,2.8251666666666666,0.02920045661740987,0.026358788179524445,-0.1990000000000003,-0.008000000000000451,-0.0050000000000003375
2018-04-18,15,4,2018,117.0,108.0,197.24,111.87,115.2,2018-04-16,3.104,2.91,2,0.06099999999999994,0.06200000000000028,0.13200000000000012,0.020046007229707508,0.044414535666218,3.04975,3.0182499999999997,3.032666666666667,0.03927997793629226,0.04365039682374499,0.06600000000000028,0.05900000000000016,0.12400000000000011,0.02320675105485237,0.044508255563531884,2.8569999999999998,2.8232500000000003,2.833083333333333,0.03728270376458882,0.04378437425130926,-0.19399999999999995,0.0050000000000003375,-0.008000000000000007
2018-04-25,16,4,2018,118.0,111.0,162.07,111.87,114.01,2018-04-23,3.133,2.936,2,0.028999999999999915,0.08999999999999986,0.12300000000000022,0.009342783505154717,0.040863787375415406,3.0805000000000002,3.0340000000000003,3.0379166666666664,0.04544960579229291,0.05903267860152226,0.0259999999999998,0.09200000000000008,0.11299999999999999,0.008934707903780037,0.04002833864682964,2.88525,2.840625,2.8387499999999997,0.04495460673461959,0.05735587527515078,-0.19700000000000006,-0.0030000000000001137,-0.010000000000000231
2018-05-02,17,4,2018,119.0,109.0,133.94,112.51,114.01,2018-04-30,3.157,2.946,2,0.02400000000000002,0.052999999999999936,0.11500000000000021,0.007660389403127965,0.03780407626561488,3.1092500000000003,3.054625,3.0438333333333336,0.04919603642578758,0.07005699210550576,0.010000000000000231,0.03600000000000003,0.0950000000000002,0.0034059945504087974,0.03332164152928807,2.909,2.85975,2.84475,0.04591296113296624,0.06429563415532762,-0.21099999999999985,-0.01399999999999979,-0.020000000000000018
2018-05-09,18,5,2018,120.0,102.0,141.58,112.51,114.01,2018-05-07,3.171,2.955,2,0.01399999999999979,0.03799999999999981,0.12799999999999967,0.0044345898004434225,0.04206375287545172,3.14125,3.079,3.0528333333333335,0.029375443259179592,0.07266754040550351,0.008999999999999897,0.019000000000000128,0.11100000000000021,0.003054989816700493,0.03902953586497904,2.93675,2.8813750000000002,2.8534166666666665,0.019448650338694813,0.06349789085366711,-0.21599999999999975,-0.004999999999999893,-0.01699999999999946
2018-05-16,19,5,2018,122.0,106.0,145.25,111.87,116.39,2018-05-14,3.239,3.012,2,0.06800000000000006,0.08199999999999985,0.1349999999999998,0.02144433932513401,0.04349226804123707,3.175,3.112375,3.0704999999999996,0.045460605656683084,0.07764744039576878,0.05699999999999994,0.06599999999999984,0.10199999999999987,0.019289340101522834,0.03505154639175245,2.96225,2.909625,2.8695833333333334,0.03406244266044929,0.0652532155748981,-0.22699999999999987,-0.01100000000000012,-0.03299999999999992
2018-05-23,20,5,2018,124.0,103.0,147.39,111.87,116.39,2018-05-21,3.277,3.055,2,0.038000000000000256,0.10600000000000032,0.14400000000000013,0.011732016054337935,0.04596233641876801,3.211,3.14575,3.093,0.05673329416375872,0.08444228798424912,0.04300000000000015,0.10000000000000009,0.11900000000000022,0.014276228419654702,0.040531335149863734,2.992,2.938625,2.891083333333333,0.051166395221824076,0.07241534466440133,-0.22199999999999998,0.004999999999999893,-0.02499999999999991
2018-05-30,21,5,2018,124.0,104.0,149.84,110.6,115.2,2018-05-28,3.288,3.054,2,0.010999999999999677,0.04899999999999993,0.13099999999999978,0.0033567287152882486,0.04149509027557796,3.24375,3.1765,3.1176666666666666,0.05284805262893588,0.08603985787338547,-0.001000000000000334,0.041999999999999815,0.10799999999999965,-0.0003273322422259195,0.03665987780040725,3.0189999999999997,2.964,2.9128333333333334,0.04713809499752262,0.07288934862422597,-0.23399999999999999,-0.01200000000000001,-0.02300000000000013
2018-06-06,22,6,2018,124.0,106.0,163.6,106.79,115.2,2018-06-04,3.285,3.055,2,-0.0029999999999996696,0.008000000000000007,0.11400000000000032,-0.0009124087591240171,0.03595080416272478,3.27225,3.20675,3.1434166666666665,0.022647663602898795,0.07411333020652441,0.001000000000000334,0.0,0.10000000000000009,0.0003274394237067213,0.03384094754653133,3.0439999999999996,2.990375,2.935583333333333,0.02133854103092357,0.06036303859629796,-0.22999999999999998,0.0040000000000000036,-0.014000000000000234
2018-06-13,23,6,2018,123.0,102.0,173.69,109.33,116.39,2018-06-11,3.266,3.037,2,-0.019000000000000128,-0.021999999999999797,0.027000000000000135,-0.005783866057838649,0.008335906143871696,3.2790000000000004,3.2270000000000003,3.1679166666666667,0.009831920802665883,0.06338318839759036,-0.018000000000000238,-0.016999999999999904,0.02499999999999991,-0.005891980360065552,0.008300132802124827,3.05025,3.0062499999999996,2.9565,0.008845903006193322,0.05237706695552774,-0.2290000000000001,0.0009999999999998899,-0.002000000000000224
2018-06-20,24,6,2018,122.0,106.0,139.44,111.87,118.76,2018-06-18,3.244,3.016,2,-0.021999999999999797,-0.040999999999999925,-0.03299999999999992,-0.006736068585425525,-0.010070186145865079,3.27075,3.240875,3.187416666666666,0.020320351046920856,0.05075835610322454,-0.020999999999999908,-0.039000000000000146,-0.039000000000000146,-0.0069147184721765065,-0.012765957446808529,3.0405,3.01625,2.972583333333334,0.018303005217590207,0.044018664872409824,-0.2280000000000002,0.0009999999999998899,-0.006000000000000227
2018-06-27,25,6,2018,121.0,105.0,136.69,110.6,117.58,2018-06-25,3.216,2.978,2,-0.028000000000000025,-0.04999999999999982,-0.07199999999999962,-0.008631319358816336,-0.021897810218977964,3.25275,3.2482499999999996,3.201916666666667,0.029680240340511883,0.0399705248546849,-0.03799999999999981,-0.05899999999999972,-0.07599999999999962,-0.012599469496021198,-0.024885396201702603,3.0215,3.0202500000000003,2.983166666666667,0.033090784215479556,0.037727405726657205,-0.238,-0.009999999999999787,-0.0040000000000000036
2018-07-04,26,7,2018,122.0,108.0,128.13,109.97,116.39,2018-07-02,3.236,3.002,2,0.020000000000000018,-0.008000000000000007,-0.04899999999999993,0.006218905472636926,-0.01491628614916285,3.2405,3.256375,3.218,0.02068010315909616,0.02628925636103499,0.023999999999999577,-0.014000000000000234,-0.05300000000000038,0.008059100067159042,-0.017348608837970625,3.00825,3.026125,2.9963333333333337,0.024770614310690123,0.028692644652410722,-0.23400000000000043,0.0039999999999995595,-0.004000000000000448
2018-07-11,27,7,2018,122.0,105.0,127.21,110.6,117.58,2018-07-09,3.243,3.004,2,0.006999999999999673,0.02699999999999969,-0.02300000000000013,0.002163164400494244,-0.007042253521126751,3.23475,3.256875,3.229583333333333,0.01299679447675493,0.025947405595918106,0.002000000000000224,0.0259999999999998,-0.03299999999999992,0.0006662225183211579,-0.010865986170563002,3.0,3.025125,3.0041666666666664,0.015916448514951238,0.02938628202810331,-0.23899999999999988,-0.004999999999999449,-0.009999999999999787
2018-07-18,28,7,2018,122.0,105.0,126.29,111.87,117.58,2018-07-16,3.239,3.004,2,-0.0040000000000000036,0.0029999999999996696,-0.0050000000000003375,-0.0012334258402713072,-0.0015413070283601948,3.2335000000000003,3.2521250000000004,3.238416666666667,0.012013880860808639,0.02520452056991014,0.0,0.002000000000000224,-0.01200000000000001,0.0,-0.003978779840848823,2.997,3.01875,3.0098333333333334,0.01270170592200669,0.027447352201328958,-0.23499999999999988,0.0040000000000000036,-0.006999999999999673
2018-07-25,29,7,2018,122.0,99.0,136.08,111.87,117.58,2018-07-23,3.22,2.993,2,-0.018999999999999684,-0.022999999999999687,0.0040000000000000036,-0.005866008027168745,0.0012437810945273853,3.2344999999999997,3.243625,3.2436666666666665,0.010082988975051525,0.022721528495216095,-0.01100000000000012,-0.01100000000000012,0.01499999999999968,-0.003661784287616543,0.005036937541974318,3.00075,3.011125,3.01375,0.005251983751791992,0.02457895441239625,-0.2270000000000003,0.007999999999999563,0.010999999999999677
2018-08-01,30,7,2018,122.0,98.0,165.74,111.87,117.58,2018-07-30,3.226,2.997,2,0.005999999999999783,-0.0129999999999999,-0.010000000000000231,0.0018633540372670065,-0.0030902348578493166,3.232,3.23625,3.24825,0.010801234497550589,0.01593513637985365,0.0040000000000000036,-0.007000000000000117,-0.004999999999999893,0.0013364517206815307,-0.0016655562958027836,2.9995,3.003875,3.01725,0.005446711545734798,0.01724974119907943,-0.2290000000000001,-0.0019999999999997797,0.0050000000000003375
2018-08-08,31,8,2018,122.0,97.0,181.95,111.24,115.2,2018-08-06,3.223,2.995,2,-0.0030000000000001137,0.0029999999999996696,-0.020000000000000018,-0.0009299442033477989,-0.006167129201356758,3.227,3.2308749999999997,3.246916666666667,0.008366600265612421,0.010934055580820227,-0.0019999999999997797,0.002000000000000224,-0.008999999999999897,-0.0006673340006672079,-0.0029960053262316766,2.99725,2.998625,3.0158333333333336,0.004787135538344151,0.010979689040916321,-0.22799999999999976,0.001000000000000334,0.01100000000000012
2018-08-15,32,8,2018,121.0,99.0,160.54,111.87,115.2,2018-08-13,3.217,2.99,2,-0.005999999999999783,-0.008999999999999897,-0.021999999999999797,-0.0018616196090598391,-0.006792219820932366,3.2215000000000003,3.2275,3.2419166666666666,0.0038729833468137144,0.010460811223056306,-0.004999999999999893,-0.006999999999999673,-0.01399999999999979,-0.0016694490818029983,-0.0046604527296936205,2.9937500000000004,2.995375,3.0104166666666665,0.0029860788105033316,0.008716773649911434,-0.22699999999999987,0.0009999999999998899,0.008000000000000007
2018-08-22,33,8,2018,121.0,101.0,142.19,114.42,117.58,2018-08-20,3.207,2.981,2,-0.010000000000000231,-0.016000000000000014,-0.013000000000000345,-0.0031084861672365793,-0.004037267080745477,3.2182500000000003,3.226375,3.2351666666666663,0.008381527307405602,0.012211674742468204,-0.009000000000000341,-0.014000000000000234,-0.01200000000000001,-0.003010033444816207,-0.004009355162044814,2.9907500000000002,2.9957499999999997,3.0043333333333333,0.007135591542583534,0.007887603293836146,-0.22599999999999998,0.0009999999999998899,0.001000000000000334
2018-08-29,34,8,2018,122.0,98.0,181.33,116.96,118.76,2018-08-27,3.226,3.004,2,0.019000000000000128,0.008999999999999897,0.0,0.005924540068599882,0.0,3.21825,3.2251250000000002,3.23025,0.008381527307405602,0.011581234822583419,0.02300000000000013,0.01399999999999979,0.007000000000000117,0.00771553170077155,0.0023356690023357274,2.9925,2.996,3.000083333333333,0.009609023536719254,0.008141603913994057,-0.22199999999999998,0.0040000000000000036,0.007000000000000117
2018-09-05,35,9,2018,123.0,99.0,164.52,116.96,118.76,2018-09-03,3.252,3.035,2,0.0259999999999998,0.04499999999999993,0.028999999999999915,0.008059516429014257,0.00899782811045613,3.2255000000000003,3.22625,3.2290833333333335,0.019295940851327274,0.013791819522097822,0.03100000000000014,0.05400000000000027,0.040000000000000036,0.010319573901464762,0.013355592654423987,3.0025000000000004,2.999875,2.999916666666667,0.023643180834983218,0.016039571601183786,-0.21699999999999964,0.0050000000000003375,0.01100000000000012
2018-09-12,36,9,2018,123.0,96.0,149.23,116.96,118.76,2018-09-10,3.258,3.039,2,0.006000000000000227,0.03200000000000003,0.040999999999999925,0.0018450184501845879,0.012744793285669909,3.23575,3.2286249999999996,3.2302500000000003,0.023669600757180338,0.017451463303816053,0.0040000000000000036,0.03500000000000014,0.04899999999999993,0.0013179571663921585,0.016387959866220658,3.01475,3.00425,3.001833333333334,0.02740285873156626,0.021251890672349505,-0.21899999999999986,-0.002000000000000224,0.008000000000000007
2018-09-19,37,9,2018,123.0,97.0,158.4,117.59,118.76,2018-09-17,3.268,3.056,2,0.009999999999999787,0.016000000000000014,0.06099999999999994,0.0030693677102515693,0.0190208917991892,3.2510000000000003,3.234625,3.234583333333333,0.017925772879773674,0.02177769173165065,0.016999999999999904,0.020999999999999908,0.07500000000000018,0.005593945376768605,0.025159342502516058,3.0335,3.0121249999999997,3.0083333333333333,0.021671794264939207,0.027299594450274974,-0.21199999999999974,0.007000000000000117,0.014000000000000234
2018-09-26,38,9,2018,123.0,99.0,147.7,118.87,121.14,2018-09-24,3.271,3.052,2,0.0030000000000001137,0.0129999999999999,0.04499999999999993,0.0009179926560587415,0.013949163050216873,3.26225,3.24025,3.2374999999999994,0.00880814017468634,0.024829418036192916,-0.0040000000000000036,0.0129999999999999,0.04800000000000004,-0.0013089005235602524,0.015978695073235683,3.0455,3.019,3.0124999999999997,0.010082988974587283,0.02976095236582496,-0.21899999999999986,-0.007000000000000117,0.0030000000000001137
2018-10-03,39,9,2018,125.0,102.0,159.93,120.14,125.89,2018-10-01,3.313,3.079,2,0.04200000000000026,0.04500000000000037,0.06100000000000039,0.012840110058086385,0.018757687576875792,3.2775000000000003,3.2515,3.2433333333333336,0.024310491562351925,0.0344300533174833,0.027000000000000135,0.02300000000000013,0.04400000000000004,0.008846657929226787,0.014497528830313078,3.0564999999999998,3.0295,3.0187500000000003,0.016663332999777302,0.034521215009337254,-0.23399999999999999,-0.015000000000000124,-0.017000000000000348
2018-10-10,40,10,2018,128.0,100.0,152.9,120.77,127.08,2018-10-08,3.385,3.169,2,0.07199999999999962,0.11399999999999988,0.12699999999999978,0.02173256866888007,0.038980969920196396,3.30925,3.2725,3.2554999999999996,0.054518345536179916,0.055294019309912804,0.08999999999999986,0.11699999999999999,0.1299999999999999,0.029230269568041534,0.042777229351760315,3.089,3.051875,3.0325,0.05464430436920427,0.05636218970709015,-0.21599999999999975,0.018000000000000238,0.0030000000000001137
2018-10-17,41,10,2018,128.0,98.0,155.34,125.86,131.83,2018-10-15,3.394,3.172,2,0.009000000000000341,0.08099999999999996,0.12600000000000033,0.0026587887740030514,0.038555691554467586,3.3407500000000003,3.2958749999999997,3.27,0.058959732021112835,0.06268159333387982,0.0030000000000001137,0.09299999999999997,0.1160000000000001,0.0009466708740928365,0.03795811518324621,3.1180000000000003,3.07575,3.047416666666667,0.06162791575247154,0.06220186033052393,-0.22199999999999998,-0.006000000000000227,-0.010000000000000231
2018-10-24,42,10,2018,128.0,102.0,155.34,126.49,131.83,2018-10-22,3.38,3.152,2,-0.014000000000000234,-0.004999999999999893,0.10899999999999999,-0.004124926340601132,0.03332314276979509,3.368,3.3151249999999997,3.282833333333333,0.03712142238655013,0.06179791374208463,-0.020000000000000018,-0.016999999999999904,0.10000000000000009,-0.006305170239596425,0.03276539973787673,3.143,3.09425,3.060333333333334,0.04356604182150706,0.059775174015455616,-0.22799999999999976,-0.005999999999999783,-0.008999999999999897
2018-10-31,43,10,2018,127.0,100.0,145.25,125.22,130.64,2018-10-29,3.355,3.117,2,-0.02499999999999991,-0.039000000000000146,0.041999999999999815,-0.007396449704141994,0.012677331723513374,3.3785,3.328,3.2938333333333336,0.016703293088501412,0.05733610181592158,-0.03500000000000014,-0.05500000000000016,0.03799999999999981,-0.011104060913705638,0.012341669373173048,3.1525,3.1045,3.0704999999999996,0.02525206262188924,0.055003895965969024,-0.238,-0.010000000000000231,-0.0040000000000000036
2018-11-07,44,11,2018,126.0,97.0,109.47,124.59,129.45,2018-11-05,3.338,3.106,2,-0.016999999999999904,-0.041999999999999815,-0.04699999999999971,-0.005067064083457473,-0.013884785819793133,3.3667499999999997,3.338,3.3039166666666673,0.025051613387844694,0.04987412727502968,-0.01100000000000012,-0.04600000000000026,-0.06300000000000017,-0.0035290343278794323,-0.019880088355948344,3.13675,3.112875,3.080166666666667,0.030609094508986863,0.0482979961134829,-0.2320000000000002,0.005999999999999783,-0.01600000000000046
2018-11-14,45,11,2018,125.0,96.0,102.44,123.32,128.27,2018-11-12,3.317,3.085,2,-0.020999999999999908,-0.03799999999999981,-0.07699999999999996,-0.006291192330736939,-0.02268709487330578,3.3475,3.344125,3.3130833333333336,0.02666458325196988,0.04251533336863224,-0.020999999999999908,-0.03200000000000003,-0.08700000000000019,-0.006761107533805544,-0.027427490542244692,3.115,3.1165000000000003,3.0888333333333335,0.028011902232095116,0.044346041859201046,-0.2320000000000002,0.0,-0.010000000000000231
2018-11-21,46,11,2018,124.0,96.0,97.85,122.04,127.08,2018-11-19,3.282,3.045,2,-0.03500000000000014,-0.05600000000000005,-0.09799999999999986,-0.010551703346397434,-0.028994082840236635,3.3230000000000004,3.3455,3.31775,0.03144307024876208,0.03991061441364338,-0.040000000000000036,-0.06099999999999994,-0.1070000000000002,-0.012965964343598091,-0.03394670050761428,3.0882499999999995,3.115625,3.0922500000000004,0.03174245317122773,0.04584426276621766,-0.2370000000000001,-0.004999999999999893,-0.009000000000000341
2018-11-28,47,11,2018,123.0,98.0,98.77,,,2018-11-26,3.261,3.035,2,-0.020999999999999908,-0.05600000000000005,-0.09399999999999986,-0.006398537477148025,-0.02801788375558867,3.2995,3.339,3.3185000000000002,0.03453018003625111,0.04912956630921527,-0.009999999999999787,-0.04999999999999982,-0.08199999999999985,-0.003284072249589376,-0.02630734680782798,3.06775,3.110125,3.09225,0.03342030321019351,0.052953989462613454,-0.22599999999999998,0.01100000000000012,0.01200000000000001
2018-12-05,48,12,2018,121.0,99.0,103.97,122.04,124.7,2018-12-03,3.207,2.989,2,-0.05400000000000027,-0.07500000000000018,-0.13100000000000023,-0.016559337626494974,-0.03924505692031166,3.26675,3.31675,3.31425,0.046046172479409384,0.06351996311635229,-0.04600000000000026,-0.05600000000000005,-0.11699999999999999,-0.015156507413509157,-0.037669027688345125,3.0385,3.087625,3.0880833333333335,0.03944194045254082,0.06185683355256249,-0.21799999999999997,0.008000000000000007,0.014000000000000234
2018-12-12,49,12,2018,119.0,99.0,126.29,122.04,123.52,2018-12-10,3.161,2.934,2,-0.04599999999999982,-0.10000000000000009,-0.15600000000000014,-0.01434362332397876,-0.047030449201085345,3.22775,3.2876250000000002,3.305333333333333,0.05457334514215356,0.07535428227486181,-0.054999999999999716,-0.10099999999999998,-0.1509999999999998,-0.01840080294412838,-0.04894651539708261,3.00075,3.057875,3.077916666666667,0.05074363671104377,0.0718976206640344,-0.22699999999999987,-0.008999999999999897,0.0050000000000003375
2018-12-19,50,12,2018,118.0,97.0,137.61,122.04,122.33,2018-12-17,3.121,2.9,2,-0.040000000000000036,-0.08599999999999985,-0.16100000000000003,-0.012654223347042137,-0.0490554539914686,3.1875,3.25525,3.2928333333333337,0.060296489671227325,0.08501554479716743,-0.03400000000000025,-0.08899999999999997,-0.14500000000000002,-0.011588275391956504,-0.04761904761904767,2.9645,3.026375,3.0652500000000003,0.059612638480971446,0.07956298044410708,-0.22100000000000009,0.005999999999999783,0.016000000000000014
2018-12-26,51,12,2018,116.0,102.0,117.12,122.04,122.33,2018-12-24,3.077,2.869,2,-0.04400000000000004,-0.08400000000000007,-0.18400000000000016,-0.014098045498237788,-0.056424409690279065,3.1414999999999997,3.2205000000000004,3.2731666666666666,0.05553077224993103,0.09468443830513432,-0.030999999999999694,-0.06499999999999995,-0.16599999999999993,-0.010689655172413715,-0.054695222405271804,2.923,2.995375,3.04775,0.051387417396320606,0.08715984904599584,-0.20799999999999974,0.013000000000000345,0.018000000000000238
2019-01-02,52,12,2018,115.0,102.0,118.65,,,2018-12-31,3.048,2.841,2,-0.028999999999999915,-0.07299999999999995,-0.1589999999999998,-0.00942476438089046,-0.04957904583723105,3.10175,3.18425,3.2450833333333335,0.04960762710183613,0.09870120856121309,-0.028000000000000025,-0.05899999999999972,-0.1479999999999997,-0.009759498082955731,-0.04951488792238201,2.886,2.96225,3.0204166666666663,0.04005829086049838,0.08943752807730056,-0.20699999999999985,0.0009999999999998899,0.01100000000000012
2019-01-09,1,1,2019,114.0,97.0,122.32,119.5,118.76,2019-01-07,3.013,2.821,2,-0.03500000000000014,-0.06400000000000006,-0.14800000000000013,-0.011482939632545985,-0.04682062638405571,3.06475,3.14625,3.213333333333333,0.04572654225584827,0.09881114743366733,-0.020000000000000018,-0.04800000000000004,-0.11299999999999999,-0.007039774727208736,-0.03851397409679613,2.85775,2.92925,2.9911666666666665,0.03436446808354174,0.08632620856797074,-0.19199999999999973,0.015000000000000124,0.03500000000000014
2019-01-16,2,1,2019,112.0,97.0,133.94,114.42,114.01,2019-01-14,2.976,2.788,2,-0.03699999999999992,-0.07200000000000006,-0.14500000000000002,-0.012280119482243612,-0.04645946811919255,3.0285,3.108,3.1796666666666664,0.043699733027524605,0.09797813167094441,-0.03300000000000036,-0.05300000000000038,-0.1120000000000001,-0.011697979439915018,-0.0386206896551724,2.82975,2.897125,2.9608333333333334,0.034091787867440854,0.08490572502996283,-0.18800000000000017,0.0039999999999995595,0.03299999999999992
2019-01-23,3,1,2019,112.0,101.0,137.61,109.33,111.64,2019-01-21,2.965,2.79,2,-0.01100000000000012,-0.04800000000000004,-0.1120000000000001,-0.003696236559139865,-0.036399090022749436,3.0004999999999997,3.071,3.1471666666666667,0.03774034092777132,0.0872484138211114,0.002000000000000224,-0.03100000000000014,-0.07900000000000018,0.0007173601147776321,-0.02753572673405369,2.8099999999999996,2.8665000000000003,2.9335833333333334,0.02559947916134733,0.07113970159386135,-0.17499999999999982,0.013000000000000345,0.03299999999999992
2019-01-30,4,1,2019,112.0,101.0,141.58,104.25,109.26,2019-01-28,2.965,2.789,2,0.0,-0.01100000000000012,-0.08300000000000018,0.0,-0.02723097112860895,2.97975,3.04075,3.1160833333333327,0.022765104875920938,0.07435964727505763,-0.0009999999999998899,0.001000000000000334,-0.052000000000000046,-0.00035842293906807043,-0.01830341429074267,2.797,2.8415,2.907166666666667,0.016020819787570622,0.05532501371769944,-0.1759999999999997,-0.0009999999999998899,0.03100000000000014
2019-02-06,5,2,2019,112.0,107.0,137.61,99.16,104.51,2019-02-04,2.966,2.779,2,0.001000000000000334,0.001000000000000334,-0.04699999999999971,0.0003372681281619272,-0.015599070693660733,2.968,3.016375,3.086833333333333,0.005354126135858988,0.05985682321780722,-0.010000000000000231,-0.01100000000000012,-0.04200000000000026,-0.0035855145213339323,-0.01488833746898277,2.7865,2.8221249999999998,2.8816666666666664,0.005066228051124619,0.04435711410174306,-0.18700000000000028,-0.011000000000000565,0.004999999999999449
2019-02-13,6,2,2019,112.0,111.0,164.52,96.62,102.14,2019-02-11,2.966,2.776,2,0.0,0.001000000000000334,-0.009999999999999787,0.0,-0.0033602150537633824,2.9655,2.997,3.0604999999999998,0.0005773502796651072,0.04418791043469625,-0.0030000000000001137,-0.013000000000000345,-0.01200000000000001,-0.0010795250089961073,-0.004304160688665681,2.7835,2.806625,2.85925,0.007047458170578946,0.03362370549827983,-0.1900000000000004,-0.0030000000000001137,-0.002000000000000224
2019-02-20,7,2,2019,113.0,126.0,160.54,99.16,104.51,2019-02-18,3.006,2.809,2,0.03999999999999959,0.03999999999999959,0.040999999999999925,0.013486176668914274,0.01382799325463746,2.97575,2.988125,3.0392499999999996,0.0201721755564057,0.030981273145684208,0.03300000000000036,0.03000000000000025,0.019000000000000128,0.011887608069164335,0.006810035842294004,2.78825,2.799125,2.8404166666666666,0.01490805151585227,0.022611232986047742,-0.19699999999999962,-0.006999999999999229,-0.021999999999999797
2019-02-27,8,2,2019,115.0,127.0,183.48,99.8,105.7,2019-02-25,3.048,2.849,2,0.04200000000000026,0.08199999999999985,0.08300000000000018,0.0139720558882237,0.02799325463743685,2.9965,2.988125,3.026,0.039170567181807475,0.030981273145684208,0.040000000000000036,0.0730000000000004,0.06000000000000005,0.014239943040227798,0.021513087128002928,2.80325,2.800125,2.82875,0.03394480814497294,0.02479883349804221,-0.19899999999999984,-0.002000000000000224,-0.02300000000000013
2019-03-06,9,3,2019,116.0,142.0,160.54,100.43,108.08,2019-03-04,3.076,2.87,2,0.028000000000000025,0.07000000000000028,0.10999999999999988,0.009186351706036655,0.03708698583951442,3.024,2.9960000000000004,3.018916666666667,0.04819405219191489,0.043631574412661106,0.020999999999999908,0.06099999999999994,0.09100000000000019,0.0073710073710073765,0.032745591939546737,2.826,2.80625,2.8234166666666667,0.04184893467379925,0.03474704509542678,-0.20599999999999996,-0.007000000000000117,-0.018999999999999684
2019-03-13,10,3,2019,116.0,138.0,151.37,101.7,109.26,2019-03-11,3.079,2.881,2,0.0030000000000001137,0.03100000000000014,0.11299999999999999,0.0009752925877763996,0.03809844908968296,3.05225,3.0088749999999997,3.015416666666667,0.033846467073283454,0.05139326665192922,0.010999999999999677,0.031999999999999584,0.10499999999999998,0.003832752613240231,0.03782420749279547,2.8522499999999997,2.817875,2.8218333333333336,0.031742453171287745,0.0424682654629907,-0.1980000000000004,0.007999999999999563,-0.008000000000000007
2019-03-20,11,3,2019,116.0,134.0,143.72,101.7,109.26,2019-03-18,3.07,2.869,2,-0.009000000000000341,-0.006000000000000227,0.06400000000000006,-0.002923026956804242,0.021290751829674104,3.06825,3.022,3.0148333333333337,0.014008925726444854,0.0519917575886451,-0.011999999999999567,-0.0009999999999998899,0.06000000000000005,-0.004165220409579895,0.02135991456034181,2.8672500000000003,2.82775,2.8218333333333336,0.013326039671676974,0.04420972743646451,-0.20099999999999962,-0.0029999999999992255,-0.0040000000000000036
2019-03-27,12,3,2019,116.0,115.0,160.54,104.25,111.64,2019-03-25,3.08,2.876,2,0.010000000000000231,0.0009999999999998899,0.03200000000000003,0.0032573289902280145,0.01049868766404205,3.07625,3.036375,3.0175,0.004500000000979233,0.049833831021700914,0.006999999999999673,-0.004999999999999893,0.02699999999999969,0.002439874520738794,0.009477009477009357,2.874,2.8386250000000004,2.82475,0.005597618541038426,0.04401602792497523,-0.20400000000000018,-0.0030000000000005578,-0.0050000000000003375
2019-04-03,13,3,2019,116.0,108.0,137.61,105.52,112.83,2019-04-01,3.078,2.872,2,-0.002000000000000224,0.008000000000000007,0.0019999999999997797,-0.0006493506493506773,0.0006501950585173777,3.0767499999999997,3.0503750000000003,3.0229166666666667,0.004573474245632617,0.042419461504120785,-0.0040000000000000036,0.0029999999999996696,0.0019999999999997797,-0.0013908205841446364,0.0006968641114981633,2.8745,2.85025,2.829,0.005196152422478952,0.0378710217147725,-0.20599999999999996,-0.0019999999999997797,0.0
2019-04-10,14,4,2019,117.0,114.0,123.23,106.79,112.83,2019-04-08,3.093,2.879,2,0.015000000000000124,0.0129999999999999,0.01399999999999979,0.004873294346978696,0.0045469308216952165,3.08025,3.06625,3.032666666666667,0.00953502316071447,0.027457759767370284,0.007000000000000117,0.0030000000000001137,-0.0019999999999997797,0.0024373259052925533,-0.0006942034015965381,2.874,2.863125,2.8365833333333335,0.004396968652489765,0.02398474217391838,-0.21399999999999997,-0.008000000000000007,-0.01599999999999957
2019-04-17,15,4,2019,118.0,106.0,116.2,106.79,111.64,2019-04-15,3.118,2.899,2,0.02499999999999991,0.040000000000000036,0.04800000000000004,0.008082767539605573,0.015635179153094425,3.09225,3.08025,3.0454166666666667,0.018409689477962517,0.01984763390036118,0.020000000000000018,0.027000000000000135,0.029999999999999805,0.006946856547412228,0.010456605088881021,2.8815,2.874375,2.8456666666666663,0.012013880860522439,0.013999362230602656,-0.21899999999999986,-0.004999999999999893,-0.018000000000000238
2019-04-24,16,4,2019,119.0,99.0,115.59,106.79,109.26,2019-04-22,3.147,2.917,2,0.028999999999999915,0.053999999999999826,0.06699999999999973,0.009300833867863956,0.021753246753246636,3.109,3.092625,3.0605833333333337,0.03023243291579158,0.026586449287722077,0.017999999999999794,0.03799999999999981,0.040999999999999925,0.006209037599172129,0.01425591098748269,2.89175,2.882875,2.8563333333333336,0.02035313243698085,0.01676252197205482,-0.22999999999999998,-0.01100000000000012,-0.0259999999999998
2019-05-01,17,4,2019,120.0,103.0,117.73,107.42,109.26,2019-04-29,3.169,2.939,2,0.02200000000000024,0.051000000000000156,0.09100000000000019,0.00699078487448368,0.02956465237166994,3.1317500000000003,3.1042499999999995,3.0775,0.03322022476354575,0.03669079292859108,0.02200000000000024,0.040000000000000036,0.06700000000000017,0.007541995200548657,0.023328690807799424,2.9085,2.8914999999999997,2.869666666666667,0.025579940057206395,0.024945655218738663,-0.22999999999999998,0.0,-0.02400000000000002
2019-05-08,18,5,2019,120.0,99.0,,108.06,109.26,2019-05-06,3.171,2.927,2,0.0019999999999997797,0.02400000000000002,0.07799999999999985,0.0006311139160617429,0.02521823472356921,3.15125,3.1157500000000002,3.094583333333333,0.024689741459560186,0.04171930009018118,-0.01200000000000001,0.010000000000000231,0.04800000000000004,-0.004083021435862588,0.016672455713789613,2.9205,2.8972499999999997,2.8822500000000004,0.016921386861898362,0.02736394917207996,-0.24399999999999977,-0.01399999999999979,-0.029999999999999805
2019-05-15,19,5,2019,119.0,102.0,,108.06,109.26,2019-05-13,3.16,2.905,2,-0.010999999999999677,-0.008999999999999897,0.04200000000000026,-0.0034689372437716193,0.01347017318794097,3.16175,3.1270000000000002,3.107416666666667,0.01093541646850356,0.039706062869367315,-0.02200000000000024,-0.03400000000000025,0.005999999999999783,-0.0075162282200206265,0.002069679199723895,2.9219999999999997,2.90175,2.89025,0.01446835627602525,0.024904101785062315,-0.25500000000000034,-0.011000000000000565,-0.036000000000000476
2019-05-22,20,5,2019,119.0,98.0,126.29,109.33,111.64,2019-05-20,3.163,2.907,2,0.0029999999999996696,-0.008000000000000007,0.016000000000000014,0.0009493670886076,0.005084207181442757,3.16575,3.1373749999999996,3.1169999999999995,0.005123475383581375,0.03637478522293767,0.002000000000000224,-0.020000000000000018,-0.009999999999999787,0.000688468158347666,-0.0034281796366129047,2.9194999999999998,2.905625,2.8950833333333335,0.016360521588977016,0.0226333350867545,-0.2559999999999998,-0.0009999999999994458,-0.0259999999999998
2019-05-29,21,5,2019,119.0,100.0,,110.6,114.01,2019-05-27,3.151,2.893,2,-0.01200000000000001,-0.009000000000000341,-0.018000000000000238,-0.003793866582358474,-0.005680025244556686,3.16125,3.1464999999999996,3.12325,0.008261355821310344,0.027401772622808473,-0.014000000000000234,-0.01200000000000001,-0.04600000000000026,-0.004815961472308339,-0.015651582170806533,2.908,2.90825,2.897,0.01409491634113608,0.019121790113619377,-0.258,-0.002000000000000224,-0.028000000000000025
2019-06-05,22,6,2019,118.0,102.0,,111.87,115.2,2019-06-03,3.136,2.875,2,-0.01499999999999968,-0.02699999999999969,-0.0349999999999997,-0.004760393525864659,-0.01103752759381893,3.1525,3.151875,3.1279999999999997,0.01212435565325241,0.018019334854162763,-0.017999999999999794,-0.03200000000000003,-0.052000000000000046,-0.006221914967162068,-0.01776563033823031,2.895,2.90775,2.8964999999999996,0.014696938456604717,0.020026767801567105,-0.2610000000000001,-0.0030000000000001137,-0.017000000000000348
2019-06-12,23,6,2019,117.0,106.0,,111.24,114.01,2019-06-10,3.105,2.843,2,-0.03100000000000014,-0.04599999999999982,-0.05500000000000016,-0.009885204081632737,-0.017405063291139333,3.13875,3.15025,3.1309166666666663,0.025064915719127317,0.021717340011102988,-0.03200000000000003,-0.04999999999999982,-0.06199999999999983,-0.011130434782608667,-0.021342512908777866,2.8795,2.90075,2.8943333333333334,0.027634519475905707,0.030546217909552947,-0.262,-0.0009999999999998899,-0.006999999999999673
2019-06-19,24,6,2019,116.0,105.0,161.46,109.97,112.83,2019-06-17,3.07,2.82,2,-0.03500000000000014,-0.06600000000000028,-0.09299999999999997,-0.011272141706924366,-0.02940246601327856,3.1155,3.140625,3.1300833333333333,0.035874782229410866,0.03583668312159692,-0.02300000000000013,-0.05500000000000016,-0.08700000000000019,-0.008090045726345418,-0.029927760577915463,2.8577500000000002,2.888625,2.889666666666667,0.032571715746405876,0.04072885077829683,-0.25,0.01200000000000001,0.005999999999999783
2019-06-26,25,6,2019,115.0,105.0,141.58,108.7,112.83,2019-06-24,3.043,2.797,2,-0.02699999999999969,-0.06199999999999983,-0.10799999999999965,-0.008794788273615572,-0.0342748333862265,3.0885,3.1248750000000003,3.127166666666667,0.04058324777551024,0.047405356840314626,-0.022999999999999687,-0.04599999999999982,-0.09599999999999964,-0.008156028368794255,-0.03318354649153121,2.8337499999999998,2.8708750000000003,2.8834166666666667,0.03330040039797062,0.046212050067434556,-0.246,0.0040000000000000036,0.01200000000000001
2019-07-03,26,6,2019,115.0,99.0,149.23,109.33,112.83,2019-07-01,3.042,2.803,2,-0.001000000000000334,-0.028000000000000025,-0.0940000000000003,-0.000328623069339562,-0.029974489795918435,3.065,3.1087499999999997,3.122916666666667,0.029653555155200125,0.05125775202709996,0.005999999999999783,-0.016999999999999904,-0.07200000000000006,0.002145155523775477,-0.02504347826086961,2.81575,2.8553749999999996,2.877083333333333,0.020613506898767585,0.045487635682749404,-0.23899999999999988,0.007000000000000117,0.02200000000000024
2019-07-10,27,7,2019,115.0,101.0,138.52,113.15,115.2,2019-07-08,3.055,2.804,2,0.013000000000000345,0.01200000000000001,-0.04999999999999982,0.00427350427350448,-0.01610305958132041,3.0524999999999998,3.0956249999999996,3.1176666666666666,0.01307669683098649,0.0496787896679409,0.0009999999999998899,0.006999999999999673,-0.039000000000000146,0.00035676061362832634,-0.01371790362293357,2.806,2.84275,2.8691666666666666,0.009831920802454984,0.043728872449685346,-0.25100000000000033,-0.012000000000000455,0.010999999999999677
2019-07-17,28,7,2019,115.0,101.0,152.9,118.23,121.14,2019-07-15,3.051,2.805,2,-0.0040000000000000036,0.009000000000000341,-0.018999999999999684,-0.001309328968903456,-0.006188925081433094,3.04775,3.081625,3.109666666666666,0.006291528696827611,0.04335876085488777,0.001000000000000334,0.002000000000000224,-0.01499999999999968,0.00035663338088465224,-0.005319148936170137,2.80225,2.83,2.859833333333333,0.0035939764420249,0.03660991278728059,-0.246,0.0050000000000003375,0.0040000000000000036
2019-07-24,29,7,2019,115.0,100.0,162.99,125.86,128.27,2019-07-22,3.044,2.804,2,-0.007000000000000117,-0.01100000000000012,0.0009999999999998899,-0.0022943297279580666,0.00032862306933933993,3.048,3.0682500000000004,3.09925,0.006055300708993038,0.03449948239797721,-0.001000000000000334,0.0,0.006999999999999673,-0.0003565062388592999,0.0025026814444046863,2.8040000000000003,2.818875,2.8485833333333335,0.0008164965803932042,0.02698908509550314,-0.2400000000000002,0.005999999999999783,0.005999999999999783
2019-07-31,30,7,2019,114.0,98.0,157.79,128.4,133.02,2019-07-29,3.034,2.793,2,-0.010000000000000231,-0.017000000000000348,-0.008000000000000007,-0.00328515111695149,-0.002629848783694988,3.0460000000000003,3.0555,3.0878333333333337,0.009201449161756598,0.02272192144823194,-0.010999999999999677,-0.01200000000000001,-0.009999999999999787,-0.003922967189728843,-0.0035676061362824862,2.8015,2.808625,2.8374166666666665,0.005686240703005089,0.0159368172124724,-0.24099999999999966,-0.0009999999999994458,-0.0019999999999997797
2019-08-07,31,8,2019,114.0,98.0,164.52,125.86,130.64,2019-08-05,3.032,2.787,2,-0.0019999999999997797,-0.01200000000000001,-0.02300000000000013,-0.0006591957811469262,-0.007528641571194816,3.0402500000000003,3.046375,3.077166666666667,0.008883505314714258,0.012246719677976912,-0.006000000000000227,-0.016999999999999904,-0.016999999999999904,-0.002148227712137518,-0.006062767475035646,2.79725,2.801625,2.827583333333333,0.008732124598244628,0.009797047660584906,-0.2450000000000001,-0.004000000000000448,0.006000000000000227
2019-08-14,32,8,2019,114.0,99.0,158.71,124.59,128.27,2019-08-12,3.011,2.763,2,-0.020999999999999908,-0.022999999999999687,-0.040000000000000036,-0.006926121372031635,-0.013110455588331682,3.03025,3.039,3.0645000000000002,0.013865424624229196,0.013669569959251256,-0.02400000000000002,-0.03000000000000025,-0.04200000000000026,-0.008611410118406937,-0.0149732620320856,2.7867499999999996,2.7944999999999998,2.815583333333333,0.017327723451148854,0.01424279266379285,-0.24800000000000022,-0.0030000000000001137,-0.002000000000000224
2019-08-21,33,8,2019,113.0,99.0,144.03,128.4,131.83,2019-08-19,2.994,2.751,2,-0.016999999999999904,-0.03799999999999981,-0.04999999999999982,-0.005645964795748859,-0.016425755584756785,3.01775,3.0328749999999998,3.0514166666666664,0.018945096111585586,0.020760109413748166,-0.01200000000000001,-0.03600000000000003,-0.052999999999999936,-0.004343105320304019,-0.01890156918687591,2.7735000000000003,2.78875,2.8037499999999995,0.019824227601593608,0.020844663585835692,-0.24300000000000033,0.004999999999999893,-0.0030000000000001137
2019-08-28,34,8,2019,113.0,98.0,143.11,129.67,135.39,2019-08-26,2.983,2.744,2,-0.01100000000000012,-0.028000000000000025,-0.05099999999999971,-0.0036740146960587694,-0.01680949241924845,3.005,3.0255,3.0386666666666673,0.021369760566688382,0.02668868138929472,-0.006999999999999673,-0.018999999999999684,-0.04899999999999993,-0.00254452926208637,-0.01754385964912275,2.76125,2.781375,2.792833333333333,0.01887458608817825,0.025088059197403048,-0.23899999999999988,0.004000000000000448,0.0019999999999997797
2019-09-04,35,9,2019,112.0,96.0,134.24,131.58,138.95,2019-09-02,2.976,2.74,2,-0.007000000000000117,-0.018000000000000238,-0.05600000000000005,-0.0023466309084814174,-0.01846965699208447,2.9909999999999997,3.015625,3.0279166666666666,0.015253414918568273,0.028749844720311644,-0.0040000000000000036,-0.010999999999999677,-0.04699999999999971,-0.001457725947521915,-0.016864011481880103,2.7495,2.7733749999999997,2.78425,0.01008298897485176,0.026975848987161457,-0.23599999999999977,0.0030000000000001137,0.009000000000000341
2019-09-11,36,9,2019,112.0,96.0,120.18,133.49,142.52,2019-09-09,2.971,2.745,2,-0.004999999999999893,-0.01200000000000001,-0.040000000000000036,-0.0016801075268816357,-0.013284623048821054,2.981,3.005625,3.0196666666666663,0.009966610925734289,0.028600387110500555,0.004999999999999893,0.0009999999999998899,-0.017999999999999794,0.0018248175182480342,-0.006514657980455918,2.745,2.765875,2.778,0.004546060565707771,0.025210187850059827,-0.22599999999999998,0.009999999999999787,0.02200000000000024
2019-09-18,37,9,2019,113.0,98.0,115.9,132.21,141.33,2019-09-16,2.987,2.761,2,0.016000000000000014,0.01100000000000012,-0.007000000000000117,0.005385392123864019,-0.002338009352037429,2.9792500000000004,2.9985,3.015,0.00713559154368802,0.02447739481963135,0.016000000000000014,0.020999999999999908,0.010000000000000231,0.005828779599271305,0.0036350418029809095,2.7475,2.7605000000000004,2.775,0.00925562891796275,0.01995709684028378,-0.22599999999999998,0.0,0.017000000000000348
2019-09-25,38,9,2019,116.0,97.0,113.75,132.85,140.14,2019-09-23,3.081,2.858,2,0.09399999999999986,0.10999999999999988,0.09799999999999986,0.0314697020421828,0.0328528327187394,3.00375,3.004375,3.01825,0.05193184636307107,0.036769309795949126,0.09699999999999998,0.11299999999999999,0.11399999999999988,0.03513219847881199,0.041545189504373026,2.7760000000000002,2.768625,2.7795833333333335,0.0553955473541546,0.03911498616724639,-0.22299999999999986,0.0030000000000001137,0.016000000000000014
2019-10-02,39,9,2019,116.0,97.0,110.09,130.94,136.58,2019-09-30,3.066,2.827,2,-0.015000000000000124,0.07899999999999974,0.08999999999999986,-0.004868549172346692,0.030241935483870996,3.02625,3.008625,3.0191666666666666,0.05528939018181462,0.042009990308588235,-0.03100000000000014,0.06599999999999984,0.08699999999999974,-0.010846745976207162,0.03175182481751815,2.79775,2.773625,2.7815,0.053599595769612776,0.044045228377928305,-0.23899999999999988,-0.016000000000000014,-0.0030000000000001137
2019-10-09,40,10,2019,115.0,103.0,117.42,130.31,135.39,2019-10-07,3.047,2.804,2,-0.018999999999999684,-0.03399999999999981,0.07600000000000007,-0.00619699934768414,0.0255806125883542,3.0452500000000002,3.013125,3.0188333333333337,0.041250252524597214,0.04417315765435287,-0.02300000000000013,-0.05400000000000027,0.05899999999999972,-0.008135833038556806,0.021493624772313202,2.8125,2.77875,2.781416666666667,0.04084523636034225,0.04500714229041384,-0.24300000000000033,-0.004000000000000448,-0.017000000000000348
2019-10-16,41,10,2019,115.0,103.0,113.14,130.94,135.39,2019-10-14,3.051,2.805,2,0.0040000000000000036,-0.01499999999999968,0.06400000000000006,0.0013127666557268824,0.021426180113826687,3.06125,3.0202500000000003,3.0194166666666664,0.015500000000297599,0.045231941937552596,0.001000000000000334,-0.021999999999999797,0.04400000000000004,0.00035663338088465224,0.015936254980079667,2.8235,2.7855,2.7815,0.025331140255924412,0.044294469180775606,-0.246,-0.0029999999999996696,-0.020000000000000018
2019-10-23,42,10,2019,115.0,105.0,120.48,130.94,135.39,2019-10-21,3.05,2.802,2,-0.001000000000000334,0.0029999999999996696,-0.03100000000000014,-0.00032776138970835866,-0.01006166828951649,3.0534999999999997,3.028625,3.02075,0.008504900548671665,0.043519905133982247,-0.0030000000000001137,-0.0019999999999997797,-0.05600000000000005,-0.0010695187165775666,-0.019594121763470973,2.8095,2.79275,2.78225,0.011733143937821237,0.041167775192404776,-0.24799999999999978,-0.0019999999999997797,-0.02499999999999991
2019-10-30,43,10,2019,116.0,101.0,112.23,128.4,133.02,2019-10-28,3.064,2.806,2,0.014000000000000234,0.0129999999999999,-0.0019999999999997797,0.00459016393442635,-0.000652315720808816,3.053,3.039625,3.0234166666666664,0.007527726527720346,0.03922804208379645,0.0040000000000000036,0.0009999999999998899,-0.020999999999999908,0.001427551748750977,-0.007428369296073489,2.8042499999999997,2.8009999999999997,2.7838333333333334,0.0017078251273931185,0.0352784839325342,-0.258,-0.010000000000000231,-0.019000000000000128
2019-11-06,44,11,2019,116.0,105.0,105.19,125.86,128.27,2019-11-04,3.062,2.795,2,-0.002000000000000224,0.01200000000000001,0.01499999999999968,-0.0006527415143603443,0.004922874958976031,3.05675,3.0509999999999997,3.0276666666666667,0.007274384281575292,0.02810185555667558,-0.01100000000000012,-0.007000000000000117,-0.008999999999999897,-0.003920171062010036,-0.0032097004279599828,2.8020000000000005,2.8072500000000002,2.7865,0.0049665548084976705,0.02751493101169002,-0.2669999999999999,-0.008999999999999897,-0.023999999999999577
2019-11-13,45,11,2019,116.0,105.0,123.23,123.32,124.7,2019-11-11,3.073,2.795,2,0.01100000000000012,0.008999999999999897,0.021999999999999797,0.003592423252775978,0.007210750573582336,3.0622499999999997,3.06175,3.03425,0.009464847243486242,0.011901380472742557,0.0,-0.01100000000000012,-0.010000000000000231,0.0,-0.0035650623885918886,2.7995,2.8115,2.7901666666666665,0.005446711546049968,0.021267009998877196,-0.278,-0.01100000000000012,-0.03200000000000003
2019-11-20,46,11,2019,116.0,101.0,121.09,118.23,117.58,2019-11-18,3.074,2.792,2,0.0009999999999998899,0.01200000000000001,0.02400000000000002,0.00032541490400261885,0.007868852459016473,3.06825,3.0608750000000002,3.041833333333333,0.006130524719985064,0.010453126668942905,-0.0030000000000001137,-0.0030000000000001137,-0.010000000000000231,-0.0010733452593918447,-0.0035688793718773315,2.7969999999999997,2.8032500000000002,2.794166666666667,0.0061644140029098096,0.010951190411786778,-0.28200000000000003,-0.0040000000000000036,-0.03400000000000025
2019-11-27,47,11,2019,116.0,102.0,113.45,117.59,117.58,2019-11-25,3.066,2.776,2,-0.008000000000000007,-0.007000000000000117,0.0019999999999997797,-0.002602472348731344,0.0006527415143602333,3.0687499999999996,3.0608750000000002,3.0493333333333332,0.00573730482680386,0.010453126668942905,-0.016000000000000014,-0.019000000000000128,-0.03000000000000025,-0.005730659025787954,-0.010691375623663624,2.7894999999999994,2.796875,2.797166666666666,0.009110433579114603,0.009948976975739505,-0.29000000000000004,-0.008000000000000007,-0.03200000000000003
2019-12-04,48,12,2019,116.0,96.0,107.33,,,2019-12-02,3.07,2.779,2,0.0040000000000000036,-0.0040000000000000036,0.008000000000000007,0.001304631441617854,0.0026126714565644082,3.07075,3.06375,3.0575833333333335,0.0035939764433853393,0.009176834188783777,0.0030000000000001137,-0.0129999999999999,-0.016000000000000014,0.0010806916426513435,-0.005724508050089505,2.7855,2.79375,2.8000000000000003,0.009398581453224265,0.01123451315015224,-0.2909999999999999,-0.0009999999999998899,-0.02400000000000002
2019-12-11,49,12,2019,115.0,92.0,104.89,118.87,119.95,2019-12-09,3.049,2.759,2,-0.020999999999999908,-0.016999999999999904,-0.02400000000000002,-0.006840390879478853,-0.0078099576960625194,3.06475,3.0635,3.06275,0.010996211469218968,0.0095916630473627,-0.020000000000000018,-0.016999999999999904,-0.03600000000000003,-0.007196833393306901,-0.012880143112701248,2.7764999999999995,2.7880000000000003,2.7998333333333334,0.013576941236269529,0.015583874449693396,-0.29000000000000004,0.0009999999999998899,-0.01200000000000001
2019-12-18,50,12,2019,115.0,96.0,103.36,120.14,122.33,2019-12-16,3.046,2.763,2,-0.0030000000000001137,-0.02400000000000002,-0.028000000000000025,-0.0009839291571007713,-0.009108653220559537,3.0577499999999995,3.0629999999999997,3.059833333333333,0.012010412149852417,0.010460811222974445,0.0040000000000000036,-0.016000000000000014,-0.028999999999999915,0.0014498006524104046,-0.010386819484240695,2.76925,2.783125,2.791916666666667,0.009742518497115165,0.01664278050278293,-0.2829999999999999,0.007000000000000117,-0.0009999999999998899
2019-12-25,51,12,2019,115.0,96.0,97.24,118.23,121.14,2019-12-23,3.041,2.763,2,-0.004999999999999893,-0.008000000000000007,-0.02499999999999991,-0.0016414970453052513,-0.00815394651011081,3.0515,3.0601249999999998,3.05775,0.012767145335176092,0.012999313169211801,0.0,0.0040000000000000036,-0.0129999999999999,0.0,-0.004682997118155563,2.7659999999999996,2.77775,2.786583333333333,0.008869423130435988,0.015068889427496039,-0.278,0.004999999999999893,0.01200000000000001
2020-01-01,52,12,2019,116.0,97.0,96.32,,,2019-12-30,3.069,2.808,2,0.028000000000000025,0.02300000000000013,-0.0009999999999998899,0.009207497533705977,-0.00032573289902271263,3.0512499999999996,3.061,3.059583333333333,0.012284814474634248,0.013373748273062975,0.04499999999999993,0.04499999999999993,0.028999999999999915,0.016286644951140072,0.010435408420295111,2.77325,2.779375,2.7869166666666665,0.023243278598335953,0.01767110231846135,-0.2610000000000001,0.016999999999999904,0.029999999999999805
2020-01-08,1,1,2020,116.0,95.0,94.8,116.32,118.76,2020-01-06,3.079,2.828,2,0.010000000000000231,0.038000000000000256,0.03000000000000025,0.00325839035516462,0.009839291571007047,3.05875,3.06175,3.061916666666667,0.018191115047626022,0.014280356138510503,0.020000000000000018,0.06499999999999995,0.06899999999999995,0.007122507122507171,0.025009061254077647,2.7904999999999998,2.7835,2.7888333333333333,0.03278719262150121,0.024407258873559646,-0.25100000000000033,0.009999999999999787,0.0389999999999997
2020-01-15,2,1,2020,116.0,94.0,102.13,114.42,115.2,2020-01-13,3.064,2.81,2,-0.015000000000000124,-0.004999999999999893,0.018000000000000238,-0.004871711594673589,0.00590938936309926,3.06325,3.0605,3.063083333333333,0.016090887690734516,0.01346954236203587,-0.017999999999999794,0.002000000000000224,0.04700000000000015,-0.006364922206506307,0.01701049583785741,2.80225,2.7857499999999997,2.7895000000000003,0.027669176592960906,0.02607544000463351,-0.254,-0.0029999999999996696,0.028999999999999915
2020-01-22,3,1,2020,115.0,103.0,101.83,116.96,117.58,2020-01-20,3.037,2.797,2,-0.027000000000000135,-0.04200000000000026,-0.0040000000000000036,-0.00881201044386426,-0.0013153567905294095,3.06225,3.056875,3.060833333333333,0.017951323071272382,0.015523599546213554,-0.0129999999999999,-0.030999999999999694,0.03400000000000025,-0.00462633451957295,0.012305465074194721,2.81075,2.788375,2.7887500000000003,0.012841988423354243,0.0260106434260139,-0.23999999999999977,0.014000000000000234,0.038000000000000256
2020-01-29,4,1,2020,114.0,103.0,99.69,115.69,117.58,2020-01-27,3.01,2.773,2,-0.027000000000000135,-0.05400000000000027,-0.05900000000000016,-0.00889035232136981,-0.019224503095470857,3.0475,3.049375,3.0564999999999998,0.030446674695435133,0.021586619533199257,-0.02400000000000002,-0.03699999999999992,-0.0349999999999997,-0.008580622095101909,-0.012464387464387383,2.802,2.787625,2.7869166666666665,0.023137271518751917,0.026403124815193153,-0.23699999999999966,0.0030000000000001137,0.024000000000000465
2020-02-05,5,2,2020,112.0,100.0,93.88,114.42,115.2,2020-02-03,2.956,2.71,2,-0.053999999999999826,-0.08099999999999996,-0.12300000000000022,-0.017940199335548135,-0.039948035076323496,3.01675,3.03775,3.04675,0.04611127844693281,0.039459744405979366,-0.06300000000000017,-0.08700000000000019,-0.11799999999999988,-0.022719076812116934,-0.04172560113154167,2.7725,2.7815,2.779833333333333,0.04439594576084461,0.03738983819176905,-0.246,-0.009000000000000341,0.0050000000000003375
2020-02-12,6,2,2020,110.0,97.0,90.51,106.79,104.51,2020-02-10,2.91,2.675,2,-0.04599999999999982,-0.09999999999999964,-0.15399999999999991,-0.01556156968876854,-0.05026109660574407,2.97825,3.02075,3.0330833333333334,0.05660609507828384,0.059569287388834394,-0.03500000000000014,-0.09800000000000031,-0.13500000000000023,-0.01291512915129156,-0.04804270462633464,2.73875,2.7705,2.7700833333333335,0.0561449018166449,0.05320848482290722,-0.23500000000000032,0.010999999999999677,0.018999999999999684
2020-02-19,7,2,2020,109.0,97.0,89.29,108.7,105.7,2020-02-17,2.89,2.658,2,-0.020000000000000018,-0.06599999999999984,-0.1469999999999998,-0.0068728522336769515,-0.04840302930523532,2.9415,3.001875,3.0184166666666665,0.05337602458044995,0.07433022361644297,-0.016999999999999904,-0.052000000000000046,-0.13900000000000023,-0.006355140186915853,-0.04969610296746518,2.7039999999999997,2.7573749999999997,2.7602499999999996,0.05083961709797007,0.06659029852125284,-0.2320000000000002,0.0030000000000001137,0.007999999999999563
2020-02-26,8,2,2020,109.0,102.0,86.85,109.97,108.08,2020-02-24,2.882,2.654,2,-0.008000000000000007,-0.028000000000000025,-0.12799999999999967,-0.0027681660899654403,-0.04252491694352145,2.9095,2.9785,3.0027500000000003,0.033161222333931206,0.07943371000858032,-0.0040000000000000036,-0.020999999999999908,-0.11900000000000022,-0.0015048908954100604,-0.04291381175622078,2.67425,2.7381249999999997,2.749833333333333,0.025513068546706093,0.07191152798508456,-0.2280000000000002,0.0040000000000000036,0.008999999999999453
2020-03-04,9,3,2020,108.0,100.0,88.07,110.6,111.64,2020-03-02,2.851,2.627,2,-0.03100000000000014,-0.039000000000000146,-0.10499999999999998,-0.010756419153365782,-0.035520974289580454,2.8832500000000003,2.95,2.98625,0.02451360166685414,0.07912557830985943,-0.027000000000000135,-0.03100000000000014,-0.08300000000000018,-0.010173323285606717,-0.03062730627306276,2.6534999999999997,2.713,2.7388333333333335,0.01987460691442148,0.07113367697516265,-0.2240000000000002,0.0040000000000000036,0.021999999999999797
2020-03-11,10,3,2020,106.0,103.0,84.09,111.24,112.83,2020-03-09,2.814,2.577,2,-0.03699999999999992,-0.06800000000000006,-0.09600000000000009,-0.012977902490354243,-0.03298969072164948,2.8592500000000003,2.91875,2.9669166666666666,0.034538625720805585,0.0770097396438406,-0.04999999999999982,-0.07699999999999996,-0.09799999999999986,-0.019033117624666862,-0.036635514018691584,2.629,2.683875,2.723333333333333,0.0373005808713043,0.07340774093090079,-0.2370000000000001,-0.0129999999999999,-0.0019999999999997797
2020-03-18,11,3,2020,103.0,100.0,85.01,109.97,110.45,2020-03-16,2.733,2.504,2,-0.08099999999999996,-0.11799999999999988,-0.15700000000000003,-0.028784648187633266,-0.05432525951557099,2.82,2.88075,2.94125,0.06431692364131716,0.08492139222336414,-0.07299999999999995,-0.12299999999999978,-0.15399999999999991,-0.028327512611563854,-0.0579382994732881,2.5905,2.64725,2.70175,0.06590144156241459,0.0815453423387854,-0.2290000000000001,0.008000000000000007,0.0030000000000001137
2020-03-25,12,3,2020,100.0,103.0,92.96,104.88,100.95,2020-03-23,2.659,2.438,2,-0.07400000000000029,-0.15500000000000025,-0.2230000000000003,-0.027076472740578228,-0.07737682165163096,2.76425,2.836875,2.907083333333333,0.08574137468778602,0.09823359550441639,-0.06599999999999984,-0.1389999999999998,-0.21599999999999975,-0.02635782747603832,-0.08138658628485296,2.5365,2.605375,2.670916666666667,0.08284322543217197,0.09296072519391356,-0.22099999999999964,0.008000000000000451,0.007000000000000561
2020-04-01,13,3,2020,98.0,102.0,100.91,99.16,95.01,2020-03-30,2.586,2.363,2,-0.07299999999999995,-0.14700000000000024,-0.2650000000000001,-0.027453930048890518,-0.09294984216064539,2.6979999999999995,2.790625,2.8659999999999997,0.09788769074822391,0.11903413376007052,-0.07500000000000018,-0.14100000000000001,-0.2639999999999998,-0.030762920426579243,-0.10049486105824124,2.4705,2.562,2.6321666666666665,0.09142756695880785,0.11541230437005805,-0.22299999999999986,-0.002000000000000224,0.001000000000000334
2020-04-08,14,4,2020,96.0,102.0,100.91,98.53,93.82,2020-04-06,2.548,2.325,2,-0.03799999999999981,-0.11099999999999977,-0.266,-0.014694508894044778,-0.09452736318407962,2.6315,2.745375,2.823,0.08185556385093938,0.13491789831495302,-0.03799999999999981,-0.11299999999999999,-0.2519999999999998,-0.016081252644942756,-0.0977881257275901,2.4075,2.5182499999999997,2.5917499999999998,0.07964295323510334,0.1316529528723414,-0.22299999999999986,0.0,0.014000000000000234
2020-04-15,15,4,2020,95.0,102.0,94.18,98.53,93.82,2020-04-13,2.507,2.289,2,-0.040999999999999925,-0.07899999999999974,-0.22599999999999998,-0.016091051805337542,-0.08269301134284668,2.5749999999999997,2.6975,2.7788333333333335,0.06462713568378366,0.14391962042357587,-0.03600000000000003,-0.07399999999999984,-0.21499999999999986,-0.015483870967741953,-0.08586261980830667,2.3537500000000002,2.472125,2.5494166666666667,0.06377760840093925,0.1400677769612417,-0.21799999999999997,0.004999999999999893,0.01100000000000012
2020-04-22,16,4,2020,94.0,102.0,86.54,97.25,93.82,2020-04-20,2.48,2.272,2,-0.027000000000000135,-0.06800000000000006,-0.17899999999999983,-0.010769844435580378,-0.06731854080481381,2.53025,2.64725,2.734666666666667,0.046507167906587085,0.14043580129625974,-0.017000000000000348,-0.05300000000000038,-0.16600000000000037,-0.007426823940585581,-0.06808859721082872,2.31225,2.424375,2.5076666666666667,0.0404093636014963,0.13419808120836554,-0.20800000000000018,0.009999999999999787,0.012999999999999456
2020-04-29,17,4,2020,92.0,101.0,82.87,94.71,91.45,2020-04-27,2.437,2.208,2,-0.04300000000000015,-0.07000000000000028,-0.14900000000000002,-0.01733870967741946,-0.05761794276875487,2.493,2.5955,2.6914166666666666,0.046640468837257885,0.13056033088196242,-0.06399999999999961,-0.08099999999999996,-0.1549999999999998,-0.028169014084506894,-0.06559458315700373,2.2735000000000003,2.3720000000000003,2.4658333333333333,0.04893873721309375,0.12528823910148143,-0.22899999999999965,-0.020999999999999464,-0.005999999999999783
2020-05-06,18,5,2020,91.0,100.0,78.59,91.53,89.07,2020-05-04,2.399,2.169,2,-0.03799999999999981,-0.08099999999999996,-0.14900000000000002,-0.015592942141977817,-0.05847723704866559,2.45575,2.543625,2.648833333333333,0.04756311596212893,0.11254451500250733,-0.039000000000000146,-0.10299999999999976,-0.15600000000000014,-0.017663043478260976,-0.06709677419354843,2.2344999999999997,2.321,2.4236666666666666,0.05588380803070981,0.11228535078097747,-0.22999999999999998,-0.001000000000000334,-0.007000000000000117
2020-05-13,19,5,2020,90.0,98.0,79.2,88.99,86.7,2020-05-11,2.394,2.178,2,-0.004999999999999893,-0.042999999999999705,-0.11299999999999999,-0.002084201750729431,-0.04507379337854012,2.4275,2.50125,2.6075,0.03992075483622979,0.09321518882981204,0.008999999999999897,-0.03000000000000025,-0.11100000000000021,0.004149377593360981,-0.04849279161205777,2.20675,2.2802499999999997,2.3836666666666666,0.046585942085718514,0.0940603909351025,-0.2160000000000002,0.01399999999999979,0.0019999999999997797
2020-05-20,20,5,2020,90.0,100.0,85.32,86.45,84.32,2020-05-18,2.386,2.175,2,-0.008000000000000007,-0.0129999999999999,-0.09399999999999986,-0.003341687552213868,-0.03790322580645156,2.404,2.467125,2.5661666666666667,0.022642143597615,0.07550295642275888,-0.0030000000000001137,0.005999999999999783,-0.09699999999999998,-0.0013774104683196287,-0.042693661971831,2.1825,2.247375,2.34375,0.017406895185946732,0.07509791227842895,-0.2110000000000003,0.004999999999999893,-0.0030000000000001137
2020-05-27,21,5,2020,90.0,101.0,88.07,86.45,84.32,2020-05-25,2.39,2.175,2,0.0040000000000000036,-0.0040000000000000036,-0.04699999999999971,0.0016764459346185756,-0.0192860073861304,2.39225,2.442625,2.5277499999999997,0.005560275775116913,0.062013679366545116,0.0,-0.0030000000000001137,-0.03300000000000036,0.0,-0.014945652173913193,2.17425,2.223875,2.306083333333333,0.003774917219587426,0.062024044876679466,-0.2150000000000003,-0.0040000000000000036,0.013999999999999346
2020-06-03,22,5,2020,90.0,101.0,86.54,87.08,85.51,2020-06-01,2.386,2.171,2,-0.0040000000000000036,0.0,-0.0129999999999999,-0.0016736401673640433,-0.005418924551896631,2.3890000000000002,2.422375,2.492083333333333,0.0038297084347822027,0.04742192832139169,-0.0040000000000000036,-0.0040000000000000036,0.0019999999999997797,-0.0018390804597701038,0.0009220839096357736,2.17475,2.204625,2.27225,0.0028722813258325653,0.04860022780671265,-0.2150000000000003,0.0,0.01499999999999968
2020-06-10,23,6,2020,90.0,102.0,89.9,88.99,87.89,2020-06-08,2.396,2.172,2,0.009999999999999787,0.005999999999999783,0.0019999999999997797,0.004191114836546328,0.0008354218880533004,2.3895,2.4085,2.464,0.004725815629295606,0.03324368898223507,0.001000000000000334,-0.0029999999999996696,-0.005999999999999783,0.00046061722708445885,-0.0027548209366390353,2.17325,2.19,2.2445833333333334,0.002061552816389539,0.035391685867992524,-0.22399999999999975,-0.008999999999999453,-0.007999999999999563
2020-06-17,24,6,2020,91.0,104.0,81.95,90.26,89.07,2020-06-15,2.403,2.174,2,0.007000000000000117,0.016999999999999904,0.016999999999999904,0.002921535893155358,0.007124895222129002,2.3937500000000003,2.398875,2.4426666666666663,0.007410578027071474,0.016530815380598893,0.0019999999999997797,0.0030000000000001137,-0.0009999999999998899,0.0009208103130753376,-0.00045977011494247044,2.173,2.17775,2.222583333333333,0.0018257418623954772,0.012532814072612718,-0.2290000000000001,-0.0050000000000003375,-0.017999999999999794
2020-06-24,25,6,2020,92.0,101.0,86.54,95.98,95.01,2020-06-22,2.425,2.197,2,0.021999999999999797,0.028999999999999915,0.0349999999999997,0.009155222638368654,0.01464435146443499,2.4025,2.397375,2.42925,0.016542873592428783,0.012670973578740486,0.02300000000000013,0.02499999999999991,0.02200000000000024,0.01057957681692745,0.010114942528735682,2.1785,2.1763749999999997,2.2087499999999998,0.012396235988448252,0.008782084035537959,-0.22799999999999976,0.001000000000000334,-0.012999999999999456
2020-07-01,26,6,2020,92.0,102.0,88.07,99.8,97.39,2020-06-29,2.43,2.194,2,0.0050000000000003375,0.027000000000000135,0.04400000000000004,0.0020618556701033075,0.018440905280804776,2.4135,2.40125,2.4194166666666668,0.016542873592420095,0.017177643277704085,-0.0030000000000001137,0.020000000000000018,0.02300000000000013,-0.001365498406918575,0.010594196222938779,2.18425,2.1795,2.1978333333333335,0.013073510113246343,0.01012775535736699,-0.2360000000000002,-0.008000000000000451,-0.020999999999999908
2020-07-08,27,7,2020,92.0,101.0,90.21,100.43,97.39,2020-07-06,2.437,2.204,2,0.006999999999999673,0.01200000000000001,0.040999999999999925,0.0028806584362137677,0.017111853088480844,2.42375,2.406625,2.4135833333333334,0.014682756327106571,0.020907534527167402,0.010000000000000231,0.007000000000000117,0.03200000000000003,0.004557885141294626,0.014732965009208066,2.19225,2.18275,2.19075,0.012867918765193689,0.013263806822922927,-0.23299999999999965,0.0030000000000005578,-0.008999999999999897
2020-07-15,28,7,2020,92.0,102.0,88.99,100.43,99.76,2020-07-13,2.438,2.198,2,0.001000000000000334,0.008000000000000007,0.03500000000000014,0.00041034058268385465,0.014565126924677596,2.4325,2.413125,2.410083333333333,0.006137317548758104,0.021649397880223353,-0.006000000000000227,0.0040000000000000036,0.02400000000000002,-0.0027223230490018846,0.011039558417663242,2.1982500000000003,2.185625,2.1845833333333333,0.004193248543489157,0.013824796562960434,-0.2400000000000002,-0.007000000000000561,-0.01100000000000012
2020-07-22,29,7,2020,92.0,105.0,104.89,108.06,102.14,2020-07-20,2.433,2.198,2,-0.0050000000000003375,-0.0040000000000000036,0.008000000000000007,-0.002050861361772127,0.003298969072164981,2.4345,2.4185,2.40975,0.0036968455058658325,0.020389072703758594,0.0,-0.006000000000000227,0.0009999999999998899,0.0,0.000455166135639562,2.1985,2.1885,2.18375,0.004123105627331723,0.013690455486791172,-0.23499999999999988,0.0050000000000003375,-0.007000000000000117
2020-07-29,30,7,2020,92.0,106.0,114.67,105.52,98.57,2020-07-27,2.427,2.183,2,-0.005999999999999783,-0.01100000000000012,-0.0030000000000001137,-0.002466091245376001,-0.0012345679012346622,2.43375,2.423625,2.4120833333333334,0.004991659713387992,0.015656468312009047,-0.015000000000000124,-0.015000000000000124,-0.01100000000000012,-0.006824385805277555,-0.005013673655423934,2.1957500000000003,2.19,2.1849166666666666,0.008958236434377227,0.012059376909103098,-0.24400000000000022,-0.009000000000000341,-0.008000000000000007
2020-08-05,31,8,2020,91.0,111.0,111.31,105.52,103.33,2020-08-03,2.424,2.175,2,-0.0030000000000001137,-0.008999999999999897,-0.0129999999999999,-0.0012360939431397266,-0.005334427574887113,2.4305000000000003,2.427125,2.4145833333333333,0.006244998000614796,0.011051018052876074,-0.008000000000000007,-0.02300000000000013,-0.02900000000000036,-0.003664681630783373,-0.013157894736842257,2.1885,2.190375,2.1846666666666663,0.01144552314288782,0.01145098249091487,-0.2490000000000001,-0.004999999999999893,-0.01600000000000046
2020-08-12,32,8,2020,92.0,106.0,105.19,108.06,108.08,2020-08-10,2.428,2.183,2,0.0040000000000000036,0.0009999999999998899,-0.010000000000000231,0.0016501650165017256,-0.004101722723544032,2.428,2.43025,2.418083333333333,0.0037416573904820085,0.005284748947075072,0.008000000000000007,0.0,-0.015000000000000124,0.0036781609195402076,-0.006824385805277555,2.1847499999999997,2.1915,2.1853333333333333,0.009604686356902755,0.009957050625064398,-0.2450000000000001,0.0040000000000000036,-0.004999999999999893
2020-08-19,33,8,2020,92.0,106.0,113.14,113.15,115.2,2020-08-17,2.427,2.177,2,-0.0009999999999998899,0.0030000000000001137,-0.005999999999999783,-0.0004118616144974663,-0.002466091245376001,2.4265,2.4305,2.4211666666666667,0.0017320508155906503,0.005042675027563687,-0.005999999999999783,0.002000000000000224,-0.020999999999999908,-0.002748511223087391,-0.009554140127388533,2.1795,2.189,2.1854999999999998,0.004123105627388317,0.010849621455217985,-0.25,-0.004999999999999893,-0.015000000000000124
2020-08-26,34,8,2020,92.0,112.0,111.0,113.15,115.2,2020-08-24,2.426,2.174,2,-0.0009999999999998899,-0.0019999999999997797,-0.0009999999999998899,-0.00041203131437983487,-0.00041203131437983487,2.42625,2.43,2.4245,0.0017078251357973793,0.005291502622604933,-0.0030000000000001137,-0.008999999999999897,-0.008999999999999897,-0.0013780431786862835,-0.004122766834631197,2.17725,2.1865,2.18575,0.004031128875967015,0.01179588305936023,-0.2520000000000002,-0.002000000000000224,-0.008000000000000007
2020-09-02,35,8,2020,92.0,117.0,111.61,114.42,117.58,2020-08-31,2.441,2.188,2,0.01499999999999968,0.01399999999999979,0.016999999999999904,0.006183017312448413,0.0070132013201320564,2.4305,2.4305,2.42825,0.007047458172586065,0.006164414003377958,0.014000000000000234,0.01100000000000012,0.013000000000000345,0.0064397424103037615,0.005977011494253004,2.1805,2.1845,2.1870833333333333,0.006244997999565533,0.00954687682701014,-0.25299999999999967,-0.0009999999999994458,-0.0039999999999995595
2020-09-09,36,9,2020,92.0,109.0,109.47,114.42,117.58,2020-09-07,2.435,2.184,2,-0.005999999999999783,0.008999999999999897,0.007000000000000117,-0.002458009012699658,0.002883031301482708,2.43225,2.4301250000000003,2.4309166666666666,0.007088723441328379,0.005718079098479204,-0.0040000000000000036,0.010000000000000231,0.001000000000000334,-0.001828153564899404,0.0004580852038480465,2.18075,2.18275,2.1879166666666667,0.00639661368860423,0.00785129652669585,-0.2509999999999999,0.0019999999999997797,-0.005999999999999783
2020-09-16,37,9,2020,91.0,115.0,118.65,111.87,114.01,2020-09-14,2.422,2.172,2,-0.0129999999999999,-0.018999999999999684,-0.004999999999999893,-0.005338809034907577,-0.0020601565718993964,2.431,2.42875,2.4306666666666668,0.008602325268650825,0.006227817779184725,-0.01200000000000001,-0.016000000000000014,-0.004999999999999893,-0.005494505494505475,-0.0022967386311437687,2.1795,2.1795,2.1858333333333335,0.007724420151782763,0.005732115042843699,-0.25,0.0009999999999998899,0.0
2020-09-23,38,9,2020,91.0,122.0,138.22,110.6,112.83,2020-09-21,2.404,2.157,2,-0.018000000000000238,-0.03100000000000014,-0.02200000000000024,-0.007431874483897705,-0.00906842539159125,2.4255,2.425875,2.4285,0.016380883167922897,0.010789379699069167,-0.015000000000000124,-0.027000000000000135,-0.016999999999999904,-0.006906077348066364,-0.007819687212511472,2.17525,2.17625,2.18275,0.01393735986529381,0.00955809305585581,-0.2469999999999999,0.0030000000000001137,0.0050000000000003375
2020-09-30,39,9,2020,90.0,126.0,145.86,109.97,112.83,2020-09-28,2.394,2.154,2,-0.009999999999999787,-0.028000000000000025,-0.04699999999999971,-0.004159733777038155,-0.0192544039328143,2.41375,2.422125,2.424916666666667,0.01830072858371389,0.01565190540675658,-0.0030000000000001137,-0.018000000000000238,-0.03400000000000025,-0.0013908205841447474,-0.01553930530164549,2.16675,2.173625,2.178583333333333,0.01393735986530101,0.012408954140635793,-0.2400000000000002,0.006999999999999673,0.012999999999999456
2020-10-07,40,10,2020,90.0,116.0,156.87,109.97,112.83,2020-10-05,2.387,2.141,2,-0.007000000000000117,-0.016999999999999904,-0.04800000000000004,-0.0029239766081872176,-0.019712525667351155,2.40175,2.4170000000000003,2.420666666666667,0.015195942441818235,0.019654152596602855,-0.0129999999999999,-0.016000000000000014,-0.04300000000000015,-0.00603528319405755,-0.01968864468864473,2.156,2.168375,2.1738333333333335,0.01272792206195302,0.016185862438078655,-0.246,-0.005999999999999783,0.004999999999999893
2020-10-14,41,10,2020,90.0,114.0,193.87,109.97,112.83,2020-10-12,2.395,2.148,2,0.008000000000000007,0.0009999999999998899,-0.027000000000000135,0.0033514872224549297,-0.011147811725846446,2.395,2.4130000000000003,2.4175,0.006976149847531505,0.02056349053205513,0.007000000000000117,-0.005999999999999783,-0.02400000000000002,0.0032695002335358936,-0.011049723756906049,2.15,2.16475,2.1696666666666666,0.007071067812946288,0.01719426814813937,-0.2469999999999999,-0.0009999999999998899,0.0030000000000001137
2020-10-21,42,10,2020,90.0,113.0,192.34,109.33,112.83,2020-10-19,2.388,2.143,2,-0.007000000000000117,0.0009999999999998899,-0.016000000000000014,-0.0029227557411274363,-0.006655574043261225,2.391,2.40825,2.41425,0.004082482908146673,0.0214991694192821,-0.0050000000000003375,0.0019999999999997797,-0.014000000000000234,-0.002327746741154768,-0.0064904960593418215,2.1465,2.1608750000000003,2.1663333333333337,0.005802298396500368,0.01827126940640831,-0.2450000000000001,0.0019999999999997797,0.0019999999999997797
2020-10-28,43,10,2020,90.0,108.0,157.79,108.06,112.83,2020-10-26,2.385,2.146,2,-0.0030000000000001137,-0.010000000000000231,-0.009000000000000341,-0.0012562814070352646,-0.00375939849624074,2.38875,2.40125,2.411,0.004349329453532215,0.018171799187722062,0.0030000000000001137,-0.002000000000000224,-0.008000000000000007,0.0013999066728884735,-0.00371402042711233,2.1445,2.155625,2.1639166666666667,0.003109126353507756,0.015127434869189025,-0.23899999999999988,0.006000000000000227,0.001000000000000334
2020-11-04,44,11,2020,90.0,109.0,182.25,108.06,111.64,2020-11-02,2.372,2.131,2,-0.0129999999999999,-0.016000000000000014,-0.015000000000000124,-0.005450733752620507,-0.006284038542103132,2.385,2.393375,2.4063333333333334,0.009626352720290863,0.014793217558015695,-0.015000000000000124,-0.01200000000000001,-0.010000000000000231,-0.006989748369058746,-0.00467071461933688,2.142,2.149,2.1595833333333334,0.007615773106879378,0.012259107401968223,-0.2410000000000001,-0.002000000000000224,0.004999999999999893
2020-11-11,45,11,2020,90.0,107.0,203.35,107.42,110.45,2020-11-09,2.383,2.132,2,0.01100000000000012,-0.0019999999999997797,-0.01200000000000001,0.004637436762225944,-0.005010438413361129,2.382,2.3885,2.4026666666666667,0.006976149847553519,0.00948683298073843,0.001000000000000334,-0.01399999999999979,-0.016000000000000014,0.00046926325668716906,-0.007448789571694592,2.138,2.1439999999999997,2.1558333333333333,0.00761577310688517,0.009350324670077171,-0.2509999999999999,-0.009999999999999787,-0.0040000000000000036
2020-11-18,46,11,2020,92.0,101.0,157.48,104.88,108.08,2020-11-16,2.441,2.18,2,0.05799999999999983,0.06899999999999995,0.052999999999999936,0.024339068401174835,0.022194304857621416,2.39525,2.393125,2.4039166666666665,0.031030898580208868,0.020615095024317225,0.04800000000000004,0.04900000000000038,0.037000000000000366,0.022514071294559068,0.017265515632291395,2.1472499999999997,2.1468749999999996,2.1563333333333334,0.022881943390994662,0.015459047281913047,-0.2609999999999997,-0.009999999999999787,-0.01599999999999957
2020-11-25,47,11,2020,93.0,100.0,141.58,105.52,109.26,2020-11-23,2.462,2.21,2,0.02100000000000035,0.07900000000000018,0.0770000000000004,0.008603031544449191,0.03228511530398337,2.4145000000000003,2.401625,2.405666666666667,0.04380639222793974,0.031937159279775494,0.029999999999999805,0.07799999999999985,0.06400000000000006,0.013761467889908063,0.02982292637465056,2.16325,2.1538749999999998,2.158166666666667,0.03865553000561481,0.02729436100853834,-0.2520000000000002,0.008999999999999453,-0.013000000000000345
2020-12-02,48,11,2020,94.0,101.0,142.19,,,2020-11-30,2.502,2.254,2,0.03999999999999959,0.06099999999999994,0.1299999999999999,0.016246953696181787,0.05480607082630695,2.447,2.416,2.41125,0.04960510726421206,0.046824901799963514,0.04400000000000004,0.07399999999999984,0.12300000000000022,0.019909502262443368,0.057719380572501366,2.194,2.168,2.164,0.051303021353661715,0.04387970568994098,-0.24799999999999978,0.004000000000000448,-0.006999999999999673
2020-12-09,49,12,2020,95.0,100.0,127.52,105.52,110.45,2020-12-07,2.526,2.276,2,0.02400000000000002,0.06399999999999961,0.1429999999999998,0.00959232613908867,0.060008392782207265,2.48275,2.432375,2.419916666666667,0.038361221739665545,0.059596110851098644,0.021999999999999797,0.06599999999999984,0.14399999999999968,0.009760425909494108,0.0675422138836772,2.23,2.1839999999999997,2.1726666666666667,0.04317406629000117,0.05693856338201079,-0.25,-0.002000000000000224,0.0009999999999998899
2020-12-16,50,12,2020,97.0,106.0,131.8,105.52,110.45,2020-12-14,2.559,2.307,2,0.03300000000000036,0.057000000000000384,0.11800000000000033,0.013064133016627233,0.0483408439164279,2.51225,2.4537500000000003,2.4328333333333334,0.040844216237133635,0.07098440472590452,0.03100000000000014,0.052999999999999936,0.12699999999999978,0.01362038664323384,0.05825688073394475,2.26175,2.2045,2.185166666666667,0.040778875250297546,0.06843140465359744,-0.2520000000000002,-0.002000000000000224,0.008999999999999453
2020-12-23,51,12,2020,99.0,108.0,126.29,106.79,112.83,2020-12-21,2.619,2.379,2,0.06000000000000005,0.09300000000000042,0.15700000000000003,0.023446658851113744,0.06376929325751424,2.5515,2.483,2.4515833333333332,0.05070502933659326,0.08536309004987364,0.07200000000000006,0.1030000000000002,0.16900000000000004,0.03120936280884279,0.07647058823529407,2.304,2.233625,2.2039166666666667,0.0545221667459971,0.08703191122476762,-0.2400000000000002,0.01200000000000001,0.01200000000000001
2020-12-30,52,12,2020,99.0,110.0,127.82,,,2020-12-28,2.635,2.393,2,0.01599999999999957,0.07599999999999962,0.133,0.0061092019854904756,0.05315747402078341,2.58475,2.515875,2.47225,0.051031852798266476,0.08713280094204537,0.01399999999999979,0.08599999999999985,0.1389999999999998,0.005884825556956574,0.06166814551907707,2.33875,2.266375,2.2249166666666667,0.05629905268602774,0.0920480270604511,-0.242,-0.0019999999999997797,0.005999999999999783
2021-01-06,1,1,2021,100.0,108.0,127.82,106.79,112.83,2021-01-04,2.64,2.398,2,0.0050000000000003375,0.020999999999999908,0.11400000000000032,0.00189753320683117,0.04513064133016642,2.61325,2.548,2.4926666666666666,0.0372592270454342,0.07804760452079926,0.0050000000000003375,0.019000000000000128,0.12200000000000033,0.0020894274968659143,0.053602811950790974,2.36925,2.299625,2.2457499999999997,0.04227193710580016,0.08429020871798543,-0.242,0.0,0.008000000000000007
2021-01-13,2,1,2021,101.0,104.0,136.08,109.97,116.39,2021-01-11,2.67,2.429,2,0.029999999999999805,0.03500000000000014,0.11099999999999977,0.011363636363636243,0.04337631887456017,2.641,2.576625,2.516166666666667,0.021307275753190927,0.07513784950727762,0.030999999999999694,0.03600000000000003,0.12199999999999989,0.012927439532943952,0.05288253142609434,2.39975,2.33075,2.2695833333333333,0.021093047828040033,0.07965236970741853,-0.2410000000000001,0.0009999999999998899,0.01100000000000012
2021-01-20,3,1,2021,102.0,109.0,140.66,116.96,125.89,2021-01-18,2.696,2.461,2,0.026000000000000245,0.05600000000000005,0.07699999999999996,0.009737827715355918,0.029400534555173774,2.66025,2.6058749999999997,2.5420833333333333,0.0284062786490718,0.06947443003421243,0.03200000000000003,0.06299999999999972,0.08199999999999985,0.013174145738987342,0.034468263976460634,2.4202500000000002,2.362125,2.2958333333333334,0.03148941621151704,0.07456624571484952,-0.23500000000000032,0.005999999999999783,0.004999999999999893
2021-01-27,4,1,2021,102.0,109.0,120.79,117.59,125.89,2021-01-25,2.716,2.483,2,0.020000000000000018,0.04600000000000026,0.0810000000000004,0.007418397626112849,0.03074003795066438,2.6805000000000003,2.632625,2.57075,0.03291909273792658,0.0648072692131425,0.02200000000000024,0.05400000000000027,0.0900000000000003,0.008939455505891925,0.03760969494358557,2.4427499999999998,2.39075,2.3251666666666666,0.037169656083176274,0.07099849092968862,-0.2330000000000001,0.002000000000000224,0.008999999999999897
2021-02-03,5,1,2021,103.0,103.0,128.43,118.23,127.08,2021-02-01,2.738,2.5,2,0.021999999999999797,0.041999999999999815,0.09799999999999986,0.008100147275404979,0.03712121212121211,2.705,2.659125,2.6003333333333334,0.02895974217232617,0.0579616560446341,0.016999999999999904,0.039000000000000146,0.10199999999999987,0.006846556584776398,0.042535446205171024,2.46825,2.41875,2.3558333333333334,0.030652623596374034,0.06299829929683119,-0.238,-0.004999999999999893,0.0040000000000000036
2021-02-10,6,2,2021,106.0,100.0,127.21,118.87,127.08,2021-02-08,2.801,2.566,2,0.06300000000000017,0.08499999999999996,0.13100000000000023,0.02300949598246893,0.049063670411985116,2.73775,2.689375,2.630333333333333,0.045521972716701574,0.06129539134395243,0.06599999999999984,0.08299999999999974,0.137,0.02639999999999998,0.056401811445039085,2.5025,2.4511249999999998,2.388,0.0452437841035296,0.0639093945699157,-0.23500000000000032,0.0029999999999996696,0.005999999999999783
2021-02-17,7,2,2021,109.0,107.0,132.71,124.59,128.27,2021-02-15,2.876,2.627,2,0.07499999999999973,0.1379999999999999,0.17999999999999972,0.02677615137450906,0.06676557863501476,2.78275,2.7215,2.664833333333333,0.07184879957256757,0.08273883178848335,0.06099999999999994,0.12699999999999978,0.16599999999999993,0.02377240841777084,0.06745225518082076,2.544,2.482125,2.4227499999999997,0.06590397054304908,0.08162009118912923,-0.2490000000000001,-0.01399999999999979,-0.01399999999999979
2021-02-24,8,2,2021,112.0,105.0,132.71,137.3,153.21,2021-02-22,2.973,2.722,2,0.09699999999999998,0.1719999999999997,0.2569999999999997,0.0337273991655076,0.09462444771723111,2.847,2.76375,2.704083333333333,0.10118300252521356,0.1130167497068237,0.0950000000000002,0.15600000000000014,0.23899999999999988,0.03616292348686723,0.09625453080950463,2.60375,2.52325,2.46175,0.09436233358710587,0.10869321177388132,-0.2509999999999999,-0.0019999999999997797,-0.017999999999999794
2021-03-03,9,2,2021,116.0,101.0,116.51,146.2,153.21,2021-03-01,3.072,2.837,2,0.0990000000000002,0.19600000000000017,0.3340000000000001,0.03329969727547932,0.12198685171658141,2.9305,2.81775,2.7495833333333333,0.11771292763901783,0.14431389399503344,0.11500000000000021,0.2100000000000004,0.3370000000000002,0.042248346803820835,0.13480000000000003,2.6879999999999997,2.578125,2.5085,0.11826805711321828,0.1421070396366532,-0.23499999999999988,0.016000000000000014,0.0030000000000001137
2021-03-10,10,3,2021,119.0,108.0,113.75,146.2,153.21,2021-03-08,3.143,2.929,2,0.07099999999999973,0.16999999999999993,0.34199999999999964,0.02311197916666652,0.12209925026776136,3.016,2.8768749999999996,2.79825,0.11649606574192352,0.169780057301066,0.09199999999999964,0.20699999999999985,0.363,0.032428621783574085,0.14146531566640697,2.77875,2.640625,2.560333333333333,0.13193022145563596,0.17361117269842385,-0.21399999999999997,0.020999999999999908,0.02100000000000035
2021-03-17,11,3,2021,120.0,106.0,116.51,146.83,154.39,2021-03-15,3.191,2.988,2,0.04800000000000004,0.11899999999999977,0.31499999999999995,0.015272033089404946,0.10952712100139084,3.09475,2.93875,2.845916666666666,0.09475010993843061,0.18404483149496773,0.05900000000000016,0.1509999999999998,0.3610000000000002,0.020143393649709962,0.13741910925009515,2.8689999999999998,2.7065,2.6110833333333336,0.11603735030870094,0.19444940583241474,-0.20299999999999985,0.01100000000000012,0.04600000000000026
2021-03-24,12,3,2021,121.0,105.0,115.59,153.19,166.27,2021-03-22,3.194,2.991,2,0.0030000000000001137,0.051000000000000156,0.22100000000000009,0.0009401441554373058,0.07433568785738309,3.15,2.9985,2.8925,0.05700877125504499,0.17891817762800397,0.0030000000000001137,0.06200000000000028,0.26900000000000013,0.0010040160642570406,0.09882439382806774,2.9362500000000002,2.77,2.6609166666666666,0.07206189469242727,0.19398232614635447,-0.20299999999999985,0.0,0.04800000000000004
2021-03-31,13,3,2021,119.0,101.0,113.75,156.37,171.02,2021-03-29,3.161,2.955,2,-0.03299999999999992,-0.029999999999999805,0.08899999999999997,-0.010331872260488373,0.02897135416666674,3.17225,3.051375,2.935916666666667,0.024540782383810158,0.15130946292760675,-0.03600000000000003,-0.03299999999999992,0.11799999999999988,-0.012036108324974926,0.04159323228762779,2.96575,2.826875,2.707333333333333,0.02943212530543919,0.1685445574830308,-0.20599999999999996,-0.0030000000000001137,0.028999999999999915
2021-04-07,14,4,2021,119.0,104.0,109.78,156.37,171.02,2021-04-05,3.144,2.934,2,-0.016999999999999904,-0.04999999999999982,0.001000000000000334,-0.005378044922492831,0.00031816735602929747,3.1725,3.0942499999999997,2.9754166666666664,0.024145392935496352,0.11429754403066249,-0.020999999999999908,-0.05699999999999994,0.0050000000000003375,-0.007106598984771506,0.0017070672584500457,2.967,2.872875,2.7494166666666664,0.027386127875167664,0.13381376984454116,-0.20999999999999996,-0.0040000000000000036,0.0040000000000000036
2021-04-14,15,4,2021,118.0,109.0,103.36,155.1,168.65,2021-04-12,3.129,2.924,2,-0.015000000000000124,-0.03200000000000003,-0.06199999999999983,-0.004770992366412208,-0.01942964587903473,3.157,3.125875,3.0115,0.0279165422884575,0.07272342420832774,-0.010000000000000231,-0.03100000000000014,-0.06400000000000006,-0.0034083162917519783,-0.021419009370816644,2.951,2.91,2.7880000000000003,0.02963106477998149,0.08982204629158617,-0.20500000000000007,0.004999999999999893,-0.002000000000000224
2021-04-21,16,4,2021,118.0,102.0,105.5,147.47,161.52,2021-04-19,3.124,2.923,2,-0.004999999999999893,-0.020000000000000018,-0.06999999999999984,-0.0015979546180887594,-0.021916092673763266,3.1395,3.14475,3.0455,0.01666333300024355,0.039285584415536964,-0.0009999999999998899,-0.01100000000000012,-0.06800000000000006,-0.0003419972640218427,-0.022734871280508218,2.9339999999999997,2.935125,2.824666666666667,0.014854853303300185,0.048182502751895714,-0.20100000000000007,0.0040000000000000036,0.0019999999999997797
2021-04-28,17,4,2021,118.0,101.0,105.8,158.91,173.4,2021-04-26,3.124,2.917,2,0.0,-0.004999999999999893,-0.03699999999999992,0.0,-0.0117051565960139,3.13025,3.1512499999999997,3.077666666666667,0.00946484724355878,0.028293108701823506,-0.006000000000000227,-0.007000000000000117,-0.038000000000000256,-0.0020526855969894564,-0.012859560067681963,2.9244999999999997,2.945125,2.8594166666666667,0.007047458170349144,0.029642814113698915,-0.2070000000000003,-0.006000000000000227,-0.001000000000000334
2021-05-05,18,5,2021,119.0,99.0,103.97,160.18,173.4,2021-05-03,3.142,2.924,2,0.017999999999999794,0.017999999999999794,-0.002000000000000224,0.005761843790012655,-0.0006361323155217313,3.12975,3.1511250000000004,3.106083333333333,0.008500000000622369,0.028336939546647285,0.007000000000000117,0.0009999999999998899,-0.010000000000000231,0.0023997257456291887,-0.0034083162917519783,2.9219999999999997,2.9444999999999997,2.88925,0.0033665016455590624,0.030080843453351193,-0.21799999999999997,-0.010999999999999677,-0.008000000000000007
2021-05-12,19,5,2021,120.0,100.0,118.65,165.27,180.52,2021-05-10,3.186,2.968,2,0.04400000000000004,0.06199999999999983,0.05699999999999994,0.01400381922342464,0.0182166826462129,3.144,3.1505,3.1319166666666667,0.02925747767683044,0.02737047418580928,0.04400000000000004,0.051000000000000156,0.04400000000000004,0.015047879616963078,0.015047879616963078,2.933,2.9419999999999997,2.917666666666667,0.023537204591793252,0.026576036466967604,-0.21799999999999997,0.0,-0.0129999999999999
2021-05-19,20,5,2021,123.0,100.0,114.37,170.35,187.65,2021-05-17,3.249,3.029,2,0.06300000000000017,0.1070000000000002,0.125,0.019774011299435124,0.04001280409731112,3.17525,3.157375,3.154916666666667,0.055637966653561556,0.042553957345087746,0.06099999999999994,0.10499999999999998,0.10599999999999987,0.020552560646900142,0.03626411221347925,2.9595000000000002,2.9467499999999998,2.9432500000000004,0.051539628765917445,0.03766677201849922,-0.2200000000000002,-0.002000000000000224,-0.019000000000000128
2021-05-26,21,5,2021,123.0,97.0,115.59,167.81,182.9,2021-05-24,3.253,3.029,2,0.0040000000000000036,0.06700000000000017,0.129,0.001231148045552466,0.04129321382842499,3.2075,3.168875,3.17,0.05336977921391516,0.05444377834071928,0.0,0.06099999999999994,0.1120000000000001,0.0,0.03839561193006524,2.9875,2.956,2.9592500000000004,0.0511761663276425,0.047725405034658185,-0.2240000000000002,-0.0040000000000000036,-0.016999999999999904
2021-06-02,22,5,2021,123.0,96.0,101.83,167.81,182.9,2021-05-31,3.255,3.027,2,0.0019999999999997797,0.005999999999999783,0.11299999999999999,0.0006148170919151319,0.035964353914704095,3.23575,3.18275,3.1793333333333336,0.03326033673924555,0.06095372952388266,-0.0019999999999997797,-0.0019999999999997797,0.1030000000000002,-0.000660283922086391,0.035225718194254574,3.01325,2.967625,2.9674166666666664,0.030181396035646468,0.05267131911344887,-0.22799999999999976,-0.0039999999999995595,-0.009999999999999787
2021-06-09,23,6,2021,124.0,96.0,94.18,167.81,181.71,2021-06-07,3.274,3.034,2,0.019000000000000128,0.020999999999999908,0.08800000000000008,0.005837173579109178,0.02762084118016328,3.25775,3.200875,3.18625,0.011116804097437429,0.06416148711326052,0.006999999999999673,0.004999999999999893,0.06599999999999984,0.002312520647505645,0.022237196765498624,3.02975,2.981375,2.97125,0.0029860788100973348,0.05399718908035257,-0.2400000000000002,-0.012000000000000455,-0.02200000000000024
2021-06-16,24,6,2021,124.0,96.0,92.96,172.9,185.27,2021-06-14,3.286,3.04,2,0.01200000000000001,0.03100000000000014,0.03699999999999992,0.0036652412950519686,0.01138811942136031,3.267,3.221125,3.1939166666666665,0.015811388301070973,0.0619595201956164,0.006000000000000227,0.0129999999999999,0.01100000000000012,0.0019775873434411118,0.0036315615714757055,3.0325,2.9959999999999996,2.9753333333333334,0.005802298394605359,0.051724545154467186,-0.246,-0.005999999999999783,-0.0259999999999998
2021-06-23,25,6,2021,124.0,96.0,90.21,186.88,201.9,2021-06-21,3.287,3.042,2,0.0009999999999998899,0.0129999999999999,0.03399999999999981,0.000304321363359783,0.010451890562557686,3.2755,3.2415000000000003,3.2044166666666665,0.014888474289654523,0.051350337319935595,0.0019999999999997797,0.008000000000000007,0.0129999999999999,0.0006578947368420796,0.0042918454935620964,3.0357499999999997,3.011625,2.982583333333333,0.006751543033012493,0.04251029287135022,-0.2450000000000001,0.0009999999999998899,-0.020999999999999908
2021-06-30,26,6,2021,125.0,96.0,85.93,190.69,204.28,2021-06-28,3.3,3.044,2,0.0129999999999999,0.01399999999999979,0.04499999999999993,0.003954974140553569,0.01382488479262678,3.28675,3.2612499999999995,3.217416666666667,0.010626225419848345,0.035575874650625984,0.002000000000000224,0.0040000000000000036,0.016999999999999904,0.0006574621959238858,0.005616121572513899,3.04,3.026625,2.99175,0.004320493798148809,0.024552785701876755,-0.2559999999999998,-0.010999999999999677,-0.028000000000000025
2021-07-07,27,7,2021,126.0,97.0,84.09,208.49,218.53,2021-07-05,3.331,3.076,2,0.03100000000000014,0.04400000000000004,0.05699999999999994,0.00939393939393951,0.017409896151496573,3.3009999999999997,3.279375,3.23425,0.020992061991931366,0.02786158389534267,0.03200000000000003,0.03400000000000025,0.04200000000000026,0.010512483574244502,0.013843111404087116,3.0505000000000004,3.040125,3.0044166666666663,0.017078251276391503,0.015869445035107736,-0.2549999999999999,0.0009999999999998899,-0.01499999999999968
2021-07-14,28,7,2021,126.0,97.0,84.09,216.12,219.71,2021-07-12,3.338,3.083,2,0.007000000000000117,0.038000000000000256,0.052000000000000046,0.002101471029720914,0.01582471089470472,3.314,3.2904999999999998,3.252083333333333,0.024426761280873465,0.03152776554109837,0.007000000000000117,0.039000000000000146,0.04300000000000015,0.002275682704811377,0.014144736842105265,3.0612500000000002,3.046875,3.01775,0.021281838892804536,0.021087826549444633,-0.2549999999999999,0.0,-0.008999999999999897
2021-07-21,29,7,2021,126.0,98.0,84.4,213.58,213.78,2021-07-19,3.344,3.083,2,0.005999999999999783,0.0129999999999999,0.05699999999999994,0.0017974835230676334,0.01734104046242768,3.32825,3.301875,3.2704166666666663,0.019568256607895223,0.03246729123309461,0.0,0.007000000000000117,0.04100000000000037,0.0,0.01347797501643666,3.0715000000000003,3.0536250000000003,3.0315833333333333,0.018627936009991686,0.023095686053758196,-0.2609999999999997,-0.005999999999999783,-0.01599999999999957
2021-07-28,30,7,2021,126.0,99.0,85.62,205.95,209.03,2021-07-26,3.342,3.079,2,-0.0019999999999997797,0.0040000000000000036,0.04200000000000026,-0.0005980861244018199,0.012727272727272698,3.33875,3.31275,3.2870833333333334,0.005737304826499798,0.028897602471245308,-0.0040000000000000036,-0.0040000000000000036,0.03500000000000014,-0.0012974375608173494,0.011498028909329827,3.08025,3.060125,3.0444999999999998,0.003403429641618071,0.021813740754908252,-0.2629999999999999,-0.002000000000000224,-0.007000000000000117
2021-08-04,31,8,2021,127.0,101.0,103.05,205.95,204.28,2021-08-02,3.367,3.097,2,0.02499999999999991,0.02300000000000013,0.03600000000000003,0.0074805505685218154,0.010807565295706922,3.34775,3.324375,3.302166666666667,0.013073510112894603,0.02977504947843725,0.017999999999999794,0.01399999999999979,0.020999999999999908,0.005846053913608262,0.006827048114434353,3.0855000000000006,3.068,3.0552499999999996,0.007895146187709305,0.022398979568773972,-0.27,-0.007000000000000117,-0.015000000000000124
2021-08-11,32,8,2021,127.0,100.0,106.42,200.86,204.28,2021-08-09,3.364,3.083,2,-0.0030000000000001137,0.021999999999999797,0.0259999999999998,-0.0008910008910009148,0.007789095266626633,3.35425,3.334125,3.31175,0.01307351011288842,0.028139639047599762,-0.01399999999999979,0.0040000000000000036,0.0,-0.00452050371327084,0.0,3.0854999999999997,3.073375,3.0597499999999997,0.007895146187709305,0.01971900823374135,-0.2809999999999997,-0.010999999999999677,-0.0259999999999998
2021-08-18,33,8,2021,127.0,100.0,113.14,200.86,204.28,2021-08-16,3.356,3.073,2,-0.008000000000000007,-0.01100000000000012,0.01200000000000001,-0.0023781212841854638,0.0035885167464115852,3.35725,3.3427499999999997,3.3203333333333336,0.011176612486425395,0.021399265675335177,-0.010000000000000231,-0.02400000000000002,-0.010000000000000231,-0.00324359390204354,-0.00324359390204354,3.083,3.0772500000000003,3.0634166666666665,0.010198039026795048,0.015201033799696125,-0.2829999999999999,-0.002000000000000224,-0.02200000000000024
2021-08-25,34,8,2021,125.0,102.0,115.59,207.22,209.03,2021-08-23,3.324,3.038,2,-0.03200000000000003,-0.040000000000000036,-0.018000000000000238,-0.009535160905840279,-0.0053859964093357915,3.35275,3.3457500000000002,3.326083333333333,0.019720970226432447,0.015387843068499007,-0.03500000000000014,-0.04500000000000037,-0.04100000000000037,-0.011389521640091216,-0.013316011692107943,3.07275,3.0765000000000002,3.0643333333333334,0.02517108129035472,0.017104719482631262,-0.28600000000000003,-0.0030000000000001137,-0.02300000000000013
2021-09-01,35,8,2021,126.0,102.0,131.49,208.49,211.4,2021-08-30,3.339,3.06,2,0.015000000000000124,-0.016999999999999904,-0.028000000000000025,0.004512635379061436,-0.008316008316008316,3.34575,3.3467499999999997,3.3315,0.017858238061802374,0.014528297511631486,0.02200000000000024,-0.0129999999999999,-0.03699999999999992,0.0072416063199474134,-0.011947045527930245,3.0635,3.0745,3.0664999999999996,0.019433647796006395,0.01807919087971626,-0.2789999999999999,0.007000000000000117,-0.008999999999999897
2021-09-08,36,9,2021,127.0,104.0,172.16,209.13,212.59,2021-09-06,3.373,3.104,2,0.03400000000000025,0.04900000000000038,0.009000000000000341,0.010182689427972624,0.0026753864447088826,3.348,3.351125,3.3387499999999997,0.02118175315388122,0.016634194557793504,0.04400000000000004,0.06600000000000028,0.020999999999999908,0.01437908496732021,0.006811547194291334,3.0687499999999996,3.077125,3.0718333333333336,0.027584717991291616,0.020808222962694897,-0.26900000000000013,0.009999999999999787,0.011999999999999567
2021-09-15,37,9,2021,127.0,108.0,183.17,204.04,210.21,2021-09-13,3.372,3.099,2,-0.001000000000000334,0.03299999999999992,0.016000000000000014,-0.00029647198339766145,0.004767580452920139,3.352,3.354625,3.3458333333333337,0.02445403852138112,0.017824040748005632,-0.004999999999999893,0.039000000000000146,0.026000000000000245,-0.0016108247422680355,0.008460787504067868,3.07525,3.079125,3.0765833333333337,0.03167938341138584,0.022177449937320872,-0.2729999999999997,-0.0039999999999995595,0.010000000000000231
2021-09-22,38,9,2021,128.0,120.0,216.81,207.22,213.78,2021-09-20,3.385,3.119,2,0.0129999999999999,0.011999999999999567,0.06099999999999994,0.0038552787663108656,0.01835138387484947,3.36725,3.3600000000000003,3.3529166666666668,0.019737865470666943,0.01984223489754823,0.020000000000000018,0.015000000000000124,0.0810000000000004,0.0064536947402387135,0.02666227781435171,3.0955000000000004,3.084125,3.0828333333333333,0.0251462389498919,0.026275667723082166,-0.26599999999999957,0.007000000000000117,0.020000000000000462
2021-09-29,39,9,2021,129.0,117.0,238.21,209.76,216.15,2021-09-27,3.406,3.142,2,0.02100000000000035,0.03400000000000025,0.06700000000000017,0.0062038404726736385,0.02006588799041631,3.384,3.364875,3.359166666666667,0.015811388300981166,0.025726237302208372,0.022999999999999687,0.042999999999999705,0.08199999999999985,0.0073741583840973846,0.026797385620914937,3.116,3.08975,3.0883333333333334,0.019304576313865552,0.03330272404142869,-0.26400000000000023,0.0019999999999993356,0.01499999999999968
2021-10-06,40,10,2021,131.0,110.0,211.61,214.21,220.9,2021-10-04,3.477,3.203,2,0.07099999999999973,0.09200000000000008,0.10399999999999965,0.02084556664709325,0.03083308627334702,3.41,3.379,3.3707499999999997,0.04681167945435303,0.04721985054751541,0.06099999999999994,0.08399999999999963,0.09899999999999975,0.019414385741565843,0.031894329896907214,3.14075,3.10475,3.098333333333333,0.04506569279016152,0.051745945320875446,-0.274,-0.009999999999999787,-0.004999999999999893
2021-10-13,41,10,2021,135.0,106.0,151.37,214.21,220.9,2021-10-11,3.586,3.335,2,0.10899999999999999,0.17999999999999972,0.21399999999999997,0.0313488639631867,0.06346381969157777,3.4635,3.40775,3.390916666666667,0.09065870063045495,0.08562000767520071,0.13200000000000012,0.19300000000000006,0.23599999999999977,0.04121136434592576,0.07615359793481757,3.19975,3.1374999999999997,3.1193333333333335,0.09688266098734617,0.0942413315453303,-0.2509999999999999,0.02300000000000013,0.021999999999999797
2021-10-20,42,10,2021,139.0,107.0,192.65,215.48,223.28,2021-10-18,3.671,3.422,2,0.08499999999999996,0.19399999999999995,0.28600000000000003,0.023703290574456304,0.0844903988183161,3.535,3.4511249999999998,3.4183333333333334,0.11704984693141357,0.11865368274346826,0.08700000000000019,0.2190000000000003,0.30299999999999994,0.026086956521739202,0.09714652132093615,3.2755,3.1854999999999998,3.147916666666667,0.12659778829026644,0.12805021336517022,-0.24899999999999967,0.002000000000000224,0.016999999999999904
2021-10-27,43,10,2021,140.0,109.0,179.81,231.38,237.53,2021-10-25,3.713,3.483,2,0.04200000000000026,0.12700000000000022,0.30699999999999994,0.011441024244075226,0.09013505578391068,3.61175,3.497875,3.4471666666666665,0.10421572178258685,0.1399351252750039,0.06099999999999994,0.14800000000000013,0.3410000000000002,0.017825832846288803,0.10852959898154046,3.36075,3.238375,3.1800833333333336,0.12144237316515542,0.15360797737843698,-0.22999999999999998,0.018999999999999684,0.03400000000000025
2021-11-03,44,10,2021,141.0,110.0,144.64,227.56,232.78,2021-11-01,3.727,3.486,2,0.01399999999999979,0.05600000000000005,0.25,0.0037705359547535178,0.07190106413574915,3.67425,3.542125,3.4774166666666666,0.06346324395530652,0.1503865851730708,0.0030000000000001137,0.06400000000000006,0.28300000000000036,0.0008613264427217437,0.0883546674992195,3.4315,3.286125,3.2136666666666667,0.07076957915175323,0.16483276156675652,-0.24099999999999966,-0.010999999999999677,0.03300000000000036
2021-11-10,45,11,2021,141.0,112.0,155.34,214.85,214.96,2021-11-08,3.73,3.482,2,0.0030000000000001137,0.016999999999999904,0.14400000000000013,0.0008049369466058831,0.04015616285554935,3.7102500000000003,3.586875,3.5085833333333327,0.027195281453404708,0.14572325777706407,-0.0040000000000000036,-0.0009999999999998899,0.14700000000000024,-0.0011474469305794432,0.04407796101949035,3.4682500000000003,3.334,3.2477500000000004,0.030880144645309682,0.15820601397276915,-0.24799999999999978,-0.007000000000000117,0.0030000000000001137
2021-11-17,46,11,2021,141.0,113.0,139.75,198.32,199.52,2021-11-15,3.734,3.474,2,0.0040000000000000036,0.007000000000000117,0.06300000000000017,0.0010723860589811895,0.01716153636611284,3.726,3.6305,3.54275,0.009128709291544065,0.12779112421678487,-0.008000000000000007,-0.01200000000000001,0.052000000000000046,-0.0022975301550832716,0.015195791934541125,3.48125,3.378375,3.2840833333333332,0.0051234753811800265,0.13775022686010144,-0.2599999999999998,-0.01200000000000001,-0.01100000000000012
2021-11-24,47,11,2021,141.0,113.0,143.11,177.98,178.15,2021-11-22,3.724,3.457,2,-0.009999999999999787,-0.005999999999999783,0.01100000000000012,-0.0026780931976432276,0.002962563964449272,3.72875,3.67025,3.5748333333333338,0.004272001872205217,0.09259396771475807,-0.017000000000000348,-0.025000000000000355,-0.026000000000000245,-0.004893494530800346,-0.0074648291702555936,3.4747500000000002,3.4177500000000003,3.317166666666667,0.01284198842268604,0.10052114205484136,-0.26700000000000035,-0.007000000000000561,-0.037000000000000366
2021-12-01,48,11,2021,140.0,113.0,146.78,,,2021-11-29,3.72,3.454,2,-0.0040000000000000036,-0.01399999999999979,-0.006999999999999673,-0.0010741138560687036,-0.0018781862087469126,3.727,3.700625,3.6037500000000002,0.006218252701750943,0.050375553878747314,-0.0029999999999996696,-0.020000000000000018,-0.03200000000000003,-0.0008678044547294483,-0.009179575444635657,3.46675,3.4491250000000004,3.3463333333333334,0.013450526630902317,0.05078367988701556,-0.266,0.001000000000000334,-0.025000000000000355
2021-12-08,49,12,2021,139.0,113.0,174.91,180.52,178.15,2021-12-06,3.674,3.402,2,-0.04600000000000026,-0.050000000000000266,-0.05600000000000005,-0.01236559139784954,-0.01501340482573732,3.713,3.711625,3.628916666666667,0.02665833203077762,0.02497391496323095,-0.052000000000000046,-0.054999999999999716,-0.08000000000000007,-0.015055008685581961,-0.022975301550832827,3.44675,3.4575000000000005,3.3715833333333336,0.03110600156426088,0.030910007625983005,-0.2719999999999998,-0.005999999999999783,-0.02400000000000002
2021-12-15,50,12,2021,138.0,126.0,200.29,184.34,185.27,2021-12-13,3.649,3.372,2,-0.02499999999999991,-0.07100000000000017,-0.08499999999999996,-0.006804572672836073,-0.022763792179967823,3.69175,3.708875,3.650916666666667,0.03642686737373541,0.030652138121961426,-0.03000000000000025,-0.0820000000000003,-0.10200000000000031,-0.00881834215167554,-0.029360967184801523,3.42125,3.45125,3.392666666666667,0.04141960083482784,0.042131596558653714,-0.27700000000000014,-0.0050000000000003375,-0.017000000000000348
2021-12-22,51,12,2021,137.0,124.0,225.67,177.98,176.96,2021-12-20,3.626,3.339,2,-0.02300000000000013,-0.04800000000000004,-0.09800000000000031,-0.006303096738832559,-0.026315789473684292,3.6672499999999997,3.698,3.66925,0.04026060936777162,0.04222727622238929,-0.03299999999999992,-0.06300000000000017,-0.11799999999999988,-0.009786476868327343,-0.0341336418860283,3.39175,3.43325,3.4090833333333332,0.048828782495408556,0.05532436817800421,-0.2869999999999999,-0.009999999999999787,-0.019999999999999574
2021-12-29,52,12,2021,136.0,134.0,218.64,,,2021-12-27,3.615,3.33,2,-0.010999999999999677,-0.03399999999999981,-0.10499999999999998,-0.0030336458907886943,-0.028225806451612878,3.641,3.684,3.68075,0.02616613587568701,0.049225428968794165,-0.008999999999999897,-0.041999999999999815,-0.12400000000000011,-0.0026954177897573484,-0.03590040532715699,3.36075,3.41375,3.4196666666666666,0.03289756829895957,0.06125065597324174,-0.28500000000000014,0.0019999999999997797,-0.019000000000000128
2022-01-05,1,1,2022,136.0,140.0,172.47,175.44,176.96,2022-01-03,3.613,3.328,2,-0.002000000000000224,-0.0129999999999999,-0.06099999999999994,-0.0005532503457815752,-0.01660315732172013,3.62575,3.669375,3.683,0.01652018966795717,0.05095638891687035,-0.002000000000000224,-0.01100000000000012,-0.07400000000000029,-0.0006006006006006315,-0.02175191064079962,3.34225,3.3945,3.4190833333333335,0.02040220576274005,0.060935563156110456,-0.28500000000000014,0.0,-0.013000000000000345
2022-01-12,2,1,2022,138.0,153.0,214.05,179.25,184.09,2022-01-10,3.657,3.384,2,0.04400000000000004,0.041999999999999815,0.008000000000000007,0.012178245225574313,0.0021923814743765035,3.62775,3.6597500000000003,3.681833333333333,0.020320351046801195,0.04377132133540457,0.05600000000000005,0.053999999999999826,0.01200000000000001,0.016826923076923128,0.003558718861210064,3.34525,3.38325,3.4159166666666665,0.02627260931055579,0.051781822513953246,-0.27300000000000013,0.01200000000000001,0.0040000000000000036
2022-01-19,3,1,2022,141.0,136.0,259.92,174.17,178.15,2022-01-17,3.725,3.463,2,0.06800000000000006,0.1120000000000001,0.0990000000000002,0.01859447634673228,0.027302813017098693,3.6525000000000003,3.659875,3.682833333333333,0.05241819022691134,0.04398193622732387,0.07900000000000018,0.13500000000000023,0.12400000000000011,0.023345153664302565,0.03713686732554655,3.3762499999999998,3.384,3.4142500000000005,0.0633844092290653,0.05303098824550731,-0.262,0.01100000000000012,0.02499999999999991
2022-01-26,4,1,2022,143.0,132.0,262.98,164.0,166.27,2022-01-24,3.78,3.531,2,0.054999999999999716,0.12299999999999978,0.1649999999999996,0.014765100671140896,0.04564315352697079,3.69375,3.667375,3.68725,0.07368118258187571,0.05843907083466274,0.06800000000000006,0.14700000000000024,0.20100000000000007,0.019636153624025487,0.06036036036036041,3.4265,3.393625,3.4180000000000006,0.08899625460274321,0.07136813514654262,-0.24899999999999967,0.013000000000000345,0.036000000000000476
2022-02-02,5,1,2022,145.0,130.0,266.35,158.91,163.9,2022-01-31,3.846,3.608,2,0.06600000000000028,0.121,0.2330000000000001,0.01746031746031762,0.06448934403542772,3.752,3.688875,3.6969166666666666,0.08036168241143116,0.0862478778207926,0.07699999999999996,0.14500000000000002,0.28000000000000025,0.02180685358255441,0.08413461538461542,3.4965,3.4193749999999996,3.4284999999999997,0.09557021851313177,0.10435918400276924,-0.238,0.010999999999999677,0.04700000000000015
2022-02-09,6,2,2022,149.0,122.0,220.48,155.1,161.52,2022-02-07,3.951,3.73,2,0.10499999999999998,0.17100000000000026,0.29400000000000004,0.027301092043681807,0.08039376538146015,3.8255,3.7266250000000003,3.715,0.09719567891626683,0.1240909084963434,0.12199999999999989,0.19899999999999984,0.3460000000000001,0.03381374722838126,0.10224586288416071,3.583,3.4641249999999997,3.4498333333333338,0.11451055264317547,0.14854478641621285,-0.22100000000000009,0.016999999999999904,0.052000000000000046
2022-02-16,7,2,2022,152.0,108.0,211.91,165.27,171.02,2022-02-14,4.019,3.785,2,0.06800000000000006,0.17300000000000004,0.29400000000000004,0.017210832700582213,0.0789261744966443,3.899,3.7757500000000004,3.7395833333333335,0.10657391800995374,0.15298996232252735,0.05500000000000016,0.17700000000000005,0.32200000000000006,0.014745308310992078,0.09298296274906148,3.6635,3.519875,3.4771666666666667,0.11521139989880935,0.17602713873558967,-0.23399999999999999,-0.0129999999999999,0.028000000000000025
2022-02-23,8,2,2022,153.0,108.0,170.02,167.81,172.21,2022-02-21,4.055,3.83,2,0.03599999999999959,0.10399999999999965,0.2749999999999999,0.008957452102512864,0.07275132275132279,3.96775,3.83075,3.7675,0.09191073568046329,0.16552147033807252,0.04499999999999993,0.10000000000000009,0.29899999999999993,0.011889035667107084,0.08467856131407525,3.73825,3.5823750000000003,3.5084999999999997,0.09598046676264278,0.18737810323364576,-0.22499999999999964,0.009000000000000341,0.02400000000000002
2022-03-02,9,2,2022,155.0,110.0,188.67,174.17,181.71,2022-02-28,4.104,3.872,2,0.04900000000000038,0.08499999999999996,0.258,0.012083847102342782,0.06708268330733236,4.03225,3.892125,3.8033333333333332,0.06440173393102432,0.164271932651819,0.041999999999999815,0.08699999999999974,0.2639999999999998,0.010966057441253119,0.07317073170731692,3.8042499999999997,3.6503750000000004,3.5476666666666663,0.060928236475160547,0.18045888926372183,-0.2320000000000002,-0.007000000000000561,0.005999999999999783
2022-03-09,10,3,2022,183.0,118.0,273.07,180.52,186.46,2022-03-07,4.849,4.703,2,0.7450000000000001,0.7940000000000005,0.8980000000000001,0.18153021442495132,0.22728423184004054,4.25675,4.041125,3.903333333333333,0.3963671488237268,0.35286882933224367,0.8310000000000004,0.8730000000000002,0.9730000000000003,0.21461776859504145,0.26085790884718496,4.047499999999999,3.8152500000000003,3.658583333333333,0.4384415582491778,0.38684649964259155,-0.1459999999999999,0.0860000000000003,0.07500000000000018
2022-03-16,11,3,2022,198.0,134.0,302.73,200.86,210.21,2022-03-14,5.25,5.11,2,0.4009999999999998,1.146,1.2309999999999999,0.08269746339451434,0.30629509828315493,4.5645,4.23175,4.038666666666667,0.5838096150858113,0.5267630939453537,0.40700000000000003,1.2380000000000004,1.3250000000000002,0.08654050605996177,0.35006605019815074,4.37875,4.0211250000000005,3.8061666666666665,0.6318720202698956,0.5683023434505975,-0.13999999999999968,0.006000000000000227,0.0940000000000003
2022-03-23,12,3,2022,194.0,148.0,258.7,189.42,203.09,2022-03-21,5.134,4.964,2,-0.11599999999999966,0.28500000000000014,1.0790000000000006,-0.022095238095238057,0.2660912453760791,4.83425,4.401,4.1652499999999995,0.5151636471387548,0.5760912626113758,-0.1459999999999999,0.2610000000000001,1.1340000000000003,-0.02857142857142858,0.2960835509138382,4.66225,4.2002500000000005,3.9423333333333335,0.5530788822581753,0.6156155456126926,-0.16999999999999993,-0.03000000000000025,0.054999999999999716
2022-03-30,13,3,2022,196.0,154.0,248.92,199.59,209.03,2022-03-28,5.185,4.972,2,0.05099999999999927,-0.06500000000000039,1.0809999999999995,0.009933774834437026,0.26340155945419097,5.1045,4.568375,4.29625,0.17682477202011007,0.5862329954890187,0.008000000000000007,-0.1379999999999999,1.1000000000000005,0.0016116035455278066,0.28409090909090917,4.937250000000001,4.37075,4.0793333333333335,0.16993994037094143,0.617038259985334,-0.2129999999999992,-0.04299999999999926,0.019000000000001016
2022-04-06,14,4,2022,194.0,130.0,273.38,199.59,209.03,2022-04-04,5.144,4.929,2,-0.04099999999999948,0.009999999999999787,0.29499999999999993,-0.00790742526518795,0.06083728603835836,5.17825,4.7175,4.420166666666667,0.05267747779297058,0.5577979664973699,-0.04300000000000015,-0.03500000000000014,0.22599999999999998,-0.008648431214802965,0.04805443334042092,4.99375,4.520625000000001,4.208083333333334,0.07971773119332405,0.5838952786489944,-0.21499999999999986,-0.002000000000000668,-0.06899999999999995
2022-04-13,15,4,2022,191.0,147.0,246.16,197.05,207.84,2022-04-11,5.073,4.84,2,-0.07099999999999973,-0.11199999999999921,-0.1769999999999996,-0.013802488335925345,-0.033714285714285586,5.134,4.8492500000000005,4.5325,0.046267339091738954,0.48954548891223226,-0.08900000000000041,-0.13200000000000056,-0.27000000000000046,-0.018056400892676128,-0.052837573385518644,4.9262500000000005,4.6525,4.322833333333333,0.06045590679671202,0.5082552789410502,-0.23300000000000054,-0.018000000000000682,-0.09300000000000086
2022-04-20,16,4,2022,192.0,152.0,186.84,199.59,210.21,2022-04-18,5.101,4.855,2,0.02799999999999958,-0.04300000000000015,-0.03300000000000036,0.005519416518825038,-0.00642773665757701,5.12575,4.98,4.6425833333333335,0.04912144813246197,0.3728967685567037,0.015000000000000568,-0.07399999999999984,-0.10899999999999999,0.0030991735537191367,-0.021958098307816254,4.899,4.780625000000001,4.433166666666667,0.06230569797335336,0.38571563822516397,-0.24599999999999955,-0.012999999999999012,-0.07599999999999962
2022-04-27,17,4,2022,195.0,144.0,173.38,200.86,212.59,2022-04-25,5.16,4.916,2,0.05900000000000016,0.08699999999999974,-0.024999999999999467,0.011566359537345638,-0.004821600771455992,5.1195,5.112,4.752083333333333,0.039770173077701323,0.11892134255178319,0.06099999999999994,0.07600000000000051,-0.05600000000000005,0.012564366632337842,-0.011263073209975882,4.885,4.911125,4.542166666666667,0.04405299838392102,0.11827381970913627,-0.24399999999999977,0.0019999999999997797,-0.031000000000000583
2022-05-04,18,5,2022,208.0,133.0,168.8,200.86,210.21,2022-05-02,5.509,5.21,2,0.3490000000000002,0.40800000000000036,0.3650000000000002,0.06763565891472867,0.07095645412130636,5.21075,5.1945,4.881916666666667,0.20211279853907005,0.13783323256759808,0.2939999999999996,0.35499999999999954,0.2809999999999997,0.059804719283970575,0.05700953540271847,4.95525,4.9745,4.6655,0.17298434418547398,0.12637811745490965,-0.2990000000000004,-0.055000000000000604,-0.08400000000000052
2022-05-11,19,5,2022,212.0,152.0,159.93,202.14,211.4,2022-05-09,5.623,5.339,2,0.11399999999999988,0.4630000000000001,0.5499999999999998,0.020693410782356203,0.10841711019120837,5.34825,5.241125,5.015583333333333,0.25683895732532097,0.2056789714233039,0.12900000000000045,0.42300000000000004,0.49900000000000055,0.024760076775431905,0.10309917355371923,5.08,5.003125,4.795000000000001,0.23202155072307792,0.17717822947534675,-0.2839999999999998,0.015000000000000568,-0.05099999999999927
2022-05-18,20,5,2022,212.0,138.0,142.81,208.49,220.9,2022-05-16,5.613,5.295,2,-0.009999999999999787,0.10400000000000009,0.5120000000000005,-0.0017784101013693654,0.10037247598510102,5.47625,5.301,5.145416666666667,0.21704281451660248,0.23732497310055123,-0.04400000000000048,0.08499999999999996,0.4399999999999995,-0.008241243678591581,0.09062821833161672,5.19,5.0445,4.917083333333333,0.19035230495042266,0.20343830233552845,-0.3180000000000005,-0.034000000000000696,-0.07200000000000095
2022-05-25,21,5,2022,210.0,125.0,133.02,209.76,223.28,2022-05-23,5.571,5.216,2,-0.0420000000000007,-0.05200000000000049,0.4109999999999996,-0.007482629609834479,0.0796511627906975,5.579000000000001,5.34925,5.267666666666667,0.05182020198036549,0.24930804238940002,-0.07899999999999974,-0.12300000000000022,0.2999999999999998,-0.01491973559962223,0.06102522375915376,5.265000000000001,5.075,5.029083333333333,0.0627216071217615,0.20922441813248396,-0.35499999999999954,-0.036999999999999034,-0.11099999999999977
2022-06-01,22,5,2022,209.0,129.0,134.85,207.22,223.28,2022-05-30,5.539,5.18,2,-0.03200000000000003,-0.07400000000000073,0.02999999999999936,-0.005744031592173737,0.0054456344164093284,5.5865,5.398625,5.325166666666667,0.038863007259934496,0.24185470106782456,-0.036000000000000476,-0.11500000000000021,-0.03000000000000025,-0.006901840490797673,-0.0057581573896353655,5.2575,5.106375000000001,5.068833333333333,0.07251896303682805,0.20292781088010356,-0.359,-0.004000000000000448,-0.05999999999999961
2022-06-08,23,6,2022,215.0,132.0,133.02,204.04,218.53,2022-06-06,5.703,5.309,2,0.1640000000000006,0.13200000000000056,0.08000000000000007,0.02960823253294831,0.014227280810954923,5.6065000000000005,5.477375,5.362916666666667,0.07111258678990627,0.22247178793862288,0.12900000000000045,0.09299999999999997,-0.03000000000000025,0.024903474903474887,-0.0056190297808579315,5.25,5.165,5.085416666666667,0.06208059278016792,0.18160553798987397,-0.39400000000000013,-0.03500000000000014,-0.11000000000000032
2022-06-15,24,6,2022,216.0,117.0,143.42,202.14,214.96,2022-06-13,5.718,5.37,2,0.01499999999999968,0.17900000000000027,0.10499999999999954,0.002630194634402949,0.018706574024585754,5.63275,5.5545,5.411583333333334,0.09092991806853977,0.1753005582259297,0.06099999999999994,0.1900000000000004,0.07500000000000018,0.011489922772650152,0.014164305949008638,5.26875,5.229375000000001,5.11925,0.08666169857518648,0.1432459797491937,-0.34799999999999986,0.04600000000000026,-0.02999999999999936
2022-06-22,25,6,2022,219.0,110.0,149.53,202.14,214.96,2022-06-20,5.81,5.453,2,0.09199999999999964,0.10699999999999932,0.23899999999999988,0.016089541797831286,0.04290073595404764,5.6925,5.635750000000001,5.463666666666668,0.11273715743541075,0.10138293742064053,0.08300000000000018,0.14400000000000013,0.2370000000000001,0.015456238361266417,0.04543711656441718,5.328,5.2965,5.1593333333333335,0.11496956118875419,0.0921132842910209,-0.3569999999999993,-0.008999999999999453,-0.0019999999999997797
2022-06-29,26,6,2022,218.0,109.0,129.66,200.86,213.78,2022-06-27,5.783,5.441,2,-0.026999999999999247,0.06500000000000039,0.24400000000000066,-0.00464716006884669,0.04405127279292298,5.753500000000001,5.67,5.516916666666667,0.05122824741567679,0.0986928858344082,-0.012000000000000455,0.07099999999999973,0.2610000000000001,-0.0022006235099946148,0.05038610038610036,5.39325,5.325375,5.202,0.06705408264925078,0.09719044265193288,-0.3420000000000005,0.014999999999998792,0.01699999999999946
2022-07-06,27,7,2022,214.0,112.0,123.54,194.51,209.03,2022-07-04,5.675,5.33,2,-0.10800000000000054,-0.1349999999999998,-0.02800000000000047,-0.018675427978557924,-0.004909696650885587,5.746499999999999,5.6765,5.567083333333334,0.06134329629184127,0.09685040010262155,-0.11099999999999977,-0.12300000000000022,0.020999999999999908,-0.020400661643080298,0.003955547184027131,5.3985,5.32425,5.2428333333333335,0.05854058421242816,0.09706220391374248,-0.34499999999999975,-0.0029999999999992255,0.04900000000000038
2022-07-13,28,7,2022,210.0,113.0,124.76,190.69,205.46,2022-07-11,5.568,5.217,2,-0.1070000000000002,-0.21500000000000075,-0.15000000000000036,-0.018854625550660864,-0.026232948583420845,5.7090000000000005,5.670875,5.606000000000001,0.11062549434894972,0.10222305792465033,-0.11300000000000043,-0.2240000000000002,-0.15300000000000047,-0.02120075046904324,-0.028491620111731897,5.360250000000001,5.3145,5.273000000000001,0.1103913492984562,0.10408375748141492,-0.351,-0.006000000000000227,-0.0030000000000001137
2022-07-20,29,7,2022,205.0,114.0,140.36,180.52,194.77,2022-07-18,5.432,5.083,2,-0.13599999999999923,-0.24299999999999944,-0.3779999999999992,-0.024425287356321657,-0.06506024096385532,5.6145,5.6535,5.628666666666667,0.15002333151863967,0.12973489452410442,-0.13399999999999945,-0.2469999999999999,-0.3700000000000001,-0.02568525972781277,-0.06785255822483038,5.2677499999999995,5.2978749999999994,5.2869166666666665,0.15340442192649972,0.12956679193161272,-0.3490000000000002,0.0019999999999997797,0.007999999999999119
2022-07-27,30,7,2022,199.0,114.0,151.37,175.44,192.4,2022-07-25,5.268,4.911,2,-0.1640000000000006,-0.2999999999999998,-0.5150000000000006,-0.030191458026509688,-0.08905412415701197,5.4857499999999995,5.619625,5.608583333333333,0.17595903879394156,0.18675341840446083,-0.1720000000000006,-0.30600000000000005,-0.5300000000000002,-0.03383828447767079,-0.09740856460209524,5.13525,5.26425,5.2620000000000005,0.18039655392109938,0.18679457777391525,-0.3570000000000002,-0.008000000000000007,-0.01499999999999968
2022-08-03,31,7,2022,194.0,113.0,138.83,174.17,192.4,2022-08-01,5.138,4.801,2,-0.1299999999999999,-0.2940000000000005,-0.5369999999999999,-0.024677296886864042,-0.09462555066079292,5.3515,5.549,5.5681666666666665,0.18788915171795015,0.24763048508391228,-0.10999999999999943,-0.28200000000000003,-0.5289999999999999,-0.02239869680309503,-0.09924953095684796,5.003,5.20075,5.2171666666666665,0.18390577297431193,0.24628250329366028,-0.33699999999999974,0.020000000000000462,0.008000000000000007
2022-08-10,32,8,2022,188.0,116.0,136.69,169.08,187.65,2022-08-08,4.993,4.677,2,-0.14499999999999957,-0.27499999999999947,-0.5749999999999993,-0.028221097703386433,-0.10326867816091945,5.20775,5.458375,5.516500000000001,0.18699442950694442,0.3033427752324915,-0.12400000000000055,-0.23399999999999999,-0.54,-0.025827952509893892,-0.1035077630822312,4.868,5.1141250000000005,5.165666666666667,0.17228271339076312,0.29525361374349174,-0.3160000000000007,0.02099999999999902,0.034999999999999254
2022-08-17,33,8,2022,185.0,117.0,137.0,166.54,180.52,2022-08-15,4.911,4.614,2,-0.08200000000000074,-0.2270000000000003,-0.5210000000000008,-0.016422992189064844,-0.09591310751104576,5.077500000000001,5.346,5.4615,0.15791664467886404,0.3205067416273892,-0.06299999999999972,-0.18700000000000028,-0.4690000000000003,-0.01347017318794097,-0.09226834546527651,4.75075,5.00925,5.1155,0.13209182412229156,0.30648269585273735,-0.2969999999999997,0.019000000000001016,0.05200000000000049
2022-08-24,34,8,2022,185.0,125.0,141.89,160.18,173.4,2022-08-22,4.909,4.619,2,-0.0019999999999997797,-0.08400000000000052,-0.359,-0.00040724903278355207,-0.06814730447987849,4.98775,5.23675,5.409,0.10754030252250892,0.2984693092622122,0.004999999999999893,-0.05799999999999983,-0.2919999999999998,0.0010836584308626662,-0.059458358786397825,4.67775,4.906499999999999,5.0687500000000005,0.08699952107123086,0.27747535283082225,-0.29000000000000004,0.006999999999999673,0.06700000000000017
2022-08-31,35,8,2022,193.0,118.0,156.87,156.37,168.65,2022-08-29,5.115,4.821,2,0.2060000000000004,0.20400000000000063,-0.022999999999999687,0.041963740069260735,-0.004476449980537089,4.982,5.1667499999999995,5.359999999999999,0.09691921034191091,0.241171989607959,0.20199999999999996,0.20699999999999985,0.019999999999999574,0.04373240961247027,0.0041657987919183626,4.6827499999999995,4.842874999999999,5.028083333333333,0.09649999999977553,0.21860625889619176,-0.2940000000000005,-0.004000000000000448,0.04299999999999926
2022-09-07,36,9,2022,192.0,117.0,197.85,144.93,159.14,2022-09-05,5.084,4.796,2,-0.031000000000000583,0.17499999999999982,0.0909999999999993,-0.006060606060606211,0.018225515722010588,5.00475,5.10625,5.307166666666666,0.11014044065025506,0.17877020365351196,-0.024999999999999467,0.1770000000000005,0.11900000000000066,-0.005185646131507848,0.025443660466110796,4.7124999999999995,4.79025,4.98025,0.11133882221978585,0.15793013826197205,-0.28799999999999937,0.0060000000000011156,0.028000000000001357
2022-09-14,37,9,2022,190.0,120.0,249.83,147.47,159.14,2022-09-12,5.033,4.76,2,-0.05099999999999927,-0.08199999999999985,0.12200000000000077,-0.01003147128245463,0.024842190999796454,5.03525,5.056375,5.242416666666666,0.09070235204575262,0.12134006228083791,-0.036000000000000476,-0.06099999999999994,0.1459999999999999,-0.007506255212677337,0.03164282618118763,4.749,4.749875,4.922499999999999,0.09021086409049958,0.10472063175087537,-0.2730000000000006,0.014999999999998792,0.023999999999999133
2022-09-21,38,9,2022,187.0,147.0,291.11,156.37,173.4,2022-09-19,4.964,4.69,2,-0.06899999999999995,-0.11999999999999922,0.055000000000000604,-0.013709517186568654,0.011203911183540471,5.049,5.018375,5.174166666666667,0.0659848467450264,0.08884969249904234,-0.0699999999999994,-0.10599999999999987,0.07100000000000062,-0.014705882352941013,0.015371292487551536,4.76675,4.72225,4.859916666666667,0.05696417002485583,0.08305204908465177,-0.274,-0.0009999999999994458,0.016000000000000014
2022-09-28,39,9,2022,184.0,136.0,353.8,155.1,171.02,2022-09-26,4.889,4.623,2,-0.07500000000000018,-0.14400000000000013,-0.22599999999999998,-0.015108783239323187,-0.044183773216031286,4.9925,4.98725,5.108666666666667,0.08472897969387949,0.08446258681487182,-0.06700000000000017,-0.13699999999999957,-0.1979999999999995,-0.014285714285714346,-0.041070317361543096,4.71725,4.7,4.801,0.07671321050915673,0.08278371130336727,-0.266,0.008000000000000007,0.02800000000000047
2022-10-05,40,10,2022,182.0,153.0,575.2,155.1,171.02,2022-10-03,4.836,4.557,2,-0.052999999999999936,-0.1280000000000001,-0.24799999999999933,-0.010840662712211069,-0.04878048780487787,4.9305,4.967625,5.047666666666666,0.08618004409355594,0.0997853947230303,-0.06599999999999984,-0.133,-0.23899999999999988,-0.014276443867618394,-0.04983319432860711,4.657500000000001,4.685,4.7459999999999996,0.08727924533715875,0.09716848401478019,-0.2789999999999999,-0.0129999999999999,0.008999999999999453
2022-10-12,41,10,2022,197.0,160.0,634.52,155.73,171.02,2022-10-10,5.224,4.897,2,0.3879999999999999,0.33499999999999996,0.19099999999999984,0.0802315963606286,0.03794953308166105,4.97825,5.006749999999999,5.030333333333334,0.17204335693839765,0.13091736761365355,0.33999999999999986,0.274,0.13700000000000045,0.07461048935703318,0.028781512605042137,4.69175,4.720375000000001,4.7305,0.14721271457754467,0.11709817309793359,-0.32699999999999996,-0.04800000000000004,-0.05399999999999938
2022-10-19,42,10,2022,201.0,167.0,592.63,162.09,175.77,2022-10-17,5.339,5.018,2,0.11500000000000021,0.5030000000000001,0.375,0.02201378254211339,0.0755439161966156,5.072,5.0605,5.03625,0.24737151547142813,0.16805526301964882,0.12099999999999955,0.4609999999999994,0.3279999999999994,0.024709005513579685,0.06993603411513849,4.77375,4.770250000000001,4.739416666666666,0.2195106299626979,0.1485104613920308,-0.3210000000000006,0.005999999999999339,-0.0470000000000006
2022-10-26,43,10,2022,202.0,153.0,632.07,160.82,175.77,2022-10-24,5.341,4.987,2,0.0019999999999997797,0.11699999999999999,0.45199999999999996,0.00037460198539052136,0.09245244426263044,5.1850000000000005,5.088750000000001,5.053166666666667,0.23900767072759127,0.19531055856186194,-0.030999999999999694,0.08999999999999986,0.3639999999999999,-0.0061777600637703545,0.07873675102747124,4.86475,4.791,4.754916666666667,0.2114873912710112,0.16705345594411986,-0.3540000000000001,-0.032999999999999474,-0.08800000000000008
2022-11-02,44,10,2022,201.0,159.0,588.65,157.64,168.65,2022-10-31,5.317,4.965,2,-0.02400000000000002,-0.02200000000000024,0.48099999999999987,-0.004493540535480234,0.09946236559139776,5.30525,5.117875,5.080166666666667,0.055247171872953305,0.2112252944134118,-0.02200000000000024,-0.052999999999999936,0.4079999999999995,-0.004411469821536063,0.0895325872284396,4.96675,4.812125,4.7789166666666665,0.05133143935849425,0.17809663307963652,-0.3520000000000003,0.0019999999999997797,-0.0730000000000004
2022-11-09,45,11,2022,201.0,136.0,372.15,147.47,161.52,2022-11-07,5.333,4.937,2,0.016000000000000014,-0.008000000000000007,0.10899999999999999,0.0030092157231520478,0.020865237366002987,5.3325,5.155375,5.115333333333333,0.01087811257950569,0.22043394702275979,-0.02799999999999958,-0.04999999999999982,0.040000000000000036,-0.005639476334340254,0.008168266285480952,4.97675,4.83425,4.805833333333333,0.03427705743809499,0.18165489258486023,-0.3959999999999999,-0.043999999999999595,-0.06899999999999995
2022-11-16,46,11,2022,200.0,136.0,368.79,146.2,161.52,2022-11-14,5.313,4.886,2,-0.020000000000000462,-0.004000000000000448,-0.02600000000000069,-0.0037502343896493873,-0.004869825810076889,5.3260000000000005,5.199,5.149,0.013216151732856278,0.21150278620259802,-0.051000000000000156,-0.07899999999999974,-0.13199999999999967,-0.010330160016204237,-0.026305300916699803,4.94375,4.858750000000001,4.828083333333333,0.04359950305468474,0.17240214615838545,-0.4269999999999996,-0.030999999999999694,-0.10599999999999898
2022-11-23,47,11,2022,197.0,125.0,288.67,147.47,157.96,2022-11-21,5.233,4.782,2,-0.08000000000000007,-0.10000000000000053,-0.10800000000000054,-0.015057406361754233,-0.020220932409661163,5.2989999999999995,5.242,5.158833333333333,0.0448404579216861,0.17046072023457762,-0.10400000000000009,-0.15500000000000025,-0.20500000000000007,-0.021285304952926798,-0.04110687788249445,4.8925,4.8786249999999995,4.824833333333333,0.08059983457355002,0.14890547097313692,-0.4509999999999996,-0.02400000000000002,-0.09699999999999953
2022-11-30,48,11,2022,194.0,128.0,287.14,,,2022-11-28,5.141,4.699,2,-0.09199999999999964,-0.1719999999999997,-0.17600000000000016,-0.017580737626600396,-0.03310137295467375,5.255,5.280125,5.163583333333334,0.08742234649463168,0.07283530835310148,-0.08300000000000018,-0.18700000000000028,-0.266,-0.017356754496026805,-0.05357502517623369,4.8260000000000005,4.896375000000001,4.81675,0.10643620937734886,0.10790993268205745,-0.44200000000000017,0.008999999999999453,-0.08999999999999986
2022-12-07,49,12,2022,187.0,132.0,268.49,144.93,153.21,2022-12-05,4.967,4.524,2,-0.17400000000000038,-0.266,-0.36600000000000055,-0.033845555339428235,-0.06862928933058321,5.1635,5.248,5.158083333333334,0.14865956634750901,0.132974755928784,-0.17499999999999982,-0.258,-0.41300000000000026,-0.03724196637582455,-0.08365404091553574,4.72275,4.849749999999999,4.797083333333334,0.15299972766845588,0.17020303002176157,-0.4429999999999996,-0.0009999999999994458,-0.04699999999999971
2022-12-14,50,12,2022,179.0,131.0,280.11,145.56,152.02,2022-12-12,4.754,4.344,2,-0.21300000000000008,-0.38700000000000045,-0.5590000000000002,-0.04288302798469901,-0.10521362695275738,5.02375,5.174874999999999,5.140583333333334,0.21096504449781722,0.21272143924465864,-0.17999999999999972,-0.35499999999999954,-0.5419999999999998,-0.039787798408488007,-0.11092918542775276,4.58725,4.7655,4.76825,0.1945822448219742,0.23098361104512405,-0.40999999999999925,0.03300000000000036,0.017000000000000348
2022-12-21,51,12,2022,173.0,138.0,286.22,144.93,152.02,2022-12-19,4.596,4.205,2,-0.15799999999999947,-0.37099999999999955,-0.6369999999999996,-0.03323517038283541,-0.12172749856678766,4.8645,5.0817499999999995,5.1161666666666665,0.23892885970507965,0.28154509915318204,-0.13900000000000023,-0.31899999999999995,-0.577,-0.03199815837937392,-0.12066081137599327,4.443,4.66775,4.733416666666667,0.214896874492463,0.2833804862724598,-0.391,0.01899999999999924,0.05999999999999961
2022-12-28,52,12,2022,171.0,146.0,282.86,,,2022-12-26,4.537,4.164,2,-0.05900000000000016,-0.21699999999999964,-0.6040000000000001,-0.012837249782419513,-0.11748687025870452,4.7135,4.98425,5.09125,0.1922333651233306,0.3207654906626196,-0.04100000000000037,-0.1800000000000006,-0.5350000000000001,-0.009750297265160635,-0.11385401149180685,4.3092500000000005,4.567625,4.700666666666667,0.16257382938211926,0.3041000481514749,-0.3730000000000002,0.017999999999999794,0.06899999999999995
2023-01-04,1,1,2023,173.0,147.0,270.93,142.38,149.64,2023-01-02,4.583,4.267,2,0.04600000000000026,-0.0129999999999999,-0.38399999999999945,0.010138858276394158,-0.07731024763438687,4.6175,4.890499999999999,5.037833333333333,0.09445457461998374,0.31380066466291484,0.10300000000000065,0.06200000000000028,-0.2569999999999997,0.024735830931796432,-0.05680813439434118,4.245,4.483875,4.648166666666667,0.07841343422293673,0.27907061958275037,-0.31599999999999984,0.057000000000000384,0.12699999999999978
2023-01-11,2,1,2023,172.0,137.0,198.15,137.3,144.89,2023-01-09,4.549,4.223,2,-0.03399999999999981,0.012000000000000455,-0.20499999999999918,-0.007418721361553526,-0.0431215818258307,4.56625,4.795,4.972,0.027801378862266992,0.2814376358221688,-0.04400000000000048,0.05900000000000016,-0.12100000000000044,-0.010311694398875249,-0.027854511970534124,4.21475,4.401,4.581916666666667,0.04269562819113447,0.23801800652174507,-0.3260000000000005,-0.010000000000000675,0.08399999999999874
2023-01-18,3,1,2023,171.0,132.0,192.65,132.85,134.2,2023-01-16,4.524,4.224,2,-0.025000000000000355,-0.05900000000000016,-0.07200000000000006,-0.005495713343592112,-0.015665796344647487,4.5482499999999995,4.7063749999999995,4.9039166666666665,0.02531633201401298,0.23090253819065087,0.001000000000000334,-0.04300000000000015,0.019000000000000128,0.00023679848448976415,0.00451843043995237,4.2195,4.331250000000001,4.5183333333333335,0.042304452090004434,0.18663007719630678,-0.2999999999999998,0.02600000000000069,0.09100000000000019
2023-01-25,4,1,2023,174.0,126.0,200.6,130.94,134.2,2023-01-23,4.604,4.32,2,0.08000000000000007,0.054999999999999716,0.06700000000000017,0.017683465959328126,0.014767467489530617,4.565,4.63925,4.8445,0.03550586805928468,0.15059287594617943,0.09600000000000009,0.09700000000000042,0.15600000000000058,0.022727272727272707,0.03746397694524517,4.2585,4.283875,4.464583333333334,0.045843938166725585,0.11385885686114978,-0.2839999999999998,0.016000000000000014,0.08900000000000041
2023-02-01,5,1,2023,174.0,120.0,204.88,130.94,134.2,2023-01-30,4.622,4.351,2,0.017999999999999794,0.09799999999999986,0.0389999999999997,0.003909643788010397,0.008509709797076104,4.57475,4.596125,4.7852500000000004,0.04592294270452487,0.07245380301581984,0.030999999999999694,0.12699999999999978,0.08399999999999963,0.007175925925925863,0.01968596203421602,4.2795000000000005,4.26225,4.41575,0.0658913246689887,0.06954084103202952,-0.2709999999999999,0.0129999999999999,0.04499999999999993
2023-02-08,6,2,2023,171.0,116.0,183.17,127.13,134.2,2023-02-06,4.539,4.249,2,-0.08300000000000018,-0.06500000000000039,-0.010000000000000675,-0.017957594115101783,-0.0021982853374369338,4.57225,4.56925,4.72075,0.048016490222733015,0.036464268224787426,-0.10200000000000031,-0.07100000000000062,0.0259999999999998,-0.023442886692714437,0.0061567605967320915,4.286,4.250375,4.362666666666667,0.05942502278754802,0.06119742641658527,-0.29000000000000004,-0.019000000000000128,0.036000000000000476
2023-02-15,7,2,2023,168.0,114.0,156.87,122.04,130.64,2023-02-13,4.444,4.15,2,-0.09499999999999975,-0.17799999999999994,-0.08000000000000007,-0.020929720202687796,-0.017683465959328015,4.55225,4.55025,4.655,0.08049171800032359,0.055280453792047816,-0.09899999999999931,-0.20099999999999962,-0.07399999999999984,-0.023299599905860058,-0.017518939393939337,4.2675,4.2435,4.31,0.0892132277185827,0.06954340884871149,-0.2939999999999996,-0.0039999999999995595,0.006000000000000227
2023-02-22,8,2,2023,165.0,116.0,153.51,121.41,123.52,2023-02-20,4.376,4.1,2,-0.06799999999999962,-0.16299999999999937,-0.22799999999999976,-0.015301530153015164,-0.04952215464813203,4.49525,4.530125,4.59125,0.10774468277666858,0.08309966047737179,-0.05000000000000071,-0.14900000000000002,-0.22000000000000064,-0.012048192771084487,-0.05092592592592604,4.2125,4.2355,4.260083333333333,0.11117103939411996,0.08247423840214169,-0.2760000000000007,0.017999999999998906,0.007999999999999119
2023-03-01,9,2,2023,162.0,116.0,145.56,123.32,125.89,2023-02-27,4.294,4.027,2,-0.08200000000000074,-0.15000000000000036,-0.3280000000000003,-0.018738574040219502,-0.07096495023799232,4.41325,4.494,4.535166666666666,0.10386971005373541,0.11392854903727924,-0.07299999999999951,-0.12300000000000022,-0.32399999999999984,-0.017804878048780393,-0.07446564008273959,4.1315,4.2055,4.218666666666667,0.09320407716388171,0.10882095386465405,-0.26699999999999946,0.00900000000000123,0.004000000000000448
2023-03-08,10,3,2023,162.0,114.0,148.92,133.49,137.77,2023-03-06,4.282,4.027,2,-0.011999999999999567,-0.0940000000000003,-0.2569999999999997,-0.0027945971122494973,-0.05662040096937648,4.349,4.460625,4.495833333333334,0.07586830695344413,0.13302302432295335,0.0,-0.07299999999999951,-0.22199999999999953,0.0,-0.052247587667686446,4.0760000000000005,4.181,4.1922500000000005,0.06014981296705859,0.12515590277734828,-0.2549999999999999,0.011999999999999567,0.03500000000000014
2023-03-15,11,3,2023,160.0,117.0,152.28,133.49,140.14,2023-03-13,4.247,3.998,2,-0.03500000000000014,-0.04699999999999971,-0.19700000000000006,-0.008173750583839401,-0.04432943294329439,4.2997499999999995,4.426,4.46675,0.05460387654110793,0.1492332785560784,-0.028999999999999915,-0.028999999999999915,-0.15200000000000014,-0.007201390613359782,-0.03662650602409645,4.038,4.15275,4.175,0.043535426187259134,0.13882337184869664,-0.24899999999999967,0.006000000000000227,0.04499999999999993
2023-03-22,12,3,2023,158.0,116.0,162.07,136.03,144.89,2023-03-20,4.185,3.93,2,-0.06200000000000028,-0.09700000000000042,-0.19100000000000072,-0.014598540145985495,-0.04364716636197452,4.252,4.373625,4.437416666666667,0.04891489207440854,0.15134911156479466,-0.06800000000000006,-0.09699999999999998,-0.16999999999999948,-0.017008504252126078,-0.04146341463414627,3.9955000000000003,4.104,4.1555,0.045756602437687574,0.14017132374352725,-0.25499999999999945,-0.005999999999999783,0.02100000000000124
2023-03-29,13,3,2023,156.0,116.0,174.61,132.21,137.77,2023-03-27,4.128,3.882,2,-0.056999999999999496,-0.11899999999999977,-0.16599999999999948,-0.013620071684587676,-0.0386585933861201,4.2105,4.311875,4.3995,0.06807104132193083,0.13547950556669014,-0.04800000000000004,-0.1160000000000001,-0.14500000000000002,-0.012213740458015265,-0.03600695306679913,3.9592500000000004,4.045375,4.1234166666666665,0.06561186376442468,0.11851213018089135,-0.246,0.008999999999999453,0.020999999999999464
2023-04-05,14,4,2023,155.0,114.0,171.55,132.21,137.77,2023-04-03,4.105,3.887,2,-0.022999999999999687,-0.07999999999999918,-0.1769999999999996,-0.0055717054263565435,-0.04133582438113026,4.16625,4.257625,4.3625,0.06347374785415626,0.1171993874924022,0.004999999999999893,-0.04300000000000015,-0.14000000000000012,0.0012879958784131063,-0.03476533399553017,3.9242500000000002,4.000125,4.095416666666666,0.05368038127015221,0.09677283783619037,-0.21800000000000042,0.02799999999999958,0.03699999999999948
2023-04-12,15,4,2023,155.0,115.0,162.38,141.11,142.52,2023-04-10,4.098,3.883,2,-0.007000000000000561,-0.03000000000000025,-0.14900000000000002,-0.001705237515225444,-0.035083588415351974,4.129,4.2143749999999995,4.327,0.03947150871181894,0.10136910983427735,-0.0040000000000000036,0.0009999999999998899,-0.11500000000000021,-0.0010290712631849663,-0.02876438219109556,3.8955,3.96675,4.067,0.02310122651815032,0.08272113221117118,-0.21499999999999986,0.0030000000000005578,0.03399999999999981
2023-04-19,16,4,2023,155.0,116.0,142.81,141.75,142.52,2023-04-17,4.116,3.876,2,0.017999999999999794,0.010999999999999233,-0.06899999999999995,0.004392386530014614,-0.016487455197132572,4.111750000000001,4.181875,4.286333333333333,0.01312440474793445,0.08197114039199911,-0.007000000000000117,-0.01100000000000012,-0.05400000000000027,-0.0018027298480556286,-0.013740458015267243,3.8819999999999997,3.9387499999999998,4.03,0.004546060563080666,0.06772581276218109,-0.23999999999999977,-0.02499999999999991,0.01499999999999968
2023-04-26,17,4,2023,154.0,115.0,125.68,139.21,142.52,2023-04-24,4.077,3.823,2,-0.0389999999999997,-0.020999999999999908,-0.051000000000000156,-0.009475218658892004,-0.012354651162790775,4.099,4.15475,4.240916666666666,0.01643167672478697,0.07519070991262489,-0.052999999999999936,-0.06000000000000005,-0.05900000000000016,-0.013673890608875139,-0.015198351365275697,3.86725,3.91325,3.986,0.029848227194316374,0.0681547608651344,-0.254,-0.014000000000000234,-0.008000000000000007
2023-05-03,18,4,2023,152.0,113.0,107.03,139.21,142.52,2023-05-01,4.018,3.754,2,-0.05900000000000016,-0.09799999999999986,-0.08700000000000063,-0.014471425067451582,-0.021193666260657884,4.07725,4.12175,4.1975,0.042594013663758416,0.06904605088546638,-0.06899999999999995,-0.12199999999999989,-0.133,-0.018048652890400252,-0.03421661950090049,3.8339999999999996,3.879125,3.9447499999999995,0.05968249324531929,0.0713350995554331,-0.2639999999999998,-0.009999999999999787,-0.045999999999999375
2023-05-10,19,5,2023,148.0,113.0,87.76,135.39,142.52,2023-05-08,3.922,3.613,2,-0.09599999999999964,-0.1549999999999998,-0.1759999999999997,-0.023892483822797295,-0.042947779404587494,4.03325,4.081125,4.154,0.08440132305433876,0.07962490188390066,-0.14100000000000001,-0.20999999999999996,-0.27,-0.037559936068193966,-0.0695338655678599,3.7665,3.831,3.9,0.11387273598179261,0.10266728509405226,-0.30900000000000016,-0.04500000000000037,-0.0940000000000003
2023-05-17,20,5,2023,147.0,112.0,88.07,130.31,135.39,2023-05-15,3.897,3.593,2,-0.025000000000000355,-0.121,-0.21899999999999986,-0.006374298827129143,-0.053206997084548124,3.9785,4.0451250000000005,4.114083333333333,0.08385900865932243,0.09033657303989255,-0.020000000000000018,-0.16100000000000003,-0.2829999999999999,-0.0055355660116247485,-0.07301341589267285,3.6957500000000003,3.788875,3.85775,0.11104165884919324,0.1233061665704419,-0.3039999999999998,0.0050000000000003375,-0.06400000000000006
2023-05-24,21,5,2023,147.0,112.0,83.48,129.67,134.2,2023-05-22,3.883,3.579,2,-0.01399999999999979,-0.039000000000000146,-0.19399999999999995,-0.0035925070567102146,-0.04758400784890848,3.9299999999999997,4.0145,4.079833333333333,0.060844062980641336,0.09931047995348487,-0.01399999999999979,-0.03399999999999981,-0.24399999999999977,-0.0038964653492902235,-0.06382422181532821,3.6347500000000004,3.7510000000000003,3.8204166666666666,0.08071503370902247,0.1364498861435331,-0.3039999999999998,0.0,-0.04999999999999982
2023-05-31,22,5,2023,145.0,112.0,77.98,127.13,130.64,2023-05-29,3.855,3.555,2,-0.028000000000000025,-0.041999999999999815,-0.1629999999999998,-0.0072109193922225145,-0.04056744649079136,3.8892499999999997,3.98325,4.044250000000001,0.02795681193066678,0.10588099789058208,-0.02400000000000002,-0.03799999999999981,-0.19899999999999984,-0.0067057837384744134,-0.0530101225359616,3.585,3.7095000000000002,3.781083333333333,0.024385788210548928,0.1396280774056979,-0.2999999999999998,0.0040000000000000036,-0.03600000000000003
2023-06-07,23,6,2023,143.0,112.0,74.92,122.04,125.89,2023-06-05,3.797,3.469,2,-0.05799999999999983,-0.08599999999999985,-0.125,-0.015045395590142618,-0.03187149413564505,3.858,3.945625,4.00675,0.04425682621540784,0.11254959224406383,-0.0860000000000003,-0.11000000000000032,-0.14400000000000013,-0.024191279887482486,-0.039856075283697834,3.549,3.65775,3.737,0.05559376463822684,0.14282131693637318,-0.3280000000000003,-0.02800000000000047,-0.019000000000000128
2023-06-14,24,6,2023,143.0,112.0,72.17,122.04,125.89,2023-06-12,3.794,3.489,2,-0.0030000000000001137,-0.06099999999999994,-0.10299999999999976,-0.0007900974453516341,-0.026430587631511404,3.83225,3.905375,3.9741666666666666,0.043964948159431416,0.0997667816174533,0.020000000000000018,-0.06600000000000028,-0.10400000000000009,0.005765350245027445,-0.02894517116615647,3.5229999999999997,3.609375,3.70025,0.0523832034146871,0.12242074695788083,-0.30500000000000016,0.02300000000000013,-0.001000000000000334
2023-06-21,25,6,2023,144.0,112.0,73.08,123.32,128.27,2023-06-19,3.815,3.532,2,0.020999999999999908,0.017999999999999794,-0.06800000000000006,0.005535055350553542,-0.01751223280968328,3.8152500000000003,3.872625,3.9480833333333334,0.02807579028264877,0.0754092406237268,0.04300000000000015,0.06300000000000017,-0.04700000000000015,0.012324448265978782,-0.013132159821179101,3.5112499999999995,3.573,3.6710833333333337,0.03926300209253086,0.08837743732753564,-0.2829999999999999,0.02200000000000024,0.020999999999999908
2023-06-28,26,6,2023,143.0,112.0,74.0,123.32,125.89,2023-06-26,3.801,3.51,2,-0.01399999999999979,0.007000000000000117,-0.053999999999999826,-0.003669724770642202,-0.014007782101167265,3.80175,3.8455,3.9227499999999993,0.009287087810268425,0.050590795323327796,-0.02200000000000024,0.020999999999999908,-0.04500000000000037,-0.006228765571913986,-0.012658227848101333,3.5,3.5425,3.639666666666667,0.027117030318940312,0.051325293124312964,-0.29100000000000037,-0.008000000000000451,0.008999999999999453
2023-07-05,27,7,2023,142.0,110.0,79.2,120.77,123.52,2023-07-03,3.767,3.468,2,-0.03400000000000025,-0.04800000000000004,-0.03000000000000025,-0.008945014469876389,-0.007900974453516008,3.79425,3.8261249999999998,3.8951666666666664,0.020155644370643034,0.04663364052472738,-0.041999999999999815,-0.06400000000000006,-0.0009999999999998899,-0.011965811965811923,-0.00028826751225130565,3.4997499999999997,3.524375,3.605083333333333,0.02749999999972726,0.04839107798532996,-0.29899999999999993,-0.007999999999999563,0.02900000000000036
2023-07-12,28,7,2023,144.0,111.0,94.8,117.59,121.14,2023-07-10,3.806,3.505,2,0.039000000000000146,0.004999999999999893,0.01200000000000001,0.010353066100345032,0.003162888771744754,3.79725,3.81475,3.869333333333333,0.020982135258256172,0.036973929039113174,0.03699999999999992,-0.004999999999999893,0.016000000000000014,0.01066897347174156,0.0045858412152479655,3.5037499999999997,3.513375,3.5741666666666667,0.026562818625255967,0.0398028624241231,-0.30100000000000016,-0.002000000000000224,0.0040000000000000036
2023-07-19,29,7,2023,144.0,114.0,112.53,118.87,122.33,2023-07-17,3.806,3.506,2,0.0,0.039000000000000146,-0.008999999999999897,0.0,-0.002359108781127106,3.795,3.8051250000000003,3.84675,0.018814887722115627,0.024631208427303555,0.0009999999999998899,0.03799999999999981,-0.026000000000000245,0.00028530670470749975,-0.007361268403171084,3.49725,3.50425,3.54775,0.01961929322508121,0.029692471388445038,-0.30000000000000027,0.0009999999999998899,-0.017000000000000348
2023-07-26,30,7,2023,148.0,114.0,116.51,118.23,121.14,2023-07-24,3.905,3.64,2,0.09899999999999975,0.09899999999999975,0.10399999999999965,0.026011560693641522,0.02736122073138647,3.8209999999999997,3.811375,3.8373333333333335,0.058940648113124244,0.040394262322628625,0.13400000000000034,0.13500000000000023,0.13000000000000034,0.03822019395322318,0.0370370370370372,3.52975,3.514875,3.53825,0.07559706784426899,0.054929662816675606,-0.2649999999999997,0.035000000000000586,0.02600000000000069
2023-08-02,31,7,2023,156.0,114.0,120.79,114.42,118.76,2023-07-31,4.127,3.831,2,0.22199999999999998,0.32099999999999973,0.3599999999999999,0.05685019206145969,0.09556676400318542,3.911,3.8526249999999997,3.854416666666667,0.15137370973849062,0.11785091974920105,0.19099999999999984,0.3250000000000002,0.363,0.05247252747252751,0.1046712802768166,3.6205,3.5601249999999998,3.556416666666667,0.15399242405601948,0.12104950286088796,-0.2959999999999998,-0.03100000000000014,0.0030000000000001137
2023-08-09,32,8,2023,160.0,113.0,126.29,118.23,123.52,2023-08-07,4.239,3.96,2,0.1120000000000001,0.3340000000000001,0.43299999999999983,0.027138357160164883,0.11376773515501837,4.0192499999999995,3.90825,3.8829166666666666,0.19868631055004793,0.17660185244139773,0.129,0.31999999999999984,0.45500000000000007,0.033672670321065024,0.12981455064194014,3.73425,3.619,3.5869999999999997,0.20108435211782702,0.18114004053694333,-0.2789999999999999,0.016999999999999904,0.02200000000000024
2023-08-16,33,8,2023,165.0,113.0,122.93,122.04,123.52,2023-08-14,4.378,4.095,2,0.13900000000000023,0.25100000000000033,0.5720000000000001,0.03279075253597563,0.1502890173410405,4.16225,3.978625,3.924166666666667,0.19988225700810267,0.23624015474577006,0.1349999999999998,0.2639999999999998,0.589,0.03409090909090895,0.16799771819737597,3.8815,3.689375,3.6300000000000003,0.19374983870954854,0.24174008326538296,-0.28300000000000036,-0.004000000000000448,0.016999999999999904
2023-08-23,34,8,2023,166.0,115.0,121.71,132.21,130.64,2023-08-21,4.389,4.095,2,0.01100000000000012,0.15000000000000036,0.48400000000000043,0.002512562814070307,0.12394366197183104,4.28325,4.052125,3.968666666666666,0.12454283065134787,0.26303309813463804,0.0,0.1349999999999998,0.4549999999999996,0.0,0.125,3.9952499999999995,3.7624999999999997,3.6750000000000003,0.12665010856676517,0.2668991248714662,-0.2940000000000005,-0.01100000000000012,-0.029000000000000803
2023-08-30,35,8,2023,169.0,116.0,178.58,132.21,130.64,2023-08-28,4.475,4.169,2,0.08599999999999941,0.09699999999999953,0.34799999999999986,0.019594440647072053,0.0843227526047976,4.37025,4.140625,4.025166666666666,0.09765713832919838,0.2723374679117669,0.07399999999999984,0.07399999999999984,0.33799999999999963,0.018070818070818007,0.08822761681023228,4.07975,3.850125,3.733333333333333,0.08712204083910925,0.2714334633018043,-0.30600000000000005,-0.011999999999999567,-0.010000000000000231
2023-09-06,36,9,2023,170.0,116.0,197.24,136.03,135.39,2023-09-04,4.492,4.171,2,0.017000000000000348,0.10299999999999976,0.2530000000000001,0.003798882681564253,0.0596838877093655,4.4334999999999996,4.226375,4.083333333333333,0.05832380874605689,0.2596260703946996,0.002000000000000668,0.07600000000000051,0.2110000000000003,0.0004797313504438794,0.053282828282828376,4.1325,3.933375,3.7901666666666665,0.04330896750832206,0.2518893960792218,-0.32099999999999973,-0.01499999999999968,-0.041999999999999815
2023-09-13,37,9,2023,171.0,120.0,233.93,137.3,137.77,2023-09-11,4.54,4.212,2,0.04800000000000004,0.06500000000000039,0.16199999999999992,0.010685663401602818,0.037003197807217836,4.474,4.318125,4.14375,0.06299735444164009,0.21585076690030908,0.04099999999999948,0.04300000000000015,0.11699999999999999,0.0098297770318867,0.02857142857142847,4.16175,4.021625,3.846833333333333,0.04871259248527249,0.19885956099723356,-0.3280000000000003,-0.007000000000000561,-0.04499999999999993
2023-09-20,38,9,2023,175.0,129.0,256.56,137.3,137.77,2023-09-18,4.633,4.352,2,0.09299999999999997,0.14100000000000001,0.24399999999999977,0.020484581497797416,0.05559352927773964,4.535,4.409125,4.213083333333333,0.07089428749890592,0.16404131665971378,0.14000000000000057,0.18100000000000005,0.25700000000000056,0.033238366571699984,0.06275946275946298,4.226,4.110625,3.917,0.08630565836974273,0.15899590066597385,-0.2809999999999997,0.0470000000000006,0.013000000000000789
2023-09-27,39,9,2023,173.0,133.0,305.79,146.2,144.89,2023-09-25,4.586,4.281,2,-0.04699999999999971,0.04600000000000026,0.11100000000000065,-0.010144614720483447,0.024804469273743246,4.56275,4.4665,4.281333333333333,0.06054956647224523,0.12745979758349116,-0.07100000000000062,0.06899999999999995,0.1120000000000001,-0.016314338235294268,0.02686495562485014,4.254,4.166875,3.98475,0.07955291739863515,0.12099756491061556,-0.3050000000000006,-0.02400000000000091,0.0009999999999994458
2023-10-04,40,10,2023,173.0,127.0,302.12,146.2,144.89,2023-10-02,4.593,4.279,2,0.006999999999999673,-0.040000000000000036,0.10099999999999998,0.0015263846489315114,0.022484416740872648,4.588,4.51075,4.346916666666667,0.03811386449368381,0.09434246127818034,-0.0019999999999997797,-0.0730000000000004,0.10799999999999965,-0.00046718056528838314,0.02589307120594575,4.281000000000001,4.2067499999999995,4.04925,0.05717225434276209,0.09222449318304839,-0.31400000000000006,-0.008999999999999453,0.006999999999999673
2023-10-11,41,10,2023,170.0,126.0,201.21,146.2,144.89,2023-10-09,4.498,4.139,2,-0.09499999999999975,-0.08800000000000008,-0.041999999999999815,-0.020683649031134288,-0.009251101321585908,4.577500000000001,4.52575,4.404583333333333,0.056900497947233404,0.07841601512826646,-0.13999999999999968,-0.14199999999999946,-0.07299999999999951,-0.032717924748773,-0.017331433998100554,4.2627500000000005,4.21225,4.101999999999999,0.08921276067152004,0.08568838894513651,-0.359,-0.04499999999999993,-0.030999999999999694
2023-10-18,42,10,2023,168.0,119.0,179.19,144.93,142.52,2023-10-16,4.444,4.114,2,-0.05400000000000027,-0.14900000000000002,-0.18900000000000006,-0.012005335704757703,-0.04079430174832721,4.5302500000000006,4.5326249999999995,4.4495,0.07193689364049721,0.06616848084373712,-0.025000000000000355,-0.16500000000000004,-0.23800000000000043,-0.00604010630587104,-0.05468750000000011,4.203250000000001,4.214625,4.1415,0.08921276067152818,0.08216522987257441,-0.33000000000000007,0.028999999999999915,-0.04900000000000038
2023-10-25,43,10,2023,172.0,120.0,194.48,144.93,141.33,2023-10-23,4.545,4.186,2,0.10099999999999998,0.04699999999999971,-0.04100000000000037,0.022727272727272707,-0.0089402529437419,4.52,4.541375,4.484333333333334,0.06380700066067278,0.06195375579549687,0.07200000000000006,0.04699999999999971,-0.09499999999999975,0.017501215362177858,-0.022191076851202918,4.1795,4.21675,4.171083333333334,0.07273926037546237,0.08102865454366037,-0.359,-0.028999999999999915,-0.05399999999999938
2023-11-01,44,10,2023,168.0,120.0,172.16,144.93,140.14,2023-10-30,4.454,4.115,2,-0.09100000000000019,0.009999999999999787,-0.13900000000000023,-0.0200220022002201,-0.03026344437187034,4.48525,4.536625,4.50225,0.046226795980742974,0.06748954945574515,-0.07099999999999973,0.001000000000000334,-0.1639999999999997,-0.016961299569995147,-0.03832671184856273,4.1385000000000005,4.20975,4.184,0.0337095436531511,0.08769060871698749,-0.3389999999999995,0.020000000000000462,-0.024999999999999467
2023-11-08,45,11,2023,165.0,121.0,156.87,142.38,136.58,2023-11-06,4.366,4.032,2,-0.08800000000000008,-0.17900000000000027,-0.13200000000000056,-0.019757521329142325,-0.029346376167185495,4.452249999999999,4.514875,4.50125,0.07328653809974925,0.09039664579758279,-0.08300000000000018,-0.15399999999999991,-0.1070000000000002,-0.0201701093560146,-0.025851654989127892,4.111750000000001,4.187250000000001,4.17875,0.06295170106230422,0.10781432451878262,-0.33399999999999963,0.004999999999999893,0.025000000000000355
2023-11-15,46,11,2023,162.0,124.0,151.37,142.38,137.77,2023-11-13,4.294,3.927,2,-0.07200000000000006,-0.16000000000000014,-0.15000000000000036,-0.01649106733852501,-0.033753375337533864,4.41475,4.4725,4.493333333333333,0.10872403904678496,0.10533484025455857,-0.10499999999999998,-0.18800000000000017,-0.18699999999999983,-0.02604166666666663,-0.045454545454545414,4.065,4.134125,4.16475,0.1114659888335404,0.11914989059409085,-0.36699999999999955,-0.03299999999999992,-0.03699999999999948
2023-11-22,47,11,2023,159.0,125.0,141.58,144.93,140.14,2023-11-20,4.209,3.841,2,-0.08499999999999996,-0.15700000000000003,-0.3360000000000003,-0.01979506287843502,-0.07392739273927396,4.330749999999999,4.425375,4.471166666666666,0.10425409664204395,0.12898054947503348,-0.08599999999999985,-0.19099999999999984,-0.34499999999999975,-0.02189966895849249,-0.08241758241758235,3.9787500000000002,4.079125,4.137416666666667,0.11979531153864595,0.14118218979140992,-0.36799999999999944,-0.0009999999999998899,-0.008999999999999453
2023-11-29,48,11,2023,156.0,125.0,130.88,,,2023-11-27,4.146,3.793,2,-0.06299999999999972,-0.1479999999999997,-0.30799999999999983,-0.014967925873128896,-0.06915132465199814,4.25375,4.3694999999999995,4.442333333333333,0.09632021248583827,0.14214077528993543,-0.04800000000000004,-0.1339999999999999,-0.32200000000000006,-0.012496745639156481,-0.07825030376670716,3.89825,4.018375,4.105916666666666,0.10499325375141962,0.14731883547505334,-0.35299999999999976,0.01499999999999968,-0.014000000000000234
2023-12-06,49,12,2023,154.0,124.0,121.4,159.55,154.39,2023-12-04,4.092,3.737,2,-0.05400000000000027,-0.11699999999999999,-0.274,-0.01302460202604927,-0.0627576729271645,4.18525,4.31875,4.405,0.08684612829588488,0.16094253632903707,-0.05600000000000005,-0.10400000000000009,-0.29499999999999993,-0.014764039019245945,-0.07316468253968256,3.8245,3.968125,4.066333333333334,0.08047152705550724,0.16747745050777035,-0.35499999999999954,-0.0019999999999997797,-0.020999999999999908
2023-12-13,50,12,2023,150.0,125.0,114.67,162.09,156.77,2023-12-11,3.987,3.64,2,-0.10499999999999954,-0.1589999999999998,-0.3069999999999995,-0.025659824046920687,-0.07149510945505344,4.108499999999999,4.2616249999999996,4.351166666666667,0.09405849243947663,0.1888241339751128,-0.09699999999999998,-0.15300000000000002,-0.2869999999999999,-0.025956649719026004,-0.07308377896613194,3.7527500000000003,3.908875,4.007000000000001,0.08634958019573924,0.1907290055849908,-0.347,0.007999999999999563,0.019999999999999574
2023-12-20,51,12,2023,147.0,126.0,115.59,154.46,150.83,2023-12-18,3.894,3.569,2,-0.09299999999999997,-0.1979999999999995,-0.3149999999999995,-0.02332580887885627,-0.07483962936564492,4.02975,4.18025,4.2935,0.11201897160744155,0.18953081166778765,-0.07100000000000017,-0.16800000000000015,-0.27200000000000024,-0.019505494505494547,-0.07081489195522006,3.68475,3.83175,3.9476666666666667,0.09974759813306512,0.18737796028351486,-0.3250000000000002,0.021999999999999797,0.04299999999999926
2023-12-27,52,12,2023,148.0,126.0,122.62,,,2023-12-25,3.914,3.608,2,0.020000000000000018,-0.07299999999999995,-0.23199999999999976,0.005136106831022058,-0.055957549445248334,3.97175,4.11275,4.236916666666667,0.08957817814618715,0.17359785219217236,0.039000000000000146,-0.03200000000000003,-0.18500000000000005,0.010927430652843961,-0.04877405747429475,3.6385,3.7683750000000003,3.89175,0.07179832867123907,0.16189761976546907,-0.30600000000000005,0.019000000000000128,0.04699999999999971
2024-01-03,53,12,2023,146.0,125.0,123.54,154.46,150.83,2024-01-01,3.876,3.565,2,-0.038000000000000256,-0.018000000000000238,-0.21599999999999975,-0.009708737864077777,-0.05278592375366564,3.9177500000000003,4.0515,4.185083333333334,0.048705749147213255,0.15714233766154365,-0.04300000000000015,-0.0040000000000000036,-0.17200000000000015,-0.011917960088691837,-0.04602622424404612,3.5955000000000004,3.71,3.843916666666667,0.03544479275320516,0.13526587575167257,-0.31099999999999994,-0.004999999999999893,0.043999999999999595
2024-01-10,1,1,2024,144.0,121.0,128.74,154.46,150.83,2024-01-08,3.828,3.531,2,-0.04800000000000004,-0.0860000000000003,-0.15900000000000025,-0.012383900928792602,-0.039879608728367266,3.878,3.9932499999999997,4.13375,0.036769552621593635,0.13982514590942163,-0.03399999999999981,-0.07699999999999996,-0.10899999999999999,-0.009537166900420724,-0.02994505494505495,3.56825,3.6605000000000003,3.7953333333333332,0.03151058023349721,0.11552859880941427,-0.2969999999999997,0.014000000000000234,0.050000000000000266
2024-01-17,2,1,2024,146.0,121.0,131.8,146.83,144.89,2024-01-15,3.863,3.592,2,0.03500000000000014,-0.0129999999999999,-0.03100000000000014,0.009143155694879779,-0.007960965588084234,3.8702499999999995,3.9499999999999997,4.0769166666666665,0.03551877437814606,0.11483528576688416,0.06099999999999994,0.027000000000000135,0.02300000000000013,0.01727555933163405,0.006444382179882302,3.5740000000000003,3.629375,3.7458333333333336,0.033714487489082796,0.09086086301912764,-0.2709999999999999,0.0259999999999998,0.05400000000000027
2024-01-24,3,1,2024,145.0,125.0,132.41,146.83,144.89,2024-01-22,3.838,3.584,2,-0.02499999999999991,0.010000000000000231,-0.07600000000000007,-0.006471654154801998,-0.01941747572815533,3.85125,3.9115,4.025583333333333,0.022111460075250427,0.08830143179564788,-0.008000000000000007,0.052999999999999936,-0.02400000000000002,-0.00222717149220486,-0.006651884700665245,3.568,3.60325,3.7015833333333337,0.02714160398082017,0.06280980360246724,-0.254,0.016999999999999904,0.052000000000000046
2024-01-31,4,1,2024,146.0,130.0,132.41,150.01,149.64,2024-01-29,3.867,3.644,2,0.028999999999999915,0.0040000000000000036,-0.008999999999999897,0.007556018759770744,-0.0023219814241486336,3.849,3.883375,3.984,0.018991226044135383,0.05021649558252439,0.06000000000000005,0.052000000000000046,0.07900000000000018,0.016741071428571397,0.02215988779803646,3.58775,3.591625,3.66925,0.04624842339638383,0.0383701427825316,-0.22299999999999986,0.03100000000000014,0.08800000000000008
2024-02-07,5,2,2024,147.0,128.0,137.91,148.74,149.64,2024-02-05,3.899,3.702,2,0.03200000000000003,0.06099999999999994,0.07100000000000017,0.008275148694078194,0.01854754440961348,3.86675,3.872375,3.951083333333333,0.02503830398926925,0.029736641659087616,0.05799999999999983,0.11799999999999988,0.17099999999999982,0.01591657519209666,0.048428207306711935,3.6305,3.599375,3.6505000000000005,0.05458632307318479,0.05300656967377226,-0.19700000000000006,0.0259999999999998,0.09999999999999964
2024-02-14,6,2,2024,155.0,131.0,131.49,148.11,147.27,2024-02-12,4.109,3.865,2,0.20999999999999996,0.242,0.246,0.05385996409335725,0.06368107688325142,3.92825,3.89925,3.94275,0.12304843219910486,0.08939119483653955,0.16300000000000026,0.22100000000000009,0.27300000000000013,0.04403025391680182,0.07600222717149219,3.69875,3.636375,3.6525,0.1208508033347252,0.10579621583839165,-0.24399999999999977,-0.04699999999999971,0.027000000000000135
2024-02-21,7,2,2024,155.0,124.0,129.35,149.38,147.27,2024-02-19,4.109,3.844,2,0.0,0.20999999999999996,0.2709999999999999,0.0,0.07060969254820226,3.996,3.9236250000000004,3.939666666666667,0.13113351974224433,0.11647186968787866,-0.02100000000000035,0.1419999999999999,0.2599999999999998,-0.005433376455368788,0.0725446428571428,3.76375,3.6658749999999998,3.65675,0.10777252278130453,0.12744235391516434,-0.2650000000000001,-0.02100000000000035,-0.01100000000000012
2024-02-28,8,2,2024,153.0,133.0,113.14,152.56,152.02,2024-02-26,4.058,3.768,2,-0.051000000000000156,-0.051000000000000156,0.19099999999999984,-0.012411779021659797,0.04939229376777865,4.04375,3.9463749999999997,3.936833333333334,0.09944973604785773,0.12340865621418319,-0.07600000000000007,-0.09700000000000042,0.12399999999999967,-0.019771071800208095,0.034028540065861534,3.79475,3.69125,3.659333333333333,0.07456261350913558,0.12466727145260756,-0.29000000000000004,-0.02499999999999991,-0.06700000000000017
2024-03-06,9,3,2024,152.0,136.0,107.33,150.65,152.02,2024-03-04,4.022,3.731,2,-0.03599999999999959,-0.08699999999999974,0.12300000000000022,-0.008871365204534132,0.03154655039753784,4.0745000000000005,3.970625,3.93975,0.04246174749098174,0.11564099310250496,-0.03699999999999992,-0.11299999999999999,0.028999999999999915,-0.009819532908704853,0.007833603457590543,3.802,3.7162499999999996,3.666916666666667,0.06306081720566173,0.10669951131235526,-0.29100000000000037,-0.001000000000000334,-0.0940000000000003
2024-03-13,10,3,2024,151.0,147.0,111.0,153.19,156.77,2024-03-11,4.004,3.702,2,-0.018000000000000682,-0.05400000000000027,-0.10500000000000043,-0.004475385380407926,-0.0255536626916526,4.0482499999999995,3.98825,3.948916666666667,0.04630604712117521,0.10734157761899073,-0.028999999999999915,-0.06599999999999984,-0.16300000000000026,-0.0077727150897882735,-0.04217335058214755,3.76125,3.73,3.6780000000000004,0.061424072371073654,0.0948276632333388,-0.3019999999999996,-0.010999999999999233,-0.05799999999999983
2024-03-20,11,3,2024,152.0,130.0,115.28,155.73,159.14,2024-03-18,4.028,3.745,2,0.02400000000000002,0.005999999999999339,-0.0810000000000004,0.005994005994006013,-0.019712825504989095,4.028,4.012,3.9584166666666665,0.02244994432039755,0.08875970771868019,0.04300000000000015,0.014000000000000234,-0.09899999999999975,0.011615343057806538,-0.02575442247658688,3.7365000000000004,3.750125,3.6894166666666663,0.027598309126602653,0.07427254347533578,-0.2829999999999995,0.019000000000000128,-0.01799999999999935
2024-03-27,12,3,2024,152.0,132.0,108.86,160.18,160.33,2024-03-25,4.034,3.717,2,0.006000000000000227,0.03000000000000025,-0.02400000000000002,0.001489572989076482,-0.005914243469689495,4.022,4.032875,3.9715833333333337,0.012961481396394834,0.06667712715567746,-0.028000000000000025,0.015000000000000124,-0.05099999999999971,-0.00747663551401867,-0.013535031847133672,3.72375,3.7592499999999998,3.702083333333334,0.018463928797735313,0.06300056689095276,-0.3169999999999997,-0.03400000000000025,-0.02699999999999969
2024-04-03,13,3,2024,151.0,123.0,102.75,158.28,156.77,2024-04-01,3.996,3.67,2,-0.03799999999999981,-0.031999999999999584,-0.026000000000000245,-0.009419930589985026,-0.006464445549477893,4.015499999999999,4.045,3.985583333333333,0.018357559750392535,0.04372315502950971,-0.04700000000000015,-0.07500000000000018,-0.06099999999999994,-0.012644605864944869,-0.01634950415438219,3.7085,3.75525,3.7136666666666667,0.031246333117901804,0.06797425983421933,-0.32600000000000007,-0.009000000000000341,-0.0349999999999997
2024-04-10,14,4,2024,153.0,118.0,96.63,155.73,155.58,2024-04-08,4.061,3.76,2,0.06499999999999995,0.027000000000000135,0.057000000000000384,0.01626626626626626,0.014235764235764226,4.02975,4.039,4.002083333333333,0.02668801228995712,0.036359317925673214,0.08999999999999986,0.042999999999999705,0.05799999999999983,0.02452316076294281,0.015667206915180865,3.723,3.7421249999999997,3.7276666666666665,0.0395727178745811,0.05202042867960509,-0.30100000000000016,0.02499999999999991,0.0009999999999994458
2024-04-17,15,4,2024,152.0,116.0,90.21,151.92,148.46,2024-04-15,4.015,3.71,2,-0.04600000000000026,0.018999999999999684,-0.0129999999999999,-0.011327259295740078,-0.003227408142998933,4.0265,4.0272499999999996,4.0168333333333335,0.027742866950905627,0.023377339455550393,-0.04999999999999982,0.040000000000000036,-0.03500000000000014,-0.013297872340425454,-0.009345794392523366,3.71425,3.725375,3.7381666666666664,0.036863486903005664,0.032407836354077145,-0.3049999999999997,-0.0039999999999995595,-0.02200000000000024
2024-04-24,16,4,2024,151.0,116.0,83.18,157.0,157.96,2024-04-22,3.992,3.707,2,-0.022999999999999687,-0.06899999999999995,-0.041999999999999815,-0.005728518057285137,-0.010411502231036152,4.016,4.019,4.0272499999999996,0.0316333157708121,0.02260846870450937,-0.0030000000000001137,-0.052999999999999936,-0.010000000000000231,-0.0008086253369272711,-0.002690341673392549,3.71175,3.71775,3.7434166666666666,0.036953799984775555,0.02779388421954989,-0.28500000000000014,0.019999999999999574,0.031999999999999584
2024-05-01,17,4,2024,149.0,115.0,90.51,157.64,157.96,2024-04-29,3.947,3.657,2,-0.04499999999999993,-0.06799999999999962,-0.04899999999999993,-0.011272545090180386,-0.012262262262262236,4.00375,4.009625,4.03125,0.04747894270083878,0.03391138662568857,-0.04999999999999982,-0.052999999999999936,-0.0129999999999999,-0.013487995683841292,-0.003542234332425065,3.7085,3.7085000000000004,3.7396666666666665,0.04206740622677144,0.03430535151935973,-0.29000000000000004,-0.004999999999999893,0.03600000000000003
2024-05-08,18,5,2024,147.0,116.0,96.32,157.64,157.96,2024-05-06,3.894,3.617,2,-0.052999999999999936,-0.09799999999999986,-0.16699999999999982,-0.013427919939194344,-0.04112287613888199,3.9619999999999997,3.9958750000000003,4.013333333333333,0.05341036104219101,0.053284780727356276,-0.040000000000000036,-0.08999999999999986,-0.1429999999999998,-0.010937927262783753,-0.038031914893617014,3.67275,3.697875,3.719,0.04441002139137544,0.04730580604665692,-0.27700000000000014,0.0129999999999999,0.02400000000000002
2024-05-15,19,5,2024,145.0,118.0,102.13,161.45,161.52,2024-05-13,3.848,3.559,2,-0.04600000000000026,-0.0990000000000002,-0.16699999999999982,-0.011813045711350889,-0.041594022415940235,3.92025,3.973375,3.9915833333333333,0.06264383449304146,0.07236798325239735,-0.05799999999999983,-0.09799999999999986,-0.1509999999999998,-0.016035388443461418,-0.04070080862533687,3.635,3.674625,3.69525,0.06263119563484315,0.0637022930738497,-0.2889999999999997,-0.011999999999999567,0.016000000000000014
2024-05-22,20,5,2024,143.0,119.0,97.85,157.64,156.77,2024-05-20,3.789,3.49,2,-0.05899999999999972,-0.10499999999999998,-0.20299999999999985,-0.015332640332640257,-0.05085170340681355,3.8695,3.94275,3.9691666666666663,0.06720367053462291,0.09217646120360018,-0.06899999999999995,-0.12699999999999978,-0.21699999999999964,-0.019387468389997164,-0.058537901267871506,3.58075,3.64625,3.672083333333333,0.07265615367366555,0.08803854675251657,-0.29899999999999993,-0.010000000000000231,-0.01399999999999979
2024-05-29,21,5,2024,142.0,117.0,96.32,156.37,156.77,2024-05-27,3.758,3.478,2,-0.03100000000000014,-0.08999999999999986,-0.18900000000000006,-0.008181578252837163,-0.04788446921712697,3.82225,3.9130000000000003,3.9471666666666665,0.06067605238747248,0.10934349546277719,-0.01200000000000001,-0.08099999999999996,-0.17899999999999983,-0.0034383954154727503,-0.04894722450095701,3.5360000000000005,3.6222499999999997,3.651,0.0647302093306187,0.10514717576538973,-0.2799999999999998,0.019000000000000128,0.010000000000000231
2024-06-05,22,6,2024,141.0,117.0,96.32,152.56,153.21,2024-06-03,3.726,3.45,2,-0.03200000000000003,-0.06300000000000017,-0.16800000000000015,-0.00851516764236293,-0.04314329738058553,3.7802499999999997,3.871125,3.924,0.05197675762615771,0.108712514064865,-0.028000000000000025,-0.040000000000000036,-0.16699999999999982,-0.008050603795284661,-0.04617085982858715,3.49425,3.5835,3.6300000000000003,0.04630604712115629,0.10424832989416785,-0.2759999999999998,0.0040000000000000036,0.001000000000000334
2024-06-12,23,6,2024,138.0,117.0,96.94,151.28,152.02,2024-06-10,3.658,3.384,2,-0.06800000000000006,-0.10000000000000009,-0.18999999999999995,-0.018250134192163148,-0.04937629937629939,3.7327500000000002,3.8265000000000002,3.893166666666667,0.05607955658404289,0.114342842864356,-0.06600000000000028,-0.0940000000000003,-0.17500000000000027,-0.019130434782608785,-0.049171115481877026,3.4505000000000003,3.54275,3.599916666666667,0.04739549908294204,0.1112188961334879,-0.274,0.0019999999999997797,0.01499999999999968
2024-06-19,24,6,2024,141.0,118.0,96.63,152.56,154.39,2024-06-17,3.735,3.472,2,0.07699999999999996,0.008999999999999897,-0.05400000000000027,0.02104975396391473,-0.014251781472684133,3.71925,3.794375,3.8682499999999997,0.042999030996793246,0.09580178569772972,0.08800000000000008,0.021999999999999797,-0.018000000000000238,0.026004728132387633,-0.005157593123209292,3.446,3.513375,3.5794999999999995,0.04305035810909434,0.09079952407054291,-0.2629999999999999,0.01100000000000012,0.03600000000000003
2024-06-26,25,6,2024,142.0,118.0,94.8,153.19,154.39,2024-06-24,3.769,3.506,2,0.03400000000000025,0.11100000000000021,0.01100000000000012,0.009103078982597212,0.0029270888770622783,3.722,3.772125,3.8493333333333335,0.04651164728677964,0.07332401185356639,0.03399999999999981,0.12199999999999989,0.02799999999999958,0.009792626728110543,0.00805060379528455,3.4530000000000003,3.4945,3.5658333333333334,0.051445764321802166,0.06998775403093119,-0.26300000000000034,-4.440892098500626e-16,0.01699999999999946
2024-07-03,26,6,2024,144.0,122.0,97.24,153.19,152.02,2024-07-01,3.813,3.549,2,0.04400000000000004,0.07800000000000029,0.08700000000000019,0.011674184133722454,0.023349436392914757,3.7437500000000004,3.762,3.828666666666667,0.06547964060171142,0.0581033561854741,0.04300000000000015,0.07699999999999996,0.09899999999999975,0.01226468910439249,0.02869565217391301,3.47775,3.486,3.5482499999999995,0.06999226147692189,0.055644278360798896,-0.26400000000000023,-0.0009999999999998899,0.011999999999999567
2024-07-10,27,7,2024,146.0,127.0,97.55,152.56,150.83,2024-07-08,3.865,3.598,2,0.052000000000000046,0.09600000000000009,0.2070000000000003,0.013637555730396045,0.05658829961727729,3.7954999999999997,3.764125,3.816166666666667,0.05627018156473357,0.06188569532396321,0.04899999999999993,0.09200000000000008,0.21399999999999997,0.013806706114398493,0.06323877068557926,3.53125,3.490875,3.538916666666667,0.054524459343055096,0.06402998739436595,-0.26700000000000035,-0.0030000000000001137,0.006999999999999673
2024-07-17,28,7,2024,144.0,123.0,110.09,150.01,149.64,2024-07-15,3.826,3.551,2,-0.039000000000000146,0.0129999999999999,0.09100000000000019,-0.010090556274256146,0.02436412315930392,3.81825,3.76875,3.802333333333334,0.03957587649053652,0.0652987639350452,-0.04699999999999971,0.002000000000000224,0.07900000000000018,-0.013062812673707569,0.022753456221198176,3.551,3.4985,3.525916666666667,0.037585458180684365,0.06745156992778384,-0.2749999999999999,-0.007999999999999563,-0.01200000000000001
2024-07-24,29,7,2024,143.0,122.0,130.27,152.56,150.83,2024-07-22,3.779,3.461,2,-0.04700000000000015,-0.0860000000000003,0.009999999999999787,-0.012284370099320485,0.0026532236667551334,3.82075,3.771375,3.7883333333333336,0.0355375388379783,0.06522693900103546,-0.0900000000000003,-0.137,-0.04499999999999993,-0.025344973246972713,-0.01283513976041073,3.5397499999999997,3.496375,3.5095833333333335,0.057174440676339464,0.06845006000212221,-0.31800000000000006,-0.04300000000000015,-0.054999999999999716
2024-07-31,30,7,2024,142.0,121.0,133.02,152.56,150.83,2024-07-29,3.768,3.468,2,-0.01100000000000012,-0.058000000000000274,-0.04500000000000037,-0.0029108229690394394,-0.011801730920535158,3.8095,3.776625,3.7778333333333336,0.04473998956930013,0.06269412708894576,0.007000000000000117,-0.08300000000000018,-0.08099999999999996,0.0020225368390638376,-0.02282333051563823,3.5195,3.498625,3.4971666666666668,0.06640532107182964,0.0669881386089668,-0.2999999999999998,0.018000000000000238,-0.03599999999999959
2024-08-07,31,8,2024,142.0,117.0,135.47,153.83,150.83,2024-08-05,3.755,3.436,2,-0.0129999999999999,-0.02400000000000002,-0.11000000000000032,-0.003450106157112498,-0.028460543337645583,3.782,3.78875,3.770083333333334,0.030930028559018673,0.04265057360209745,-0.03200000000000003,-0.02499999999999991,-0.16199999999999992,-0.009227220299884653,-0.04502501389660918,3.479,3.505125,3.486916666666666,0.04992661280974128,0.05587853536282231,-0.31899999999999995,-0.019000000000000128,-0.0519999999999996
2024-08-14,32,8,2024,140.0,120.0,137.91,152.56,148.46,2024-08-12,3.704,3.371,2,-0.05099999999999971,-0.06399999999999961,-0.12199999999999989,-0.013581890812250252,-0.03188708834291687,3.7515,3.784875,3.7630000000000003,0.033151168908437126,0.0491453747280382,-0.06499999999999995,-0.09699999999999998,-0.18000000000000016,-0.018917345750873116,-0.050689946493945426,3.4339999999999997,3.4924999999999997,3.4770000000000003,0.04418898807004912,0.07316712766971897,-0.3330000000000002,-0.014000000000000234,-0.058000000000000274
2024-08-21,33,8,2024,139.0,118.0,161.76,151.28,147.27,2024-08-19,3.688,3.355,2,-0.016000000000000014,-0.06699999999999973,-0.09099999999999975,-0.004319654427645814,-0.024080444562053382,3.7287500000000002,3.77475,3.7571666666666665,0.03874166577036813,0.06002320979672775,-0.016000000000000014,-0.08099999999999996,-0.10599999999999987,-0.004746366063482665,-0.030626986420109747,3.4075,3.4736249999999997,3.4667499999999998,0.053419721701405555,0.08729905497775023,-0.3330000000000002,0.0,-0.015000000000000124
2024-08-28,34,8,2024,138.0,116.0,187.76,145.56,144.89,2024-08-26,3.651,3.317,2,-0.037000000000000366,-0.05300000000000038,-0.11699999999999999,-0.01003253796095449,-0.031050955414012704,3.6995,3.7544999999999997,3.750916666666667,0.043147035433081786,0.07150424562830597,-0.03799999999999981,-0.053999999999999826,-0.1509999999999998,-0.011326378539493254,-0.04354094579008072,3.3697500000000002,3.444625,3.455666666666666,0.04963449741181275,0.09671007851161298,-0.33399999999999963,-0.0009999999999994458,-0.03399999999999981
2024-09-04,35,9,2024,137.0,120.0,205.49,142.38,142.52,2024-09-02,3.625,3.265,2,-0.0259999999999998,-0.06300000000000017,-0.1299999999999999,-0.007121336620104057,-0.03462050599201061,3.6670000000000003,3.7245,3.7481666666666666,0.03573047252226594,0.06881652625445271,-0.052000000000000046,-0.08999999999999986,-0.17099999999999982,-0.01567681640036178,-0.04976717112922002,3.327,3.403,3.44575,0.047131023045594286,0.09285164818912138,-0.3599999999999999,-0.026000000000000245,-0.040999999999999925
2024-09-11,36,9,2024,134.0,124.0,233.63,142.38,142.52,2024-09-09,3.555,3.19,2,-0.06999999999999984,-0.09599999999999964,-0.14900000000000002,-0.0193103448275862,-0.04022678185745143,3.62975,3.690625,3.733166666666667,0.056138964483965784,0.0778256981062763,-0.07500000000000018,-0.12700000000000022,-0.18100000000000005,-0.02297090352220521,-0.053693266093147396,3.28175,3.357875,3.4222499999999996,0.07143003569922249,0.09821614283962306,-0.3650000000000002,-0.0050000000000003375,-0.03200000000000003
2024-09-18,37,9,2024,133.0,129.0,242.49,139.21,140.14,2024-09-16,3.526,3.172,2,-0.02900000000000036,-0.0990000000000002,-0.16200000000000037,-0.008157524613220946,-0.04392624728850336,3.58925,3.659,3.7129166666666666,0.05849430171677383,0.08757690497915996,-0.017999999999999794,-0.09299999999999997,-0.18299999999999983,-0.005642633228840066,-0.05454545454545445,3.2359999999999998,3.32175,3.394416666666667,0.06736467917234827,0.10757024283166991,-0.35399999999999965,0.011000000000000565,-0.020999999999999464
2024-09-25,38,9,2024,134.0,132.0,241.27,141.11,144.89,2024-09-23,3.539,3.191,2,0.013000000000000345,-0.016000000000000014,-0.11199999999999966,0.003686897334089778,-0.03067652697890977,3.56125,3.630375,3.6900833333333334,0.04412387864486757,0.08422069223186254,0.018999999999999684,0.0009999999999998899,-0.12600000000000033,0.005989911727616537,-0.037986132047030496,3.2045,3.287125,3.3645833333333335,0.04126742056385699,0.09791751266102172,-0.3480000000000003,0.005999999999999339,-0.014000000000000679
2024-10-02,39,9,2024,134.0,148.0,247.39,142.38,144.89,2024-09-30,3.544,3.212,2,0.004999999999999893,0.018000000000000238,-0.08099999999999996,0.0014128284826222526,-0.022344827586206928,3.541,3.604,3.6633333333333327,0.012027745701813369,0.0717296511713015,0.02100000000000035,0.040000000000000036,-0.052999999999999936,0.006581009088060252,-0.016232771822358272,3.19125,3.259125,3.3324166666666666,0.016357974609588315,0.07957285520654112,-0.33199999999999985,0.01600000000000046,0.028000000000000025
2024-10-09,40,10,2024,135.0,142.0,249.53,140.48,143.71,2024-10-07,3.584,3.266,2,0.040000000000000036,0.04499999999999993,0.028999999999999915,0.011286681715575675,0.008157524613220835,3.54825,3.589,3.643166666666666,0.02501166394572696,0.05930068657768602,0.053999999999999826,0.07500000000000018,0.07600000000000007,0.016811955168119397,0.023824451410658254,3.21025,3.246,3.308666666666667,0.040598645297523175,0.06598268171059031,-0.31800000000000006,0.01399999999999979,0.04700000000000015
2024-10-16,41,10,2024,137.0,143.0,241.58,140.48,143.71,2024-10-14,3.631,3.337,2,0.04699999999999971,0.08699999999999974,0.10499999999999998,0.01311383928571419,0.02977878615995455,3.5745,3.581875,3.6308333333333334,0.04271221527073152,0.04806673188702482,0.07100000000000017,0.125,0.16500000000000004,0.021739130434782705,0.05201765447667084,3.2515,3.2437500000000004,3.2983333333333333,0.06516901104047099,0.061916418316546956,-0.2939999999999996,0.024000000000000465,0.06000000000000005
2024-10-23,42,10,2024,134.0,144.0,241.88,137.94,142.52,2024-10-21,3.553,3.199,2,-0.07799999999999985,-0.03100000000000014,0.01399999999999979,-0.021481685486091973,0.00395591975134213,3.5780000000000003,3.5696250000000003,3.6129166666666666,0.03926830783214237,0.03969144384245741,-0.13800000000000034,-0.06700000000000017,0.008000000000000007,-0.04135451003895729,0.0025070510811657787,3.2535,3.229,3.275916666666667,0.06277207447047058,0.055718681145358155,-0.3540000000000001,-0.0600000000000005,-0.005999999999999783
2024-10-30,43,10,2024,135.0,140.0,266.35,132.85,142.52,2024-10-28,3.573,3.23,2,0.020000000000000018,-0.05799999999999983,0.028999999999999915,0.005629045876723859,0.008182844243792342,3.58525,3.5631250000000003,3.5977499999999996,0.03308952502932588,0.0330256934610701,0.03100000000000014,-0.1070000000000002,0.017999999999999794,0.00969052829009076,0.005603985056039873,3.258,3.224625,3.2587500000000005,0.0593576729103003,0.05383025569861297,-0.34299999999999997,0.01100000000000012,-0.01100000000000012
2024-11-06,44,11,2024,133.0,130.0,196.93,130.31,141.33,2024-11-04,3.536,3.184,2,-0.03699999999999992,-0.016999999999999904,-0.04800000000000004,-0.010355443604813885,-0.013392857142857206,3.57325,3.56075,3.5837499999999998,0.04136322843621708,0.0343500883760388,-0.04599999999999982,-0.01499999999999968,-0.08199999999999985,-0.014241486068111375,-0.025107164727495412,3.2375000000000003,3.223875,3.2431666666666668,0.06904346457119169,0.054420157767459544,-0.35199999999999987,-0.008999999999999897,-0.03399999999999981
2024-11-13,45,11,2024,133.0,120.0,171.55,127.77,140.14,2024-11-11,3.521,3.17,2,-0.015000000000000124,-0.052000000000000046,-0.10999999999999988,-0.004242081447963786,-0.030294684659873283,3.54575,3.560125,3.5698333333333334,0.02238116767881789,0.03510977682333688,-0.014000000000000234,-0.06000000000000005,-0.16700000000000026,-0.0043969849246231485,-0.05004495055439029,3.19575,3.2236249999999997,3.2277500000000003,0.025721262280997085,0.05469640233669896,-0.351,0.0009999999999998899,-0.057000000000000384
2024-11-20,46,11,2024,132.0,116.0,164.21,126.49,140.14,2024-11-18,3.491,3.153,2,-0.029999999999999805,-0.04499999999999993,-0.06199999999999983,-0.008520306731042315,-0.017450042217844075,3.5302499999999997,3.554125,3.5564999999999998,0.03409178786747744,0.04254892142344758,-0.016999999999999904,-0.03100000000000014,-0.04599999999999982,-0.005362776025236604,-0.014379493591747394,3.1842499999999996,3.218875,3.2140833333333334,0.03302902763723888,0.05938358960430314,-0.3380000000000001,0.0129999999999999,0.016000000000000014
2024-11-27,47,11,2024,134.0,118.0,163.6,123.32,136.58,2024-11-25,3.539,3.203,2,0.04800000000000004,0.018000000000000238,-0.03399999999999981,0.01374964193640782,-0.009515813042261345,3.52175,3.5535,3.5493333333333332,0.021960191256027342,0.042755116653015846,0.04999999999999982,0.03299999999999992,-0.027000000000000135,0.015857913098636267,-0.008359133126935037,3.1775,3.21775,3.2089166666666666,0.021205345237974103,0.059617231449647715,-0.3360000000000003,0.0019999999999997797,0.006999999999999673
2024-12-04,48,12,2024,134.0,118.0,151.37,,,2024-12-02,3.54,3.227,2,0.0009999999999998899,0.04899999999999993,0.0040000000000000036,0.0002825656965244061,0.0011312217194570096,3.52275,3.548,3.548083333333333,0.022896506283738485,0.04106788804631107,0.02400000000000002,0.07399999999999984,0.042999999999999705,0.007492975335622765,0.013505025125628123,3.18825,3.212875,3.212,0.03313985515953103,0.056627700187964314,-0.31300000000000017,0.02300000000000013,0.0389999999999997
2024-12-11,49,12,2024,130.0,119.0,151.37,116.96,131.83,2024-12-09,3.458,3.13,2,-0.08199999999999985,-0.08099999999999996,-0.06299999999999972,-0.023163841807909535,-0.017892644135188762,3.507,3.526375,3.5424166666666665,0.039874804074774436,0.0364022664131315,-0.09699999999999998,-0.07299999999999995,-0.040000000000000036,-0.03005887821506037,-0.012618296529968487,3.17825,3.187,3.2084999999999995,0.044552403601395556,0.03495302970731765,-0.3280000000000003,-0.015000000000000124,0.022999999999999687
2024-12-18,50,12,2024,132.0,115.0,155.34,118.23,131.83,2024-12-16,3.494,3.19,2,0.03600000000000003,-0.04599999999999982,0.0030000000000001137,0.010410641989589298,0.0008593526210254332,3.50775,3.519,3.5386666666666664,0.03950000000002062,0.03621365172750551,0.06000000000000005,-0.03699999999999992,0.03699999999999992,0.019169329073482455,0.01173485569299082,3.1874999999999996,3.1858750000000002,3.2084166666666665,0.0412835721967958,0.034655189263131714,-0.30400000000000027,0.02400000000000002,0.03399999999999981
2024-12-25,51,12,2024,131.0,116.0,155.34,116.32,129.45,2024-12-23,3.476,3.154,2,-0.018000000000000238,0.017999999999999794,-0.06300000000000017,-0.005151688609044136,-0.017801638881039916,3.4920000000000004,3.506875,3.533,0.03521363372334643,0.031479868850893544,-0.03600000000000003,0.02400000000000002,-0.04899999999999993,-0.011285266457680243,-0.015298157976896598,3.1752499999999997,3.176375,3.203583333333333,0.04240577790814678,0.031061862238451678,-0.32200000000000006,-0.017999999999999794,0.014000000000000234
2025-01-01,52,12,2024,132.0,117.0,156.57,,,2024-12-30,3.503,3.196,2,0.027000000000000135,0.008999999999999897,-0.03699999999999992,0.007767548906789434,-0.010451977401129908,3.4827500000000002,3.5027500000000003,3.5262499999999997,0.01995620204353071,0.02919760264152274,0.04200000000000026,0.006000000000000227,-0.030999999999999694,0.01331642358909324,-0.009606445615122361,3.1675000000000004,3.177875,3.1977500000000005,0.031128764832471255,0.03176447926321821,-0.30699999999999994,0.015000000000000124,0.006000000000000227
2025-01-08,1,1,2025,134.0,119.0,155.95,116.32,125.89,2025-01-06,3.561,3.269,2,0.05799999999999983,0.08499999999999996,0.10299999999999976,0.016557236654296315,0.029786003470213984,3.5085,3.50775,3.5204166666666663,0.036755951898999946,0.035511567532055775,0.07299999999999995,0.11500000000000021,0.13900000000000023,0.022841051314142602,0.044408945686901014,3.2022500000000003,3.1902500000000003,3.192083333333333,0.04821047603990526,0.044848156515775714,-0.2919999999999998,0.015000000000000124,0.036000000000000476
2025-01-15,2,1,2025,136.0,115.0,155.95,117.59,123.52,2025-01-13,3.602,3.321,2,0.040999999999999925,0.09899999999999975,0.10799999999999965,0.011513619769727645,0.030910131654264372,3.5355,3.5216250000000002,3.5245,0.05677147170895745,0.047644329598281424,0.052000000000000046,0.125,0.13100000000000023,0.01590700520036714,0.04106583072100323,3.2350000000000003,3.2112499999999997,3.20225,0.07446251853556929,0.06124832359227216,-0.2809999999999997,0.01100000000000012,0.023000000000000576
2025-01-22,3,1,2025,140.0,119.0,154.73,116.32,124.7,2025-01-20,3.715,3.455,2,0.11299999999999999,0.15399999999999991,0.23899999999999988,0.0313714602998334,0.06875719217491372,3.59525,3.543625,3.5363333333333333,0.08957073554831514,0.08375975422948832,0.1339999999999999,0.18599999999999994,0.30100000000000016,0.04034929238181273,0.095434369055168,3.3102500000000004,3.24275,3.2209999999999996,0.10927450144776592,0.10533450119910348,-0.2599999999999998,0.020999999999999908,0.06200000000000028
2025-01-29,4,1,2025,138.0,121.0,158.4,115.05,124.7,2025-01-27,3.659,3.378,2,-0.05600000000000005,0.05699999999999994,0.1559999999999997,-0.015074024226110372,0.04453325720810719,3.6342499999999998,3.5585,3.546583333333333,0.06717824548665502,0.09307293606943164,-0.07699999999999996,0.05699999999999994,0.18199999999999994,-0.022286541244573077,0.056946182728410566,3.3557500000000005,3.261625,3.2371666666666665,0.07974699576362203,0.11517804540303715,-0.2809999999999997,-0.020999999999999908,0.026000000000000245
2025-02-05,5,2,2025,138.0,118.0,165.74,113.78,122.33,2025-02-03,3.66,3.395,2,0.001000000000000334,-0.054999999999999716,0.0990000000000002,0.0002732987154960842,0.02780117944397653,3.659,3.5837499999999998,3.5581666666666667,0.0461374757292238,0.08923444242162988,0.016999999999999904,-0.06000000000000005,0.1259999999999999,0.005032563647128452,0.03854389721627416,3.38725,3.29475,3.2559166666666663,0.05515055152328235,0.10990092941245537,-0.2650000000000001,0.01599999999999957,0.02699999999999969
2025-02-12,6,2,2025,138.0,124.0,165.13,115.69,127.08,2025-02-10,3.665,3.393,2,0.004999999999999893,0.006000000000000227,0.06300000000000017,0.001366120218579292,0.01749028317601331,3.6747499999999995,3.6051249999999997,3.5726666666666667,0.026961392149967775,0.08504694082017844,-0.002000000000000224,0.01499999999999968,0.07199999999999962,-0.000589101620029564,0.021680216802167918,3.4052499999999997,3.320125,3.275916666666667,0.03402327634607933,0.10561173838982908,-0.27200000000000024,-0.007000000000000117,0.008999999999999453
2025-02-19,7,2,2025,139.0,139.0,166.05,117.59,128.27,2025-02-17,3.677,3.382,2,0.01200000000000001,0.016999999999999904,-0.03799999999999981,0.0032742155525238292,-0.010228802153432026,3.66525,3.6302499999999998,3.5841666666666665,0.008261355820801715,0.06976849473191336,-0.010999999999999677,-0.0129999999999999,-0.07299999999999995,-0.003241968759210012,-0.0211287988422576,3.387,3.3486249999999997,3.2908333333333335,0.008286535262433637,0.08264370600877467,-0.29499999999999993,-0.022999999999999687,-0.03500000000000014
2025-02-26,8,2,2025,140.0,136.0,166.35,117.59,129.45,2025-02-24,3.697,3.42,2,0.020000000000000018,0.03200000000000003,0.038000000000000256,0.00543921675278769,0.010385351188849423,3.67475,3.6545,3.5972500000000003,0.016459546368729226,0.050188217171679574,0.03799999999999981,0.027000000000000135,0.041999999999999815,0.011235955056179803,0.01243339253996445,3.3975,3.376625,3.3069166666666665,0.016051998836756915,0.057740645500938104,-0.27700000000000014,0.017999999999999794,0.0039999999999995595
2025-03-05,9,3,2025,137.0,128.0,169.71,118.23,130.64,2025-03-03,3.635,3.343,2,-0.06200000000000028,-0.04200000000000026,-0.025000000000000355,-0.016770354341357985,-0.006830601092896238,3.6685,3.66375,3.612,0.025942243542103817,0.03502142201588436,-0.07699999999999996,-0.039000000000000146,-0.052000000000000046,-0.02251461988304093,-0.015316642120765889,3.3845,3.385875,3.324666666666666,0.031942656954647625,0.041749037628011,-0.2919999999999998,-0.01499999999999968,-0.02699999999999969
2025-03-12,10,3,2025,135.0,139.0,176.44,117.59,128.27,2025-03-10,3.582,3.284,2,-0.052999999999999936,-0.11500000000000021,-0.08300000000000018,-0.01458046767537824,-0.02264665757162354,3.6477500000000003,3.66125,3.6193333333333335,0.05088139804157272,0.040365296268846704,-0.05900000000000016,-0.13600000000000012,-0.10899999999999999,-0.017648818426562962,-0.03212496315944591,3.3572499999999996,3.38125,3.3325,0.05807681694666516,0.05098949471642649,-0.29800000000000004,-0.006000000000000227,-0.0259999999999998
2025-03-19,11,3,2025,134.0,132.0,175.83,117.59,128.27,2025-03-17,3.549,3.245,2,-0.03299999999999992,-0.08599999999999985,-0.1280000000000001,-0.009212730318257978,-0.034810987217840705,3.61575,3.6405,3.6254166666666667,0.06472184072371293,0.050245113479678,-0.0389999999999997,-0.09799999999999986,-0.137,-0.01187576126674783,-0.04050857480780601,3.323,3.355,3.3400833333333337,0.07618836306587418,0.06072420087112147,-0.3039999999999998,-0.005999999999999783,-0.008999999999999897
2025-03-26,12,3,2025,135.0,126.0,182.86,120.77,130.64,2025-03-24,3.567,3.265,2,0.018000000000000238,-0.01499999999999968,-0.1299999999999999,0.005071851225697532,-0.03516364619962131,3.58325,3.629,3.6307500000000004,0.03704389288397903,0.05564427836085044,0.020000000000000018,-0.018999999999999684,-0.1549999999999998,0.006163328197226425,-0.04532163742690054,3.28425,3.340875,3.345833333333333,0.04227982182229798,0.06738680985819698,-0.30200000000000005,0.0019999999999997797,-0.02499999999999991
2025-04-02,13,3,2025,136.0,122.0,186.53,121.41,133.02,2025-03-31,3.592,3.282,2,0.02499999999999991,0.04300000000000015,-0.042999999999999705,0.007008690776562965,-0.011829436038514385,3.5725000000000002,3.6205,3.6333333333333333,0.018734993995194255,0.055425625842329906,0.016999999999999904,0.03699999999999992,-0.06099999999999994,0.005206738131699806,-0.01824708345797188,3.269,3.32675,3.3469166666666665,0.01812916618763913,0.06625437990918352,-0.31000000000000005,-0.008000000000000007,-0.018000000000000238
2025-04-09,14,4,2025,137.0,118.0,177.67,121.41,135.39,2025-04-07,3.639,3.338,2,0.04699999999999971,0.07199999999999962,0.05699999999999994,0.013084632516703776,0.01591289782244565,3.58675,3.6172500000000003,3.636416666666667,0.039041644432575295,0.05315946361131256,0.05600000000000005,0.07299999999999995,0.05400000000000027,0.01706276660572814,0.016443361753958774,3.2825,3.3198749999999997,3.348333333333333,0.03997082269179173,0.06104667418114568,-0.3009999999999997,0.009000000000000341,-0.0029999999999996696
2025-04-16,15,4,2025,135.0,118.0,164.52,116.96,128.27,2025-04-14,3.579,3.267,2,-0.05999999999999961,-0.0129999999999999,0.03000000000000025,-0.016488046166529213,0.008453085376162406,3.59425,3.605,3.625083333333334,0.03153173005084668,0.04851214869949857,-0.07100000000000017,-0.015000000000000124,0.021999999999999797,-0.02127022168963455,0.006779661016949046,3.288,3.3055000000000003,3.332666666666667,0.0341857670187243,0.05778037234718098,-0.3120000000000003,-0.011000000000000565,-0.008000000000000451
2025-04-23,16,4,2025,133.0,116.0,141.89,115.05,127.08,2025-04-21,3.534,3.195,2,-0.04500000000000037,-0.10499999999999998,-0.03300000000000036,-0.01257334450963965,-0.00925147182506314,3.586,3.584625,3.6146666666666665,0.043197222132906415,0.03728246428108663,-0.07200000000000006,-0.14300000000000024,-0.07000000000000028,-0.02203856749311295,-0.0214395099540583,3.2705,3.277375,3.317416666666667,0.05888123639999715,0.048020642882665006,-0.33899999999999997,-0.02699999999999969,-0.03699999999999992
2025-04-30,17,4,2025,133.0,115.0,141.89,116.32,128.27,2025-04-28,3.514,3.183,2,-0.020000000000000018,-0.06500000000000039,-0.07800000000000029,-0.005659309564233217,-0.02171492204899783,3.5664999999999996,3.5695,3.6024999999999996,0.055452682532048034,0.038452196667869955,-0.01200000000000001,-0.08400000000000007,-0.0990000000000002,-0.003755868544600971,-0.030164533820841055,3.24575,3.2573749999999997,3.29975,0.07182095794399483,0.05005978568536161,-0.33099999999999996,0.008000000000000007,-0.020999999999999908
2025-05-07,18,5,2025,132.0,114.0,146.17,117.59,129.45,2025-05-05,3.497,3.174,2,-0.016999999999999904,-0.03699999999999992,-0.1419999999999999,-0.004837791690381343,-0.03902170926078585,3.5309999999999997,3.558875,3.5885,0.035393031329169725,0.04558645632216823,-0.008999999999999897,-0.020999999999999908,-0.16400000000000015,-0.002827521206409056,-0.04913121629718398,3.2047499999999998,3.243625,3.2815,0.04238218965549393,0.05640652824433132,-0.32299999999999995,0.008000000000000007,-0.02200000000000024
2025-05-14,19,5,2025,131.0,115.0,137.3,117.59,129.45,2025-05-12,3.476,3.143,2,-0.020999999999999908,-0.03799999999999981,-0.1030000000000002,-0.0060051472690877405,-0.028778988544286177,3.5052499999999998,3.54975,3.57175,0.02467623688223474,0.0543158750801926,-0.03100000000000014,-0.040000000000000036,-0.12400000000000011,-0.00976685570258351,-0.0379553106825834,3.17375,3.2308749999999997,3.2615833333333337,0.02223173407530684,0.0666492685631812,-0.3330000000000002,-0.010000000000000231,-0.020999999999999908
2025-05-21,20,5,2025,133.0,114.0,134.85,117.59,128.27,2025-05-19,3.536,3.201,2,0.06000000000000005,0.039000000000000146,0.002000000000000224,0.017261219792865434,0.0005659309564234327,3.50575,3.545875,3.558333333333333,0.025460754112977237,0.05401438300528212,0.058000000000000274,0.027000000000000135,0.006000000000000227,0.01845370664969792,0.001877934272300541,3.17525,3.2228749999999997,3.2433333333333336,0.024253865671169193,0.06580368530718479,-0.33499999999999996,-0.0019999999999997797,0.0040000000000000036
2025-05-28,21,5,2025,132.0,115.0,135.16,117.59,128.27,2025-05-26,3.487,3.136,2,-0.04899999999999993,0.01100000000000012,-0.02699999999999969,-0.013857466063348367,-0.007683551508252617,3.499,3.53275,3.546,0.026115129714432583,0.05396228841923862,-0.06499999999999995,-0.006999999999999673,-0.04699999999999971,-0.02030615432677285,-0.014765944077913873,3.1635,3.204625,3.2260833333333334,0.029961085872546735,0.06729240564246283,-0.351,-0.016000000000000014,-0.020000000000000018
2025-06-04,22,6,2025,130.0,112.0,133.63,116.96,127.08,2025-06-02,3.451,3.097,2,-0.03600000000000003,-0.08499999999999996,-0.04599999999999982,-0.010324060797246903,-0.013154132113239903,3.4875,3.5092499999999998,3.535083333333333,0.035669781795453104,0.04028381454502364,-0.039000000000000146,-0.10400000000000009,-0.07699999999999996,-0.012436224489795977,-0.02425960932577187,3.14425,3.1744999999999997,3.2104999999999997,0.04290590479948733,0.051035001994495795,-0.3540000000000001,-0.0030000000000001137,-0.03100000000000014
2025-06-11,23,6,2025,131.0,113.0,131.18,116.32,125.89,2025-06-09,3.471,3.109,2,0.020000000000000018,-0.016000000000000014,-0.004999999999999893,0.005795421616922702,-0.0014384349827387677,3.48625,3.49575,3.5285833333333336,0.036289346462406856,0.0304712979705806,0.01200000000000001,-0.027000000000000135,-0.03399999999999981,0.003874717468517863,-0.010817690104995115,3.13575,3.15475,3.1991666666666667,0.04645696933718604,0.03936187422956139,-0.3620000000000001,-0.008000000000000007,-0.028999999999999915
2025-06-18,24,6,2025,135.0,113.0,130.88,117.59,128.27,2025-06-16,3.571,3.212,2,0.10000000000000009,0.1200000000000001,0.03500000000000014,0.028810141169691716,0.009898190045248834,3.495,3.500375,3.528916666666667,0.05276362383310811,0.038781208630845145,0.1030000000000002,0.11500000000000021,0.01100000000000012,0.03312962367320682,0.0034364261168384758,3.1384999999999996,3.156875,3.1947499999999995,0.0516430053346643,0.04220168412354922,-0.359,0.0030000000000001137,-0.02400000000000002
2025-06-25,25,6,2025,142.0,112.0,127.82,121.41,129.45,2025-06-23,3.775,3.436,2,0.20399999999999974,0.3039999999999998,0.2879999999999998,0.05712685522262673,0.08259248637797523,3.567,3.533,3.544166666666667,0.1482700239428051,0.10504828821620757,0.22399999999999975,0.32699999999999996,0.2999999999999998,0.06973848069738464,0.09566326530612246,3.2135,3.1885000000000003,3.2075833333333335,0.157057314379159,0.10803041899658762,-0.33899999999999997,0.020000000000000018,0.01200000000000001
2025-07-02,26,6,2025,141.0,113.0,134.55,121.41,129.45,2025-06-30,3.727,3.369,2,-0.04800000000000004,0.1559999999999997,0.2759999999999998,-0.012715231788079429,0.07997681831353232,3.636,3.56175,3.5514999999999994,0.14029967925835876,0.12362009776505445,-0.06699999999999973,0.15700000000000003,0.27200000000000024,-0.01949941792782295,0.08782692928640623,3.2815000000000003,3.212875,3.2101666666666664,0.14845088974694187,0.12496335177051422,-0.35799999999999965,-0.018999999999999684,-0.0039999999999995595
2025-07-09,27,7,2025,141.0,114.0,144.33,122.68,133.02,2025-07-07,3.739,3.383,2,0.01200000000000001,-0.03600000000000003,0.2679999999999998,0.0032197477864233104,0.07721117833477376,3.703,3.594625,3.564833333333333,0.09033271832507178,0.1322291706524781,0.01399999999999979,-0.052999999999999936,0.274,0.004155535767289997,0.08813123190736571,3.35,3.242875,3.2198333333333333,0.09641922353274106,0.1342550211883819,-0.35599999999999987,0.0019999999999997797,0.006000000000000227
2025-07-16,28,7,2025,142.0,114.0,168.19,123.95,134.2,2025-07-14,3.758,3.403,2,0.019000000000000128,0.03100000000000014,0.18699999999999983,0.005081572612998242,0.05236628395407439,3.74975,3.622375,3.5834999999999995,0.021124630174175766,0.14116144506005396,0.020000000000000018,0.03399999999999981,0.19099999999999984,0.005911912503695049,0.059464508094644986,3.39775,3.2681250000000004,3.2371666666666665,0.029067450295051287,0.14390317925607932,-0.355,0.0009999999999998899,0.0040000000000000036
2025-07-23,29,7,2025,144.0,114.0,182.56,134.12,140.14,2025-07-21,3.812,3.476,2,0.053999999999999826,0.07299999999999995,0.03699999999999992,0.014369345396487487,0.009801324503311282,3.759,3.6630000000000003,3.608333333333334,0.03756771663714482,0.14338459769848919,0.07299999999999995,0.09299999999999997,0.040000000000000036,0.021451660299735442,0.011641443538998875,3.40775,3.310625,3.261583333333333,0.047591140632001726,0.14940925339485345,-0.33599999999999985,0.019000000000000128,0.0030000000000001137
2025-07-30,30,7,2025,144.0,113.0,183.17,138.57,140.14,2025-07-28,3.805,3.454,2,-0.006999999999999673,0.04700000000000015,0.07800000000000029,-0.001836306400839316,0.020928360611752073,3.7784999999999997,3.70725,3.6340000000000003,0.03561366778820113,0.12157860479077974,-0.021999999999999797,0.051000000000000156,0.08499999999999996,-0.006329113924050556,0.02523003858711781,3.429,3.3552500000000003,3.2849166666666663,0.043305119019822404,0.1283140678180213,-0.351,-0.015000000000000124,0.006999999999999673
2025-08-06,31,8,2025,143.0,113.0,172.16,138.57,136.58,2025-08-04,3.8,3.442,2,-0.0050000000000003375,-0.01200000000000001,0.06099999999999994,-0.0013140604467806183,0.016314522599625514,3.79375,3.748375,3.661,0.024336187047166356,0.07812798565733833,-0.01200000000000001,-0.03399999999999981,0.05900000000000016,-0.00347423277359582,0.01744014188590004,3.44375,3.396875,3.309833333333333,0.03059820256137906,0.08304635108527894,-0.35799999999999965,-0.006999999999999673,-0.0019999999999997797
2025-08-13,32,8,2025,142.0,112.0,170.63,137.3,136.58,2025-08-11,3.754,3.397,2,-0.04599999999999982,-0.051000000000000156,-0.0040000000000000036,-0.01210526315789473,-0.001064395955295394,3.79275,3.7712499999999998,3.679166666666667,0.02629797203831554,0.031873634424788425,-0.04500000000000037,-0.057000000000000384,-0.006000000000000227,-0.013073794305636377,-0.0017631501616222067,3.44225,3.42,3.326166666666667,0.03329038900324296,0.037454734585433254,-0.3570000000000002,0.0009999999999994458,-0.002000000000000224
2025-08-20,33,8,2025,140.0,111.0,176.14,136.03,136.58,2025-08-18,3.713,3.34,2,-0.040999999999999925,-0.08699999999999974,-0.09899999999999975,-0.010921683537559956,-0.025970619097586467,3.768,3.7635,3.698,0.04325891045008644,0.03781534080259447,-0.05699999999999994,-0.10200000000000031,-0.13600000000000012,-0.016779511333529618,-0.03912543153049486,3.40825,3.408,3.343166666666667,0.051693810074208535,0.04600000000008746,-0.3730000000000002,-0.016000000000000014,-0.037000000000000366
2025-08-27,34,8,2025,140.0,110.0,178.28,135.39,135.39,2025-08-25,3.708,3.328,2,-0.004999999999999893,-0.04599999999999982,-0.09699999999999998,-0.001346619983840558,-0.025492772667542685,3.7437500000000004,3.761125,3.719416666666667,0.04278921203600824,0.040905596892835884,-0.01200000000000001,-0.06899999999999995,-0.12600000000000033,-0.003592814371257469,-0.03647944412275628,3.37675,3.402875,3.362416666666667,0.05289848769094784,0.052753977507531774,-0.38000000000000034,-0.007000000000000117,-0.02900000000000036
2025-09-03,35,8,2025,141.0,111.0,187.45,142.38,138.95,2025-09-01,3.734,3.367,2,0.0259999999999998,0.020999999999999908,-0.06599999999999984,0.007011866235167252,-0.01736842105263159,3.7272499999999997,3.7605,3.7413333333333334,0.02109304782772863,0.04132795663974108,0.039000000000000146,0.027000000000000135,-0.07500000000000018,0.01171875,-0.021789657176060517,3.358,3.400875,3.3839166666666665,0.030692018506281855,0.05390583721381479,-0.367,0.013000000000000345,-0.009000000000000341
2025-09-10,36,9,2025,142.0,113.0,203.66,142.38,138.95,2025-09-08,3.766,3.404,2,0.03200000000000003,0.05799999999999983,0.01200000000000001,0.008569898232458462,0.003196590303676139,3.73025,3.7615,3.7575833333333333,0.026361272098720447,0.041355600760985774,0.03699999999999992,0.07600000000000007,0.007000000000000117,0.01098901098901095,0.002060641742714253,3.35975,3.4010000000000002,3.3999166666666665,0.03370830758121648,0.05391262772838514,-0.3620000000000001,0.004999999999999893,-0.004999999999999893
2025-09-17,37,9,2025,141.0,114.0,219.25,145.56,141.33,2025-09-15,3.739,3.389,2,-0.027000000000000135,0.004999999999999893,0.0259999999999998,-0.0071694105151354215,0.007002423915970946,3.73675,3.7523750000000002,3.754583333333333,0.0237679756534423,0.03637478522295633,-0.015000000000000124,0.021999999999999797,0.04899999999999993,-0.004406580493537038,0.014670658682634619,3.372,3.390125,3.3960000000000004,0.033035334617994,0.04459159914483521,-0.3500000000000001,0.01200000000000001,0.02300000000000013
2025-09-24,38,9,2025,141.0,121.0,213.14,147.47,141.33,2025-09-22,3.749,3.4,2,0.010000000000000231,-0.016999999999999904,0.040999999999999925,0.0026745119015780805,0.011057173678532983,3.7470000000000003,3.7453749999999997,3.756416666666667,0.014118545722880254,0.029548688634457154,0.01100000000000012,-0.0040000000000000036,0.07200000000000006,0.0032457952198288176,0.02163461538461542,3.39,3.3833749999999996,3.3985833333333333,0.01659317128587095,0.03697851692934192,-0.3490000000000002,0.0009999999999998899,0.03100000000000014
2025-10-01,39,9,2025,142.0,122.0,203.05,145.56,141.33,2025-09-29,3.754,3.413,2,0.004999999999999893,0.015000000000000124,0.020000000000000018,0.0013336889837289867,0.005356186395286455,3.7520000000000002,3.739625,3.7576666666666667,0.011224972160126245,0.02048649380903043,0.0129999999999999,0.02400000000000002,0.04599999999999982,0.003823529411764781,0.013662013662013583,3.4014999999999995,3.3797499999999996,3.4010833333333337,0.009949874370490629,0.031413145565091054,-0.3410000000000002,0.008000000000000007,0.0259999999999998
2025-10-08,40,10,2025,140.0,124.0,185.92,143.66,140.14,2025-10-06,3.711,3.364,2,-0.04300000000000015,-0.038000000000000256,-0.05500000000000016,-0.011454448588172683,-0.014604354753053661,3.7382500000000003,3.73425,3.75375,0.019207203509688627,0.021776461735787535,-0.04899999999999993,-0.03600000000000003,-0.040000000000000036,-0.014356870788162834,-0.011750881316098694,3.3914999999999997,3.375625,3.3978333333333333,0.02079262689806647,0.030988188994368778,-0.347,-0.005999999999999783,0.015000000000000124
2025-10-15,41,10,2025,138.0,124.0,196.01,143.02,138.95,2025-10-13,3.665,3.299,2,-0.04599999999999982,-0.08899999999999997,-0.07399999999999984,-0.012395580706009102,-0.019791388071676908,3.71975,3.72825,3.7415,0.041242170974174285,0.03245986532872092,-0.06499999999999995,-0.11399999999999988,-0.08999999999999986,-0.01932223543400713,-0.026556506344054265,3.3689999999999998,3.3705,3.3830833333333334,0.05106205375151797,0.03984613263193951,-0.3660000000000001,-0.019000000000000128,-0.016000000000000014
2025-10-22,42,10,2025,137.0,126.0,193.87,144.93,141.33,2025-10-20,3.62,3.256,2,-0.04499999999999993,-0.09099999999999975,-0.129,-0.012278308321964526,-0.03440917578020808,3.6875,3.71725,3.7260833333333334,0.057841738102029465,0.050306915173775016,-0.04300000000000015,-0.1080000000000001,-0.14400000000000013,-0.013034252803880042,-0.04235294117647059,3.3329999999999997,3.3615,3.3665833333333333,0.06939260287180507,0.05576737397446439,-0.3640000000000003,0.0019999999999997797,-0.015000000000000124
2025-10-29,43,10,2025,140.0,130.0,184.7,145.56,142.52,2025-10-27,3.718,3.35,2,0.09799999999999986,0.052999999999999936,-0.03600000000000003,0.02707182320441981,-0.009589770911028195,3.6785,3.7152499999999997,3.71925,0.045537530309229315,0.04986195228558482,0.0940000000000003,0.051000000000000156,-0.06299999999999972,0.028869778869778928,-0.018458833870495073,3.31725,3.359375,3.358916666666667,0.049473056640201206,0.05585168497273352,-0.3679999999999999,-0.0039999999999995595,-0.02699999999999969
2025-11-05,44,11,2025,142.0,130.0,184.7,144.93,141.33,2025-11-03,3.753,3.374,2,0.03500000000000014,0.133,0.04200000000000026,0.009413663259817184,0.011317704122878025,3.689,3.713625,3.7191666666666663,0.05852065162541969,0.04815432779854699,0.02400000000000002,0.11800000000000033,0.010000000000000231,0.0071641791044776415,0.0029726516052319685,3.31975,3.355625,3.3569999999999993,0.05276599283621181,0.053379871808514515,-0.379,-0.01100000000000012,-0.03200000000000003
2025-11-12,45,11,2025,145.0,137.0,171.55,142.38,135.39,2025-11-10,3.837,3.436,2,0.08400000000000007,0.11900000000000022,0.17200000000000015,0.022382094324540303,0.046930422919508885,3.732,3.7258750000000003,3.7295000000000003,0.08982575725627207,0.06503721462155408,0.06199999999999983,0.08599999999999985,0.137,0.018375815056312916,0.04152773567747792,3.354,3.3615,3.3649999999999998,0.07470832171400602,0.05978055106572747,-0.40100000000000025,-0.02200000000000024,-0.03500000000000014
2025-11-19,46,11,2025,146.0,121.0,164.82,143.66,138.95,2025-11-17,3.868,3.49,2,0.030999999999999694,0.11499999999999977,0.24799999999999978,0.008079228563982133,0.06850828729281755,3.794,3.7407500000000002,3.742833333333333,0.07019496658114376,0.08237848193387813,0.05400000000000027,0.1160000000000001,0.23400000000000043,0.015715948777648592,0.07186732186732203,3.4125,3.37275,3.3784999999999994,0.06310573138251072,0.0746740536312455,-0.37799999999999967,0.023000000000000576,-0.013999999999999346
2025-11-26,47,11,2025,145.0,122.0,164.52,144.93,141.33,2025-11-24,3.831,3.459,2,-0.03699999999999992,-0.006000000000000227,0.11299999999999999,-0.0095656670113754,0.030392684238838008,3.82225,3.750375,3.750916666666667,0.04893107397139245,0.08842420079214972,-0.03100000000000014,0.02300000000000013,0.10899999999999999,-0.008882521489971373,0.032537313432835724,3.43975,3.3785000000000003,3.3861666666666665,0.049101086206458776,0.07981048982259269,-0.3719999999999999,0.005999999999999783,-0.0040000000000000036
2025-12-03,48,11,2025,142.0,124.0,162.45,,,2025-12-01,3.758,3.415,2,-0.07299999999999995,-0.10999999999999988,0.004999999999999893,-0.019055077003393373,0.00133226751931792,3.8235,3.75625,3.75025,0.046579680834678644,0.0869839886745284,-0.04400000000000004,-0.07500000000000018,0.040999999999999925,-0.012720439433362207,0.012151748666271445,3.45,3.384875,3.3870833333333334,0.032155870381426775,0.08052051646280282,-0.34299999999999997,0.028999999999999915,0.03600000000000003
2025-12-10,49,12,2025,138.0,125.0,167.27,144.93,141.33,2025-12-08,3.665,3.327,2,-0.09299999999999997,-0.16599999999999993,-0.17200000000000015,-0.024747205960617302,-0.04482668751628882,3.7805,3.7562499999999996,3.7440833333333337,0.08954142430552212,0.0869839886745284,-0.08800000000000008,-0.13200000000000012,-0.10899999999999999,-0.02576866764275254,-0.03172293364377188,3.42275,3.388375,3.3819166666666667,0.07086313098728639,0.07677599606280938,-0.3380000000000001,0.004999999999999893,0.06300000000000017
2025-12-17,50,12,2025,136.0,122.0,184.39,142.38,140.14,2025-12-15,3.607,3.267,2,-0.05799999999999983,-0.1509999999999998,-0.2609999999999997,-0.015825375170532063,-0.06747673216132355,3.71525,3.7546250000000003,3.73225,0.09911062842431728,0.08996338540929795,-0.06000000000000005,-0.14800000000000013,-0.2230000000000003,-0.01803426510369699,-0.06389684813753593,3.367,3.3897500000000003,3.3708333333333336,0.08634813257963193,0.07411911263062188,-0.3400000000000003,-0.002000000000000224,0.03799999999999937
2025-12-24,51,12,2025,134.0,129.0,182.25,137.94,133.02,2025-12-22,3.544,3.214,2,-0.06300000000000017,-0.121,-0.2869999999999999,-0.017466038258940997,-0.07491516575306711,3.6435,3.7328750000000004,3.71475,0.09093037629599637,0.11704143039363156,-0.052999999999999936,-0.11299999999999999,-0.2450000000000001,-0.016222834404652553,-0.07082971957213069,3.30575,3.37275,3.35425,0.0862298285590601,0.09669650606781045,-0.33000000000000007,0.010000000000000231,0.041999999999999815
2025-12-31,52,12,2025,132.0,125.0,178.89,,,2025-12-29,3.5,3.184,2,-0.04400000000000004,-0.1070000000000002,-0.258,-0.01241534988713322,-0.06865353911655137,3.5789999999999997,3.7012500000000004,3.6971666666666665,0.0722172647871207,0.14228517641900326,-0.029999999999999805,-0.08299999999999974,-0.23099999999999987,-0.009334163036714305,-0.0676427525622254,3.2479999999999998,3.349,3.33925,0.06285963198529428,0.11745150975132139,-0.31599999999999984,0.014000000000000234,0.027000000000000135
2026-01-07,1,1,2026,131.0,124.0,187.76,127.13,125.89,2026-01-05,3.477,3.172,2,-0.02300000000000013,-0.06700000000000017,-0.18800000000000017,-0.006571428571428561,-0.051296043656207435,3.532,3.65625,3.6815,0.05720722565085313,0.14994070256514455,-0.01200000000000001,-0.041999999999999815,-0.1549999999999998,-0.0037688442211055717,-0.046588518184550565,3.20925,3.316,3.328666666666667,0.04235858826725071,0.1262718156540831,-0.3049999999999997,0.01100000000000012,0.03300000000000036
2026-01-14,2,1,2026,131.0,120.0,195.71,124.59,130.64,2026-01-12,3.459,3.16,2,-0.017999999999999794,-0.040999999999999925,-0.14800000000000013,-0.0051768766177738845,-0.04103132797338516,3.495,3.605125,3.668083333333333,0.0367241972910034,0.13655709167131694,-0.01200000000000001,-0.02400000000000002,-0.10699999999999976,-0.003783102143757877,-0.03275176002448721,3.1825,3.27475,3.3206666666666664,0.02317326045241146,0.11467936668321854,-0.29899999999999993,0.005999999999999783,0.04100000000000037
2026-01-21,3,1,2026,133.0,122.0,201.21,125.22,130.64,2026-01-19,3.53,3.248,2,0.07099999999999973,0.052999999999999936,-0.014000000000000234,0.020526163631107153,-0.003950338600451575,3.4915000000000003,3.5675,3.652416666666667,0.03066485501898376,0.10270206563515621,0.08800000000000008,0.07600000000000007,0.03400000000000025,0.02784810126582271,0.010578718108276375,3.191,3.248375,3.3121666666666667,0.03924283374063394,0.08722866091899507,-0.2819999999999996,0.017000000000000348,0.04800000000000049
2026-01-28,4,1,2026,137.0,125.0,218.03,129.04,135.39,2026-01-26,3.624,3.325,2,0.0940000000000003,0.16500000000000004,0.12400000000000011,0.026628895184136026,0.035428571428571365,3.5225,3.5507500000000003,3.641666666666667,0.07407428703673902,0.0741537977065175,0.07699999999999996,0.16500000000000004,0.14100000000000001,0.0237068965517242,0.04428391959799005,3.2262500000000003,3.237125,3.308083333333333,0.07649999999996045,0.06585359844820984,-0.29899999999999993,-0.017000000000000348,0.016999999999999904
2026-02-04,5,2,2026,139.0,124.0,225.06,131.58,137.77,2026-02-02,3.681,3.379,2,0.05699999999999994,0.15100000000000025,0.20400000000000018,0.01572847682119205,0.05867126833477143,3.5735,3.5527499999999996,3.6286666666666663,0.09850380703302769,0.07780148731602032,0.053999999999999826,0.13099999999999978,0.20699999999999985,0.016240601503759278,0.06525851197982346,3.278,3.243625,3.3033333333333332,0.09527853903158001,0.07752407460178959,-0.30200000000000005,-0.0030000000000001137,0.0029999999999996696
2026-02-11,6,2,2026,139.0,118.0,217.42,136.66,142.52,2026-02-09,3.688,3.377,2,0.007000000000000117,0.06400000000000006,0.2290000000000001,0.001901657158380976,0.06620410523272624,3.63075,3.562875,3.613666666666667,0.07302682155663938,0.0901592836516852,-0.002000000000000224,0.0519999999999996,0.21699999999999964,-0.0005918910920391651,0.06867088607594929,3.33225,3.257375,3.2939166666666666,0.06147831596037671,0.0908687239923991,-0.3110000000000004,-0.009000000000000341,-0.012000000000000455
2026-02-18,7,2,2026,140.0,116.0,225.98,137.94,143.71,2026-02-16,3.711,3.412,2,0.022999999999999687,0.029999999999999805,0.18100000000000005,0.00623644251626887,0.051274787535410704,3.6759999999999997,3.5837499999999998,3.603666666666667,0.036959437225117964,0.10350948886806564,0.03500000000000014,0.03299999999999992,0.1639999999999997,0.010364228605270975,0.05049261083743839,3.3732499999999996,3.282125,3.2899999999999996,0.03594787893588797,0.1034593605514808,-0.29899999999999993,0.012000000000000455,-0.017000000000000348
2026-02-25,8,2,2026,144.0,119.0,230.26,137.94,144.89,2026-02-23,3.809,3.489,2,0.09800000000000031,0.121,0.18500000000000005,0.026407976286715318,0.05104856512141276,3.7222500000000003,3.622375,3.607916666666666,0.059236109482839534,0.12351279575129158,0.07699999999999996,0.1120000000000001,0.1639999999999997,0.02256740914419697,0.04932330827067655,3.41425,3.3202499999999997,3.2961666666666667,0.052353764589135356,0.11739280824896718,-0.3200000000000003,-0.02100000000000035,-0.02100000000000035
2026-03-04,9,3,2026,147.0,119.0,208.86,138.57,148.46,2026-03-02,3.897,3.598,2,0.08799999999999963,0.18599999999999994,0.21599999999999975,0.023103176686794402,0.05867970660146682,3.77625,3.674875,3.62725,0.09608806724386525,0.14092696943559502,0.10899999999999999,0.18599999999999994,0.21899999999999986,0.031241043278876557,0.06481207457827765,3.469,3.3735000000000004,3.31875,0.09790131085257663,0.135725563441219,-0.29899999999999993,0.02100000000000035,0.0030000000000001137
2026-03-11,10,3,2026,183.0,120.0,185.92,147.47,156.77,2026-03-09,4.859,4.627,2,0.9620000000000002,1.0499999999999998,1.1709999999999998,0.24685655632537862,0.31751626898047713,4.069,3.849875,3.731583333333333,0.5321177814481685,0.4225049238935614,1.029,1.138,1.25,0.2859922178988328,0.3701510216168198,3.7815,3.5568750000000002,3.4320833333333334,0.568808403594722,0.44491072539492443,-0.2320000000000002,0.06699999999999973,0.07900000000000018
2026-03-18,11,3,2026,191.0,120.0,189.29,153.22,160.33,2026-03-16,5.071,4.835,2,0.21199999999999974,1.174,1.3599999999999999,0.04363037662070379,0.36647803826461867,4.409,4.0425,3.8588333333333336,0.6488163581990246,0.5783676537092687,0.20800000000000018,1.237,1.423,0.04495353360708876,0.41705744431418523,4.13725,3.75525,3.5671666666666666,0.6922737295800204,0.610503012745588,-0.23599999999999977,-0.0039999999999995595,0.06300000000000017
2026-03-25,12,3,2026,203.0,121.0,188.98,158.28,162.71,2026-03-23,5.375,5.134,2,0.30400000000000027,0.516,1.5659999999999998,0.05994872806152629,0.4111315305854555,4.8004999999999995,4.261375,4.015083333333334,0.6384760501903225,0.7130145134768274,0.2990000000000004,0.5070000000000006,1.6450000000000005,0.06184074457083777,0.471481799942677,4.5485,3.981375,3.7296666666666667,0.6669595190114249,0.7479279830686615,-0.24099999999999966,-0.004999999999999893,0.07900000000000063
2026-04-01,13,3,2026,204.0,123.0,186.84,155.73,161.52,2026-03-30,5.401,5.105,2,0.0259999999999998,0.33000000000000007,1.504,0.004837209302325451,0.38593790094944835,5.1765,4.476375,4.175416666666666,0.2593189798940534,0.7700498940235909,-0.028999999999999915,0.27000000000000046,1.5070000000000006,-0.00564861706271913,0.41884380211228467,4.92525,4.197125,3.89075,0.24012826433652543,0.7966955750383765,-0.2959999999999994,-0.054999999999999716,0.0030000000000005578
2026-04-08,14,4,2026,213.0,127.0,185.31,161.45,161.52,2026-04-06,5.643,5.415,2,0.242,0.2679999999999998,0.7839999999999998,0.044806517311609007,0.16135007203128215,5.3725,4.72075,4.3574166666666665,0.23444331226678386,0.7939560531199118,0.3099999999999996,0.2809999999999997,0.7880000000000003,0.06072477962781586,0.17030473308839422,5.12225,4.451875,4.078666666666667,0.2371010684636383,0.8224094283610569,-0.22799999999999976,0.06799999999999962,0.004000000000000448
2026-04-15,15,4,2026,212.0,125.0,186.84,164.63,165.08,2026-04-13,5.608,5.31,2,-0.03500000000000014,0.20699999999999985,0.5369999999999999,-0.00620237462342732,0.10589627292447257,5.50675,4.957875,4.530583333333333,0.1382711707718472,0.7300053693540566,-0.10500000000000043,0.20499999999999918,0.47499999999999964,-0.01939058171745156,0.09824198552223362,5.241,4.689125000000001,4.2505,0.14717563204075218,0.7501655888630893,-0.29800000000000004,-0.07000000000000028,-0.06200000000000028
2026-04-22,16,4,2026,204.0,130.0,186.23,170.35,168.65,2026-04-20,5.403,5.069,2,-0.20500000000000007,-0.2400000000000002,0.02799999999999958,-0.036554921540656204,0.005209302325581255,5.51375,5.157125000000001,4.678833333333333,0.12982905427246955,0.5720855174584972,-0.24099999999999966,-0.3460000000000001,-0.06500000000000039,-0.04538606403013179,-0.012660693416439495,5.22475,4.8866249999999996,4.395833333333333,0.16538918747385536,0.5770855191638353,-0.33399999999999963,-0.03599999999999959,-0.09299999999999997
2026-04-29,17,4,2026,202.0,128.0,186.53,169.08,166.27,2026-04-27,5.351,5.012,2,-0.0519999999999996,-0.2569999999999997,-0.04999999999999982,-0.009624282805848483,-0.009257544899092696,5.50125,5.338875,4.8180000000000005,0.14573577689303854,0.260872403129061,-0.057000000000000384,-0.29800000000000004,-0.09300000000000086,-0.011244821463799681,-0.018217433888344958,5.201499999999999,5.063375,4.531916666666667,0.19219868192384384,0.24969520705971757,-0.3390000000000004,-0.005000000000000782,-0.04300000000000104
2026-05-06,18,5,2026,213.0,131.0,183.78,170.99,169.83,2026-05-04,5.64,5.178,2,0.2889999999999997,0.2370000000000001,-0.0030000000000001137,0.05400859652401424,-0.0005316321105794941,5.5005,5.4365000000000006,4.980666666666667,0.14476762989915085,0.1929218938920738,0.16600000000000037,0.10899999999999999,-0.2370000000000001,0.03312051077414213,-0.04376731301939063,5.14225,5.132249999999999,4.6819999999999995,0.1313376691329062,0.1777636874377135,-0.46199999999999974,-0.12299999999999933,-0.23399999999999999
2026-05-13,19,5,2026,213.0,135.0,182.25,172.9,172.21,2026-05-11,5.639,5.152,2,-0.0009999999999994458,0.28800000000000026,0.031000000000000583,-0.00017730496453893796,0.005527817403709001,5.508249999999999,5.507499999999999,5.141333333333333,0.15303458214823226,0.13502380742475512,-0.0259999999999998,0.14000000000000057,-0.15799999999999947,-0.005021243723445257,-0.02975517890772117,5.10275,5.171875,4.827,0.07629493211609358,0.13129621635293365,-0.4870000000000001,-0.025000000000000355,-0.18900000000000006
2026-05-20,20,5,2026,211.0,138.0,182.86,183.07,176.96,2026-05-18,5.596,5.122,2,-0.04300000000000015,-0.043999999999999595,0.1930000000000005,-0.007625465508068863,0.03572089579863058,5.5565,5.535125,5.29025,0.1385267723821507,0.1263729599243815,-0.03000000000000025,-0.05600000000000005,0.052999999999999936,-0.005822981366459645,0.010455711185638261,5.116,5.170375,4.963083333333333,0.07301141463222673,0.13185808117613987,-0.4740000000000002,0.0129999999999999,-0.14000000000000057
2026-05-27,21,5,2026,208.0,129.0,178.58,180.52,176.96,2026-05-25,5.523,5.045,2,-0.0730000000000004,-0.11600000000000055,0.1719999999999997,-0.01304503216583286,0.032143524574845816,5.5995,5.550375,5.42575,0.05496968861668414,0.11469703882112807,-0.07699999999999996,-0.1070000000000002,0.03300000000000036,-0.015033190160093746,0.006584197924980106,5.12425,5.162875,5.083666666666667,0.057575312996098076,0.13768539449472375,-0.47799999999999976,-0.0039999999999995595,-0.13899999999999935
2026-06-03,22,5,2026,202.0,128.0,175.52,183.7,176.96,2026-06-01,5.35,4.9,2,-0.17300000000000004,-0.24600000000000044,-0.29000000000000004,-0.03132355603838499,-0.0514184397163121,5.527,5.51375,5.466666666666666,0.12734467663242544,0.12701377878029182,-0.14499999999999957,-0.22199999999999953,-0.2779999999999996,-0.02874132804757179,-0.0536886828891463,5.05475,5.0985,5.106416666666666,0.11257997157547213,0.12252346714007115,-0.4499999999999993,0.02800000000000047,0.012000000000000455
2026-06-10,23,6,2026,197.0,128.0,170.63,182.43,176.96,2026-06-08,5.21,4.786,2,-0.13999999999999968,-0.3129999999999997,-0.42900000000000027,-0.0261682242990654,-0.07607731867352374,5.4197500000000005,5.464,5.478249999999999,0.17376684570601958,0.15879366666047015,-0.11400000000000077,-0.25900000000000034,-0.36600000000000055,-0.023265306122449148,-0.07104037267080754,4.9632499999999995,5.0329999999999995,5.102333333333333,0.1497806729853256,0.13292640283800677,-0.4240000000000004,0.025999999999998913,0.06299999999999972
2026-06-17,24,6,2026,191.0,125.0,169.1,183.07,175.77,2026-06-15,5.059,4.646,2,-0.1509999999999998,-0.2909999999999995,-0.5369999999999999,-0.0289827255278311,-0.09596140100071482,5.2855,5.420999999999999,5.4519166666666665,0.19796380140475917,0.21448276654058762,-0.13999999999999968,-0.25400000000000045,-0.476,-0.029251984956121913,-0.09293244826239755,4.84425,4.980125,5.0616666666666665,0.1694154164569273,0.18890393439151681,-0.41300000000000026,0.01100000000000012,0.06099999999999994
2026-06-24,25,6,2026,182.0,123.0,169.41,181.8,174.58,2026-06-22,4.832,4.415,2,-0.2270000000000003,-0.3780000000000001,-0.6909999999999998,-0.04487052777228706,-0.12511316313597676,5.11275,5.356125,5.4045,0.22170156366903285,0.30008829057946096,-0.23099999999999987,-0.37099999999999955,-0.6299999999999999,-0.04972018941024536,-0.12487611496531215,4.68675,4.9055,5.004166666666666,0.2088338653889228,0.27349379726582396,-0.4169999999999998,-0.0039999999999995595,0.06099999999999994
2026-07-01,26,6,2026,176.0,122.0,169.41,176.71,171.02,2026-06-29,4.668,4.283,2,-0.1639999999999997,-0.391,-0.6819999999999995,-0.0339403973509933,-0.12747663551401855,4.94225,5.234625,5.32325,0.23992273061682215,0.3596037253502218,-0.13199999999999967,-0.36299999999999955,-0.617,-0.029898074745186798,-0.12591836734693873,4.5325,4.7936250000000005,4.909833333333333,0.22598008761824512,0.3244146101607258,-0.3849999999999998,0.03200000000000003,0.0649999999999995
2026-07-08,27,7,2026,173.0,122.0,176.75,171.62,169.83,2026-07-06,4.578,4.225,2,-0.08999999999999986,-0.25399999999999956,-0.6319999999999997,-0.019280205655527016,-0.12130518234165066,4.78425,5.102,5.237416666666667,0.2112034958674609,0.38398772301808326,-0.05800000000000072,-0.1900000000000004,-0.5609999999999999,-0.013541909876255143,-0.11721688257417462,4.392250000000001,4.6777500000000005,4.819416666666666,0.18691776266570856,0.3431366866342131,-0.35300000000000065,0.03199999999999914,0.07099999999999973
2026-07-15,28,7,2026,181.0,122.0,204.58,174.17,166.27,2026-07-13,4.796,4.546,2,0.21799999999999997,0.1280000000000001,-0.2629999999999999,0.04761904761904767,-0.05198655860842061,4.7185,5.002,5.186833333333333,0.11715943552827955,0.33842618946281994,0.3210000000000006,0.2629999999999999,-0.09999999999999964,0.07597633136094695,-0.02152389151958667,4.36725,4.6057500000000005,4.775833333333334,0.14325356307362222,0.2934347092139039,-0.25,0.10300000000000065,0.16300000000000026
2026-07-22,29,7,2026,194.0,121.0,209.77,176.71,173.4,2026-07-20,5.134,4.942,2,0.3380000000000001,0.556,0.3020000000000005,0.07047539616346965,0.0625,4.7940000000000005,4.953375,5.16875,0.24367738234525646,0.27484901699459463,0.3959999999999999,0.7170000000000005,0.5270000000000001,0.08710954685437744,0.11936579841449602,4.4990000000000006,4.592875,4.7700000000000005,0.32669557695192475,0.27295339084072257,-0.19200000000000017,0.05799999999999983,0.22499999999999964
2026-07-29,30,7,2026,200.0,122.0,230.26,177.35,172.21,2026-07-27,5.313,5.087,2,0.17899999999999938,0.5169999999999995,0.6449999999999996,0.034865601869886964,0.1381748071979434,4.95525,4.94875,5.141500000000001,0.3304616720084669,0.267432635042457,0.14499999999999957,0.5409999999999995,0.8039999999999994,0.029340348037231845,0.18771888862946517,4.7,4.61625,4.762416666666666,0.3905867381260468,0.3086809494793102,-0.22599999999999998,-0.03399999999999981,0.1589999999999998
2026-08-05,31,8,2026,202.0,122.0,230.26,176.71,172.21,2026-08-03,5.348,5.141,2,0.03500000000000014,0.21399999999999952,0.7699999999999996,0.006587615283267567,0.16819571865443406,5.14775,4.966,5.11725,0.2525369609911111,0.2901748241516942,0.05400000000000027,0.19899999999999984,0.9160000000000004,0.010615293886377053,0.21680473372781073,4.929,4.660625,4.761500000000001,0.2688035218022109,0.35812644913696173,-0.20699999999999985,0.019000000000000128,0.1460000000000008
2026-08-12,32,8,2026,198.0,122.0,218.34,181.8,174.58,2026-08-10,5.257,5.044,2,-0.09100000000000019,-0.05600000000000005,0.4609999999999994,-0.017015706806282727,0.09612176814011653,5.263,4.99075,5.0889999999999995,0.09381186847421095,0.3071857279051389,-0.09700000000000042,-0.04300000000000015,0.49799999999999933,-0.018867924528301994,0.10954685437747447,5.0535,4.710374999999999,4.755,0.08426347567759217,0.38261205174808316,-0.21300000000000008,-0.006000000000000227,0.03699999999999992
2026-08-19,33,8,2026,206.0,125.0,211.61,184.97,173.4,2026-08-17,5.454,5.237,2,0.19700000000000006,0.10599999999999987,0.3199999999999994,0.037473844397945655,0.062329567588624624,5.343,5.0685,5.0832500000000005,0.08294978400586946,0.3383953731531636,0.1930000000000005,0.09600000000000009,0.29499999999999993,0.03826328310864402,0.0596924322136787,5.12725,4.813124999999999,4.771,0.08323610995194808,0.40184767458758597,-0.21699999999999964,-0.0039999999999995595,-0.024999999999999467
2026-08-26,34,8,2026,213.0,128.0,195.1,185.61,174.58,2026-08-24,5.652,5.481,2,0.1980000000000004,0.39500000000000046,0.3390000000000004,0.03630363036303641,0.06380575945793354,5.42775,5.1915000000000004,5.108416666666667,0.16979669215452362,0.35063615655798713,0.24399999999999977,0.4370000000000003,0.39400000000000013,0.04659156005346565,0.07745232946726954,5.22575,4.9628749999999995,4.819416666666666,0.18752310968677038,0.3992841585709825,-0.17100000000000026,0.045999999999999375,0.054999999999999716
