Date,Week,Month,Year,Truck,Rail,Barge,Gulf_Vessel,Pacific_Vessel,Gulf_Vessel_lag_1,Gulf_Vessel_lag_2,Gulf_Vessel_lag_4,Gulf_Vessel_lag_8,Gulf_Vessel_lag_13,Gulf_Vessel_lag_26,Gulf_Vessel_lag_52,Pacific_Vessel_lag_1,Pacific_Vessel_lag_2,Pacific_Vessel_lag_4,Pacific_Vessel_lag_8,Pacific_Vessel_lag_13,Pacific_Vessel_lag_26,Pacific_Vessel_lag_52,Gulf_Vessel_rolling_mean_4,Gulf_Vessel_rolling_std_4,Gulf_Vessel_rolling_mean_8,Gulf_Vessel_rolling_std_8,Gulf_Vessel_rolling_mean_13,Gulf_Vessel_rolling_std_13,Gulf_Vessel_rolling_mean_26,Gulf_Vessel_rolling_std_26,Pacific_Vessel_rolling_mean_4,Pacific_Vessel_rolling_std_4,Pacific_Vessel_rolling_mean_8,Pacific_Vessel_rolling_std_8,Pacific_Vessel_rolling_mean_13,Pacific_Vessel_rolling_std_13,Pacific_Vessel_rolling_mean_26,Pacific_Vessel_rolling_std_26,Gulf_Vessel_change_1w,Gulf_Vessel_change_4w,Gulf_Vessel_pct_change_1w,Gulf_Vessel_pct_change_4w,Pacific_Vessel_change_1w,Pacific_Vessel_change_4w,Pacific_Vessel_pct_change_1w,Pacific_Vessel_pct_change_4w,week_sin,week_cos,Truck_current,Barge_current,Gulf_target,Pacific_target
2010-01-06,1,1,2010,106.0,84.0,116.2,,,172.9,174.17,177.98,177.98,142.38,152.56,58.48,175.77,178.15,199.52,187.65,140.14,156.77,61.76,174.48749999999998,2.4040711997206974,177.98250000000002,4.946094418829779,169.03307692307692,13.895263812186766,157.61615384615385,16.23825140264264,184.6775,10.686481725370172,194.775,15.39506599995276,181.61846153846156,22.756014533214938,162.5253846153846,26.160184744113934,-1.2699999999999818,-10.169999999999987,-0.007291726474134341,-0.05555252089364715,-2.3799999999999955,-33.25999999999999,-0.013359528487229877,-0.15911591637563982,0.12053668025532305,0.992708874098054,106.0,116.2,183.07,199.52
2010-07-14,28,7,2010,110.0,82.0,118.65,129.67,128.27,142.38,157.64,174.17,183.07,177.98,183.07,139.84,144.89,156.77,175.77,204.28,199.52,199.52,147.27,160.8175,14.101962924831778,171.46624999999997,14.803897109978596,174.1676923076923,11.96153846978373,172.60269230769228,10.331240993296552,159.7375,12.773314304961477,177.85000000000002,22.33584051314446,183.9923076923077,19.21456615602062,186.27653846153848,16.04304059517632,-15.259999999999991,-35.599999999999994,-0.0968028419182948,-0.20002247443532983,-11.880000000000024,-35.630000000000024,-0.07577980480959379,-0.1973742521604256,-0.23931566428755743,-0.9709418174260521,110.0,118.65,142.38,147.27
2010-07-21,29,7,2010,109.0,82.0,129.96,142.38,147.27,129.67,142.38,169.08,185.61,177.98,177.98,152.56,128.27,144.89,161.52,204.28,194.77,190.02,147.27,149.6925,17.256989646710313,164.79125,19.96397501035947,170.45153846153846,17.085384517258465,170.54884615384614,13.103189940446514,147.8625,14.816349921623754,168.34875,25.438075756911037,178.51153846153846,23.98568352377212,183.53615384615387,19.420191158055033,-12.710000000000008,-44.5,-0.08926815563983714,-0.2554975024401447,-16.619999999999976,-47.5,-0.1147077092967077,-0.27023951755134545,-0.3546048870425356,-0.9350162426854148,109.0,129.96,146.2,152.02
2010-07-28,30,7,2010,110.0,83.0,118.65,146.2,152.02,142.38,129.67,157.64,181.8,175.44,174.17,162.73,147.27,128.27,156.77,194.77,185.27,185.27,156.77,143.01749999999998,11.44240759921917,159.3875,19.365513345708795,167.71307692307693,18.566925514929288,169.17961538461537,14.116454081892837,144.3,11.855108603467123,161.2225,21.63549117934446,174.85769230769236,24.902969419276577,181.8919230769231,20.62183154217541,12.710000000000008,-26.700000000000017,0.09801804580859108,-0.15791341376863033,19.0,-14.25,0.14812504872534493,-0.08822436849925708,-0.46472317204376806,-0.8854560256532101,110.0,118.65,152.56,159.14
2010-08-04,31,8,2010,110.0,86.0,113.45,152.56,159.14,146.2,142.38,142.38,177.98,177.98,170.35,157.64,152.02,147.27,144.89,180.52,190.02,180.52,156.77,140.15749999999997,7.2198447582573495,154.93749999999997,17.47787070228178,165.46384615384616,19.3091263130771,168.10384615384615,14.771494731929481,143.1125,10.329370342216745,155.87875,16.934610744611014,172.3,25.446013767713296,180.6130769230769,21.41952114669842,3.819999999999993,-11.439999999999998,0.026829610900407364,-0.07257041360060901,4.75,-4.75,0.032253683710192105,-0.03029916438094027,-0.5680647467311556,-0.8229838658936566,110.0,113.45,152.56,156.77
2010-08-11,32,8,2010,113.0,96.0,132.41,152.56,156.77,152.56,146.2,129.67,174.17,183.07,160.18,144.93,159.14,152.02,128.27,175.77,199.52,175.77,142.52,142.7025,9.649747406020653,151.76,14.795054192918391,163.50846153846155,19.222941088776455,167.41961538461538,15.072252514013625,146.675,13.204081439716534,153.20625,13.906698219103287,169.92461538461538,25.092878676158254,179.79076923076926,21.829705068658857,6.360000000000014,10.180000000000007,0.043502051983584256,0.07149880601208047,7.119999999999976,14.25,0.04683594263912627,0.09835047277244802,-0.663122658240795,-0.7485107481711013,113.0,132.41,157.64,161.52
2010-08-18,33,8,2010,112.0,94.0,133.63,157.64,161.52,152.56,152.56,142.38,169.08,183.07,155.1,142.38,156.77,159.14,147.27,161.52,204.28,166.27,137.77,148.425,5.022917478916122,149.05875,11.785664945782546,161.16153846153844,18.483929887947756,167.12653846153847,15.291151413104833,153.8,5.264529102081849,150.83125,10.771830243082334,166.63615384615383,23.65094449786334,179.05999999999997,22.283002670197185,0.0,22.890000000000015,0.0,0.17652502506362322,-2.369999999999976,28.5,-0.014892547442503346,0.2221875730880174,-0.7485107481711011,-0.6631226582407952,112.0,133.63,165.27,171.02
2010-08-25,34,8,2010,112.0,98.0,139.44,165.27,171.02,157.64,152.56,146.2,157.64,185.61,160.18,134.76,161.52,156.77,152.02,156.77,204.28,175.77,133.02,152.24,4.68495464225646,147.62875,9.477352610300029,159.20538461538462,17.278463287854805,167.22423076923076,15.21918714598949,157.3625,4.055353457673779,150.83125,10.771830243082334,163.34692307692305,20.77834304615205,178.8773076923077,22.411162318397352,5.079999999999984,15.259999999999991,0.03329837441006811,0.10717797443461152,4.75,14.25,0.03029916438094027,0.09676105113057654,-0.8229838658936564,-0.5680647467311559,112.0,139.44,162.73,166.27
2010-09-01,35,8,2010,111.0,100.0,154.73,162.73,166.27,165.27,157.64,152.56,142.38,181.8,165.27,132.21,171.02,161.52,159.14,144.89,194.77,180.52,118.76,157.0075,6.006370923167023,148.58249999999998,10.905129526968555,157.64076923076922,15.519598073370837,167.42000000000002,15.157562864789188,162.1125,6.246937249564781,152.6125,12.86834626960099,160.78846153846155,17.027280486596073,178.69461538461536,22.456819940636493,7.630000000000024,19.07000000000002,0.04840142095914768,0.1304377564979482,9.5,19.0,0.058816245666171385,0.12498355479542167,-0.8854560256532096,-0.4647231720437691,111.0,154.73,165.27,166.27
2010-09-08,36,9,2010,111.0,94.0,151.37,165.27,166.27,162.73,165.27,152.56,129.67,177.98,172.9,144.93,166.27,171.02,156.77,128.27,180.52,204.28,137.77,159.55,5.637345711118482,151.12625,11.602760678265573,156.17384615384614,13.858068370965672,167.3223076923077,15.180142636404138,163.89500000000004,6.132223631495071,155.285,13.24986576751664,158.59615384615384,13.820157101410826,178.14653846153848,22.58401911836059,-2.5400000000000205,10.169999999999987,-0.015368790464089233,0.06666229680125846,-4.75,7.130000000000024,-0.027774529294819272,0.04480331783335445,-0.9350162426854147,-0.3546048870425359,111.0,151.37,172.9,190.02
2010-09-15,37,9,2010,111.0,79.0,145.25,172.9,190.02,165.27,162.73,157.64,142.38,174.17,177.98,146.2,166.27,166.27,161.52,147.27,175.77,204.28,142.52,162.7275,3.596816879779346,155.57625,8.648892476577224,155.19615384615383,12.580931032361043,167.02884615384616,15.141704613927097,166.27000000000004,3.878358759406689,160.035,7.921693541881834,157.5,12.431725543945353,176.6846153846154,22.048559722715886,2.5400000000000205,12.710000000000008,0.015608676949548483,0.08331148400629274,0.0,9.5,0.0,0.06059832876188054,-0.970941817426052,-0.23931566428755774,111.0,145.25,165.27,166.27
2010-09-22,38,9,2010,112.0,85.0,166.66,165.27,166.27,172.9,165.27,165.27,146.2,169.08,180.52,147.47,190.02,166.27,171.02,152.02,161.52,204.28,149.64,166.54250000000002,4.404220513704073,159.39125,8.727304341627859,155.09846153846155,12.425287284508297,166.83346153846153,15.02708300165066,173.39500000000004,11.307261678526173,165.37875,11.63112995063817,158.59615384615384,14.613666285627167,176.13615384615383,21.505330330301838,7.6299999999999955,15.26000000000002,0.04616687844133849,0.09680284191829491,23.75,28.5,0.14283995910266434,0.17644873699851416,-0.992708874098054,-0.12053668025532357,112.0,166.66,162.73,161.52
2010-09-29,39,9,2010,111.0,76.0,170.94,162.73,161.52,165.27,172.9,162.73,152.56,157.64,175.44,142.38,166.27,190.02,166.27,159.14,156.77,194.77,137.77,166.54250000000002,4.404220513704073,161.775,7.053402421119545,154.8053846153846,12.108926882940928,166.24692307692308,14.76686690377763,172.20750000000004,11.874999999999995,167.16000000000003,10.309063973031687,158.96153846153845,14.751594177214026,174.6742307692308,20.79584384882305,-7.6299999999999955,0.0,-0.04412955465587043,0.0,-23.75,-4.75,-0.12498684349015887,-0.027774529294819272,-1.0,-1.8369701987210297e-16,111.0,170.94,155.1,152.02
2010-10-06,40,10,2010,113.0,106.0,196.93,155.1,152.02,162.73,165.27,165.27,152.56,142.38,170.35,142.38,161.52,166.27,166.27,156.77,144.89,190.02,140.14,166.54250000000002,4.404220513704073,163.04625,5.9919062969474695,155.19692307692307,12.289171645948691,165.7580769230769,14.66035716324413,171.02,12.863060807340265,167.4575,10.076271631911263,159.32692307692307,14.751614818167326,173.39538461538461,20.53129342847572,-2.5400000000000205,0.0,-0.015368790464089233,0.0,-4.75,-4.75,-0.028567991820532823,-0.028567991820532823,-0.992708874098054,0.1205366802553232,113.0,196.93,152.56,156.77
2010-10-13,41,10,2010,116.0,101.0,181.64,152.56,156.77,155.1,162.73,172.9,157.64,129.67,177.98,148.74,152.02,161.52,190.02,161.52,128.27,199.52,152.02,164.0,7.340431413298006,163.36374999999998,5.394383156842636,156.17538461538462,11.674668885657699,165.17153846153846,14.773917474336292,167.45750000000004,16.166290803190854,166.86375,10.902111116007498,159.87538461538463,14.295621483157978,171.9338461538462,20.652690880740007,-7.6299999999999955,-10.170000000000016,-0.04688748233269835,-0.06153566890542761,-9.5,-14.25,-0.058816245666171385,-0.08570397546159858,-0.9709418174260521,0.23931566428755738,116.0,181.64,150.01,152.02
2010-10-20,42,10,2010,116.0,95.0,169.1,150.01,152.02,152.56,155.1,165.27,165.27,142.38,177.98,150.01,156.77,152.02,166.27,171.02,147.27,194.77,159.14,158.915,6.052010685163483,162.72875000000002,6.37438498433703,157.93615384615384,8.688144737189916,164.19384615384615,14.733441166795453,159.14500000000004,6.13222363149506,166.27,11.354671788679395,162.0676923076923,10.803702416182201,170.2896153846154,20.061900703726234,-2.539999999999992,-20.340000000000003,-0.016376531270148265,-0.11764025448235971,4.75,-33.25,0.031245888698855362,-0.1749815808862225,-0.9350162426854148,0.35460488704253557,116.0,169.1,150.01,154.39
2010-10-27,43,10,2010,116.0,76.0,150.14,150.01,154.39,150.01,152.56,162.73,162.73,146.2,175.44,164.63,152.02,156.77,161.52,166.27,152.02,185.27,175.77,155.1,5.4947429421220795,160.82125000000002,7.659072001785873,158.5230769230769,7.757566612256198,163.1180769230769,14.707673376638645,155.58250000000004,4.547778761842583,163.895,12.176528944773994,162.43307692307692,10.331540208357536,168.64538461538464,19.724294913790246,-2.5500000000000114,-15.26000000000002,-0.016714735186156293,-0.09233375688267698,-4.75,-14.25,-0.03029916438094027,-0.08570397546159858,-0.8854560256532101,0.464723172043768,116.0,150.14,155.1,166.27
2010-11-03,44,10,2010,116.0,74.0,135.77,155.1,166.27,150.01,150.01,155.1,165.27,152.56,177.98,167.81,154.39,152.02,152.02,166.27,159.14,190.02,175.77,151.92,2.4370884267915254,159.23125000000002,8.482289848348527,158.81615384615387,7.312407878008556,162.14000000000001,14.701035065601323,153.8,2.2734555196879915,162.41000000000003,12.563766496218053,162.6153846153846,10.15182874772139,167.4576923076923,19.61260560103009,0.0,-12.719999999999999,0.0,-0.07816628771584833,2.369999999999976,-7.130000000000024,0.01559005394027091,-0.044143140168400374,-0.822983865893657,0.5680647467311548,116.0,135.77,147.47,154.39
2010-11-10,45,11,2010,118.0,74.0,140.05,147.47,154.39,155.1,150.01,152.56,172.9,152.56,183.07,177.98,166.27,154.39,156.77,190.02,156.77,199.52,187.65,151.92,2.4370884267915254,157.96,8.205545163396431,159.01153846153846,7.163738370145871,161.26000000000002,14.39657236983999,157.3625,6.246937249564764,162.41000000000003,12.563766496218053,163.16384615384615,10.141017814187986,166.54423076923078,19.065167856188257,5.090000000000003,0.0,0.03393107126191586,0.0,11.880000000000024,14.25,0.07694798885938225,0.09373766609656631,-0.7485107481711011,0.6631226582407952,118.0,140.05,150.01,163.9
2010-11-17,46,11,2010,120.0,73.0,125.37,150.01,163.9,147.47,155.1,150.01,165.27,157.64,183.07,177.98,154.39,166.27,152.02,166.27,161.52,204.28,204.28,150.6475,3.2007329889680105,154.78125,6.294188788077887,158.62,7.667146361804746,159.89076923076922,13.924475982407971,156.7675,6.432761848537516,157.95625,5.955295212791218,162.98076923076923,10.286505287298828,164.80846153846153,17.965527365999606,-7.6299999999999955,-5.090000000000003,-0.04919406834300444,-0.03336392239119035,-11.880000000000024,-2.380000000000024,-0.07145005112166969,-0.01518147604771336,-0.6631226582407955,0.7485107481711007,120.0,125.37,136.03,147.27
2010-11-24,47,11,2010,120.0,73.0,140.66,136.03,147.27,150.01,147.47,150.01,162.73,165.27,185.61,186.88,163.9,154.39,154.39,161.52,171.02,204.28,218.53,150.6475,3.2007329889680105,152.87375,4.79523852378214,158.03307692307692,8.031786211272784,158.61923076923074,13.214524712779388,159.7375,6.250105999101137,157.66000000000003,5.526124966278156,163.16384615384615,10.279517286381276,163.25538461538463,16.061275224781294,2.539999999999992,0.0,0.017223842137383816,0.0,9.51000000000002,11.879999999999995,0.06159725370814195,0.07814761215629518,-0.5680647467311559,0.8229838658936564,120.0,140.66,134.76,144.89
2010-12-01,48,11,2010,119.0,73.0,142.5,134.76,144.89,136.03,150.01,155.1,155.1,162.73,181.8,183.07,147.27,163.9,166.27,152.02,166.27,194.77,209.03,147.1525,8.065128124628202,149.53625,6.075891322028832,155.78384615384616,9.747264178955994,156.7123076923077,12.732349447827032,157.9575,8.781812170617167,155.87875,6.340753532286951,161.33692307692309,10.860967870171981,161.06269230769232,13.995173613126738,-13.97999999999999,-13.97999999999999,-0.09319378708086123,-0.09319378708086123,-16.629999999999995,-7.119999999999976,-0.10146430750457591,-0.046116976488114414,-0.4647231720437684,0.88545602565321,119.0,142.5,134.76,137.77
2010-12-08,49,12,2010,121.0,77.0,170.94,134.76,137.77,134.76,136.03,147.47,152.56,165.27,177.98,177.98,144.89,147.27,154.39,156.77,166.27,180.52,199.52,142.0675,7.7914755769796304,146.99375,7.503170639324295,153.6323076923077,11.081833598165671,154.90307692307692,12.36159108504605,152.6125,8.539056837067323,154.98749999999998,7.377031439353501,159.69230769230768,11.642349529372794,159.14423076923077,12.53204314486016,-1.2700000000000102,-20.340000000000003,-0.009336175843563943,-0.13114119922630563,-2.380000000000024,-21.380000000000024,-0.016160793101106963,-0.12858603476273545,-0.35460488704253595,0.9350162426854147,121.0,170.94,138.57,147.27
2010-12-15,50,12,2010,122.0,83.0,177.67,138.57,147.27,134.76,134.76,150.01,150.01,172.9,174.17,172.9,137.77,144.89,163.9,152.02,190.02,175.77,185.27,138.89,7.437468207215235,144.76875,8.221569953479673,151.28538461538463,11.629015159923853,153.24076923076922,12.035908913939993,148.45750000000004,11.057888210081796,152.6125,9.47993482497547,157.5,12.914373129707712,157.5,12.419252795559872,0.0,-12.710000000000008,0.0,-0.08618702108903509,-7.119999999999976,-16.619999999999976,-0.04914072744840903,-0.10764945916186264,-0.2393156642875578,0.970941817426052,122.0,177.67,132.21,137.77
2010-12-22,51,12,2010,123.0,83.0,158.4,132.21,137.77,138.57,134.76,136.03,150.01,165.27,169.08,174.17,147.27,137.77,147.27,154.39,166.27,161.52,178.15,136.02999999999997,1.7960512242151352,143.33875,8.1744732246157,148.64461538461538,10.110389553477622,151.87153846153845,11.575891738371915,144.3,4.49558301743675,152.01875,9.669208030063276,154.21153846153848,8.698147164916543,156.40384615384616,11.992607081673558,3.8100000000000023,-11.439999999999998,0.028272484416740795,-0.07626158256116256,9.5,-16.629999999999995,0.06895550555273289,-0.10146430750457591,-0.12053668025532363,0.992708874098054,123.0,158.4,132.21,128.27
2011-07-13,28,7,2011,147.0,80.0,137.3,134.76,137.77,132.21,132.21,137.3,134.76,134.76,134.76,129.67,133.02,137.77,147.27,142.52,147.27,137.77,128.27,134.755,2.938712870176078,134.43875,2.428635345788139,133.48538461538462,2.7966247972130946,136.71307692307693,8.001671709955389,140.7375,6.53918126883379,141.62875000000003,5.067576026641143,141.60615384615386,4.899599538839973,146.99576923076924,11.602623211353613,0.0,-2.549999999999983,0.0,-0.0189225289403383,-4.75,-9.5,-0.034477752776366444,-0.06665731125456076,-0.23931566428755743,-0.9709418174260521,147.0,137.3,130.94,130.64
2011-07-20,29,7,2011,148.0,80.0,131.8,130.94,130.64,134.76,132.21,137.3,130.94,132.21,137.3,142.38,137.77,133.02,144.89,137.77,142.52,152.02,147.27,134.12,2.4370884267923683,134.43875,2.428635345788139,133.48538461538462,2.7966247972130946,136.71307692307693,8.001671709955389,138.3625,4.893964820742655,141.03500000000003,5.224087069944354,140.87538461538463,4.688350128035631,146.99576923076924,11.602623211353613,2.549999999999983,-2.5400000000000205,0.01928749716360323,-0.01849963583394043,4.75,-9.5,0.035708915952488374,-0.06450736742038432,-0.3546048870425356,-0.9350162426854148,148.0,131.8,129.67,128.27
2011-07-27,30,7,2011,149.0,77.0,119.26,129.67,128.27,130.94,134.76,132.21,136.03,128.4,127.13,146.2,130.64,137.77,137.77,147.27,133.02,133.02,152.02,132.53,1.602685246704932,134.43875,2.428635345788139,133.3876923076923,2.8662058365394367,136.46846153846153,8.079843905578617,134.8,3.5644447908008,140.14375,6.3479894173613545,139.96153846153845,5.438821634251762,146.17346153846154,11.983670536963542,-3.819999999999993,-6.360000000000014,-0.028346690412585307,-0.04632192279679548,-7.130000000000024,-14.25,-0.05175292153589328,-0.09835047277244813,-0.46472317204376806,-0.8854560256532101,149.0,119.26,132.21,130.64
2011-08-03,31,7,2011,149.0,75.0,110.7,132.21,130.64,129.67,130.94,132.21,134.76,129.67,124.59,152.56,128.27,130.64,133.02,142.52,142.52,128.27,159.14,131.89499999999998,2.1733307770959436,133.64375,2.839531840177622,133.48538461538462,2.6987917524429097,136.56615384615384,7.977119819548841,132.425,4.056817307529013,137.76875,6.836418104539531,139.59615384615384,6.067268109097069,145.99076923076925,12.225974946180857,-1.2700000000000102,-2.5400000000000205,-0.009699098823888863,-0.01921185991982466,-2.369999999999976,-9.5,-0.018141457440293718,-0.06895550555273278,-0.5680647467311556,-0.8229838658936566,149.0,110.7,128.4,128.27
2011-08-10,32,8,2011,147.0,74.0,115.28,128.4,128.27,132.21,129.67,134.76,137.3,134.76,124.59,152.56,130.64,128.27,137.77,147.27,142.52,137.77,156.77,131.89499999999998,2.1733307770959436,133.32500000000002,2.8394516573168667,133.68076923076922,2.482856089053791,136.85923076923078,7.652909471872088,131.83,4.11458381856541,136.28375,6.94631646990523,138.6823076923077,6.471400098181434,146.0819230769231,12.096720223013872,2.5400000000000205,0.0,0.019588185393691893,0.0,2.369999999999976,-2.380000000000024,0.018476650814687634,-0.017892046308825904,-0.663122658240795,-0.7485107481711013,147.0,115.28,129.67,133.02
2011-08-17,33,8,2011,145.0,79.0,129.35,129.67,133.02,128.4,132.21,130.94,137.3,134.76,134.76,157.64,128.27,130.64,130.64,144.89,142.52,152.02,161.52,130.305,1.6395629498963256,132.2125,2.8028340249436443,133.19153846153847,2.8516832635960925,137.00576923076923,7.442155157255822,129.455,1.368320137979538,133.90875,5.8083276115363,137.58615384615385,6.95591060233418,145.71653846153848,12.494753120349689,-3.8100000000000023,-6.359999999999985,-0.02881778987973682,-0.047195013357079096,-2.369999999999976,-9.5,-0.018141457440293718,-0.06895550555273278,-0.7485107481711011,-0.6631226582407952,145.0,129.35,134.76,152.02
2011-08-24,34,8,2011,144.0,78.0,133.02,134.76,152.02,129.67,128.4,129.67,132.21,130.94,143.66,165.27,133.02,128.27,128.27,137.77,137.77,156.77,171.02,129.9875,1.5980482888008942,131.25875000000002,2.0105325342757587,132.8,2.9655437949853707,136.81,7.569452820386304,130.05,2.273455519688114,132.425,3.7558830044259626,136.85538461538462,6.893118084223512,144.98576923076922,12.665788936526708,1.2699999999999818,-1.2700000000000102,0.009890965732087142,-0.009699098823888863,4.75,2.380000000000024,0.03703126218133623,0.01821800367421944,-0.8229838658936564,-0.5680647467311559,144.0,133.02,138.57,161.52
2011-08-31,35,8,2011,144.0,79.0,140.05,138.57,161.52,134.76,129.67,132.21,132.21,136.03,142.38,162.73,152.02,133.02,130.64,133.02,147.27,156.77,166.27,131.26,2.8201772993919922,131.5775,2.3554420270535252,133.09384615384613,2.9551213693635043,136.4676923076923,7.447546875420982,135.9875,10.862821533407745,134.20625,7.826318122669215,137.95153846153846,8.081304397756822,144.80307692307693,12.522459429116678,5.090000000000003,5.090000000000003,0.03925348962751607,0.03925348962751607,19.0,23.75,0.14283566380995327,0.18515631090668117,-0.8854560256532096,-0.4647231720437691,144.0,140.05,137.3,163.9
2011-09-07,36,9,2011,146.0,78.0,140.66,137.3,163.9,138.57,134.76,128.4,134.76,134.76,150.01,165.27,161.52,152.02,128.27,137.77,142.52,161.52,166.27,132.85,4.700404237935898,132.3725,3.428359666072577,133.28923076923076,3.2360455846013245,136.32115384615383,7.363572136907404,143.70750000000004,15.694180184599222,137.76875,12.374289517847252,139.0476923076923,10.151798817487615,144.98576923076922,12.73684456153259,3.8100000000000023,6.359999999999985,0.028272484416740795,0.04810528704334005,9.5,30.880000000000024,0.062491777397710724,0.2363747703612984,-0.9350162426854147,-0.3546048870425359,146.0,140.66,137.3,166.27
2011-09-14,37,9,2011,146.0,80.0,145.25,137.3,166.27,137.3,138.57,129.67,130.94,137.3,152.56,172.9,163.9,161.52,133.02,130.64,147.27,166.27,190.02,135.075,3.9361106014277962,132.69,3.780574408353355,133.48461538461538,3.4045401436494305,135.8323076923077,6.820308677882051,152.61500000000004,14.035292420656345,141.035,15.442781022677222,140.69230769230768,12.271670053314287,145.0773076923077,12.868301692980523,-1.2699999999999818,8.900000000000006,-0.009165042938586887,0.06931464174454827,2.3799999999999955,35.629999999999995,0.01473501733531446,0.27777344663600223,-0.970941817426052,-0.23931566428755774,146.0,145.25,139.84,163.9
2011-09-21,38,9,2011,145.0,87.0,158.4,139.84,163.9,137.3,137.3,134.76,129.67,137.3,150.01,165.27,166.27,163.9,152.02,128.27,144.89,171.02,166.27,136.98250000000002,1.598048288800649,133.48499999999999,4.0210624040291565,133.48461538461538,3.4045401436494305,135.2453846153846,5.920463651286857,160.9275,6.246937249564794,145.48875,17.06884583720754,142.15384615384616,14.113556449067026,145.0773076923077,12.868301692980523,0.0,7.630000000000024,0.0,0.05884167502120796,2.3700000000000045,33.25,0.014460036607687687,0.2499624116674184,-0.992708874098054,-0.12053668025532357,145.0,158.4,139.84,152.02
2011-09-28,39,9,2011,143.0,80.0,172.16,139.84,152.02,139.84,137.3,138.57,132.21,132.21,150.01,162.73,163.9,166.27,161.52,130.64,137.77,166.27,161.52,138.2525,1.215932426852683,134.75625,4.244084749047476,133.68,3.701668542694911,134.85423076923078,5.197829680229111,163.89750000000004,1.9391815283774123,149.94250000000002,16.575455822219624,143.61615384615385,15.351221199229366,144.80346153846156,12.359854996661108,2.539999999999992,5.0800000000000125,0.01849963583394021,0.03769664588898802,-2.3700000000000045,11.879999999999995,-0.014253924339929003,0.07814761215629518,-1.0,-1.8369701987210297e-16,143.0,172.16,139.84,152.02
2011-10-05,40,10,2011,141.0,91.0,171.86,139.84,152.02,139.84,139.84,137.3,128.4,132.21,147.47,155.1,152.02,163.9,163.9,128.27,133.02,161.52,152.02,138.57,1.4664696837434064,135.70999999999998,4.442807992373508,134.2669230769231,4.038715523146026,134.46307692307693,4.32027014825481,161.52250000000004,6.432761848537541,152.615,14.627818898056969,144.71230769230772,15.407646453327866,144.25538461538463,11.666372951615298,0.0,1.2700000000000102,0.0,0.009165042938586998,-11.879999999999995,-9.5,-0.07248322147650998,-0.058816245666171385,-0.992708874098054,0.1205366802553232,141.0,171.86,142.38,161.52
2011-10-12,41,10,2011,140.0,93.0,160.54,142.38,161.52,139.84,139.84,137.3,129.67,134.76,134.76,152.56,152.02,152.02,166.27,133.02,137.77,147.27,156.77,139.205,1.2700000000020022,137.14,3.4934919084265244,134.85384615384615,4.2630652869741255,134.16961538461538,3.6006138152000515,158.55250000000004,7.604881655883946,155.58375,10.92166122568524,146.17384615384617,15.104276181741957,143.89000000000001,11.245190260730464,0.0,2.539999999999992,0.0,0.01849963583394021,0.0,-11.879999999999995,0.0,-0.07248322147650998,-0.9709418174260521,0.23931566428755738,140.0,160.54,150.01,171.02
2011-10-19,42,10,2011,143.0,80.0,151.67,150.01,171.02,142.38,139.84,139.84,134.76,130.94,132.21,150.01,161.52,152.02,163.9,152.02,130.64,142.52,152.02,140.475,1.2700000000019454,138.72875,2.295806347597947,135.44,4.745633080349977,134.46269230769232,3.9443078558340168,157.365,6.247887643035857,159.14625,6.089379366691751,148.00076923076924,15.435781732464582,144.43807692307695,11.752344453506852,2.539999999999992,5.079999999999984,0.01816361556064061,0.03699927166788042,9.5,-4.75,0.062491777397710724,-0.028567991820532823,-0.9350162426854148,0.35460488704253557,143.0,151.67,150.01,166.27
2011-10-26,43,10,2011,144.0,83.0,150.76,150.01,166.27,150.01,142.38,139.84,138.57,129.67,128.4,150.01,171.02,161.52,152.02,161.52,128.27,133.02,154.39,143.01749999999998,4.812985040492502,140.635,4.128998494960529,136.90692307692308,6.016041589802752,135.1473076923077,4.953371019981604,159.14500000000004,9.095557523685223,161.52125,6.596982941362858,151.1069230769231,15.711520393548946,145.5342307692308,12.844639714084712,7.6299999999999955,10.169999999999987,0.05358898721730587,0.07272597254004576,9.5,7.1200000000000045,0.058816245666171385,0.043441122635753615,-0.8854560256532101,0.464723172043768,144.0,150.76,147.47,161.52
2011-11-02,44,10,2011,147.0,81.0,148.31,147.47,161.52,150.01,150.01,139.84,137.3,132.21,129.67,155.1,166.27,171.02,152.02,163.9,130.64,142.52,166.27,145.56,5.242003433803182,142.065,5.163160715238977,138.47153846153847,6.5942296064472545,135.97846153846154,5.552690657556593,162.70750000000004,8.112169356384694,162.115,6.8072608294423915,154.03,14.604620844102156,146.81307692307695,13.19918748082141,0.0,10.169999999999987,0.0,0.07272597254004576,-4.75,14.25,-0.027774529294819272,0.09373766609656631,-0.822983865893657,0.5680647467311548,147.0,148.31,144.93,152.02
2011-11-09,45,11,2011,147.0,82.0,135.47,144.93,152.02,147.47,150.01,142.38,137.3,128.4,134.76,147.47,161.52,166.27,161.52,166.27,128.27,142.52,154.39,147.46749999999997,3.5968168797800786,143.33625,5.0735699955710825,139.64538461538461,6.743261593847551,136.66307692307691,5.833976187292894,165.08250000000004,4.547778761842628,161.8175,6.770011078281993,156.4053846153846,12.89442878105611,147.54384615384618,13.475076571782845,-2.539999999999992,7.6299999999999955,-0.01693220451969868,0.054562356979404925,-4.75,9.5,-0.028567991820532823,0.062491777397710724,-0.7485107481711011,0.6631226582407952,147.0,135.47,143.66,147.27
2011-11-16,46,11,2011,150.0,81.0,135.47,143.66,147.27,144.93,147.47,150.01,139.84,129.67,134.76,150.01,152.02,161.52,171.02,163.9,133.02,142.52,163.9,148.105,2.431864853701955,144.29000000000002,4.45636623270122,140.91692307692307,5.9589489909636555,137.05423076923077,6.038623136499707,162.70750000000004,8.112169356384694,160.03625,7.286139360853337,158.2323076923077,9.91395410002596,147.9092307692308,13.462195934714424,-2.539999999999992,2.5500000000000114,-0.017223842137383816,0.0179098187947746,-9.5,-9.5,-0.058816245666171385,-0.058816245666171385,-0.6631226582407955,0.7485107481711007,150.0,135.47,146.2,152.02
2011-11-23,47,11,2011,151.0,83.0,129.35,146.2,152.02,143.66,144.93,150.01,139.84,134.76,130.94,136.03,147.27,152.02,166.27,152.02,152.02,137.77,147.27,146.51749999999998,2.8160418439133736,144.7675,4.101998641772421,141.9930769230769,4.933598052494185,137.39653846153846,6.154511803426453,156.77000000000004,8.672273827165139,157.9575,8.324608527908113,159.32846153846154,7.350336552558916,148.09192307692308,13.418293488885697,-1.2700000000000102,-6.349999999999994,-0.008762851031532515,-0.0423305112992467,-4.75,-23.75,-0.031245888698855362,-0.13887264647409658,-0.5680647467311559,0.8229838658936564,151.0,129.35,144.93,147.27
2011-11-30,48,11,2011,150.0,84.0,123.85,144.93,147.27,146.2,143.66,147.47,139.84,138.57,136.03,134.76,152.02,147.27,161.52,152.02,161.52,147.27,144.89,145.565,1.6395629498958417,145.5625,3.595639223911625,142.87307692307692,4.540542156715268,137.98346153846154,6.241179338756036,153.20750000000004,5.976952261256025,157.9575,8.324608527908113,159.32846153846154,7.350336552558916,148.64000000000001,13.270030293862407,2.539999999999992,-3.8100000000000023,0.017680634832242692,-0.02539830677954802,4.75,-14.25,0.032253683710192105,-0.08570397546159858,-0.4647231720437684,0.88545602565321,150.0,123.85,142.38,140.14
2011-12-07,49,12,2011,148.0,85.0,128.43,142.38,140.14,144.93,146.2,144.93,142.38,137.3,134.76,134.76,147.27,152.02,152.02,161.52,163.9,142.52,137.77,144.93,1.0369506577803984,146.19875000000002,2.8008898458404476,143.3623076923077,4.37798689248325,138.32576923076925,6.372440143670941,149.64500000000004,2.742413778650748,157.36375,8.954186470986997,158.2323076923077,8.027623303159007,148.64,13.270030293862407,-1.2699999999999818,-2.539999999999992,-0.00868673050615587,-0.017223842137383816,-4.75,-14.25,-0.031245888698855362,-0.08822436849925708,-0.35460488704253595,0.9350162426854147,148.0,128.43,142.38,140.14
2011-12-14,50,12,2011,147.0,88.0,116.2,142.38,140.14,142.38,144.93,143.66,150.01,137.3,137.3,138.57,140.14,147.27,147.27,171.02,166.27,147.27,147.27,144.2925,1.6434389756456567,146.19875,2.8008898458404476,143.75307692307692,4.002389670797855,138.61884615384614,6.3771111496851,146.675,4.898411307080453,154.69125,10.579544194208385,156.4046153846154,9.242545298224309,148.54846153846154,13.3220423936605,-2.5500000000000114,-2.5500000000000114,-0.01759470089008497,-0.01759470089008497,-7.130000000000024,-11.880000000000024,-0.04841447681129918,-0.0781476121562954,-0.2393156642875578,0.970941817426052,147.0,116.2,146.2,142.52
2011-12-21,51,12,2011,144.0,86.0,107.94,146.2,142.52,142.38,142.38,146.2,150.01,139.84,137.3,132.21,140.14,140.14,152.02,166.27,163.9,144.89,137.77,143.9725,1.9105562017393267,145.245,2.6102818676402766,144.14384615384617,3.5412745785962816,138.81423076923076,6.412809164840999,144.8925,5.820259873923192,150.83125,9.3304515853083,154.3946153846154,9.74588085242823,148.27423076923077,13.422418313576784,0.0,-1.2800000000000011,0.0,-0.00890992621467357,0.0,-7.130000000000024,0.0,-0.04841447681129918,-0.12053668025532363,0.992708874098054,144.0,107.94,144.93,137.77
2011-12-28,52,12,2011,143.0,84.0,104.58,144.93,137.77,146.2,142.38,144.93,147.47,139.84,132.21,132.21,142.52,140.14,147.27,161.52,152.02,137.77,128.27,143.9725,1.9105562017393267,144.76874999999998,1.8550043319055858,144.6330769230769,3.3301736306450276,139.15653846153845,6.564489891721575,142.5175,3.3611146464628496,147.8625,7.26651173928815,152.75,9.811891594725724,148.18307692307692,13.4543300893754,3.819999999999993,0.0,0.026829610900407364,0.0,2.380000000000024,-9.5,0.016983016983017185,-0.062491777397710835,6.432490598706546e-16,1.0,143.0,104.58,142.38,140.14
2012-01-11,2,1,2012,144.0,83.0,111.0,142.38,137.77,142.38,144.93,142.38,143.66,142.38,134.76,134.76,140.14,137.77,140.14,147.27,161.52,137.77,137.77,143.9725,1.9105562017393267,144.1325,1.6586634033684635,145.22,2.705238744853088,140.03692307692307,6.338378195871482,140.1425,1.9391815283774785,143.40875,4.907889967047316,150.74,11.124687261521025,148.4569230769231,13.203480380334279,-2.5500000000000114,0.0,-0.01759470089008497,0.0,2.369999999999976,0.0,0.017202584016839495,0.0,0.23931566428755774,0.970941817426052,144.0,111.0,129.67,128.27
2012-01-18,3,1,2012,145.0,83.0,110.7,129.67,128.27,142.38,142.38,146.2,146.2,150.01,130.94,137.3,137.77,140.14,142.52,152.02,171.02,130.64,152.02,143.9725,1.9105562017393267,143.9725,1.7688313333028027,145.22,2.705238744853088,140.32999999999998,6.260309257540938,139.55,2.273455519688128,142.22125,4.988797271322891,148.91307692307694,11.156937591034414,148.4569230769231,13.203480380334279,0.0,0.0,0.0,0.0,-2.369999999999976,-2.369999999999976,-0.01691165976880249,-0.01691165976880249,0.3546048870425356,0.9350162426854148,145.0,110.7,129.67,128.27
2012-01-25,4,1,2012,145.0,85.0,117.73,129.67,128.27,129.67,142.38,144.93,144.93,150.01,129.67,127.13,128.27,137.77,137.77,147.27,166.27,128.27,133.02,139.83999999999997,6.885738885552159,141.90625,5.173365683958411,143.6553846153846,4.78586393347427,140.28115384615384,6.340940830463364,135.9875,5.264905032381913,139.2525,5.376280578356911,145.6246153846154,10.370494696801519,148.36576923076925,13.338891160236725,-12.710000000000008,-16.53,-0.08926815563983714,-0.11306429548563612,-9.5,-14.25,-0.06895550555273278,-0.09998596688184114,0.4647231720437685,0.8854560256532099,145.0,117.73,124.59,123.52
2012-02-01,5,1,2012,145.0,84.0,141.28,124.59,123.52,129.67,129.67,142.38,142.38,147.47,132.21,124.59,128.27,128.27,140.14,140.14,161.52,130.64,128.27,136.025,7.338121921400514,139.99875,6.533652309386958,142.0907692307692,5.7607833112311315,140.28115384615384,6.340940830463364,133.6125,6.244402159801508,136.8775,5.523207530832765,142.70153846153846,9.373898909696377,148.36576923076925,13.338891160236725,0.0,-15.26000000000002,0.0,-0.10529221003242961,0.0,-9.5,0.0,-0.06895550555273278,0.5680647467311558,0.8229838658936564,145.0,141.28,119.5,118.76
2012-02-08,6,2,2012,146.0,86.0,120.79,119.5,118.76,124.59,129.67,142.38,142.38,144.93,128.4,124.59,123.52,128.27,137.77,140.14,152.02,128.27,137.77,131.5775,7.589384581989456,137.775,8.375295303959605,140.33076923076922,7.2761682470210545,139.98807692307693,6.881929391812958,129.45750000000004,5.976952261256066,134.8,7.038583461388725,139.77846153846156,8.931030965265892,148.09192307692308,13.783047564086553,-5.079999999999984,-17.789999999999992,-0.03917637078738323,-0.1249473240623683,-4.750000000000014,-16.61999999999999,-0.037031262181336344,-0.1185956900242614,0.6631226582407952,0.7485107481711011,146.0,120.79,127.13,137.77
2012-02-15,7,2,2012,149.0,85.0,129.35,127.13,137.77,119.5,124.59,129.67,146.2,143.66,129.67,134.76,118.76,123.52,128.27,142.52,147.27,133.02,152.02,125.8575,4.868082271285754,134.915,10.270288631357127,138.37461538461537,9.121104296614794,139.64576923076922,7.658864235947028,124.70500000000001,4.552131368930461,132.1275,8.605808254566526,137.22,9.848797726963376,147.72615384615386,14.440615797652494,-5.090000000000003,-22.879999999999995,-0.04085400112368576,-0.16069672706840843,-4.759999999999991,-19.010000000000005,-0.03853626943005173,-0.13798359584815278,0.7485107481711011,0.6631226582407953,149.0,129.35,127.13,137.77
2012-02-22,8,2,2012,149.0,85.0,123.85,127.13,137.77,127.13,119.5,129.67,144.93,146.2,134.76,143.66,137.77,118.76,128.27,137.77,152.02,152.02,156.77,125.2225,4.34226803256932,132.53125,9.457791100460703,137.1030769230769,9.468465543242468,139.5480769230769,7.805985918120738,127.08000000000003,8.115585828104713,131.53375,7.923139596871218,136.48923076923077,9.382357079057806,147.90884615384616,14.276233208217453,7.6299999999999955,-2.539999999999992,0.06384937238493715,-0.01958818539369167,19.010000000000005,9.5,0.16007073088582024,0.07406252436267247,0.8229838658936564,0.5680647467311559,149.0,123.85,124.59,137.77
2012-02-29,9,2,2012,153.0,86.0,117.12,124.59,137.77,127.13,127.13,124.59,142.38,144.93,138.57,142.38,137.77,137.77,123.52,140.14,147.27,161.52,156.77,124.5875,3.596816879780447,130.30625,8.123934545523648,135.63615384615383,9.418758356298238,139.2546153846154,8.129893593781354,129.455,9.796014495701845,131.53375,7.923139596871218,135.3930769230769,8.17087753815713,147.36076923076922,14.38520821485187,0.0,-2.539999999999992,0.0,-0.01958818539369167,0.0,9.5,0.0,0.07406252436267247,0.8854560256532099,0.4647231720437686,153.0,117.12,124.59,142.52
2012-03-07,10,3,2012,154.0,86.0,106.11,124.59,142.52,124.59,127.13,119.5,142.38,142.38,137.3,150.01,137.77,137.77,118.76,137.77,140.14,163.9,161.52,124.5875,3.596816879780447,128.0825,6.647531765353211,134.07153846153844,9.435631798447575,138.71692307692308,8.624255455046518,133.01750000000004,9.505000000000035,131.2375,7.5927987499487415,134.6623076923077,7.409481711343896,146.4473076923077,14.203041521503945,-2.539999999999992,0.0,-0.019979548493667787,0.0,0.0,14.250000000000014,0.0,0.11536593264248718,0.9350162426854148,0.35460488704253557,154.0,106.11,124.59,142.52
2012-03-14,11,3,2012,156.0,86.0,105.5,124.59,142.52,124.59,124.59,127.13,129.67,142.38,137.3,152.56,142.52,137.77,137.77,128.27,140.14,166.27,166.27,125.86,1.466469683743925,125.85875,3.328369130877597,132.7030769230769,9.420270152366447,138.22807692307694,9.0571377462143,138.95750000000004,2.375,131.83125,8.326850609414613,134.84538461538463,7.583466242845739,145.625,13.764310444044296,0.0,5.090000000000003,0.0,0.04259414225941427,4.75,23.760000000000005,0.034477752776366444,0.2000673627484002,0.970941817426052,0.23931566428755804,156.0,105.5,124.59,137.77
2012-03-21,12,3,2012,158.0,85.0,110.7,124.59,137.77,124.59,124.59,127.13,129.67,146.2,139.84,150.01,142.52,142.52,137.77,128.27,142.52,163.9,171.02,125.225,1.270000000002678,125.22375000000001,2.9617704044239246,131.33461538461538,9.18663940675364,137.73923076923077,9.44397413087675,140.14500000000004,2.7424137786507203,133.6125,8.95655506160194,135.02846153846156,7.7488631920560795,144.71153846153845,13.112034683392535,0.0,-2.539999999999992,0.0,-0.019979548493667787,0.0,4.75,0.0,0.034477752776366444,0.992708874098054,0.120536680255323,158.0,110.7,129.67,140.14
2012-03-28,13,3,2012,158.0,85.0,107.94,129.67,140.14,124.59,124.59,124.59,124.59,144.93,139.84,150.01,137.77,142.52,137.77,123.52,137.77,152.02,166.27,124.59,2.6347680217385705e-06,124.58875,2.354669752387136,129.6723076923077,8.171698266827804,137.1526923076923,9.776012503142198,140.14500000000004,2.7424137786507203,134.8,8.774967643412431,134.66307692307694,7.473262768712666,143.70653846153846,12.572769923071412,0.0,-2.539999999999992,0.0,-0.019979548493667787,-4.75,0.0,-0.03332865562728038,0.0,1.0,-1.6081226496766366e-16,158.0,107.94,129.67,140.14
2012-04-04,14,4,2012,156.0,85.0,99.38,129.67,140.14,129.67,124.59,124.59,119.5,142.38,139.84,147.47,140.14,137.77,142.52,118.76,140.14,152.02,161.52,125.85999999999999,2.54000000000131,125.22375000000001,2.9617704044239246,128.49846153846153,6.773783834451057,136.76153846153846,9.867221571370322,140.7375,2.2743259074577105,136.8775,7.613423765208921,134.8453846153846,7.583466242845739,143.24961538461537,12.474040077143474,5.079999999999984,5.079999999999984,0.04077373786018135,0.04077373786018135,2.369999999999976,2.369999999999976,0.017202584016839495,0.017202584016839495,0.992708874098054,-0.12053668025532288,156.0,99.38,129.67,137.77
2012-04-11,15,4,2012,157.0,85.0,97.85,129.67,137.77,129.67,129.67,124.59,127.13,142.38,142.38,134.76,140.14,140.14,142.52,137.77,137.77,161.52,147.27,127.13,2.932939367484389,126.49499999999999,2.251469361475944,127.52076923076923,5.376326908365349,136.3703846153846,9.94160247878622,140.1425,1.9391815283773737,139.55,2.104810816083825,134.8453846153846,7.583466242845739,142.7926923076923,12.356963561553716,0.0,5.079999999999984,0.0,0.04077373786018135,0.0,-2.380000000000024,0.0,-0.016699410609037457,0.9709418174260521,-0.2393156642875575,157.0,97.85,133.49,140.14
2012-04-18,16,4,2012,156.0,82.0,100.3,133.49,140.14,129.67,129.67,124.59,127.13,129.67,150.01,132.21,137.77,140.14,137.77,137.77,128.27,171.02,142.52,128.39999999999998,2.5400000000012124,126.81249999999999,2.517219270761609,126.54307692307692,3.1391967778761414,135.88153846153844,9.946764174268747,138.955,1.3683201379794223,139.55,2.104810816083825,134.8453846153846,7.583466242845739,141.8792307692308,11.78165418710987,0.0,5.079999999999984,0.0,0.04077373786018135,-2.369999999999976,-4.75,-0.01691165976880249,-0.03332865562728038,0.9350162426854148,-0.35460488704253545,156.0,100.3,136.03,142.52
2012-04-25,17,4,2012,154.0,85.0,98.77,136.03,142.52,133.49,129.67,129.67,124.59,129.67,150.01,128.4,140.14,137.77,140.14,137.77,128.27,166.27,133.02,130.625,1.9100000000015314,127.60749999999999,3.459701679948268,126.83692307692307,3.6010910027696044,135.24615384615385,9.52693532125833,139.5475,1.185000000000002,139.84625,1.9816727241875731,135.75846153846155,7.4390107386131685,140.69153846153847,10.17319799957172,3.8200000000000216,8.900000000000006,0.029459396930670234,0.07143430451882171,2.369999999999976,2.369999999999976,0.017202584016839495,0.017202584016839495,0.8854560256532099,-0.4647231720437685,154.0,98.77,137.3,144.89
2012-05-02,18,4,2012,154.0,83.0,103.05,137.3,144.89,136.03,133.49,129.67,124.59,124.59,147.47,129.67,142.52,140.14,140.14,142.52,123.52,161.52,142.52,132.215,3.11629587812287,129.0375,4.297187618492276,127.32615384615384,4.368343580923759,134.70846153846153,9.04254109963105,140.1425,1.9391815283773737,140.44,1.9823146643875222,136.85461538461539,7.292048883753385,139.77807692307692,8.75154798614936,2.539999999999992,6.360000000000014,0.019027642520038857,0.049047582324361905,2.380000000000024,2.380000000000024,0.016983016983017185,0.016983016983017185,0.8229838658936565,-0.5680647467311557,154.0,103.05,132.21,137.77
2012-05-09,19,5,2012,153.0,86.0,107.03,132.21,137.77,137.3,136.03,129.67,124.59,119.5,144.93,134.76,144.89,142.52,137.77,142.52,118.76,152.02,142.52,134.1225,3.364514576181624,130.62625,4.744265523460466,128.30384615384614,5.0707799177574175,134.31730769230768,8.6811748318758,141.33,3.06482190890976,140.73625,2.457669845911524,138.49846153846153,6.388232470921613,139.13846153846154,7.635505323060843,1.2700000000000102,7.630000000000024,0.009336175843563943,0.05884167502120796,2.369999999999976,4.75,0.01662924501824281,0.033894676751819564,0.7485107481711013,-0.663122658240795,153.0,107.03,127.13,125.89
2012-05-16,20,5,2012,151.0,86.0,104.89,127.13,125.89,132.21,137.3,133.49,124.59,127.13,143.66,134.76,137.77,144.89,140.14,137.77,137.77,147.27,142.52,134.75750000000002,2.322346155652034,131.57874999999999,4.077294051901033,129.28153846153845,4.414725069114852,133.8280769230769,8.413461603519787,141.33,3.06482190890976,140.1425,2.5376465475070615,139.96076923076924,2.463728412849495,138.5903846153846,7.171198215513425,-5.090000000000003,2.5400000000000205,-0.03707210487982526,0.019588185393691893,-7.119999999999976,0.0,-0.04914072744840903,0.0,0.6631226582407952,-0.7485107481711012,151.0,104.89,129.67,125.89
2012-05-23,21,5,2012,149.0,87.0,98.77,129.67,125.89,127.13,132.21,136.03,129.67,127.13,146.2,130.94,125.89,137.77,142.52,140.14,137.77,152.02,137.77,133.16750000000002,4.569452009450587,131.89625,3.5155285621627392,129.28153846153847,4.414725069114852,133.19230769230768,8.264010313497579,137.7675,8.453623976338987,138.6575,5.668720566161128,139.0469230769231,4.611309258431561,137.76807692307693,7.359443467673046,-5.0800000000000125,-6.360000000000014,-0.038423719839649095,-0.047644018278522826,-11.88000000000001,-14.249999999999986,-0.08623067431225961,-0.10168403025545869,0.5680647467311558,-0.8229838658936564,149.0,98.77,127.13,121.14
2012-05-30,22,5,2012,147.0,87.0,100.91,127.13,121.14,129.67,127.13,137.3,129.67,124.59,144.93,136.03,125.89,125.89,144.89,140.14,137.77,147.27,147.27,131.5775,4.34226803256918,131.89625,3.5155285621627392,129.47692307692307,4.367522914677181,132.55653846153848,7.848678840321964,133.61,9.376225253266908,136.87625,7.175047909253027,138.1330769230769,5.8863378323789695,136.76307692307694,7.115464718054315,2.539999999999992,-6.360000000000014,0.019979548493667787,-0.04675439241343826,0.0,-16.63000000000001,0.0,-0.11668537749087848,0.46472317204376906,-0.8854560256532096,147.0,100.91,123.32,114.01
2012-06-06,23,6,2012,145.0,86.0,87.15,123.32,114.01,127.13,129.67,132.21,129.67,124.59,142.38,134.76,121.14,125.89,137.77,137.77,142.52,140.14,142.52,129.035,2.4318648537022813,131.57875,3.844608237513059,129.6723076923077,4.183627122176391,131.87192307692305,7.494538288240486,127.67250000000003,7.094309339181683,134.50125,8.881937429416933,136.85384615384618,7.545124848160625,135.7580769230769,7.411262790771629,-2.539999999999992,-10.170000000000016,-0.01958818539369167,-0.0740713765477059,-4.75,-23.749999999999986,-0.03773135276828976,-0.1639174546207467,0.35460488704253584,-0.9350162426854147,145.0,87.15,124.59,116.39
2012-06-13,24,6,2012,143.0,83.0,86.85,124.59,116.39,123.32,127.13,127.13,133.49,124.59,142.38,137.3,114.01,121.14,125.89,140.14,142.52,140.14,147.27,126.81249999999999,2.6181720722683424,130.785,4.825385254784918,129.57461538461538,4.324645679866063,131.13884615384615,7.356482489304342,121.73250000000002,5.614198518043387,131.53125,11.281217560305098,134.66076923076923,9.619244133105155,134.75307692307695,8.486901328157197,-3.8100000000000023,-8.890000000000015,-0.029969322740501902,-0.06724150971938592,-7.1299999999999955,-23.760000000000005,-0.05885752022453361,-0.17246134862451912,0.23931566428755768,-0.970941817426052,143.0,86.85,128.4,128.27
2012-06-20,25,6,2012,142.0,81.0,84.7,128.4,128.27,124.59,123.32,129.67,136.03,124.59,146.2,137.3,116.39,114.01,125.89,142.52,137.77,142.52,144.89,126.17750000000001,2.8160418439136565,129.6725,5.129051012191878,129.57461538461538,4.324645679866063,130.45461538461538,7.091677505795855,119.35750000000002,5.267911509001204,128.5625,11.804963544450056,132.65076923076924,10.527307713384102,133.83961538461537,9.137124922325643,1.2700000000000102,-2.539999999999992,0.010298410638988065,-0.019979548493667787,2.3799999999999955,-9.5,0.02087536181036742,-0.07546270553657952,0.12053668025532308,-0.992708874098054,142.0,84.7,123.32,121.14
2012-06-27,26,6,2012,139.0,88.0,82.56,123.32,121.14,128.4,124.59,127.13,137.3,129.67,144.93,132.21,128.27,116.39,121.14,144.89,140.14,137.77,137.77,125.86,2.3186921601065045,128.71875,4.441275355758299,129.8676923076923,4.080925454364088,129.77,6.329029625468455,119.95250000000003,6.287439197850535,126.78125,10.388118814303262,131.92000000000002,10.471918003242521,133.29153846153847,9.022278511467725,3.8100000000000023,-1.2699999999999818,0.030580303395135955,-0.009794092696845724,11.88000000000001,2.3800000000000097,0.10207062462410876,0.018905393597585363,-3.216245299353273e-16,-1.0,139.0,82.56,122.04,118.76
2012-07-04,27,7,2012,138.0,84.0,97.85,122.04,118.76,123.32,128.4,123.32,132.21,129.67,142.38,132.21,121.14,128.27,114.01,137.77,140.14,140.14,133.02,124.9075,2.404071199723396,126.97125,3.143089642366374,129.37923076923076,4.468210793179023,128.93884615384616,5.6399683168828485,119.95250000000001,6.287439197850535,123.81250000000001,7.452517791233676,130.45846153846153,10.554633931873928,132.65192307692308,9.277939865825662,-5.0800000000000125,-3.8100000000000023,-0.039563862928349014,-0.029969322740501902,-7.13000000000001,0.0,-0.05558587354798483,0.0,-0.12053668025532283,-0.992708874098054,138.0,97.85,124.59,128.27
2012-07-11,28,7,2012,139.0,85.0,107.94,124.59,128.27,122.04,123.32,124.59,127.13,129.67,142.38,134.76,118.76,121.14,116.39,125.89,137.77,137.77,137.77,124.5875,2.746602446661362,125.69999999999999,2.754144928224436,128.7923076923077,4.906461987088313,128.15653846153845,5.084283188269479,121.14000000000001,5.1336731489256975,121.43625,4.990327608778944,128.81384615384616,10.586010846442182,131.82961538461538,9.53171022672139,-1.279999999999987,-1.279999999999987,-0.010379500486539017,-0.010379500486539017,-2.3799999999999955,4.75,-0.01964668978041928,0.04166301201648981,-0.23931566428755743,-0.9709418174260521,139.0,107.94,128.4,135.39
2012-07-18,29,7,2012,139.0,87.0,125.07,128.4,135.39,124.59,122.04,128.4,129.67,133.49,129.67,130.94,128.27,118.76,128.27,125.89,140.14,128.27,130.64,124.58749999999999,2.746602446661362,125.3825,2.7118246361246876,128.40153846153845,5.031437578121898,127.4723076923077,4.216582794348634,124.11000000000003,4.900836663264814,121.73375,5.351632427861729,128.08307692307693,10.238425484918164,131.46423076923077,9.476811773199191,2.549999999999997,0.0,0.0208947885939037,0.0,9.510000000000005,11.88000000000001,0.08007746716066011,0.10207062462410876,-0.3546048870425356,-0.9350162426854148,139.0,125.07,129.67,137.77
2012-07-25,30,7,2012,143.0,84.0,107.03,129.67,137.77,128.4,124.59,123.32,127.13,136.03,129.67,129.67,135.39,128.27,121.14,121.14,142.52,128.27,128.27,124.5875,2.746602446661362,125.22375,2.4494602174954254,128.01000000000002,4.794953944857662,127.42346153846155,4.19741819914576,125.89000000000001,7.512518441463808,122.92125,7.155590097465094,127.71769230769232,9.849663406976621,131.73807692307693,9.483686633049272,3.8100000000000023,0.0,0.030580303395135955,0.0,7.119999999999976,7.119999999999976,0.05550791299602387,0.05550791299602387,-0.46472317204376806,-0.8854560256532101,143.0,107.03,128.4,133.02
2012-08-01,31,7,2012,143.0,85.0,108.56,128.4,133.02,129.67,128.4,122.04,123.32,137.3,124.59,132.21,137.77,135.39,118.76,114.01,144.89,123.52,130.64,126.17500000000001,3.501242636551479,125.54125,2.8617648775250113,127.52076923076923,4.195460764399226,127.42346153846152,4.19741819914576,130.0475,8.53905683706738,125.0,8.792530921189998,127.35230769230769,9.32914532870334,132.10346153846154,9.527629691507364,1.2699999999999818,6.349999999999994,0.009890965732087142,0.05149205319493988,2.380000000000024,16.63000000000001,0.01757884629588613,0.13727918111276227,-0.5680647467311556,-0.8229838658936566,143.0,108.56,127.13,133.02
2012-08-08,32,8,2012,145.0,87.0,93.27,127.13,133.02,128.4,129.67,124.59,124.59,132.21,119.5,128.4,133.02,137.77,128.27,116.39,137.77,118.76,128.27,127.765,2.1997045256137944,126.17625,2.862081847178788,126.83615384615383,3.031354313558661,127.57,4.160888366690271,133.6125,4.055353457673834,127.37625,7.923995993189356,126.43923076923078,7.948318964343248,132.46884615384616,9.366079789080148,-1.2699999999999818,6.359999999999999,-0.009794092696845724,0.05211406096361837,-4.75,14.260000000000005,-0.034477752776366444,0.12007409902324029,-0.663122658240795,-0.7485107481711013,145.0,93.27,127.13,128.27
2012-08-15,33,8,2012,149.0,83.0,111.61,127.13,128.27,127.13,128.4,128.4,128.4,127.13,127.13,129.67,133.02,133.02,135.39,128.27,125.89,137.77,133.02,128.4,1.0369506577809846,126.49375,2.8012137037784566,126.44538461538461,2.573783257460048,127.86346153846154,3.824418326820408,134.8,2.273455519688135,129.455,6.720040391041017,126.07384615384616,7.479382258871577,133.0173076923077,8.938985426857416,-1.2700000000000102,2.539999999999992,-0.009890965732087253,0.020386868930090563,0.0,4.75,0.0,0.03703126218133623,-0.7485107481711011,-0.6631226582407952,149.0,111.61,127.13,128.27
2012-08-22,34,8,2012,152.0,83.0,100.91,127.13,128.27,127.13,127.13,129.67,123.32,129.67,127.13,134.76,128.27,133.02,137.77,121.14,125.89,137.77,152.02,128.08249999999998,1.2159324268529266,126.335,2.7123263604634134,126.44538461538461,2.573783257460048,127.86346153846155,3.824418326820408,133.02000000000004,3.87835875940676,129.455,6.720040391041017,126.25692307692309,7.503596231822475,132.65192307692308,8.931101172524981,0.0,-1.2700000000000102,0.0,-0.009890965732087253,-4.75,-7.119999999999976,-0.035708915952488374,-0.05258881749021327,-0.8229838658936564,-0.5680647467311559,152.0,100.91,127.13,125.89
2012-08-29,35,8,2012,154.0,84.0,133.94,127.13,125.89,127.13,127.13,128.4,122.04,127.13,124.59,138.57,128.27,128.27,133.02,118.76,121.14,137.77,161.52,127.4475,0.6350000000046157,126.81125,2.4267640858810475,126.25,2.3990727375324092,127.86346153846154,3.824418326820408,130.64500000000004,2.742413778650805,130.34625,5.880026573075955,126.44000000000003,7.522907239445233,132.28653846153847,8.907636248662863,0.0,-2.539999999999992,0.0,-0.01958818539369167,0.0,-9.5,0.0,-0.06895550555273278,-0.8854560256532096,-0.4647231720437691,154.0,133.94,124.59,121.14
2012-09-05,36,9,2012,156.0,84.0,152.9,124.59,121.14,127.13,127.13,127.13,124.59,123.32,124.59,137.3,125.89,128.27,133.02,128.27,114.01,142.52,163.9,127.13,2.4256875284975196e-06,127.4475,1.4795052261606503,126.25,2.3990727375324092,127.96115384615383,3.769502170770411,128.8625,2.990132382799658,131.2375,4.162508687259094,126.80538461538461,7.357572760295431,131.82961538461538,8.91979528050869,0.0,-1.2700000000000102,0.0,-0.009890965732087253,-2.3800000000000097,-7.13000000000001,-0.0185546113666486,-0.05360096226131417,-0.9350162426854147,-0.3546048870425359,156.0,152.9,122.04,114.01
2012-09-12,37,9,2012,156.0,88.0,168.19,122.04,114.01,124.59,127.13,127.13,128.4,124.59,124.59,137.3,121.14,125.89,128.27,135.39,116.39,142.52,166.27,126.495,1.270000000002335,127.4475,1.4795052261606503,126.34769230769231,2.293346004729164,127.96115384615383,3.7695021707704104,125.89250000000003,3.3611146464628656,130.34625,5.452184195355044,127.35384615384616,6.545168114035761,131.0073076923077,8.880250698126154,-2.539999999999992,-2.539999999999992,-0.019979548493667787,-0.019979548493667787,-4.75,-11.88000000000001,-0.03773135276828976,-0.08930987821380254,-0.970941817426052,-0.23931566428755774,156.0,168.19,122.04,114.01
2012-09-19,38,9,2012,156.0,96.0,191.12,122.04,114.01,122.04,124.59,127.13,129.67,128.4,124.59,139.84,114.01,121.14,128.27,137.77,128.27,137.77,163.9,125.2225,2.4362180389569708,126.6525,2.3482561919023484,126.15153846153846,2.550813093087888,127.86307692307693,3.8919093198460346,122.32750000000001,6.287439197850524,127.67375000000001,7.48693898447313,127.17076923076924,6.901010145305227,129.91076923076923,9.157675217250688,-2.549999999999997,-5.089999999999989,-0.020467132193594972,-0.04003775662707454,-7.1299999999999955,-14.260000000000005,-0.05885752022453361,-0.11117174709596944,-0.992708874098054,-0.12053668025532357,156.0,191.12,119.5,114.01
2012-09-26,39,9,2012,154.0,97.0,185.92,119.5,114.01,122.04,122.04,127.13,128.4,123.32,129.67,139.84,114.01,114.01,125.89,133.02,121.14,140.14,152.02,123.95,2.437088426792533,125.69874999999999,2.4926431037770467,125.6623076923077,2.6897557319218905,127.765,4.0080870749097155,118.76250000000002,5.82025987392321,124.70375000000001,7.621177144740221,126.07384615384616,7.788039482072675,128.99692307692308,9.520355778744753,0.0,-5.089999999999989,0.0,-0.04003775662707454,0.0,-14.260000000000005,0.0,-0.11117174709596944,-1.0,-1.8369701987210297e-16,154.0,185.92,119.5,114.01
2012-10-03,40,9,2012,154.0,96.0,193.57,119.5,114.01,119.5,122.04,124.59,127.13,122.04,129.67,139.84,114.01,114.01,121.14,133.02,118.76,140.14,152.02,122.0425,2.0779858036103804,124.58625,3.040662228144366,125.36846153846153,3.1382395440545916,127.37384615384615,4.30033587239917,115.79250000000002,3.5650000000001034,122.32750000000001,7.621399852675947,125.52538461538462,8.39208815430981,127.99192307692309,9.674933392736047,-2.5400000000000063,-7.6299999999999955,-0.020812848246476667,-0.06001730512074255,0.0,-11.879999999999995,0.0,-0.09436809913416466,-0.992708874098054,0.1205366802553232,154.0,193.57,124.59,128.27
2012-10-10,41,10,2012,154.0,97.0,156.87,124.59,128.27,119.5,119.5,122.04,127.13,124.59,129.67,142.38,114.01,114.01,114.01,128.27,128.27,137.77,161.52,120.77000000000001,1.466469683743821,123.6325,3.313210570679652,125.17307692307692,3.4283921999814235,126.98269230769232,4.539027700025324,114.01,0.0,119.95125,6.721807659727408,125.16000000000001,8.804467615930173,126.98692307692308,9.719601131418894,0.0,-5.090000000000003,0.0,-0.04085400112368576,0.0,-7.1299999999999955,0.0,-0.05885752022453361,-0.9709418174260521,0.23931566428755738,154.0,156.87,124.59,128.27
2012-10-17,42,10,2012,157.0,92.0,152.9,124.59,128.27,124.59,119.5,122.04,127.13,128.4,133.49,150.01,128.27,114.01,114.01,128.27,135.39,140.14,171.02,121.4075,2.4362180389570356,123.315,3.04066252178329,125.17307692307692,3.4283921999814235,126.7873076923077,4.528046428825269,117.57500000000002,7.1300000000000034,119.95125,6.721807659727408,125.16,8.804467615930173,126.62153846153845,9.473471461850455,5.090000000000003,2.549999999999997,0.04259414225941427,0.0208947885939037,14.260000000000005,14.260000000000005,0.12507674765371468,0.12507674765371468,-0.9350162426854148,0.35460488704253557,157.0,152.9,124.59,133.02
2012-10-24,43,10,2012,155.0,90.0,179.81,124.59,133.02,124.59,124.59,119.5,127.13,129.67,136.03,150.01,128.27,128.27,114.01,125.89,137.77,142.52,166.27,122.045,2.9387128701762646,122.9975,2.698792057824642,124.88000000000001,3.2895896400569713,126.445,4.3332927434064485,121.14000000000003,8.23301483864407,119.95125000000002,6.721807659727408,124.6123076923077,8.323377873840167,126.16499999999999,9.073513211542355,0.0,2.549999999999997,0.0,0.0208947885939037,0.0,14.260000000000005,0.0,0.12507674765371468,-0.8854560256532101,0.464723172043768,155.0,179.81,120.77,128.27
2012-10-31,44,10,2012,152.0,90.0,167.27,120.77,128.27,124.59,124.59,119.5,124.59,128.4,137.3,147.47,133.02,128.27,114.01,121.14,133.02,144.89,161.52,123.3175,2.5450000000012163,122.68,2.2563054504350544,124.48923076923077,2.9582045836865674,126.00500000000001,3.877993553380306,125.89250000000001,8.232052700673561,120.84250000000002,7.977179505140072,124.24692307692308,7.784451794670726,125.79961538461538,8.565628747861282,0.0,5.090000000000003,0.0,0.04259414225941427,4.75,19.010000000000005,0.03703126218133623,0.1667397596702045,-0.822983865893657,0.5680647467311548,152.0,167.27,119.5,125.89
2012-11-07,45,11,2012,151.0,90.0,181.95,119.5,125.89,120.77,124.59,124.59,122.04,127.13,132.21,144.93,128.27,133.02,128.27,114.01,133.02,137.77,152.02,123.635,1.9100000000016162,122.2025,2.1978024738893467,123.90230769230769,2.8733260455562557,125.36923076923077,3.2575437655808894,129.45750000000004,2.375000000000058,121.73375000000001,8.40214587812104,123.88153846153847,7.4423056980028965,125.16038461538461,7.655810593672491,-3.8200000000000074,1.269999999999996,-0.030660566658640365,0.010627615062761553,-4.75,14.260000000000005,-0.035708915952488374,0.12507674765371468,-0.7485107481711011,0.6631226582407952,151.0,181.95,116.96,123.52
2012-11-14,46,11,2012,150.0,90.0,162.99,116.96,123.52,119.5,120.77,124.59,122.04,127.13,127.13,143.66,125.89,128.27,128.27,114.01,128.27,125.89,147.27,122.36250000000001,2.623831485951964,121.885,2.3988985567677834,123.3153846153846,2.9376311754619295,124.88038461538461,3.141517443245164,128.86250000000004,2.990132382799617,123.21875,7.875356567896553,123.33307692307693,6.959806492296914,124.70346153846155,7.214950002494531,-1.269999999999996,-5.090000000000003,-0.010515856586900685,-0.04085400112368576,-2.3800000000000097,-2.3800000000000097,-0.0185546113666486,-0.0185546113666486,-0.6631226582407955,0.7485107481711007,150.0,162.99,116.96,123.52
2012-11-21,47,11,2012,150.0,91.0,183.48,116.96,123.52,116.96,119.5,124.59,119.5,127.13,129.67,146.2,123.52,125.89,133.02,114.01,128.27,125.89,152.02,120.455,3.179334311876146,121.25,2.9589766570709615,122.53307692307693,3.1811905125112174,124.48923076923076,3.466537088316722,127.67500000000001,4.056817307529004,124.4075,6.950162896349735,122.9676923076923,6.801917810250099,124.6123076923077,7.214330908793468,-2.5400000000000063,-7.63000000000001,-0.021255230125523106,-0.06124087005377643,-2.3700000000000045,-4.750000000000014,-0.01882595917070462,-0.037031262181336344,-0.5680647467311559,0.8229838658936564,150.0,183.48,118.23,125.89
2012-11-28,48,11,2012,152.0,91.0,187.45,118.23,125.89,116.96,116.96,120.77,119.5,127.13,127.13,144.93,123.52,123.52,128.27,114.01,125.89,121.14,147.27,118.5475,1.9050000000016694,120.93249999999999,3.291199303763099,121.75076923076925,3.206907808508906,124.00038461538462,3.6003205199279265,125.30000000000003,2.273455519688046,125.59625,5.5998467772478495,122.60230769230769,6.618459228858623,124.52115384615385,7.212513751489074,0.0,-7.63000000000001,0.0,-0.06124087005377643,0.0,-9.500000000000014,0.0,-0.07141783190497675,-0.4647231720437684,0.88545602565321,152.0,187.45,118.23,123.52
2012-12-05,49,12,2012,152.0,90.0,175.83,118.23,123.52,118.23,116.96,119.5,124.59,124.59,123.32,142.38,125.89,123.52,125.89,128.27,121.14,114.01,140.14,117.9125,1.2159324268531773,120.77375,3.399029010501895,121.06615384615385,2.897954849140938,123.65807692307693,3.712217686761725,124.70500000000001,1.3683201379794103,127.08125000000001,3.1101512939903038,122.6023076923077,6.618459228858623,124.70384615384616,7.18354401499837,1.2700000000000102,-2.539999999999992,0.010858413132694977,-0.02103171317380137,2.3700000000000045,-2.3800000000000097,0.01918717616580312,-0.0185546113666486,-0.35460488704253595,0.9350162426854147,152.0,175.83,115.69,118.76
2012-12-12,50,12,2012,151.0,90.0,183.48,115.69,118.76,118.23,118.23,116.96,124.59,122.04,124.59,142.38,123.52,125.89,123.52,128.27,114.01,116.39,140.14,117.595,0.7332348418751973,119.97875,3.110454433947187,120.57692307692308,2.7882562789115815,123.46230769230769,3.861954228314854,124.11250000000001,1.1849999999999854,126.48750000000001,3.298492079736023,122.78538461538461,6.607546967145855,125.06961538461539,6.851707221283464,0.0,-1.269999999999996,0.0,-0.010627615062761442,-2.3700000000000045,-2.3700000000000045,-0.01882595917070462,-0.01882595917070462,-0.2393156642875578,0.970941817426052,151.0,183.48,114.42,114.01
2012-12-19,51,12,2012,149.0,93.0,175.83,114.42,114.01,115.69,118.23,116.96,124.59,122.04,128.4,146.2,118.76,123.52,123.52,133.02,114.01,128.27,142.52,117.2775,1.2159324268531966,118.86625,2.801861307356461,120.08846153846153,3.054125205226067,123.11999999999999,4.142259286918274,122.92250000000001,2.9914586742925087,125.29875000000001,4.164343328452241,123.15076923076923,6.200651123788218,125.16076923076925,6.746574789079972,-2.5400000000000063,-1.269999999999996,-0.021483549014632564,-0.010858413132694866,-4.759999999999991,-4.759999999999991,-0.03853626943005173,-0.03853626943005173,-0.12053668025532363,0.992708874098054,149.0,175.83,113.15,114.01
2012-12-26,52,12,2012,148.0,94.0,172.16,113.15,114.01,114.42,115.69,118.23,120.77,119.5,123.32,144.93,114.01,118.76,125.89,128.27,114.01,121.14,137.77,116.64250000000001,1.905000000001706,117.595,2.0365306633595233,119.5023076923077,3.3638845447986423,122.58230769230771,4.332447167779362,120.54500000000002,5.2697912672135105,122.9225,4.536171293071168,123.15076923076923,6.200651123788218,124.6123076923077,7.056225794401195,-1.269999999999996,-2.539999999999992,-0.010977612585357344,-0.021716826265389844,-4.75,-9.509999999999991,-0.03999663186257996,-0.07699158031088071,6.432490598706546e-16,1.0,148.0,172.16,113.15,114.01
2013-01-02,53,12,2012,148.0,94.0,152.9,113.15,114.01,113.15,114.42,118.23,119.5,119.5,122.04,142.38,114.01,114.01,123.52,125.89,114.01,118.76,140.14,115.3725,2.1689379121296426,116.6425,2.119688319393822,119.01384615384615,3.7973533293147566,122.19115384615385,4.7061604961418135,117.57500000000002,4.552131368930348,121.14,4.92016840595329,123.15076923076923,6.200651123788218,124.33807692307694,7.329815287841882,-1.269999999999996,-5.079999999999998,-0.011099458136689333,-0.042967098029265016,0.0,-11.879999999999995,0.0,-0.09436809913416466,0.12053668025532314,0.992708874098054,148.0,152.9,113.15,114.01
2013-01-09,1,1,2013,148.0,92.0,114.06,113.15,114.01,113.15,113.15,115.69,116.96,124.59,124.59,142.38,114.01,114.01,118.76,123.52,128.27,128.27,137.77,114.10249999999999,1.2159324268533314,115.84875,2.085442313468019,118.52538461538461,4.123967780715005,121.84923076923077,5.029427739283734,115.19750000000002,2.374999999999922,119.655,5.072179018931066,123.15076923076923,6.200651123788218,124.15538461538462,7.530846555745798,0.0,-5.079999999999998,0.0,-0.042967098029265016,0.0,-9.509999999999991,0.0,-0.07699158031088071,0.12053668025532305,0.992708874098054,148.0,114.06,118.23,128.27
2013-01-16,2,1,2013,147.0,92.0,106.42,118.23,128.27,113.15,113.15,114.42,116.96,124.59,128.4,129.67,114.01,114.01,114.01,123.52,128.27,135.39,128.27,113.4675,0.6350000000053909,115.3725,2.225737437974806,117.64538461538463,3.9384146882184434,121.40923076923076,5.274503899389676,114.01,0.0,118.46625,5.150752892270017,122.05384615384615,6.4748353112379,123.60692307692308,7.7356808461751365,0.0,-2.539999999999992,0.0,-0.0219552251707148,0.0,-4.75,0.0,-0.03999663186257996,0.23931566428755774,0.970941817426052,147.0,106.42,116.96,114.01
2013-01-23,3,1,2013,147.0,92.0,101.83,116.96,114.01,118.23,113.15,113.15,118.23,124.59,129.67,129.67,128.27,114.01,114.01,125.89,133.02,137.77,128.27,114.42000000000002,2.540000000001327,115.53125,2.3940666985463115,117.15615384615386,3.355789868419922,121.01807692307692,5.109866549520433,117.57500000000002,7.1300000000000034,119.06,6.017410453967171,122.05384615384615,6.4748353112379,123.33307692307693,7.421516162744713,5.079999999999998,3.8100000000000023,0.04489615554573567,0.03329837441006811,14.260000000000005,14.260000000000005,0.12507674765371468,0.12507674765371468,0.3546048870425356,0.9350162426854148,147.0,101.83,116.96,114.01
2013-01-30,4,1,2013,148.0,91.0,100.91,116.96,114.01,116.96,118.23,113.15,118.23,120.77,128.4,124.59,114.01,128.27,114.01,123.52,128.27,133.02,123.52,115.3725,2.61817207226848,115.3725,2.225737437974806,116.56923076923077,2.5072244333003115,120.52923076923078,4.850432494600592,117.57500000000002,7.1300000000000034,117.575,5.537874785776823,120.59153846153846,5.914180481621317,122.41923076923078,7.024968568232218,-1.2700000000000102,3.809999999999988,-0.010741774507316282,0.0336721166593017,-14.260000000000005,0.0,-0.11117174709596944,0.0,0.4647231720437685,0.8854560256532099,148.0,100.91,116.96,114.01
2013-02-06,5,2,2013,152.0,92.0,98.77,116.96,114.01,116.96,116.96,113.15,115.69,119.5,127.13,119.5,114.01,114.01,114.01,118.76,125.89,133.02,118.76,116.325,2.199704525613958,115.21375,2.029447056980866,116.27615384615385,2.176076509298896,120.08923076923078,4.621359906421217,117.57500000000002,7.1300000000000034,116.38625,5.081304493654065,119.49461538461539,5.689508788671411,121.68807692307693,6.864966726349202,0.0,3.809999999999988,0.0,0.0336721166593017,0.0,0.0,0.0,0.0,0.5680647467311558,0.8229838658936564,152.0,98.77,116.96,114.01
2013-02-13,6,2,2013,155.0,94.0,99.38,116.96,114.01,116.96,116.96,118.23,114.42,116.96,127.13,127.13,114.01,114.01,128.27,114.01,123.52,128.27,137.77,117.2775,0.635000000005058,115.3725,2.119688319393696,116.08076923076922,1.966424257106718,119.69807692307693,4.427937686317239,117.57500000000003,7.1300000000000034,115.7925,5.041671349868654,118.58076923076922,5.5284845143673245,120.95692307692308,6.6176592654715884,0.0,3.809999999999988,0.0,0.0336721166593017,0.0,0.0,0.0,0.0,0.6631226582407952,0.7485107481711011,155.0,99.38,118.23,116.39
2013-02-20,7,2,2013,157.0,96.0,99.38,118.23,116.39,116.96,116.96,116.96,113.15,116.96,127.13,127.13,114.01,114.01,114.01,114.01,123.52,128.27,137.77,116.96,2.5418020880145896e-06,115.69,2.1466918069977665,116.08076923076922,1.966424257106718,119.30692307692308,4.187846004082367,114.01,0.0,115.7925,5.041671349868654,117.84923076923077,5.449072492231938,120.40846153846154,6.578124165633967,0.0,-1.2700000000000102,0.0,-0.010741774507316282,0.0,-14.260000000000005,0.0,-0.11117174709596944,0.7485107481711011,0.6631226582407953,157.0,99.38,118.23,118.76
2013-02-27,8,2,2013,157.0,92.0,99.99,118.23,118.76,118.23,116.96,116.96,113.15,118.23,127.13,124.59,116.39,114.01,114.01,114.01,125.89,125.89,137.77,117.2775,0.635000000005058,116.325,2.0365306633593856,116.17846153846153,2.0437703970507206,118.9646153846154,3.8748628164383447,114.60500000000002,1.1899999999999977,116.09,4.991432660077293,117.30076923076923,5.18306450782402,119.95153846153845,6.420931204934199,1.2700000000000102,1.2700000000000102,0.010858413132694977,0.010858413132694977,2.3799999999999955,2.3799999999999955,0.02087536181036742,0.02087536181036742,0.8229838658936564,0.5680647467311559,157.0,99.99,119.5,118.76
2013-03-06,9,3,2013,156.0,92.0,99.38,119.5,118.76,118.23,118.23,116.96,113.15,118.23,124.59,124.59,118.76,116.39,114.01,114.01,123.52,121.14,142.52,117.595,0.7332348418751764,116.96000000000001,1.6628203235820613,116.17846153846155,2.0437703970507206,118.6223076923077,3.4996209025551996,115.79250000000002,2.274325907457708,116.68375,4.991177752517822,116.7523076923077,4.535175766243927,119.67730769230769,6.308432805505245,0.0,1.2700000000000102,0.0,0.010858413132694977,2.3700000000000045,4.75,0.02036257410430453,0.04166301201648981,0.8854560256532099,0.4647231720437686,156.0,99.38,122.04,118.76
2013-03-13,10,3,2013,154.0,92.0,99.38,122.04,118.76,119.5,118.23,116.96,118.23,115.69,122.04,124.59,118.76,118.76,114.01,128.27,118.76,114.01,142.52,118.22999999999999,1.0369506577812402,117.75375,0.9449102375830626,116.27615384615386,2.176076509298896,118.42653846153847,3.288429342182135,116.98000000000002,2.2734555196880355,117.2775,4.909532273337537,116.38615384615385,4.116026681276779,119.58576923076923,6.303625098675504,1.269999999999996,2.5400000000000063,0.01074177450731617,0.021716826265389955,0.0,4.75,0.0,0.04166301201648981,0.9350162426854148,0.35460488704253557,154.0,99.38,122.04,118.76
2013-03-20,11,3,2013,154.0,93.0,93.88,122.04,118.76,122.04,119.5,118.23,116.96,114.42,122.04,124.59,118.76,118.76,116.39,114.01,114.01,114.01,137.77,119.5,1.7960512242155178,118.23,1.7960512241989675,116.76461538461538,2.686390438805843,118.42653846153847,3.288429342182135,118.16750000000002,1.185000000000002,116.08875,2.3537898771556782,116.38615384615385,4.116026681276779,119.76846153846154,6.203602625773014,2.5400000000000063,5.0800000000000125,0.021255230125523106,0.04343365253077991,0.0,4.75,0.0,0.04166301201648981,0.970941817426052,0.23931566428755804,154.0,93.88,124.59,123.52
2013-03-27,12,3,2013,151.0,91.0,89.6,124.59,123.52,122.04,122.04,118.23,116.96,113.15,119.5,129.67,118.76,118.76,118.76,114.01,114.01,114.01,140.14,120.4525,1.9050000000015452,118.865,2.1466918069980525,117.35076923076923,2.950512558681739,118.42653846153847,3.288429342182135,118.76,0.0,116.6825,2.353609689713773,116.75153846153846,4.098308281375102,119.95115384615384,6.09624955324344,0.0,3.8100000000000023,0.0,0.032225323521948734,0.0,2.3700000000000045,0.0,0.02036257410430453,0.992708874098054,0.120536680255323,151.0,89.6,124.59,123.52
2013-04-03,13,3,2013,151.0,90.0,80.42,124.59,123.52,124.59,122.04,119.5,116.96,113.15,119.5,129.67,123.52,118.76,118.76,114.01,114.01,114.01,140.14,122.0425,2.077985803610216,119.81875,2.780736991200878,118.23076923076923,3.280740418300822,118.6223076923077,3.4996209025551996,119.95000000000002,2.3799999999999955,117.87125,3.0956302727877123,117.48307692307692,4.405419739012459,120.31692307692308,6.010215815915617,2.549999999999997,6.359999999999999,0.0208947885939037,0.05379345343821362,4.759999999999991,4.759999999999991,0.04008083529808015,0.04008083529808015,1.0,-1.6081226496766366e-16,151.0,80.42,120.77,118.76
2013-04-10,14,4,2013,150.0,89.0,87.15,120.77,118.76,124.59,124.59,122.04,116.96,113.15,124.59,129.67,123.52,123.52,118.76,114.01,114.01,128.27,137.77,123.31500000000001,1.4722431864353591,120.77250000000001,2.96269062074211,119.11076923076924,3.338131866619409,118.81807692307692,3.68798158264231,121.14000000000001,2.7481872813426147,119.06,3.224340464134693,118.21461538461539,4.567255951119339,120.6826923076923,5.8993942453081045,0.0,5.090000000000003,0.0,0.04259414225941427,0.0,4.759999999999991,0.0,0.04008083529808015,0.992708874098054,-0.12053668025532288,150.0,87.15,120.77,118.76
2013-04-17,15,4,2013,149.0,89.0,83.48,120.77,118.76,120.77,124.59,122.04,118.23,118.23,124.59,133.49,118.76,123.52,118.76,116.39,128.27,128.27,140.14,122.9975,1.910556201739542,121.24875,2.538083852595274,119.69692307692307,2.835390580423762,118.67115384615384,3.521158135535438,121.14000000000001,2.7481872813426147,119.65375,2.5225210603847557,118.58,4.389390618292974,120.31692307692309,5.701657141032089,-3.8200000000000074,-1.2700000000000102,-0.030660566658640365,-0.010406424123238334,-4.759999999999991,0.0,-0.03853626943005173,0.0,0.9709418174260521,-0.2393156642875575,149.0,83.48,120.77,118.76
2013-04-24,16,4,2013,147.0,89.0,0.0,120.77,118.76,120.77,120.77,124.59,118.23,116.96,124.59,136.03,118.76,118.76,123.52,118.76,114.01,133.02,142.52,122.67999999999999,2.2054780283056172,121.56625,2.2489040981787096,119.89230769230768,2.813311079624048,118.52423076923075,3.339311513572555,121.14000000000001,2.7481872813426147,119.95,2.2034518374778456,117.84846153846155,3.2962146121253335,119.95115384615386,5.471440268834233,0.0,-1.2700000000000102,0.0,-0.010406424123238334,0.0,0.0,0.0,0.0,0.9350162426854148,-0.35460488704253545,147.0,0.0,118.23,116.39
2013-05-01,17,4,2013,145.0,91.0,0.0,118.23,116.39,120.77,120.77,124.59,119.5,116.96,120.77,137.3,118.76,118.76,123.52,118.76,114.01,128.27,144.89,121.725,1.9100000000014912,121.88374999999999,1.8554932921169074,120.1853846153846,2.6775598822516233,118.3773076923077,3.1398325531151126,119.95000000000002,2.3799999999999955,119.95,2.2034518374778456,118.21384615384616,3.0922201799004747,119.40269230769232,4.780039797070196,0.0,-3.8200000000000074,0.0,-0.030660566658640365,0.0,-4.759999999999991,0.0,-0.03853626943005173,0.8854560256532099,-0.4647231720437685,145.0,0.0,114.42,114.01
2013-05-08,18,5,2013,145.0,92.0,88.07,114.42,114.01,118.23,120.77,120.77,122.04,116.96,119.5,132.21,116.39,118.76,118.76,118.76,114.01,125.89,137.77,120.13499999999999,1.2700000000023715,121.725,2.123541516282761,120.28307692307693,2.5711261625124924,118.27961538461538,3.1016917716331505,118.16750000000002,1.1850000000000023,119.65375,2.5225210603847557,118.39692307692309,2.8861779357623303,118.94576923076922,4.455281964663065,-2.539999999999992,-6.359999999999999,-0.02103171317380137,-0.05104743558873104,-2.3700000000000045,-7.1299999999999955,-0.01995621421353999,-0.05772344559585485,0.8229838658936565,-0.5680647467311557,145.0,88.07,114.42,114.01
2013-05-15,19,5,2013,146.0,92.0,85.01,114.42,114.01,114.42,118.23,120.77,122.04,116.96,116.96,127.13,114.01,116.39,118.76,118.76,114.01,123.52,125.89,118.5475,3.0008929226714605,120.77250000000001,3.328915524818269,120.08769230769232,2.9178306834705516,118.08423076923077,3.180735981605265,116.98000000000002,2.2734555196880355,119.06,3.224340464134693,118.39692307692309,2.8861779357623303,118.48884615384615,4.32180362990053,-3.8100000000000023,-6.349999999999994,-0.032225323521948734,-0.052579282934503535,-2.3799999999999955,-4.75,-0.020448492138499863,-0.03999663186257996,0.7485107481711013,-0.663122658240795,146.0,85.01,113.15,111.64
2013-05-22,20,5,2013,147.0,92.0,83.48,113.15,111.64,114.42,114.42,120.77,124.59,118.23,116.96,129.67,114.01,114.01,118.76,123.52,116.39,123.52,125.89,116.96000000000001,3.1108519733356994,119.82000000000001,3.947176205839705,119.89230769230768,3.214664715135221,117.98653846153846,3.25479085941395,115.79250000000002,2.274325907457708,118.46625,3.6910468414529034,118.39692307692309,2.8861779357623303,118.12307692307692,4.281208959380877,0.0,-6.349999999999994,0.0,-0.052579282934503535,0.0,-4.75,0.0,-0.03999663186257996,0.6631226582407952,-0.7485107481711012,147.0,83.48,114.42,111.64
2013-05-29,21,5,2013,146.0,93.0,94.8,114.42,111.64,113.15,114.42,118.23,124.59,118.23,118.23,127.13,111.64,114.01,116.39,123.52,118.76,125.89,121.14,115.055,2.199704525614052,118.39,4.043304871718285,119.50153846153846,3.7049422985875666,117.84,3.3859805079272265,114.01250000000002,1.9391815283773726,116.98125,3.75656164028074,118.03153846153847,3.4138561924196584,117.66615384615385,4.3159889498725255,-1.269999999999996,-7.61999999999999,-0.011099458136689333,-0.06309513952140422,-2.3700000000000045,-7.1200000000000045,-0.020787650206122277,-0.05995284607611995,0.5680647467311558,-0.8229838658936564,146.0,94.8,111.87,106.89
2013-06-05,22,6,2013,146.0,94.0,96.32,111.87,106.89,114.42,113.15,114.42,120.77,119.5,118.23,123.32,111.64,111.64,114.01,118.76,118.76,123.52,114.01,114.1025,0.635000000005588,117.11875,3.355815581081847,119.20846153846153,3.9560899175654622,117.69346153846155,3.450261372494078,112.82500000000002,1.3683201379794145,115.49625,3.091790685499861,117.48384615384614,3.8326938708498277,117.11807692307693,4.1306987488660445,1.269999999999996,-3.8100000000000023,0.011224038886433974,-0.032225323521948734,0.0,-4.75,0.0,-0.040811066242804395,0.46472317204376906,-0.8854560256532096,146.0,96.32,111.87,106.89
2013-06-12,23,6,2013,145.0,94.0,89.6,111.87,106.89,111.87,114.42,114.42,120.77,122.04,115.69,124.59,106.89,111.64,114.01,118.76,118.76,118.76,116.39,113.465,1.220286851525984,116.00625,3.4464679124248443,118.62153846153845,4.445011897531434,117.44884615384616,3.631400090247272,111.04500000000002,2.986821052557387,114.0125,4.01279293546831,116.57076923076923,4.796155511684803,116.47846153846154,4.379766836088328,-2.549999999999997,-2.549999999999997,-0.02228631358154165,-0.02228631358154165,-4.75,-7.1200000000000045,-0.04254747402364745,-0.062450662222612086,0.35460488704253584,-0.9350162426854147,145.0,89.6,115.69,114.01
2013-06-19,24,6,2013,145.0,95.0,90.21,115.69,114.01,111.87,111.87,113.15,120.77,122.04,114.42,128.4,106.89,106.89,111.64,118.76,118.76,114.01,128.27,112.8275,1.221157238035829,114.89375000000001,3.1089958760165435,117.83923076923078,4.681870106300724,117.30192307692307,3.7796582059638,109.26500000000001,2.7424137786507248,112.52875,4.196881282582091,115.65769230769232,5.432338590704623,116.02192307692309,4.736551504405286,0.0,-2.549999999999997,0.0,-0.02228631358154165,0.0,-7.1200000000000045,0.0,-0.062450662222612086,0.23931566428755768,-0.970941817426052,145.0,90.21,116.96,114.01
2013-06-26,25,6,2013,145.0,93.0,98.77,116.96,114.01,115.69,111.87,114.42,118.23,124.59,113.15,123.32,114.01,106.89,111.64,116.39,123.52,114.01,121.14,113.4625,1.9105562017400077,114.25875,2.088707306979718,117.35076923076923,4.536058240249861,117.35076923076923,3.749006186268396,109.85750000000002,3.5605559022901696,111.935,3.4608421766264836,115.2923076923077,5.365620737379016,116.02192307692309,4.736551504405286,3.819999999999993,2.539999999999992,0.03414677750960937,0.022448077772867725,7.1200000000000045,2.3700000000000045,0.06661053419403129,0.021228950197061947,0.12053668025532308,-0.992708874098054,145.0,98.77,116.96,114.01
2013-07-03,26,6,2013,144.0,93.0,93.88,116.96,114.01,116.96,115.69,111.87,114.42,124.59,113.15,122.04,114.01,114.01,106.89,114.01,123.52,114.01,118.76,114.0975,2.6238314859521306,114.10000000000001,1.7672900966335325,116.76384615384615,3.9809746261842536,117.4973076923077,3.6514332065097017,110.45000000000002,4.11073391663014,111.6375,3.1074231400819676,114.56076923076924,4.765073384422285,116.02192307692309,4.736551504405286,1.269999999999996,2.539999999999992,0.010977612585357344,0.022198916273378666,0.0,2.3700000000000045,0.0,0.021228950197061947,-3.216245299353273e-16,-1.0,144.0,93.88,115.69,114.01
2013-07-10,27,7,2013,144.0,91.0,88.07,115.69,114.01,116.96,116.96,111.87,114.42,120.77,113.15,124.59,114.01,114.01,106.89,114.01,118.76,114.01,128.27,115.37,2.408914001510551,114.4175,2.040096286229568,116.17692307692307,3.2208885539376477,117.64384615384617,3.5448859805990676,112.23000000000002,3.560000000000005,111.63749999999999,3.1074231400819676,113.82923076923079,3.9322352878393625,116.02192307692309,4.736551504405286,0.0,5.089999999999989,0.0,0.045499240189505574,0.0,7.1200000000000045,0.0,0.06661053419403129,-0.12053668025532283,-0.992708874098054,144.0,88.07,115.69,114.01
2013-07-17,28,7,2013,146.0,92.0,86.23,115.69,114.01,115.69,116.96,115.69,113.15,120.77,118.23,128.4,114.01,114.01,114.01,111.64,118.76,128.27,135.39,116.32499999999999,0.7332348418754381,114.57625,2.0891415701059834,115.78615384615385,2.910399567239669,117.74153846153847,3.449812391786646,114.01,0.0,111.6375,3.1074231400819676,113.46384615384615,3.646165882263191,116.02192307692309,4.736551504405286,-1.269999999999996,3.819999999999993,-0.010858413132694866,0.03414677750960937,0.0,7.1200000000000045,0.0,0.06661053419403129,-0.23931566428755743,-0.9709418174260521,146.0,86.23,118.23,117.58
2013-07-24,29,7,2013,147.0,92.0,81.03,118.23,117.58,115.69,115.69,116.96,114.42,120.77,116.96,129.67,114.01,114.01,114.01,111.64,118.76,114.01,137.77,116.32499999999999,0.7332348418754381,114.89375,2.0336942985476085,115.39538461538463,2.497173787112118,117.64384615384617,3.4713237554926817,114.01,0.0,111.93375,3.2186773570303067,113.09846153846154,3.2920076097297066,115.47346153846154,4.035266476764526,0.0,0.0,0.0,0.0,0.0,0.0,0.0,0.0,-0.3546048870425356,-0.9350162426854148,147.0,81.03,116.96,114.01
2013-07-31,30,7,2013,148.0,92.0,78.89,116.96,114.01,118.23,115.69,116.96,111.87,118.23,116.96,128.4,117.58,114.01,114.01,106.89,116.39,114.01,133.02,116.6425,1.2159324268533107,115.37,2.3312473668960076,115.20000000000002,2.1111371343337284,117.69269230769231,3.4702513542395805,114.90250000000002,1.7849999999999966,112.67625,3.77780335835172,113.0076923076923,3.1354403035921474,115.61076923076924,4.044205655583476,2.5400000000000063,1.2700000000000102,0.02195522517071491,0.010858413132694977,3.569999999999993,3.569999999999993,0.03131304271555124,0.03131304271555124,-0.46472317204376806,-0.8854560256532101,148.0,78.89,118.23,117.58
2013-08-07,31,8,2013,148.0,93.0,87.15,118.23,117.58,116.96,118.23,115.69,111.87,114.42,116.96,127.13,114.01,117.58,114.01,106.89,114.01,114.01,133.02,116.64250000000001,1.2159324268533107,116.00625,1.8929413053921862,115.10230769230769,1.9848474074175044,117.6926923076923,3.4702513542395805,114.90250000000002,1.7849999999999966,113.56625,2.9728290398351866,112.82461538461538,2.9874839340763395,115.61076923076924,4.044205655583476,-1.2700000000000102,0.0,-0.010741774507316282,0.0,-3.569999999999993,0.0,-0.030362306514713278,0.0,-0.5680647467311556,-0.8229838658936566,148.0,87.15,115.69,114.01
2013-08-14,32,8,2013,147.0,92.0,107.64,115.69,114.01,118.23,116.96,115.69,115.69,114.42,116.96,127.13,117.58,114.01,114.01,114.01,114.01,114.01,128.27,117.27749999999999,1.2159324268532619,116.80125000000001,1.0598441596777826,115.3953846153846,2.1501109094741797,117.74153846153845,3.468463281991709,115.79500000000002,2.06114046100696,114.9025,1.6525888781202547,113.09923076923079,3.2574132414532855,115.74807692307694,4.0482845939834915,1.2700000000000102,2.5400000000000063,0.010858413132694977,0.02195522517071491,3.569999999999993,3.569999999999993,0.03131304271555124,0.03131304271555124,-0.663122658240795,-0.7485107481711013,147.0,107.64,114.42,114.01
2013-08-21,33,8,2013,147.0,93.0,108.56,114.42,114.01,115.69,118.23,118.23,116.96,113.15,118.23,127.13,114.01,117.58,117.58,114.01,111.64,116.39,128.27,117.27749999999999,1.2159324268532619,116.80125,1.0598441596777826,115.49307692307693,2.1308659609540834,117.6926923076923,3.4887929806168843,115.79500000000002,2.06114046100696,114.9025,1.6525888781202547,113.09923076923079,3.2574132414532855,115.74807692307694,4.0482845939834915,-2.5400000000000063,0.0,-0.021483549014632564,0.0,-3.569999999999993,0.0,-0.030362306514713278,0.0,-0.7485107481711011,-0.6631226582407952,147.0,108.56,114.42,116.39
2013-08-28,34,8,2013,148.0,95.0,119.87,114.42,116.39,114.42,115.69,116.96,116.96,114.42,118.23,127.13,114.01,114.01,114.01,114.01,111.64,118.76,125.89,116.325,1.6395629498965387,116.48374999999999,1.3470384181402608,115.59076923076924,2.0417413382382175,117.54615384615384,3.5448859805990742,114.90250000000002,1.7849999999999968,114.9025,1.6525888781202547,113.28153846153847,3.235183781876759,115.65653846153847,4.060079745337462,-1.269999999999996,-3.8100000000000023,-0.010977612585357344,-0.032225323521948734,0.0,-3.569999999999993,0.0,-0.030362306514713278,-0.8229838658936564,-0.5680647467311559,148.0,119.87,115.69,118.76
2013-09-04,35,9,2013,150.0,97.0,129.96,115.69,118.76,114.42,114.42,118.23,115.69,111.87,119.5,124.59,116.39,114.01,117.58,114.01,106.89,118.76,121.14,115.69000000000001,1.7960512242157503,116.16625,1.5084233727220768,115.59076923076921,2.0417413382382175,117.39961538461537,3.593896471271418,115.49750000000002,1.7849999999999968,115.20000000000002,1.6829141392497202,113.64692307692309,3.3018842716764483,115.5653846153846,4.013958874501813,0.0,-2.539999999999992,0.0,-0.021716826265389844,2.3799999999999955,2.3799999999999955,0.02087536181036742,0.02087536181036742,-0.8854560256532096,-0.4647231720437691,150.0,129.96,120.77,128.27
2013-09-11,36,9,2013,150.0,99.0,138.52,120.77,128.27,115.69,114.42,115.69,115.69,111.87,122.04,122.04,118.76,116.39,114.01,114.01,106.89,118.76,114.01,115.055,0.7332348418755984,116.16624999999999,1.5084233727220768,115.88461538461539,1.7094766030494706,117.25307692307692,3.5824860298275443,115.79250000000002,2.274325907457709,115.79375,2.009356240213855,114.56,2.893651096214244,115.56538461538463,4.013958874501813,1.269999999999996,-2.5400000000000063,0.011099458136689444,-0.021483549014632564,2.3700000000000045,1.1800000000000068,0.02036257410430453,0.010035720360605627,-0.9350162426854147,-0.3546048870425359,150.0,138.52,128.4,147.27
2013-09-18,37,9,2013,150.0,97.0,168.19,128.4,147.27,120.77,115.69,114.42,118.23,115.69,122.04,122.04,128.27,118.76,114.01,117.58,114.01,118.76,114.01,116.325,3.0232047014175945,116.80125000000001,2.1931480146655997,116.56923076923076,1.7493925685614835,117.20423076923076,3.522767290735902,119.35750000000003,6.25010599910114,117.57625,4.710462329456465,116.20461538461538,4.0254598399479,115.93115384615385,4.69263194970823,5.079999999999998,5.079999999999998,0.0439104503414296,0.0439104503414296,9.510000000000005,14.260000000000005,0.08007746716066011,0.12507674765371468,-0.970941817426052,-0.23931566428755774,150.0,168.19,132.21,152.02
2013-09-25,38,9,2013,149.0,106.0,170.63,132.21,152.02,128.4,120.77,114.42,116.96,116.96,124.59,119.5,147.27,128.27,116.39,114.01,114.01,123.52,114.01,119.82,6.343915720331798,118.0725,4.678680369500196,117.5469230769231,3.6911163275565064,117.44884615384616,4.052910388282462,127.67250000000001,14.037408058470062,121.28750000000001,11.506836166884126,118.76307692307692,9.441041948687728,117.02769230769232,7.728851044079955,7.63000000000001,13.980000000000004,0.0631779415417737,0.1221814368117462,19.0,33.260000000000005,0.14812504872534493,0.2917287957196737,-0.992708874098054,-0.12053668025532357,149.0,170.63,147.47,166.27
2013-10-02,39,9,2013,148.0,114.0,181.95,147.47,166.27,132.21,128.4,115.69,118.23,116.96,124.59,119.5,152.02,147.27,118.76,117.58,114.01,123.52,114.01,124.2675,7.43789564774017,119.97874999999999,6.790658368035891,118.72000000000001,5.479233523036351,117.74192307692307,4.7971424988121125,136.58000000000004,15.697963774536712,126.03875,15.296033507792488,121.68692307692308,13.044459478141803,118.12384615384616,10.284842469159239,3.8100000000000023,17.790000000000006,0.02967289719626165,0.1554798112218143,4.75,35.63000000000001,0.032253683710192105,0.3061259558381304,-1.0,-1.8369701987210297e-16,148.0,181.95,143.66,161.52
2013-10-09,40,10,2013,147.0,114.0,168.19,143.66,161.52,147.47,132.21,120.77,115.69,115.69,120.77,124.59,166.27,152.02,128.27,114.01,114.01,118.76,128.27,132.2125,11.228791490331332,123.63374999999999,11.76331942644253,121.06692307692309,9.626890623503007,118.62192307692308,7.46201689584719,148.45750000000004,15.69418018459922,132.125,20.313415693647798,125.70692307692308,17.70246093278803,119.76807692307693,13.947175203383742,15.259999999999991,31.78,0.11542243400650465,0.2746996283170542,14.25,47.510000000000005,0.09373766609656631,0.4000505220613002,-0.992708874098054,0.1205366802553232,147.0,168.19,146.2,156.77
2013-10-16,41,10,2013,147.0,115.0,191.12,146.2,156.77,143.66,147.47,128.4,114.42,115.69,120.77,124.59,161.52,166.27,147.27,114.01,114.01,118.76,128.27,137.935,9.080816776773789,127.13,13.140924081442519,123.21846153846153,11.304429696769285,119.5023076923077,8.931251785813727,156.77000000000004,8.672273827165142,138.06375000000003,21.186946073671127,129.36153846153846,19.859198475833058,121.41269230769231,16.167839078292864,-3.8100000000000023,22.89,-0.025835763206075835,0.18953382462532087,-4.75,33.25,-0.028567991820532823,0.25921883526935363,-0.9709418174260521,0.23931566428755738,147.0,191.12,141.11,152.02
2013-10-23,42,10,2013,147.0,113.0,196.01,141.11,152.02,146.2,143.66,132.21,114.42,118.23,120.77,124.59,156.77,161.52,152.02,116.39,117.58,118.76,133.02,142.385,6.965814142415013,131.1025,13.547071112024085,125.5653846153846,12.693010947881794,120.48038461538462,10.354648610465533,159.14500000000004,6.132223631495098,143.40875000000003,19.584963209785357,132.65076923076924,20.63080159273853,122.87461538461538,17.57556286001073,2.539999999999992,17.799999999999983,0.017680634832242692,0.13862928348909653,-4.75,9.5,-0.029408122833085693,0.06450736742038443,-0.9350162426854148,0.35460488704253557,147.0,196.01,139.84,147.27
2013-10-30,43,10,2013,146.0,118.0,188.98,139.84,147.27,141.11,146.2,147.47,115.69,116.96,118.23,120.77,152.02,156.77,166.27,118.76,114.01,116.39,128.27,144.61,2.8201772993913137,134.43875,12.056188022870671,127.32538461538462,13.168487394396584,121.2626923076923,11.117650312075844,159.14500000000004,6.132223631495098,147.8625,16.346468163754643,135.3,20.74519864129136,124.15384615384616,18.45262736347913,-5.089999999999975,8.900000000000006,-0.03481532147742805,0.0673171469631646,-4.75,0.0,-0.03029916438094027,0.0,-0.8854560256532101,0.464723172043768,146.0,188.98,138.57,144.89
2013-11-06,44,11,2013,146.0,131.0,178.28,138.57,144.89,139.84,141.11,143.66,120.77,118.23,114.42,119.5,147.27,152.02,161.52,128.27,117.58,114.01,125.89,142.7025,2.8213043673690414,137.4575,9.428048957383043,129.0853846153846,13.196635692088964,122.09384615384616,11.675635512272807,154.39500000000004,6.132223631495098,151.42625,11.478191666314105,137.85846153846154,19.935900550745203,125.34153846153846,18.920771377998708,-1.2700000000000102,-7.6299999999999955,-0.00900007086669985,-0.051739336814267234,-4.75,-19.0,-0.031245888698855362,-0.11427196728213151,-0.822983865893657,0.5680647467311548,146.0,178.28,138.57,142.52
2013-11-13,45,11,2013,145.0,120.0,211.61,138.57,142.52,138.57,139.84,146.2,128.4,115.69,114.42,116.96,144.89,147.27,156.77,147.27,114.01,114.01,123.52,141.43,3.3447969544755782,139.6825,6.604941332060054,130.65,13.006756577511574,123.02269230769231,11.996925792118551,150.2375,5.267911509001173,153.50375,7.504520423437109,139.95923076923077,19.039730592254042,126.52923076923078,19.148840575466924,-1.2700000000000102,-5.090000000000003,-0.009081807780320417,-0.03543087846303772,-2.380000000000024,-16.630000000000024,-0.016160793101106963,-0.10295938583457176,-0.7485107481711011,0.6631226582407952,145.0,211.61,134.76,133.02
2013-11-20,46,11,2013,144.0,102.0,198.77,134.76,133.02,138.57,138.57,141.11,132.21,114.42,113.15,116.96,142.52,144.89,152.02,152.02,114.01,111.64,123.52,139.5225,1.2159324268516554,140.95374999999999,4.875463164806428,132.41,12.344920007840278,123.95153846153845,12.236725932148762,146.675,4.056817307529019,152.91000000000003,8.221814189794076,142.1523076923077,17.37048845688411,127.62576923076925,19.219431453210262,0.0,-7.6299999999999955,0.0,-0.052188782489740015,-2.369999999999976,-14.25,-0.016357236524259577,-0.0908974931428207,-0.6631226582407955,0.7485107481711007,144.0,198.77,134.76,133.02
2013-11-27,47,11,2013,145.0,108.0,162.07,134.76,133.02,134.76,138.57,139.84,147.47,114.42,114.42,118.23,133.02,142.52,147.27,166.27,116.39,111.64,125.89,137.935,2.199704525613115,141.27249999999998,4.26761140953731,133.97461538461536,11.101136289725178,124.7826923076923,12.207579467756847,141.925,6.245352939052658,150.53500000000003,10.842262547223653,143.61461538461538,15.50381007762456,128.44807692307694,18.963792451771834,-3.8100000000000023,-6.350000000000023,-0.027495128815760994,-0.045000354333498804,-9.5,-19.0,-0.06665731125456076,-0.12498355479542167,-0.5680647467311559,0.8229838658936564,145.0,162.07,138.57,137.77
2013-12-04,48,12,2013,147.0,112.0,165.74,138.57,137.77,134.76,134.76,138.57,143.66,115.69,111.87,118.23,133.02,133.02,144.89,161.52,118.76,106.89,123.52,136.665,2.199704525613138,139.68375,3.98744793964559,135.53923076923076,9.421749184322685,125.56499999999998,12.16860558979786,138.3625,6.2444021598015045,146.37875000000003,10.308611431367973,144.89384615384617,13.644932232920853,129.27038461538461,18.66702514719969,0.0,-5.0800000000000125,0.0,-0.036327231121281556,0.0,-14.25,0.0,-0.09676105113057654,-0.4647231720437684,0.88545602565321,147.0,165.74,144.93,144.89
2013-12-11,49,12,2013,146.0,132.0,164.52,144.93,144.89,138.57,134.76,138.57,146.2,120.77,111.87,115.69,137.77,133.02,142.52,156.77,128.27,106.89,118.76,136.665,2.199704525613138,139.04749999999999,3.6545382745232056,137.29923076923077,7.303863659663498,126.59192307692307,12.09302642657765,136.58250000000004,4.547778761842661,143.41,8.604131897777968,146.35615384615386,11.453467115870932,130.45807692307693,18.16164266122086,3.8100000000000023,0.0,0.028272484416740795,0.0,4.75,-7.119999999999976,0.035708915952488374,-0.04914072744840903,-0.35460488704253595,0.9350162426854147,146.0,164.52,151.28,149.64
2013-12-18,50,12,2013,146.0,135.0,176.44,151.28,149.64,144.93,138.57,134.76,141.11,128.4,115.69,114.42,144.89,137.77,133.02,152.02,147.27,114.01,114.01,138.255,4.798781095236879,138.88875,3.3108800621087613,139.15769230769232,5.629311908580169,127.86346153846154,12.220548577642504,137.175,5.60961377161271,141.925,6.806263921675662,147.63461538461542,10.115893118737581,131.91961538461538,17.712616177351798,6.360000000000014,6.360000000000014,0.04589738038536484,0.04589738038536484,7.119999999999976,2.369999999999976,0.05168033679320594,0.01662924501824281,-0.2393156642875578,0.970941817426052,146.0,176.44,147.47,140.14
2013-12-25,51,12,2013,146.0,133.0,180.42,147.47,140.14,151.28,144.93,134.76,139.84,132.21,116.96,113.15,149.64,144.89,133.02,147.27,152.02,114.01,114.01,142.385,7.263903909056234,140.16,5.508616626959319,140.9176923076923,5.56194982873965,129.2323076923077,12.782752538541786,141.33,7.381494880216774,141.6275,6.337876503333261,147.81692307692308,10.130120420980624,133.29,17.649759431789153,6.349999999999994,16.52000000000001,0.04381425515766235,0.12258830513505492,4.75,16.619999999999976,0.03278349092414934,0.12494361750112737,-0.12053668025532363,0.992708874098054,146.0,180.42,147.47,140.14
2014-01-01,52,12,2013,147.0,130.0,179.5,147.47,140.14,147.47,151.28,138.57,138.57,147.47,116.96,113.15,140.14,149.64,137.77,144.89,166.27,114.01,114.01,145.5625,5.342392566382153,141.11374999999998,6.076542573109566,142.09153846153845,5.167360457965557,130.4057692307692,13.009489820307051,143.11,5.264529102081815,140.73624999999998,5.918505934784183,146.90307692307692,10.254449753329917,134.29500000000002,17.247369248671802,-3.8100000000000023,12.710000000000008,-0.025185087255420457,0.09431582071831413,-9.5,7.119999999999976,-0.06348569901095968,0.05352578559615084,6.432490598706546e-16,1.0,147.0,179.5,147.47,140.14
2014-01-08,1,1,2014,148.0,133.0,173.69,147.47,140.14,147.47,147.47,144.93,138.57,143.66,115.69,113.15,140.14,140.14,144.89,142.52,161.52,114.01,114.01,147.78750000000002,2.618172072267519,142.22625,6.352733804093368,142.09153846153845,5.167360457965557,131.57923076923078,13.123669585320725,143.70250000000001,4.547778761842575,140.14249999999998,5.6755433975275595,144.8930769230769,8.563415775469883,135.3,16.772854020709453,0.0,8.900000000000006,0.0,0.06422746626253883,0.0,2.369999999999976,0.0,0.017202584016839495,0.12053668025532305,0.992708874098054,148.0,173.69,144.93,135.39
2014-01-15,2,1,2014,147.0,139.0,171.24,144.93,135.39,147.47,147.47,151.28,134.76,146.2,115.69,118.23,140.14,140.14,149.64,133.02,156.77,114.01,128.27,148.42249999999999,1.9050000000003997,143.33875,6.400090261636907,142.3846153846154,5.367886945194764,132.80153846153846,13.064412024217463,142.51500000000001,4.749999999999989,139.845,5.594921166309564,143.24846153846153,7.017599121912908,136.305,16.219884894783586,0.0,2.539999999999992,0.0,0.017525702063064807,0.0,-4.75,0.0,-0.03278349092414934,0.23931566428755774,0.970941817426052,147.0,171.24,143.66,133.02
2014-01-22,3,1,2014,146.0,133.0,169.71,143.66,133.02,144.93,147.47,147.47,134.76,141.11,118.23,116.96,135.39,140.14,140.14,133.02,152.02,117.58,114.01,146.835,1.2700000000006624,144.60999999999999,5.381669947937036,142.28692307692307,5.303837265939803,133.92615384615385,12.788092297736997,138.95250000000001,2.375,140.14124999999999,5.2329490115248305,141.60384615384615,6.0188724559505005,137.12730769230768,15.57344651840327,-2.539999999999992,-6.349999999999994,-0.017223842137383816,-0.04197514542570069,-4.75,-14.25,-0.033894676751819564,-0.09522854851643947,0.3546048870425356,0.9350162426854148,146.0,169.71,143.66,133.02
2014-01-29,4,1,2014,147.0,119.0,180.42,143.66,133.02,143.66,144.93,147.47,138.57,139.84,116.96,116.96,133.02,135.39,140.14,137.77,147.27,114.01,114.01,145.8825,1.9050000000004736,145.7225,3.7170524036373402,142.4830769230769,5.303837265939816,134.90423076923076,12.509018562008393,137.1725,3.560555902290152,140.14125,5.2329490115248305,140.1423076923077,5.568803213504846,137.72115384615384,15.084972211290705,-1.2700000000000102,-3.8100000000000023,-0.008762851031532515,-0.025835763206075835,-2.369999999999976,-7.119999999999976,-0.017504985597163625,-0.05080633652062205,0.4647231720437685,0.8854560256532099,147.0,180.42,143.66,133.02
2014-02-05,5,2,2014,149.0,116.0,0.0,143.66,133.02,143.66,143.66,147.47,144.93,138.57,118.23,116.96,133.02,133.02,140.14,144.89,144.89,117.58,114.01,144.93,1.7960512242143745,146.35875000000001,2.5793821934637298,142.77692307692308,5.250754524533163,135.93115384615385,12.0650534443673,135.3925,3.3564006018352215,139.54749999999999,5.7811930306139105,139.04615384615386,5.450091036640029,138.4523076923077,14.331632791191875,0.0,-3.8100000000000023,0.0,-0.025835763206075835,0.0,-7.119999999999976,0.0,-0.05080633652062205,0.5680647467311558,0.8229838658936564,149.0,0.0,141.11,133.02
2014-02-12,6,2,2014,150.0,137.0,179.5,141.11,133.02,143.66,143.66,144.93,151.28,138.57,115.69,116.96,133.02,133.02,135.39,149.64,142.52,114.01,114.01,143.9775,0.6350000000016768,146.2,2.7153742178224465,143.16846153846154,5.0984782797628405,136.9092307692308,11.594256482615409,133.6125,1.1849999999999148,138.06375,5.737211710784443,138.1330769230769,5.383366952341315,139.04615384615386,13.739840196138092,0.0,-3.8100000000000023,0.0,-0.025835763206075835,0.0,-7.119999999999976,0.0,-0.05080633652062205,0.6631226582407952,0.7485107481711011,150.0,179.5,132.21,128.27
2014-02-19,7,2,2014,151.0,129.0,183.48,132.21,128.27,141.11,143.66,143.66,147.47,134.76,114.42,118.23,133.02,133.02,133.02,140.14,133.02,114.01,116.39,143.0225,1.2750000000009103,144.92875,2.3538991209025726,143.36384615384617,4.954197779762982,137.88692307692307,10.7762838749682,133.02,0.0,135.98624999999998,3.5317132123606636,137.4023076923077,5.383027577247409,139.7773076923077,12.82994389939276,-2.549999999999983,-3.819999999999993,-0.017750243630794804,-0.02635755192161726,0.0,-2.369999999999976,0.0,-0.017504985597163625,0.7485107481711011,0.6631226582407953,151.0,183.48,134.76,133.02
2014-02-26,8,2,2014,152.0,133.0,181.03,134.76,133.02,132.21,141.11,143.66,147.47,134.76,114.42,118.23,128.27,133.02,133.02,140.14,133.02,116.39,118.76,140.16,5.434611301648253,143.02125,4.854836873818244,143.1676923076923,5.357322331546348,138.57115384615383,9.741798325537113,131.83250000000004,2.375,134.5025,3.9997455276294693,137.03692307692307,5.846528007592167,140.32576923076925,11.95964787878983,-8.900000000000006,-11.449999999999989,-0.06307136276663594,-0.07970207434219678,-4.75,-4.75,-0.035708915952488374,-0.035708915952488374,0.8229838658936564,0.5680647467311559,152.0,181.03,134.76,133.02
2014-03-05,9,3,2014,152.0,133.0,189.59,134.76,133.02,134.76,132.21,143.66,147.47,138.57,115.69,119.5,133.02,128.27,133.02,140.14,137.77,118.76,118.76,137.935,5.345169158533414,141.4325,5.25424930073193,143.1676923076923,5.357322331546348,139.35346153846154,8.456714228263492,131.83250000000004,2.375,133.6125,3.296434220715851,137.03692307692307,5.846528007592167,140.96538461538464,11.037474070011681,2.549999999999983,-8.900000000000006,0.01928749716360323,-0.06195183071140198,4.75,0.0,0.03703126218133623,0.0,0.8854560256532099,0.4647231720437686,152.0,189.59,132.21,133.02
2014-03-12,10,3,2014,152.0,151.0,191.12,132.21,133.02,134.76,134.76,141.11,144.93,144.93,120.77,122.04,133.02,133.02,133.02,135.39,144.89,128.27,118.76,135.71,3.7953919428701988,139.84375,5.086786629517843,142.87461538461537,5.721630908787519,140.08692307692306,7.028666314024191,131.83250000000004,2.375,132.7225,1.981029674564924,136.67153846153846,5.944502847382081,141.51384615384615,10.213471134507149,0.0,-8.900000000000006,0.0,-0.06195183071140198,0.0,0.0,0.0,0.0,0.9350162426854148,0.35460488704253557,152.0,191.12,134.76,142.52
2014-03-19,11,3,2014,151.0,177.0,176.75,134.76,142.52,132.21,134.76,132.21,143.66,151.28,128.4,122.04,133.02,133.02,128.27,133.02,149.64,147.27,118.76,133.485,1.4722431864350614,138.25375,5.2550273548246365,141.89615384615385,6.3894972917286195,140.52692307692308,6.062747079822656,131.83250000000004,2.375,132.42625,1.679378605341376,135.75846153846152,5.469596033456177,141.69653846153847,10.00750316205234,-2.549999999999983,-8.900000000000006,-0.0189225289403383,-0.06307136276663594,0.0,0.0,0.0,0.0,0.970941817426052,0.23931566428755804,151.0,176.75,134.76,137.77
2014-03-26,12,3,2014,150.0,136.0,143.42,134.76,137.77,134.76,132.21,134.76,143.66,147.47,132.21,124.59,142.52,133.02,133.02,133.02,140.14,152.02,123.52,134.1225,1.2750000000017088,137.14125,4.875370865009495,140.6253846153846,5.998493721181822,140.77153846153846,5.669433617083227,135.39500000000004,4.75,133.61375,3.9639840618921656,135.21076923076924,4.164527707388839,141.51384615384615,9.944847541084314,2.549999999999983,2.549999999999983,0.01928749716360323,0.01928749716360323,9.5,14.25,0.07141783190497675,0.1110937865440087,0.992708874098054,0.120536680255323,150.0,143.42,130.94,133.02
2014-04-02,13,3,2014,150.0,144.0,127.21,130.94,133.02,134.76,134.76,134.76,143.66,147.47,147.47,124.59,137.77,142.52,133.02,133.02,140.14,166.27,123.52,134.1225,1.2750000000017088,136.02875,4.134518239333699,139.64769230769232,5.823162305032323,140.86961538461537,5.535884739244999,136.58250000000004,4.547778761842607,134.2075,4.210424987041848,135.02846153846156,3.978481381448488,140.96576923076924,9.73309166630222,0.0,0.0,0.0,0.0,-4.75,4.75,-0.03332865562728038,0.035708915952488374,1.0,-1.6081226496766366e-16,150.0,127.21,127.13,128.27
2014-04-09,14,4,2014,149.0,133.0,113.14,127.13,128.27,130.94,134.76,132.21,141.11,147.47,143.66,120.77,133.02,137.77,133.02,133.02,140.14,161.52,118.76,133.1675,1.910556201739309,134.43875,3.095948677584881,138.37615384615384,5.7773083964482606,140.23384615384614,5.69446543719749,136.58250000000004,4.547778761842607,134.2075,4.210424987041848,134.48076923076925,3.6962401201232478,139.68692307692308,8.36333989228425,-3.819999999999993,-3.819999999999993,-0.028346690412585307,-0.028346690412585307,-4.75,0.0,-0.034477752776366444,0.0,0.992708874098054,-0.12053668025532288,149.0,113.14,127.13,128.27
2014-04-16,15,4,2014,149.0,123.0,117.42,127.13,128.27,127.13,130.94,134.76,132.21,144.93,146.2,120.77,128.27,133.02,142.52,128.27,135.39,156.77,118.76,131.89749999999998,3.653020439764623,132.69125,2.7144188407116365,136.81153846153845,5.862885873800461,139.59807692307692,6.197213579819459,135.39500000000004,6.132223631495077,133.61375,4.707398242592578,133.5676923076923,3.6475429032070537,138.40807692307692,7.375032484936842,-3.8100000000000023,-5.0800000000000125,-0.02909729647166648,-0.038423719839649095,-4.75,-4.75,-0.035708915952488374,-0.035708915952488374,0.9709418174260521,-0.2393156642875575,149.0,117.42,120.77,125.89
2014-04-23,16,4,2014,150.0,130.0,115.28,120.77,125.89,127.13,127.13,134.76,134.76,143.66,141.11,120.77,128.27,128.27,137.77,133.02,133.02,152.02,118.76,129.99,3.6521500516825887,132.05625,3.360412123952959,135.44230769230768,5.88735672698254,138.86461538461538,6.505434178147285,131.83250000000004,4.547778761842607,133.61375,4.707398242592578,133.02,3.878358759402371,137.31192307692308,6.615610641042454,0.0,-7.6299999999999955,0.0,-0.05661917482932621,0.0,-14.25,0.0,-0.09998596688184114,0.9350162426854148,-0.35460488704253545,150.0,115.28,120.77,125.89
2014-04-30,17,4,2014,150.0,116.0,110.09,120.77,125.89,120.77,127.13,130.94,134.76,143.66,139.84,118.23,125.89,128.27,133.02,133.02,133.02,147.27,116.39,126.49249999999999,4.216636692911283,130.3075,4.995008222496666,133.68153846153848,6.604126041287143,138.0823076923077,7.387768435839872,128.86250000000004,2.990132382799586,132.72250000000003,5.451950502874412,132.4715384615385,4.353412160118016,136.30692307692308,6.267470794018474,-6.359999999999999,-13.989999999999995,-0.05002753087390854,-0.10381418818640542,-2.3800000000000097,-11.88000000000001,-0.0185546113666486,-0.08623067431225961,0.8854560256532099,-0.4647231720437685,150.0,110.09,119.5,125.89
2014-05-07,18,5,2014,150.0,110.0,111.61,119.5,125.89,120.77,120.77,127.13,132.21,143.66,138.57,114.42,125.89,125.89,128.27,133.02,133.02,144.89,114.01,123.94999999999999,3.6719477120468755,128.55875,5.622974397183396,131.92076923076922,6.771311371682948,137.34884615384615,8.116938992960245,127.08000000000001,1.3740936406713338,131.83125,5.955864906610358,131.92307692307693,4.712851904833059,135.4846153846154,6.173401157075618,0.0,-10.170000000000002,0.0,-0.07766916144799141,0.0,-7.13000000000001,0.0,-0.05360096226131417,0.8229838658936565,-0.5680647467311557,150.0,111.61,118.23,123.52
2014-05-14,19,5,2014,149.0,97.0,108.56,118.23,123.52,119.5,120.77,127.13,134.76,141.11,138.57,114.42,125.89,125.89,128.27,142.52,133.02,142.52,114.01,122.04249999999999,3.4441000275843723,126.97,6.208993477203105,130.06230769230768,6.594021476363508,136.6153846153846,8.83226006445735,126.48500000000003,1.190000000000033,130.94,6.277362958628764,131.3746153846154,4.981766111501888,134.75384615384615,6.13997659730179,-1.269999999999996,-7.6299999999999955,-0.010515856586900685,-0.06001730512074255,0.0,-2.3800000000000097,0.0,-0.0185546113666486,0.7485107481711013,-0.663122658240795,149.0,108.56,120.77,125.89
2014-05-21,20,5,2014,148.0,96.0,114.06,120.77,125.89,118.23,119.5,120.77,134.76,132.21,134.76,113.15,123.52,125.89,125.89,137.77,128.27,133.02,111.64,119.8175,1.2159324268534812,124.90375,5.992967158018864,128.3023076923077,6.451463856940428,135.83307692307693,9.525775881989926,125.29750000000001,1.1850000000000023,128.565,4.654828522245253,130.64384615384617,5.399547108260417,134.02307692307693,6.307089198186079,-1.269999999999996,-8.899999999999991,-0.010627615062761442,-0.07000707936757644,-2.3700000000000045,-4.750000000000014,-0.01882595917070462,-0.037031262181336344,0.6631226582407952,-0.7485107481711012,148.0,114.06,119.5,123.52
2014-05-28,21,5,2014,148.0,104.0,110.09,119.5,123.52,120.77,118.23,120.77,130.94,134.76,134.76,114.42,125.89,123.52,125.89,133.02,133.02,133.02,111.64,119.8175,1.2159324268534812,123.155,4.580810907620801,127.4223076923077,6.651159239616911,135.29500000000002,9.973419172984515,125.29750000000001,1.1850000000000023,127.08000000000001,2.8398641818770614,130.46076923076924,5.525618308594251,133.74884615384616,6.504367349359513,2.539999999999992,0.0,0.02148354901463234,0.0,2.3700000000000045,0.0,0.01918717616580312,0.0,0.5680647467311558,-0.8229838658936564,148.0,110.09,116.96,118.76
2014-06-04,22,6,2014,148.0,104.0,107.94,116.96,118.76,119.5,120.77,119.5,127.13,134.76,138.57,111.87,123.52,125.89,125.89,128.27,133.02,137.77,106.89,119.5,1.0369506577816852,121.725,3.4492317985239174,126.24846153846154,6.594589759987766,134.70807692307693,10.444073159160732,124.70500000000001,1.3683201379794145,125.89250000000001,1.7953332361017018,129.73,5.781232567538145,133.38346153846152,6.806751908105009,-1.269999999999996,-1.269999999999996,-0.010515856586900685,-0.010515856586900685,-2.3700000000000045,-2.3700000000000045,-0.01882595917070462,-0.01882595917070462,0.46472317204376906,-0.8854560256532096,148.0,107.94,114.42,114.01
2014-06-11,23,6,2014,147.0,110.0,114.06,114.42,114.01,116.96,119.5,118.23,127.13,132.21,144.93,111.87,118.76,123.52,123.52,128.27,133.02,144.89,106.89,118.86500000000001,1.6395629498967155,120.45375,3.0200044347090436,124.87923076923077,6.527635433979509,133.87692307692308,10.971025756687572,122.92250000000001,2.991458674292525,124.70375,2.84046242464049,128.6330769230769,6.422269049452266,132.6523076923077,7.318473779523189,-2.5400000000000063,-2.5400000000000063,-0.021255230125523106,-0.021255230125523106,-4.759999999999991,-7.1299999999999955,-0.03853626943005173,-0.0566367463658749,0.35460488704253584,-0.9350162426854147,147.0,114.06,111.87,109.26
2014-06-18,24,6,2014,146.0,107.0,112.23,111.87,109.26,114.42,116.96,120.77,120.77,134.76,151.28,115.69,114.01,118.76,125.89,125.89,142.52,149.64,114.01,117.9125,2.816041843913938,118.86500000000001,2.2514693614752166,123.51076923076923,6.724524099067825,132.70346153846154,11.36606209460947,120.54500000000002,5.269791267213528,122.92125,4.353935617027826,127.17076923076925,7.425952757655808,131.46461538461537,7.746225006168125,-2.539999999999992,-3.8100000000000023,-0.021716826265389844,-0.032225323521948734,-4.75,-9.509999999999991,-0.03999663186257996,-0.07699158031088071,0.23931566428755768,-0.970941817426052,146.0,112.23,110.6,109.26
2014-06-25,25,6,2014,148.0,110.0,112.84,110.6,109.26,111.87,114.42,119.5,120.77,134.76,147.47,116.96,109.26,114.01,123.52,125.89,137.77,140.14,114.01,115.6875,3.2830004061337994,117.7525,3.182172438526592,121.75,6.527435688433485,131.18769230769232,11.41734305614034,116.38750000000002,6.136097429691499,120.8425,6.278579798473168,124.61230769230771,7.42652695168219,129.91153846153847,8.000217843189818,-2.549999999999997,-8.899999999999991,-0.02228631358154165,-0.07369379812867427,-4.75,-16.629999999999995,-0.04166301201648981,-0.13209945190245453,0.12053668025532308,-0.992708874098054,148.0,112.84,106.79,104.51
2014-07-02,26,6,2014,148.0,117.0,115.59,106.79,104.51,110.6,111.87,116.96,119.5,130.94,147.47,116.96,109.26,109.26,118.76,125.89,133.02,140.14,114.01,113.4625,2.821304367370152,116.48124999999999,3.7797937868850586,119.89153846153846,5.926290079175283,129.7696153846154,11.602324070901153,112.82250000000002,4.547778761842605,118.76375,7.071586884958008,122.41923076923078,7.426773033576915,128.72384615384615,8.683952591730124,-1.2700000000000102,-8.900000000000006,-0.011352462679896425,-0.07447698744769882,0.0,-14.259999999999991,0.0,-0.11544689119170981,-3.216245299353273e-16,-1.0,148.0,115.59,109.33,111.64
2014-07-09,27,7,2014,148.0,103.0,105.5,109.33,111.64,106.79,110.6,114.42,118.23,127.13,147.47,115.69,104.51,109.26,114.01,123.52,128.27,140.14,114.01,110.92,3.178668484340974,114.8925,4.849482299315489,118.03384615384614,5.959372923470363,128.20499999999998,11.859947133105582,109.26000000000002,3.8783587594066957,116.09125,7.975850044268232,120.22615384615385,8.204282965275803,127.35346153846154,9.575867142901155,-3.809999999999988,-10.169999999999987,-0.034448462929475454,-0.08695280437756492,-4.75,-14.25,-0.043474281530294756,-0.11998989558773998,-0.12053668025532283,-0.992708874098054,148.0,105.5,109.33,114.01
2014-07-16,28,7,2014,147.0,121.0,123.85,109.33,114.01,109.33,106.79,111.87,120.77,127.13,144.93,115.69,111.64,104.51,109.26,125.89,128.27,135.39,114.01,109.6475,2.1689379121303185,113.78,4.993189647618853,116.66461538461539,5.735954752527439,126.73807692307693,11.739907331572352,108.66750000000002,2.9901323827995703,114.60625000000002,7.4860325893395565,118.94692307692307,8.141806090187309,126.25730769230769,9.684229884795762,2.539999999999992,-5.090000000000003,0.023784998595373974,-0.04448522985492054,7.1299999999999955,-2.3700000000000045,0.06822313654195766,-0.020787650206122277,-0.23931566428755743,-0.9709418174260521,147.0,123.85,108.06,111.64
2014-07-23,29,7,2014,146.0,128.0,167.27,108.06,111.64,109.33,109.33,110.6,119.5,120.77,143.66,118.23,114.01,111.64,109.26,123.52,125.89,133.02,117.58,109.0125,1.5980482888020202,112.35,4.294627873445295,115.2953846153846,5.121149960999116,125.36884615384614,11.608593481358778,109.85500000000002,4.056817307528975,113.12125,5.948294923764527,117.85,7.731318343807038,125.43500000000002,9.784921563305106,0.0,-2.5400000000000063,0.0,-0.022704925359792627,2.3700000000000045,4.75,0.021228950197061947,0.043474281530294645,-0.3546048870425356,-0.9350162426854148,146.0,167.27,106.79,110.45
2014-07-30,30,7,2014,146.0,146.0,171.24,106.79,110.45,108.06,109.33,106.79,116.96,120.77,143.66,116.96,111.64,114.01,104.51,118.76,125.89,133.02,114.01,108.3775,1.2159324268546272,110.92,3.381233925224185,114.3176923076923,5.201498428087775,123.99961538461538,11.463457237945955,110.45000000000002,4.114583818565369,111.63625,4.210425623218468,116.75384615384615,7.503231013435388,124.6126923076923,10.01759674081424,-1.269999999999996,-2.539999999999992,-0.011616207811213752,-0.022965641952983673,-2.3700000000000045,2.3799999999999955,-0.020787650206122277,0.02178290316675824,-0.46472317204376806,-0.8854560256532101,146.0,171.24,105.52,109.26
2014-08-06,31,8,2014,145.0,134.0,143.11,105.52,109.26,106.79,108.06,109.33,114.42,119.5,143.66,118.23,110.45,111.64,111.64,114.01,125.89,133.02,117.58,108.3775,1.2159324268546272,109.64875,2.6097588147896245,113.2423076923077,5.20149842808771,122.58153846153846,11.211827573528055,111.93500000000002,1.4927491416845555,110.5975,3.0734148062882745,115.56615384615385,7.1502500404515725,123.74461538461539,10.235453377656889,-1.269999999999996,0.0,-0.01175272996483434,0.0,-1.1899999999999977,5.939999999999998,-0.010659261913292695,0.056836666347718,-0.5680647467311556,-0.8229838658936566,145.0,143.11,105.52,108.08
2014-08-13,32,8,2014,145.0,128.0,135.16,105.52,108.08,105.52,106.79,109.33,111.87,118.23,141.11,115.69,109.26,110.45,114.01,109.26,123.52,133.02,114.01,107.425,1.6395629498975843,108.53625,2.1399728803222113,112.16692307692308,5.244906075760756,121.11461538461539,10.832309165003425,111.34000000000002,2.027921760489452,110.00375,2.7631397126298403,114.28692307692307,6.617055468777192,122.83076923076922,10.432968867232841,-1.2700000000000102,-3.8100000000000023,-0.011892499297687098,-0.03484862343364126,-1.1899999999999977,-2.3799999999999955,-0.01077410593028516,-0.02131852382658539,-0.663122658240795,-0.7485107481711013,145.0,135.16,109.33,114.01
2014-08-20,33,8,2014,145.0,123.0,142.81,109.33,114.01,105.52,105.52,108.06,110.6,120.77,132.21,114.42,108.08,109.26,111.64,109.26,125.89,128.27,114.01,106.4725,1.2159324268548626,107.74249999999999,1.8898204752076844,111.18923076923078,5.204987130205296,119.74576923076924,10.446305441862187,109.85750000000002,1.5324136734794032,109.85625,2.8389683111144715,113.09923076923077,6.193836266180908,121.87153846153845,10.603796562481584,0.0,-3.8100000000000023,0.0,-0.03484862343364126,-1.1800000000000068,-5.930000000000007,-0.01079992678015751,-0.052012981317428375,-0.7485107481711011,-0.6631226582407952,145.0,142.81,111.87,116.39
2014-08-27,34,8,2014,144.0,118.0,143.42,111.87,116.39,109.33,105.52,106.79,106.79,119.5,134.76,114.42,114.01,108.08,110.45,104.51,123.52,133.02,116.39,106.79,1.7960512242167241,107.58375,1.6541371293819165,110.30923076923077,4.3464649650341,118.86576923076925,10.317226826268776,110.45000000000002,2.5629800363379047,110.45,3.173461381983495,112.18538461538462,4.888187488530527,121.32307692307693,10.628367614731864,3.8100000000000023,1.269999999999996,0.036106899166034934,0.01175272996483434,5.930000000000007,2.3700000000000045,0.054866765358993375,0.021228950197061947,-0.8229838658936564,-0.5680647467311559,144.0,143.42,116.96,123.52
2014-09-03,35,8,2014,144.0,120.0,182.25,116.96,123.52,111.87,109.33,105.52,109.33,116.96,134.76,115.69,116.39,114.01,109.26,111.64,118.76,133.02,118.76,108.06,3.110851973336254,108.21875,2.1931480146649265,109.72230769230768,3.4179505405135284,117.98538461538462,9.873786398652703,111.93500000000002,3.922979309997268,111.935,2.7478355118316506,111.6369230769231,3.7862390851880265,120.68346153846154,10.394104845463929,2.5400000000000063,5.079999999999998,0.023232415622427505,0.04756999719074817,2.3799999999999955,5.939999999999998,0.02087536181036742,0.0537799909461294,-0.8854560256532096,-0.4647231720437691,144.0,182.25,118.23,123.52
2014-09-10,36,9,2014,144.0,123.0,203.96,118.23,123.52,116.96,111.87,105.52,109.33,114.42,132.21,120.77,123.52,116.39,108.08,114.01,114.01,133.02,128.27,110.92,4.798339990733869,109.17250000000001,3.809138447763369,109.72230769230768,3.4179505405135284,117.30076923076923,9.262330127170003,115.50000000000001,6.387200743152926,113.41999999999999,4.918443423926767,112.00307692307693,4.661488289899739,120.31807692307692,10.106077387091467,5.089999999999989,11.439999999999998,0.045499240189505574,0.10841546626232001,7.1299999999999955,14.259999999999991,0.06125955838130426,0.13051436939410577,-0.9350162426854147,-0.3546048870425359,144.0,203.96,118.23,123.52
2014-09-17,37,9,2014,143.0,134.0,193.57,118.23,123.52,118.23,116.96,109.33,108.06,111.87,134.76,128.4,123.52,123.52,114.01,111.64,109.26,142.52,147.27,114.0975,4.201677244467381,110.285,4.981092823289847,110.01538461538462,3.9726620281247933,116.76307692307692,8.754039876189289,119.36000000000001,4.900836663264747,114.60875,6.090912287997789,112.7346153846154,5.645119743905064,119.9526923076923,9.795432224336706,1.2700000000000102,12.710000000000008,0.010858413132694977,0.12045109931766507,0.0,15.439999999999998,0.0,0.1428571428571428,-0.970941817426052,-0.23931566428755774,143.0,193.57,115.69,121.14
2014-09-24,38,9,2014,143.0,159.0,252.28,115.69,121.14,118.23,118.23,111.87,106.79,110.6,134.76,132.21,123.52,123.52,116.39,110.45,109.26,137.77,152.02,116.32249999999999,3.0281058435939285,111.55624999999999,5.592377305629143,110.50461538461538,4.567213985539203,116.1273076923077,7.958853464011316,121.73750000000001,3.5649999999999955,116.09375,6.683130014132331,113.83153846153846,6.265101550322078,119.22192307692308,8.690960830304203,0.0,8.900000000000006,0.0,0.08140492088173423,0.0,9.509999999999991,0.0,0.08341373563722465,-0.992708874098054,-0.12053668025532357,143.0,252.28,116.96,121.14
2014-10-01,39,9,2014,142.0,183.0,326.28,116.96,121.14,115.69,118.23,116.96,105.52,106.79,130.94,147.47,121.14,123.52,123.52,109.26,104.51,133.02,166.27,117.2775,1.2159324268536151,112.66875,5.390365578638751,110.89615384615385,4.788871715514401,115.39384615384617,6.993169854611826,122.92500000000001,1.1899999999999977,117.43,6.458414223770112,114.74538461538461,6.407522422098494,118.5823076923077,7.841762713929469,-2.5400000000000063,3.819999999999993,-0.021483549014632564,0.03414677750960937,-2.3799999999999955,4.75,-0.019268134715025864,0.040811066242804284,-1.0,-1.8369701987210297e-16,142.0,326.28,119.5,116.39
2014-10-08,40,10,2014,141.0,169.0,272.77,119.5,116.39,116.96,115.69,118.23,105.52,109.33,127.13,143.66,121.14,121.14,123.52,108.08,111.64,128.27,161.52,117.2775,1.2159324268536151,114.09875,4.695640645468309,111.67846153846155,4.891771741321622,114.85615384615386,6.2477631689631075,122.33000000000001,1.3740936406713056,118.915,5.623308634610185,116.02461538461537,5.827596153048807,118.12538461538462,7.293826557177655,1.269999999999996,0.0,0.010977612585357344,0.0,0.0,-2.3799999999999955,0.0,-0.019268134715025864,-0.992708874098054,0.1205366802553232,141.0,272.77,116.96,118.76
2014-10-15,41,10,2014,140.0,180.0,254.73,116.96,118.76,119.5,116.96,118.23,109.33,109.33,127.13,146.2,116.39,121.14,123.52,114.01,114.01,128.27,156.77,117.595,1.6395629498967206,115.84625,3.494726384131692,112.46076923076923,5.282504869119399,114.56269230769232,5.812202720277914,120.54750000000001,2.990132382799575,119.95375,3.8115911094706214,116.39000000000001,5.676733215499263,117.66846153846154,6.999050616940694,2.5400000000000063,1.269999999999996,0.021716826265389955,0.01074177450731617,-4.75,-7.1299999999999955,-0.03921083044411422,-0.05772344559585485,-0.9709418174260521,0.23931566428755738,140.0,254.73,115.69,116.39
2014-10-22,42,10,2014,138.0,135.0,266.96,115.69,116.39,116.96,119.5,115.69,111.87,108.06,120.77,141.11,118.76,116.39,121.14,116.39,111.64,125.89,152.02,117.27749999999999,1.5980482888013077,116.8,2.298869287268534,113.0476923076923,5.329332593993238,114.17153846153846,5.247377777378844,119.35750000000002,2.2743259074577113,120.5475,3.0466410075117976,116.75538461538463,5.663630483741248,117.30269230769233,6.663296816259573,-2.5400000000000063,-1.2700000000000102,-0.021255230125523106,-0.010741774507316282,2.3700000000000045,-4.759999999999991,0.02036257410430453,-0.03853626943005173,-0.9350162426854148,0.35460488704253557,138.0,266.96,116.96,116.39
2014-10-29,43,10,2014,137.0,131.0,267.57,116.96,116.39,115.69,116.96,116.96,116.96,106.79,120.77,139.84,116.39,118.76,121.14,123.52,110.45,125.89,147.27,117.27749999999999,1.598048288801308,117.2775,1.3145748905269266,113.63461538461539,5.151439305964892,113.97615384615384,5.083887549449982,118.17000000000002,2.2734555196880395,120.5475,3.0466410075117976,117.12076923076923,5.455511680150711,116.93730769230768,6.429955245689904,-1.269999999999996,0.0,-0.010858413132694866,0.0,-2.3700000000000045,-4.75,-0.01995621421353999,-0.03921083044411422,-0.8854560256532101,0.464723172043768,137.0,267.57,116.96,121.14
2014-11-05,44,11,2014,137.0,117.0,259.92,116.96,121.14,116.96,115.69,119.5,118.23,105.52,119.5,138.57,116.39,116.39,116.39,123.52,109.26,125.89,144.89,117.27749999999999,1.598048288801308,117.27749999999999,1.3145748905269266,114.41692307692308,4.784534781657109,113.82961538461538,4.932895685722725,116.98250000000002,1.1850000000000094,119.65625,3.095355680014102,117.5776923076923,5.086518380063391,116.57192307692307,6.165341203362791,1.269999999999996,0.0,0.010977612585357344,0.0,0.0,-4.75,0.0,-0.03921083044411422,-0.822983865893657,0.5680647467311548,137.0,259.92,115.69,118.76
2014-11-12,45,11,2014,139.0,104.0,234.54,115.69,118.76,116.96,116.96,116.96,118.23,105.52,118.23,138.57,121.14,116.39,118.76,123.52,108.08,123.52,142.52,116.64249999999998,0.6350000000060063,117.11875,1.2586096353645122,115.29692307692306,3.9994382618338338,113.73192307692307,4.840390082825376,118.17000000000002,2.2734555196880395,119.35875,2.768018566736075,118.49153846153845,4.50112550027045,116.38923076923076,5.944606915907245,0.0,-2.5400000000000063,0.0,-0.021255230125523106,4.75,4.75,0.040811066242804284,0.040811066242804284,-0.7485107481711011,0.6631226582407952,139.0,234.54,113.78,116.39
2014-11-19,46,11,2014,138.0,98.0,204.58,113.78,116.39,115.69,116.96,115.69,115.69,109.33,120.77,134.76,118.76,121.14,116.39,121.14,114.01,125.89,133.02,116.32499999999999,0.733234841876087,116.80125,1.2586096353644645,116.07923076923076,2.7165586733228264,113.63423076923075,4.771111546032386,118.17000000000002,2.2734555196880395,118.76375,2.198823955162345,119.31307692307692,3.240620785725754,116.20615384615385,5.787434718026767,-1.269999999999996,-1.269999999999996,-0.010858413132694866,-0.010858413132694866,-2.3799999999999955,0.0,-0.01964668978041928,0.0,-0.6631226582407955,0.7485107481711007,138.0,204.58,110.6,114.01
2014-11-26,47,11,2014,137.0,95.0,168.19,110.6,114.01,113.78,115.69,116.96,116.96,111.87,119.5,134.76,116.39,118.76,116.39,121.14,116.39,123.52,133.02,115.8475,1.50273916565978,116.5625,1.6268176647160506,116.42153846153846,1.9741531777436623,113.36538461538461,4.544493134137425,118.17000000000002,2.2734555196880395,118.17,2.104810816085427,119.49615384615385,2.9721696296892564,115.84076923076924,5.441124092010076,-1.9099999999999966,-1.9099999999999966,-0.016509637825222523,-0.016509637825222523,-2.3700000000000045,0.0,-0.01995621421353999,0.0,-0.5680647467311559,0.8229838658936564,137.0,168.19,110.6,114.01
2014-12-03,48,11,2014,136.0,95.0,175.83,110.6,114.01,110.6,113.78,116.96,119.5,116.96,116.96,138.57,114.01,116.39,121.14,116.39,123.52,118.76,137.77,114.2575,2.7665185703349864,115.7675,2.642048718043939,116.32384615384616,2.232657379519653,113.02307692307691,4.396715837294326,117.57500000000002,3.0674038968917463,117.27875,2.175896777376196,119.31307692307692,3.240620785725754,115.47500000000001,5.2193809977848185,-3.180000000000007,-6.359999999999999,-0.027948672877482927,-0.05437756497948021,-2.3799999999999955,-2.3799999999999955,-0.020448492138499863,-0.020448492138499863,-0.4647231720437684,0.88545602565321,136.0,175.83,108.06,109.26
2014-12-10,49,12,2014,133.0,97.0,153.81,108.06,109.26,110.6,110.6,115.69,116.96,118.23,114.42,144.93,114.01,114.01,118.76,118.76,123.52,114.01,144.89,112.66749999999999,2.511458739459761,114.655,2.7185395238625727,115.83461538461538,2.7243244281303793,112.77846153846153,4.345544561793182,115.79250000000002,2.274325907457712,116.98125,2.4590499762705473,118.58153846153846,3.284901942095831,115.29230769230769,5.182801024694637,0.0,-6.359999999999999,0.0,-0.05437756497948021,0.0,-7.1299999999999955,0.0,-0.05885752022453361,-0.35460488704253595,0.9350162426854147,133.0,153.81,105.52,106.89
2014-12-17,50,12,2014,129.0,95.0,151.37,105.52,106.89,108.06,110.6,113.78,115.69,118.23,111.87,151.28,109.26,114.01,116.39,116.39,123.52,109.26,149.64,110.76,2.3424773211302052,113.54249999999999,3.380890626523852,115.05230769230769,3.36419914651315,112.53384615384616,4.427673950897191,113.41750000000002,2.990132382799578,115.79375,3.5355538564008238,117.48461538461538,3.8334875665678547,115.1096153846154,5.311919789133796,-2.539999999999992,-7.6299999999999955,-0.022965641952983673,-0.06595211340651741,-4.75,-9.5,-0.04166301201648981,-0.07999326372516002,-0.2393156642875578,0.970941817426052,129.0,151.37,101.7,102.14
2014-12-24,51,12,2014,124.0,97.0,136.69,101.7,102.14,105.52,108.06,110.6,116.96,115.69,110.6,147.47,106.89,109.26,114.01,116.39,121.14,109.26,140.14,108.695,2.43186485370314,112.27125,4.256643337178365,114.07461538461538,4.124668906676873,112.28961538461537,4.635989198242695,111.04250000000002,3.560555902290172,114.60625,4.707759362410971,116.20538461538462,4.38647469573948,115.01846153846154,5.4352197323106415,-2.5400000000000063,-8.260000000000005,-0.023505459929668793,-0.07259623835471973,-2.3700000000000045,-9.5,-0.021691378363536518,-0.08162213248560868,-0.12053668025532363,0.992708874098054,124.0,136.69,101.7,102.14
2014-12-31,52,12,2014,121.0,96.0,119.26,101.7,102.14,101.7,105.52,110.6,116.96,116.96,106.79,147.47,102.14,106.89,114.01,121.14,121.14,104.51,140.14,106.47,3.7965071666832455,110.36375,5.175375590229589,112.99846153846154,5.31993866843033,111.9473076923077,5.073651590482716,108.07500000000002,4.941555085867883,112.82500000000002,6.346920513137284,114.74384615384616,5.602152173433924,114.74461538461537,5.896729419448664,-3.819999999999993,-8.899999999999991,-0.03620166793025015,-0.08047016274864371,-4.75,-11.870000000000005,-0.044438207503040505,-0.1041136742391019,6.432490598706546e-16,1.0,121.0,119.26,99.16,99.76
2015-01-07,1,1,2015,118.0,93.0,122.32,99.16,99.76,101.7,101.7,108.06,115.69,119.5,109.33,147.47,102.14,102.14,109.26,118.76,116.39,111.64,140.14,104.245,3.116295878123783,108.45625,5.208964628402039,111.82461538461537,6.011582730283196,111.75153846153846,5.370145392680817,105.10750000000002,3.560555902290172,110.45,6.345851288165519,113.2823076923077,6.23689446471984,114.65346153846154,6.076835980878463,0.0,-8.899999999999991,0.0,-0.08047016274864371,0.0,-11.870000000000005,0.0,-0.1041136742391019,0.12053668025532305,0.992708874098054,118.0,122.32,92.8,95.01
2015-01-14,2,1,2015,115.0,88.0,144.33,92.8,95.01,99.16,101.7,105.52,113.78,116.96,109.33,144.93,99.76,102.14,106.89,116.39,118.76,114.01,135.39,102.02,2.6226195555866068,106.39,5.2081145477802195,110.25999999999999,6.476407182995945,111.36038461538462,5.898021689195759,102.73250000000002,2.990132382799578,108.075,6.346920513137369,112.00307692307692,7.180457720568554,114.19653846153847,6.7245948233703485,-2.5400000000000063,-8.900000000000006,-0.024975417895771956,-0.08236165093466596,-2.3799999999999955,-9.5,-0.023301351086743693,-0.0869485630605894,0.23931566428755774,0.970941817426052,115.0,144.33,88.99,92.64
2015-01-21,3,1,2015,111.0,93.0,152.9,88.99,92.64,92.8,99.16,101.7,110.6,115.69,108.06,143.66,95.01,99.76,102.14,114.01,116.39,111.64,133.02,98.84,4.200920534043256,103.76749999999998,6.1519700677285085,108.40153846153846,7.737287257335392,110.72461538461539,6.9268250913549165,99.76250000000002,3.361114646462786,105.4025,6.82851950070534,110.17615384615384,8.25846488807941,113.46576923076924,7.706382379862383,-6.359999999999999,-12.719999999999999,-0.06413876563130294,-0.12054586808188017,-4.75,-11.879999999999995,-0.047614274258219735,-0.11114229581813073,0.3546048870425356,0.9350162426854148,111.0,152.9,86.45,87.89
2015-01-28,4,1,2015,108.0,93.0,143.72,86.45,87.89,88.99,92.8,101.7,110.6,116.96,106.79,143.66,92.64,95.01,102.14,114.01,116.39,110.45,133.02,95.6625,5.813778891565621,101.06625,7.350846282664963,106.34769230769231,9.070261989824884,109.99115384615385,8.126078673964175,97.38750000000002,4.336137874499226,102.73125,7.152506928149597,108.34923076923077,9.327121261439022,112.735,8.720556977626963,-3.8100000000000023,-12.710000000000008,-0.04105603448275863,-0.12497541789577193,-2.3700000000000045,-9.5,-0.02494474265866753,-0.09300959467397685,0.4647231720437685,0.8854560256532099,108.0,143.72,71.19,76.01
2015-02-04,5,2,2015,107.0,92.0,134.55,71.19,76.01,86.45,88.99,99.16,108.06,116.96,105.52,143.66,87.89,92.64,99.76,109.26,121.14,109.26,133.02,91.85,5.528055716073707,98.0475,7.8201584748244155,104.00076923076924,9.995533553822895,109.20884615384615,9.33564194983162,93.82500000000002,4.941555085867879,99.46625,7.229692618447117,106.15692307692308,10.549042914416534,111.86730769230768,9.98735302578101,-2.539999999999992,-15.25,-0.028542532868861548,-0.14995083579154378,-4.75,-14.25,-0.05127374784110539,-0.13951439201096538,0.5680647467311558,0.8229838658936564,107.0,134.55,71.19,76.01
2015-02-11,6,2,2015,107.0,95.0,125.37,71.19,76.01,71.19,86.45,92.8,105.52,115.69,105.52,141.11,76.01,87.89,95.01,106.89,118.76,108.08,133.02,84.8575,9.4780004044463,93.43875,11.20736165906502,100.48,12.735735811747322,107.88846153846154,11.942112942797593,87.88750000000002,8.453623976338982,95.31,9.870316249099096,102.68538461538462,12.46014152901241,110.58846153846154,12.21492093869218,-15.260000000000005,-27.97,-0.17651821862348183,-0.2820693828156515,-11.879999999999995,-23.75,-0.1351689612015018,-0.23807137129109868,0.6631226582407952,0.7485107481711011,107.0,125.37,69.92,76.01
2015-02-18,7,2,2015,108.0,94.0,128.43,69.92,76.01,71.19,71.19,88.99,101.7,113.78,109.33,132.21,76.01,76.01,92.64,102.14,116.39,114.01,128.27,79.455,9.59976909444629,89.1475,12.426735866093331,97.05692307692306,14.202759934024956,106.5680769230769,13.944447215788777,83.13750000000002,8.455496732895114,91.45,10.698189432934191,99.39692307692309,13.464962795227597,109.355,13.971296074453493,0.0,-21.61,0.0,-0.23286637931034482,0.0,-19.0,0.0,-0.19997894958425433,0.7485107481711011,0.6631226582407953,108.0,128.43,72.46,80.76
2015-02-25,8,2,2015,109.0,94.0,137.61,72.46,80.76,69.92,71.19,86.45,101.7,110.6,111.87,134.76,76.01,76.01,87.89,102.14,114.01,116.39,133.02,74.6875,7.864487162768751,85.175,12.91096875860401,93.68307692307691,15.08143195268748,105.05230769230768,15.667682740648429,78.98000000000002,5.939999999999994,88.18375,10.953989406999614,96.29076923076923,13.869690252209875,107.89346153846154,15.381299539977162,-1.269999999999996,-19.069999999999993,-0.017839584211265525,-0.2142937408697606,0.0,-16.629999999999995,0.0,-0.1795120898100172,0.8229838658936564,0.5680647467311559,109.0,137.61,78.82,80.76
2015-03-04,9,3,2015,111.0,90.0,120.18,78.82,80.76,72.46,69.92,71.19,99.16,110.6,116.96,134.76,80.76,76.01,76.01,99.76,114.01,123.52,133.02,71.19,1.0369506577889664,81.52,11.640908162900173,90.74923076923076,15.225348633958854,103.53653846153846,16.843928506691565,77.19750000000002,2.375,85.51125,9.58515435080001,93.73307692307692,13.387214288648416,106.52307692307691,16.16145557039609,2.539999999999992,-13.990000000000009,0.036327231121281445,-0.16182764603817246,4.75,-7.1299999999999955,0.062491777397710724,-0.0811241324382751,0.8854560256532099,0.4647231720437686,111.0,120.18,81.36,85.51
2015-03-11,10,3,2015,111.0,91.0,111.61,81.36,85.51,78.82,72.46,71.19,92.8,108.06,118.23,132.21,80.76,80.76,76.01,95.01,109.26,123.52,133.02,73.0975,3.9534151902738857,78.97749999999999,9.203890093709013,88.30461538461537,14.295391224319843,102.06961538461539,17.283191483236834,78.38500000000002,2.7424137786507234,83.13625,7.723330032169011,91.17538461538462,12.324480797299772,104.87846153846155,16.534005126964935,6.359999999999999,7.6299999999999955,0.08777256417333712,0.10717797443461152,0.0,4.75,0.0,0.062491777397710724,0.9350162426854148,0.35460488704253557,111.0,111.61,81.36,85.51
2015-03-18,11,3,2015,110.0,95.0,121.4,81.36,85.51,81.36,78.82,69.92,88.99,105.52,118.23,134.76,85.51,80.76,76.01,92.64,106.89,123.52,142.52,75.64,5.343581819967524,77.5475,7.476025968764806,86.25076923076924,13.087568186091351,100.65153846153846,17.41627209073569,80.76000000000002,3.8783587594066975,81.94875,6.221119415812884,89.34846153846154,11.121929423553118,103.41653846153847,16.5001767123417,2.5400000000000063,10.170000000000002,0.032225323521948734,0.1428571428571428,4.75,9.5,0.058816245666171385,0.12498355479542167,0.970941817426052,0.23931566428755804,110.0,121.4,81.36,85.51
2015-03-25,12,3,2015,108.0,92.0,133.02,81.36,85.51,81.36,81.36,72.46,86.45,101.7,115.69,134.76,85.51,85.51,80.76,87.89,102.14,121.14,137.77,78.5,4.200920534044071,76.59375,6.182509748123763,84.39230769230768,11.772599651905736,99.23346153846153,17.428757831197835,83.13500000000002,2.7424137786507234,81.0575,4.824659129345377,87.70384615384616,9.815948365166943,101.9546153846154,16.330735496180083,0.0,11.439999999999998,0.0,0.16361556064073213,0.0,9.5,0.0,0.12498355479542167,0.992708874098054,0.120536680255323,108.0,133.02,81.36,85.51
2015-04-01,13,3,2015,107.0,92.0,129.35,81.36,85.51,81.36,81.36,78.82,71.19,101.7,116.96,130.94,85.51,85.51,80.76,76.01,102.14,121.14,133.02,80.725,1.27000000000748,75.9575,5.208467693498397,82.8276923076923,10.57096507250167,97.91307692307691,17.432560516284617,84.32250000000002,2.375,80.76,4.397645473929858,86.42461538461541,8.80989464123572,100.58423076923079,16.15034691220774,0.0,8.900000000000006,0.0,0.12282638697212267,0.0,4.75,0.0,0.058816245666171385,1.0,-1.6081226496766366e-16,107.0,129.35,78.82,80.76
2015-04-08,14,4,2015,105.0,91.0,134.55,78.82,80.76,81.36,81.36,81.36,71.19,99.16,119.5,127.13,85.51,85.51,85.51,76.01,99.76,116.39,128.27,81.36,4.330917677201967e-06,77.22875,5.118960378541155,81.26307692307692,8.921460441553464,96.54384615384615,17.27405987645825,85.51,0.0,81.9475,4.2104249870432735,85.14538461538463,7.438416739446162,99.21384615384615,15.845136307884129,0.0,2.5400000000000063,0.0,0.032225323521948734,0.0,4.75,0.0,0.058816245666171385,0.992708874098054,-0.12053668025532288,105.0,134.55,78.82,80.76
2015-04-15,15,4,2015,104.0,89.0,142.81,78.82,80.76,78.82,81.36,81.36,69.92,92.8,116.96,127.13,80.76,85.51,85.51,76.01,95.01,118.76,128.27,80.725,1.27000000000748,78.1825,4.507370947356632,79.69846153846153,7.123634192075716,94.97923076923075,16.95090532640356,84.32250000000002,2.375,82.54125,3.534113093441196,83.68384615384616,6.067920481869147,97.84346153846155,15.8409671276253,-2.5400000000000063,-2.5400000000000063,-0.03121927236971489,-0.03121927236971489,-4.75,-4.75,-0.055549058589638656,-0.055549058589638656,0.9709418174260521,-0.2393156642875575,104.0,142.81,78.82,80.76
2015-04-22,16,4,2015,105.0,91.0,123.85,78.82,80.76,78.82,78.82,81.36,72.46,88.99,115.69,120.77,80.76,80.76,85.51,80.76,92.64,116.39,125.89,80.09,1.4664696837482114,79.295,3.0343509543587692,78.62307692307692,5.937462118633014,93.5123076923077,16.619684547596584,83.13500000000002,2.7424137786507234,83.13499999999999,2.538981798185659,82.58769230769232,5.0537348463649305,96.38192307692307,15.584878060283003,0.0,-2.5400000000000063,0.0,-0.03121927236971489,0.0,-4.75,0.0,-0.055549058589638656,0.9350162426854148,-0.35460488704253545,105.0,123.85,78.82,80.76
2015-04-29,17,4,2015,106.0,91.0,123.85,78.82,80.76,78.82,78.82,81.36,78.82,86.45,116.96,120.77,80.76,80.76,85.51,80.76,87.89,116.39,125.89,79.45499999999998,1.2700000000076739,80.09,1.3576871088902975,77.84076923076924,5.063357682959626,92.09423076923078,16.219836293400082,81.94750000000002,2.375,83.135,2.538981798185659,81.67384615384616,4.0611770429624885,95.01153846153846,15.319406174473816,0.0,-2.5400000000000063,0.0,-0.03121927236971489,0.0,-4.75,0.0,-0.055549058589638656,0.8854560256532099,-0.4647231720437685,106.0,123.85,78.18,80.76
2015-05-06,18,5,2015,108.0,91.0,120.79,78.18,80.76,78.82,78.82,78.82,81.36,71.19,116.96,119.5,80.76,80.76,80.76,85.51,76.01,121.14,125.89,78.82,4.442245842915202e-06,80.09,1.3576871088902975,77.25384615384615,4.378098023986815,90.6273076923077,15.593623711684936,80.76,0.0,83.135,2.538981798185659,81.12538461538462,3.6078839952253268,93.64115384615386,14.918908894936992,0.0,-2.5400000000000063,0.0,-0.03121927236971489,0.0,-4.75,0.0,-0.055549058589638656,0.8229838658936565,-0.5680647467311557,108.0,120.79,76.28,77.2
2015-05-13,19,5,2015,109.0,87.0,124.76,76.28,77.2,78.18,78.82,78.82,81.36,71.19,115.69,118.23,80.76,80.76,80.76,85.51,76.01,118.76,123.52,78.66,0.3200000000309204,79.6925,1.3976689777486664,77.79153846153847,3.982691397682727,89.13576923076924,14.809065378500447,80.76,0.0,82.54125,2.4583585551753706,81.49076923076925,3.27150185066443,92.08807692307694,14.016234021801015,-0.6399999999999864,-0.6399999999999864,-0.008119766556711316,-0.008119766556711316,0.0,0.0,0.0,0.0,0.7485107481711013,-0.663122658240795,109.0,124.76,76.28,77.2
2015-05-20,20,5,2015,110.0,88.0,116.2,76.28,77.2,76.28,78.18,78.82,81.36,69.92,113.78,120.77,77.2,80.76,80.76,85.51,76.01,116.39,125.89,78.025,1.2018180672159569,79.0575,1.661030231062515,78.18307692307692,3.5006365721396775,87.61999999999999,13.975861476133995,79.87000000000002,1.7800000000000011,81.5025,2.7616803890961874,81.58230769230771,3.118434847381359,90.48961538461539,13.198790393297433,-1.9000000000000057,-2.539999999999992,-0.024302890764901552,-0.03222532352194862,-3.5600000000000023,-3.5600000000000023,-0.044081228330856925,-0.044081228330856925,0.6631226582407952,-0.7485107481711012,110.0,116.2,76.91,78.38
2015-05-27,21,5,2015,110.0,87.0,112.53,76.91,78.38,76.28,76.28,78.82,81.36,72.46,110.6,119.5,77.2,77.2,80.76,85.51,80.76,114.01,123.52,77.39,1.308077469680967,78.4225,1.6257020461293181,78.6723076923077,2.570428478687598,86.1776923076923,13.074067556106083,78.98000000000002,2.055366958315069,80.46375,2.5969099082406983,81.67384615384617,2.954385267296546,88.98230769230771,12.3319329572288,0.0,-2.539999999999992,0.0,-0.03222532352194862,0.0,-3.5600000000000023,0.0,-0.044081228330856925,0.5680647467311558,-0.8229838658936564,110.0,112.53,76.28,78.38
2015-06-03,22,5,2015,110.0,86.0,114.06,76.28,78.38,76.91,76.28,78.18,78.82,78.82,110.6,116.96,78.38,77.2,80.76,80.76,80.76,114.01,118.76,76.9125,0.8956701401858278,77.86625,1.176179499148583,79.01461538461538,1.876941729611258,84.88192307692307,12.19683172606453,78.38500000000002,1.6782034044378142,79.5725,1.6788750485553638,81.49076923076925,3.086520321046685,87.61192307692308,11.382637662417887,0.6299999999999955,-1.9099999999999966,0.0082590456213949,-0.024232428317685795,1.1799999999999926,-2.3800000000000097,0.015284974093264125,-0.02947003467062914,0.46472317204376906,-0.8854560256532096,110.0,114.06,76.79,78.38
2015-06-10,23,6,2015,109.0,86.0,113.14,76.79,78.38,76.28,76.91,76.28,78.82,81.36,108.06,114.42,78.38,78.38,77.2,80.76,85.51,109.26,114.01,76.4375,0.3150000000328258,77.54874999999998,1.2238048105058656,78.81923076923077,2.0252343960440964,83.56192307692308,11.110965401527231,77.79000000000002,0.6812733176437581,79.275,1.6489910335298505,81.3076923076923,3.201906082949477,86.24153846153847,10.156090071405929,-0.6299999999999955,-1.9000000000000057,-0.008191392536731179,-0.024302890764901552,0.0,-2.3800000000000097,0.0,-0.02947003467062914,0.35460488704253584,-0.9350162426854147,109.0,113.14,78.82,81.95
2015-06-17,24,6,2015,108.0,87.0,120.79,78.82,81.95,76.79,76.28,76.28,78.82,81.36,105.52,111.87,78.38,78.38,77.2,80.76,85.51,106.89,109.26,76.565,0.3327160952232892,77.295,1.1293740364543579,78.46769230769232,1.942391798114233,82.35923076923078,9.988861365776645,78.08500000000001,0.590000000000008,78.9775,1.5548059135023626,80.75923076923078,3.0280341850063217,85.05384615384615,9.108089624912227,0.5100000000000051,0.5100000000000051,0.006685894074462517,0.006685894074462517,0.0,1.1799999999999926,0.0,0.015284974093264125,0.23931566428755768,-0.970941817426052,108.0,120.79,82.63,87.89
2015-07-08,27,7,2015,107.0,90.0,129.96,81.36,85.51,81.36,82.63,76.79,76.28,78.82,99.16,109.33,85.51,87.89,78.38,77.2,80.76,99.76,111.64,79.9,2.60915056420402,78.16875,2.526954335601956,78.36999999999999,1.955091643191906,79.81653846153846,6.4973298776153525,83.43250000000002,4.1597626134191925,80.61125,4.087941981357761,80.66846153846154,3.1231256943148953,82.90692307692308,6.037502642144038,-1.269999999999996,5.079999999999998,-0.015369720440517876,0.06659674882013622,-2.3799999999999955,7.13000000000001,-0.027079303675048294,0.0909670834396532,-0.12053668025532283,-0.992708874098054,107.0,129.96,82.63,87.89
2015-07-15,28,7,2015,106.0,92.0,116.81,82.63,87.89,81.36,81.36,78.82,76.28,78.82,92.8,109.33,85.51,85.51,81.95,77.2,80.76,95.01,114.01,81.04249999999999,1.5980482888049647,78.80375,2.621051792684005,78.56538461538462,2.123478339036181,79.13192307692307,5.182312240104627,85.21500000000002,2.4488024283991074,81.65,4.152589553530401,81.03384615384616,3.4002880722499147,82.35884615384617,5.004900260288406,0.0,4.569999999999993,0.0,0.059512957416330226,0.0,7.13000000000001,0.0,0.0909670834396532,-0.23931566428755743,-0.9709418174260521,106.0,116.81,91.53,92.64
2015-07-22,29,7,2015,105.0,91.0,114.67,91.53,92.64,82.63,81.36,82.63,76.91,78.82,88.99,108.06,87.89,85.51,87.89,78.38,80.76,92.64,111.64,81.99499999999999,0.7332348418836664,79.5975,2.707659769709584,78.85846153846154,2.4057148838775273,78.74076923076923,4.440050380874945,86.70000000000002,1.3740936406713173,82.98625,4.235202601000102,81.58230769230771,3.8919235900381834,82.08500000000001,4.448900313566315,1.269999999999996,3.8100000000000023,0.015609636184857445,0.0483379852829231,2.3799999999999955,5.939999999999998,0.027833001988071482,0.0724832214765101,-0.3546048870425356,-0.9350162426854148,105.0,114.67,90.26,90.26
2015-07-29,30,7,2015,103.0,91.0,107.03,90.26,90.26,91.53,82.63,81.36,76.28,78.82,86.45,106.79,92.64,87.89,85.51,78.38,80.76,87.89,110.45,84.22,4.909969450008641,81.425,4.777384221510029,79.83615384615385,4.258222513479689,78.83846153846153,4.695192172696858,87.88750000000002,3.3611146464627883,84.76875,4.9586502699917245,82.49615384615385,4.937144144910036,82.08500000000001,4.448900313566315,8.900000000000006,8.900000000000006,0.10770906450441742,0.10770906450441742,4.75,4.75,0.05404482876322669,0.05404482876322669,-0.46472317204376806,-0.8854560256532101,103.0,107.03,88.99,87.89
2015-08-05,31,8,2015,101.0,90.0,100.3,88.99,87.89,90.26,91.53,81.36,76.79,78.18,71.19,105.52,90.26,92.64,85.51,78.38,80.76,76.01,109.26,86.445,5.190468829179514,83.17249999999999,5.167480043496408,80.71615384615384,5.124665092241549,78.985,4.992307883143046,89.07500000000002,3.0674038968917476,86.25375,4.532633852733504,83.22692307692309,5.344977992800105,82.17615384615384,4.594494163173465,-1.269999999999996,8.900000000000006,-0.01387523216431763,0.10939036381514256,-2.3799999999999955,4.75,-0.025690846286701152,0.055549058589638545,-0.5680647467311556,-0.8229838658936566,101.0,100.3,87.72,86.7
2015-08-12,32,8,2015,99.0,89.0,103.05,87.72,86.7,88.99,90.26,82.63,78.82,76.28,71.19,105.52,87.89,90.26,87.89,81.95,77.2,76.01,108.08,88.35249999999999,3.9534151902732835,84.69749999999999,4.80211188659352,81.5476923076923,5.53911718875097,79.66961538461538,5.099922729438707,89.67000000000002,2.2734555196880413,87.44250000000001,3.233524172094106,83.77538461538461,5.435788221561957,82.63307692307693,4.54723104250228,-1.2700000000000102,7.6299999999999955,-0.01407046310658111,0.09378072763028511,-2.3700000000000045,2.3799999999999955,-0.02625747839574566,0.027833001988071482,-0.663122658240795,-0.7485107481711013,99.0,103.05,90.26,89.07
2015-08-19,33,8,2015,99.0,88.0,96.94,90.26,89.07,87.72,88.99,91.53,82.63,76.28,69.92,109.33,86.7,87.89,92.64,87.89,77.2,76.01,114.01,89.625,1.6395629498994877,85.81,4.244512423614793,82.4276923076923,5.541235051627353,80.30538461538461,5.030410902326479,89.37250000000003,2.6333929318150284,88.03625,2.412858041547324,84.50615384615384,5.106767631384289,83.04423076923078,4.405506711453908,-1.269999999999996,5.090000000000003,-0.014271266434430774,0.06159990318286335,-1.1899999999999977,-1.1899999999999977,-0.013539651837524147,-0.013539651837524147,-0.7485107481711011,-0.6631226582407952,99.0,96.94,91.53,91.45
2015-08-26,34,8,2015,97.0,89.0,103.97,91.53,91.45,90.26,87.72,90.26,81.36,76.91,72.46,111.87,89.07,86.7,90.26,85.51,78.38,80.76,116.39,89.3075,1.2159324268573506,86.76375,4.284926862178711,83.50307692307692,5.6049121084579046,81.0876923076923,4.931335971278896,88.48000000000002,1.5311215932555295,88.18375,2.438570644004887,85.41923076923078,4.739545445036937,83.54653846153846,4.315004465642111,2.5400000000000063,-1.269999999999996,0.028955768353853273,-0.01387523216431763,2.3699999999999903,-3.5700000000000074,0.027335640138408168,-0.03853626943005184,-0.8229838658936564,-0.5680647467311559,97.0,103.97,91.53,90.26
2015-09-02,35,8,2015,95.0,87.0,122.32,91.53,90.26,91.53,90.26,88.99,81.36,76.28,78.82,116.96,91.45,89.07,87.89,85.51,78.38,80.76,123.52,89.625,1.6395629498994877,88.035,3.9480953816736264,84.62769230769231,5.6384205144157855,81.82115384615385,5.014257533820416,88.77750000000002,2.027434750285861,88.92625,2.4123310451752933,86.42461538461538,4.502208005302179,83.95769230769231,4.542185648076057,1.269999999999996,1.269999999999996,0.014070463106580888,0.014070463106580888,2.3800000000000097,1.1899999999999977,0.02672055686538699,0.013184134721914376,-0.8854560256532096,-0.4647231720437691,95.0,122.32,91.53,90.26
2015-09-09,36,9,2015,96.0,89.0,135.47,91.53,90.26,91.53,91.53,87.72,82.63,76.79,81.36,118.23,90.26,91.45,86.7,87.89,78.38,85.51,123.52,90.26,1.7960512242183564,89.30625,3.0200044347070514,85.80076923076923,5.33518113022015,82.31,5.320191725876977,89.37000000000002,2.0279217604894693,89.52000000000001,2.00082839988893,87.33846153846154,3.898465181217032,84.32307692307693,4.655358004911722,0.0,2.5400000000000063,0.0,0.02854253286886177,-1.1899999999999977,2.3700000000000045,-0.01301257517769272,0.0269655250881784,-0.9350162426854147,-0.3546048870425359,96.0,135.47,87.72,85.51
2015-09-16,37,9,2015,95.0,89.0,152.9,87.72,85.51,91.53,91.53,90.26,91.53,78.82,81.36,118.23,90.26,90.26,89.07,92.64,81.95,85.51,123.52,91.2125,0.635000000012586,90.41875,1.4300093655814543,86.9346153846154,4.800061831861508,82.70115384615384,5.613337208423718,90.26000000000002,0.9716309313040288,89.81625000000001,1.897810298385791,88.2523076923077,2.8838809321295953,84.50576923076923,4.794911613853253,0.0,3.8100000000000023,0.0,0.04343365253077969,0.0,3.5600000000000023,0.0,0.04106113033448677,-0.970941817426052,-0.23931566428755774,95.0,152.9,86.45,85.51
2015-09-23,38,9,2015,94.0,99.0,184.39,86.45,85.51,87.72,91.53,91.53,90.26,82.63,81.36,115.69,85.51,90.26,91.45,90.26,87.89,85.51,121.14,90.5775,1.9050000000042426,89.94250000000001,1.6278096589130093,87.61923076923077,4.1348507863756625,82.94576923076922,5.690600090034861,89.37,2.6337678966327602,88.92500000000001,2.050344918739829,88.52615384615386,2.3563302628502525,84.50576923076923,4.794911613853253,-3.8100000000000023,-2.5400000000000063,-0.04162569649295311,-0.028140926213162,-4.75,-3.559999999999988,-0.05262574783957452,-0.03996856405074645,-0.992708874098054,-0.12053668025532357,94.0,184.39,84.54,84.32
2015-09-30,39,9,2015,93.0,103.0,197.85,84.54,84.32,86.45,87.72,91.53,88.99,81.36,81.36,116.96,85.51,85.51,90.26,87.89,85.51,85.51,121.14,89.30749999999999,2.6181720722703656,89.46624999999999,2.0294470569785408,87.91307692307693,3.8785314759850755,83.14153846153846,5.721334594179123,87.88500000000002,2.742413778650715,88.33125000000001,2.283077105906997,88.34307692307692,2.498070537472452,84.50576923076923,4.794911613853253,-1.269999999999996,-5.079999999999998,-0.014477884176926525,-0.055500928657270854,0.0,-5.939999999999998,0.0,-0.06495352651722253,-1.0,-1.8369701987210297e-16,93.0,197.85,83.91,84.32
2015-10-07,40,10,2015,94.0,95.0,181.03,83.91,84.32,84.54,86.45,91.53,87.72,81.36,78.82,119.5,84.32,85.51,90.26,86.7,85.51,80.76,116.39,87.56,2.951779124530995,88.91000000000001,2.6831857397916887,88.1576923076923,3.5139369038235797,83.26384615384616,5.71571383253866,86.40000000000002,2.633767896632742,87.88499999999999,2.693627400275841,88.25153846153846,2.6289124689046237,84.46000000000001,4.790620001633342,-1.9099999999999966,-6.989999999999995,-0.02209369577790632,-0.07636840380203203,-1.190000000000012,-5.940000000000012,-0.013916500994035963,-0.06580988256148912,-0.992708874098054,0.1205366802553232,94.0,181.03,83.91,84.32
2015-10-14,41,10,2015,96.0,94.0,152.9,83.91,84.32,83.91,84.54,87.72,90.26,82.63,78.82,116.96,84.32,84.32,85.51,89.07,87.89,80.76,118.76,85.655,1.7497142623918602,88.43375,3.210825160954932,88.35384615384615,3.155776551179823,83.45961538461538,5.644139956294747,84.91500000000002,0.6870468203355593,87.5875,2.9613305407395623,88.16,2.7502454435797854,84.59692307692308,4.731144275320246,-0.6300000000000097,-7.6200000000000045,-0.0074520936834635565,-0.08325139298590634,0.0,-5.940000000000012,0.0,-0.06580988256148912,-0.9709418174260521,0.23931566428755738,96.0,152.9,84.54,84.32
2015-10-21,42,10,2015,96.0,86.0,158.09,84.54,84.32,83.91,83.91,86.45,91.53,91.53,78.82,115.69,84.32,84.32,85.51,91.45,92.64,80.76,116.39,84.7025,1.2022582917234328,87.64,3.469347406718823,88.45230769230768,2.9772250890250236,83.65538461538463,5.56448828251464,84.6175,0.5949999999998834,86.99374999999999,3.094806421378038,87.88538461538461,2.950402840801251,84.73384615384614,4.666735113056444,0.0,-3.8100000000000023,0.0,-0.0434336525307798,0.0,-1.190000000000012,0.0,-0.013916500994035963,-0.9350162426854148,0.35460488704253557,96.0,158.09,76.91,80.76
2015-10-28,43,10,2015,94.0,86.0,128.43,76.91,80.76,84.54,83.91,84.54,91.53,90.26,78.82,116.96,84.32,84.32,84.32,90.26,90.26,80.76,116.39,84.22500000000001,0.3637306696140296,86.76625,3.22102440447453,87.91461538461537,3.0061315545111236,83.87538461538462,5.4780706317318115,84.32,0.0,86.1025,2.6180949999303103,87.24538461538462,2.7270148984449913,84.87076923076923,4.597185158840642,0.6300000000000097,-1.9099999999999966,0.007508044333214281,-0.02209369577790632,0.0,-1.190000000000012,0.0,-0.013916500994035963,-0.8854560256532101,0.464723172043768,94.0,128.43,78.18,80.76
2015-11-04,44,11,2015,94.0,84.0,110.7,78.18,80.76,76.91,84.54,83.91,91.53,88.99,78.18,116.96,80.76,84.32,84.32,90.26,87.89,80.76,121.14,82.3175,3.617212324431404,84.93875,4.146587021696927,86.8876923076923,4.186617874934283,83.80192307692307,5.560758235522825,83.43,1.779999999999993,84.91499999999999,2.617446956772477,86.51461538461538,3.0993187837018406,84.87076923076923,4.597185158840642,-7.63000000000001,-7.63000000000001,-0.09025313461083517,-0.09025313461083517,-3.559999999999988,-3.559999999999988,-0.042220113851992314,-0.042220113851992314,-0.822983865893657,0.5680647467311548,94.0,110.7,78.18,80.76
2015-11-11,45,11,2015,94.0,84.0,95.71,78.18,80.76,78.18,76.91,83.91,87.72,87.72,76.28,115.69,80.76,80.76,84.32,85.51,86.7,77.2,118.76,80.885,3.899884613680111,83.27,3.7856420478194877,86.05615384615385,4.767498537770296,83.80192307692307,5.560758235522825,82.54000000000002,2.0553669583150573,83.72749999999999,1.9037913301253988,85.96615384615384,3.4470120840551206,84.87076923076924,4.597185158840642,1.2700000000000102,-5.72999999999999,0.016512807177220257,-0.06828745084018584,0.0,-3.559999999999988,0.0,-0.042220113851992314,-0.7485107481711011,0.6631226582407952,94.0,95.71,77.55,78.38
2015-11-18,46,11,2015,94.0,84.0,103.97,77.55,78.38,78.18,78.18,84.54,86.45,90.26,76.28,113.78,80.76,80.76,84.32,85.51,89.07,77.2,116.39,79.4525,3.4441000275862073,82.0775,3.6848483201876614,85.32230769230767,5.20426932726569,83.875,5.469693410063193,81.65000000000002,1.7799999999999845,83.13374999999999,2.006396467750985,85.50923076923075,3.7241787943434006,85.0076923076923,4.408732523252876,0.0,-5.72999999999999,0.0,-0.06828745084018584,0.0,-3.559999999999988,0.0,-0.042220113851992314,-0.6631226582407955,0.7485107481711007,94.0,103.97,75.01,73.63
2015-12-02,48,11,2015,91.0,86.0,85.62,,,75.01,77.55,78.18,83.91,91.53,76.28,110.6,73.63,78.38,80.76,84.32,90.26,78.38,114.01,77.23,1.509503229549363,79.77374999999999,3.738865135295958,83.07384615384616,5.500959823004269,83.85076923076923,5.514787338121399,78.38250000000002,3.36111464646279,80.90625,3.671336609477519,83.31615384615385,4.544957899433183,84.87038461538462,4.707120972123312,-2.539999999999992,-1.8999999999999915,-0.03275306254029653,-0.024704199713951214,-4.75,-7.13000000000001,-0.06060219443735648,-0.08828628033680053,-0.4647231720437684,0.88545602565321,91.0,85.62,67.38,68.88
2016-07-06,27,7,2016,91.0,91.0,138.52,74.37,76.01,73.1,71.83,71.19,63.56,59.75,64.2,81.36,76.01,73.63,77.2,71.26,66.51,66.51,85.51,71.9875,0.8006820009767868,69.1275,3.5274748151269617,66.4,4.5898965129881075,62.87961538461539,5.11085079475605,75.71250000000002,1.4973838296620163,75.26625,2.283449380108899,73.08538461538461,3.5499521484564536,68.24423076923077,5.858587661260297,1.269999999999996,3.809999999999988,0.017680634832242692,0.054986289507865216,2.3800000000000097,-2.3699999999999903,0.03232378106749989,-0.03023730543505987,-0.12053668025532283,-0.992708874098054,91.0,138.52,79.46,80.76
2016-07-13,28,7,2016,91.0,91.0,118.49,79.46,80.76,74.37,73.1,71.83,64.84,61.02,64.2,82.63,76.01,76.01,76.01,73.63,68.88,66.51,87.89,72.7825,1.2159324268592924,70.47875,3.1391829578385835,67.52461538461539,4.6157549317185875,63.27076923076923,5.583287148689361,75.41500000000002,1.189999999999981,75.86,1.6116451222558268,73.81615384615385,3.022158551038165,68.60961538461538,6.039551957406253,1.2700000000000102,3.180000000000007,0.017373461012311964,0.04466919511167311,0.0,-1.1899999999999977,0.0,-0.015414507772020691,-0.23931566428755743,-0.9709418174260521,91.0,118.49,79.46,83.14
2016-07-20,29,7,2016,91.0,94.0,129.04,79.46,83.14,79.46,74.37,71.83,67.38,62.29,62.29,91.53,80.76,76.01,73.63,76.01,70.07,64.13,92.64,74.69,3.344796954478294,72.30625,3.608137380570587,68.94307692307692,5.24125682225786,63.857692307692304,6.423701928144111,76.60250000000002,2.990132382799568,76.75125,2.099805688310754,74.73,3.1963025513742203,69.1576923076923,6.472458764765836,5.089999999999989,7.6299999999999955,0.06844157590426225,0.10622302659056104,4.75,4.75,0.062491777397710724,0.062491777397710724,-0.3546048870425356,-0.9350162426854148,91.0,129.04,79.46,83.14
2016-07-27,30,7,2016,90.0,95.0,120.79,79.46,83.14,79.46,79.46,73.1,69.29,63.56,59.12,90.26,83.14,80.76,76.01,78.38,71.26,61.76,90.26,76.5975,3.345747300681859,73.81625,3.775825122681329,70.26384615384615,5.577588395322334,64.51807692307692,7.102771864135123,78.98000000000002,3.564444790800741,77.64250000000001,3.0420000469764665,75.73538461538462,3.633963894931477,69.88884615384616,6.938720531585051,0.0,7.6299999999999955,0.0,0.10622302659056104,2.3799999999999955,9.510000000000005,0.02947003467062892,0.12915931006383286,-0.46472317204376806,-0.8854560256532101,90.0,120.79,75.01,78.38
2016-08-03,31,7,2016,89.0,97.0,120.18,75.01,78.38,79.46,79.46,74.37,71.19,63.56,57.84,88.99,83.14,83.14,76.01,77.2,71.26,59.38,87.89,78.1875,2.5450000000038084,75.0875,3.746128477689705,71.48692307692308,5.7263621154154825,65.30038461538462,7.588000780591457,80.76250000000002,3.3611146464627564,78.23750000000001,3.617867367083083,76.64923076923077,3.898836282648566,70.71115384615385,7.198833420453593,0.0,6.359999999999999,0.0,0.08700410396716829,0.0,7.1299999999999955,0.0,0.09380344691487963,-0.5680647467311556,-0.8229838658936566,89.0,120.18,71.83,76.01
2016-08-10,32,8,2016,87.0,101.0,111.0,71.83,76.01,75.01,79.46,79.46,71.83,63.56,57.21,87.72,78.38,83.14,80.76,76.01,71.26,59.38,86.7,78.3475,2.225000000004343,75.565,3.406418311689736,72.36769230769231,5.26771480157309,65.96076923076923,7.659567571652956,81.35500000000002,2.2786765164600395,78.385,3.593498096774079,77.19692307692308,3.56444568998406,71.44192307692308,6.963078640508149,-4.449999999999989,0.6400000000000006,-0.05600302038761629,0.008605620545919068,-4.760000000000005,2.3699999999999903,-0.05725282655761377,0.03118010788054182,-0.663122658240795,-0.7485107481711013,87.0,111.0,71.83,76.01
2016-08-17,33,8,2016,87.0,103.0,119.26,71.83,76.01,71.83,75.01,79.46,71.83,64.84,57.84,90.26,76.01,78.38,83.14,73.63,73.63,60.57,89.07,76.44,3.721012407041033,75.565,3.406418311689736,73.00384615384615,4.568355901302888,66.52307692307691,7.52695251439438,80.16750000000002,3.5661124958886488,78.385,3.593498096774079,77.56230769230768,3.121023213204123,72.08153846153847,6.56308506256897,-3.180000000000007,-7.6299999999999955,-0.04239434742034409,-0.09602315630505909,-2.3699999999999903,-4.75,-0.03023730543505987,-0.058816245666171385,-0.7485107481711011,-0.6631226582407952,87.0,119.26,74.37,78.38
2016-08-24,34,8,2016,89.0,106.0,119.26,74.37,78.38,71.83,71.83,79.46,73.1,67.38,57.21,91.53,76.01,76.01,83.14,76.01,76.01,61.76,91.45,74.5325,3.6108759325156323,75.565,3.406418311689736,73.54153846153847,3.888118324139276,67.06115384615386,7.3800142693280675,78.38500000000002,3.3611158861306634,78.6825,3.223023203689177,77.74538461538461,2.935420513259861,72.67538461538462,6.166361799814213,0.0,-7.6299999999999955,0.0,-0.09602315630505909,0.0,-7.1299999999999955,0.0,-0.08575896078903045,-0.8229838658936564,-0.5680647467311559,89.0,119.26,75.01,78.38
2016-08-31,35,8,2016,91.0,109.0,117.73,75.01,78.38,74.37,71.83,75.01,74.37,69.29,57.21,91.53,78.38,76.01,78.38,76.01,78.38,61.76,90.26,73.26,1.6717655338058313,75.72375,3.303158391157222,74.07923076923076,3.420196050752757,67.72115384615384,7.229560610125994,77.19500000000002,1.3683201379794008,78.97875,3.046362878221256,77.9276923076923,2.891934628818432,73.3146153846154,5.842511261966697,2.5400000000000063,-5.089999999999989,0.035361269664485606,-0.06405738736471167,2.3699999999999903,-4.760000000000005,0.03118010788054182,-0.05725282655761377,-0.8854560256532096,-0.4647231720437691,91.0,117.73,76.28,78.38
2016-09-07,36,9,2016,91.0,107.0,123.85,76.28,78.38,75.01,74.37,71.83,79.46,71.19,57.84,91.53,78.38,78.38,76.01,80.76,77.2,62.95,90.26,73.26,1.6717655338058313,75.80375,3.273302995435887,74.51923076923077,3.106252998751327,68.40576923076922,7.034544575501355,77.19500000000002,1.3683201379794008,79.275,2.823503396254656,77.9276923076923,2.891934628818432,73.95384615384616,5.421801971248874,0.6400000000000006,0.0,0.008605620545919068,0.0,0.0,0.0,0.0,0.0,-0.9350162426854147,-0.3546048870425359,91.0,123.85,77.55,78.38
2016-09-14,37,9,2016,91.0,94.0,132.41,77.55,78.38,76.28,75.01,71.83,79.46,71.83,59.75,87.72,78.38,78.38,76.01,83.14,76.01,66.51,85.51,74.3725,1.8716547936751993,75.40625,2.9422097502073288,74.91076923076922,2.969417623976983,69.115,6.853933906896066,77.78750000000001,1.1849999999999716,78.9775,2.769552568315259,78.01846153846154,2.885702820658103,74.5473076923077,4.99698913963116,1.269999999999996,4.450000000000003,0.016931075856552402,0.06195183071140198,0.0,2.3699999999999903,0.0,0.03118010788054182,-0.970941817426052,-0.23931566428755774,91.0,132.41,76.28,77.2
2016-09-21,38,9,2016,90.0,116.0,127.82,76.28,77.2,77.55,76.28,74.37,79.46,71.83,58.48,86.45,78.38,78.38,78.38,83.14,73.63,66.51,85.51,75.80250000000001,1.4097133278389553,75.1675,2.6268653236320807,75.35076923076923,2.8977993418429255,69.79961538461538,6.769549752107069,78.38,0.0,78.38250000000001,2.2003684756562456,78.20076923076923,2.8224116801471695,75.00384615384615,4.770407175015328,1.269999999999996,5.719999999999999,0.016649187205034055,0.07963246554364467,0.0,2.3699999999999903,0.0,0.03118010788054182,-0.992708874098054,-0.12053668025532357,90.0,127.82,76.91,78.38
2016-09-28,39,9,2016,90.0,112.0,163.6,76.91,78.38,76.28,77.55,75.01,75.01,73.1,58.48,84.54,77.2,78.38,78.38,78.38,76.01,66.51,84.32,76.28,1.0369506577878211,74.77,2.0650492902973614,75.69307692307692,2.703566732460564,70.48423076923078,6.472543965452366,78.08500000000001,0.5899999999999951,77.63999999999999,1.0853175967452249,78.47538461538463,2.4953510620753483,75.41499999999999,4.459605587947542,-1.269999999999996,1.9099999999999966,-0.016376531270148265,0.02568239881672718,-1.1799999999999926,-1.1799999999999926,-0.015054860933911618,-0.015054860933911618,-1.0,-1.8369701987210297e-16,90.0,163.6,76.28,78.38
2016-10-05,40,10,2016,90.0,114.0,133.94,76.28,78.38,76.91,76.28,76.28,71.83,74.37,59.75,83.91,78.38,77.2,78.38,76.01,76.01,66.51,84.32,76.755,0.6075360071796199,75.0075,2.2013551021231144,75.98615384615384,2.6037074159046467,71.19307692307692,6.104000504091069,78.08500000000001,0.5899999999999951,77.63999999999999,1.0853175967452249,78.6576923076923,2.3843278362450477,75.87153846153845,4.1049976295382065,0.6299999999999955,1.8999999999999915,0.0082590456213949,0.02532995600586574,1.1799999999999926,0.0,0.015284974093264125,0.0,-0.992708874098054,0.1205366802553232,90.0,133.94,75.64,77.2
2016-10-12,41,10,2016,92.0,110.0,105.5,75.64,77.2,76.28,76.91,77.55,71.83,79.46,61.02,83.91,78.38,78.38,78.38,76.01,80.76,68.88,84.32,76.755,0.6075360071796199,75.56375000000001,1.811439344811044,76.13307692307693,2.5584057034673684,71.82884615384616,5.712771885475735,78.08500000000001,0.5899999999999951,77.93625,0.8810697637882591,78.84,2.251943604960806,76.32807692307692,3.6579229289172734,-0.6299999999999955,0.0,-0.008191392536731179,0.0,0.0,0.0,0.0,0.0,-0.9709418174260521,0.23931566428755738,92.0,105.5,76.91,83.14
2016-10-19,42,10,2016,94.0,109.0,112.53,76.91,83.14,75.64,76.28,76.28,74.37,79.46,62.29,84.54,77.2,78.38,77.2,78.38,83.14,70.07,84.32,76.2775,0.5184833652297133,76.04,1.0155645860806384,75.83923076923077,2.355799445111044,72.39115384615386,5.311748734219413,77.79000000000002,0.6812733176437513,78.085,0.5462338589485839,78.56615384615385,2.215161914537177,76.64807692307693,3.329468449151995,-0.6400000000000006,-1.9099999999999966,-0.008390141583639266,-0.02462927143778204,-1.1799999999999926,-1.1799999999999926,-0.015054860933911618,-0.015054860933911618,-0.9350162426854148,0.35460488704253557,94.0,112.53,80.73,85.51
2016-10-26,43,10,2016,94.0,100.0,156.87,80.73,85.51,76.91,75.64,76.91,75.01,79.46,63.56,76.91,83.14,77.2,78.38,78.38,83.14,71.26,80.76,76.435,0.6075360071797161,76.3575,0.7911248772213183,75.64307692307692,2.1239483068570197,72.95346153846154,4.9619858462674005,79.275,2.6360260494413494,78.67999999999999,1.8793007818499152,78.56615384615385,2.215161914537177,77.15076923076923,3.2829120281645716,1.269999999999996,0.6299999999999955,0.01679005817028023,0.0082590456213949,5.939999999999998,5.939999999999998,0.07694300518134711,0.07694300518134711,-0.8854560256532101,0.464723172043768,94.0,156.87,80.73,85.51
2016-11-02,44,10,2016,94.0,94.0,137.61,80.73,85.51,80.73,76.91,76.28,76.28,75.01,63.56,78.18,85.51,83.14,78.38,78.38,78.38,71.26,80.76,77.39,2.2862341670717417,77.0725,1.5853953990594334,75.74076923076923,2.3330540125735353,73.61384615384614,4.801796394629887,81.05750000000002,3.9247452146604482,79.57124999999999,3.0455280447762436,78.74846153846154,2.6731406190386955,77.69884615384615,3.4455958287989383,3.8200000000000074,3.8200000000000074,0.049668443635418225,0.049668443635418225,2.3700000000000045,7.13000000000001,0.028506134231417013,0.0909670834396532,-0.822983865893657,0.5680647467311548,94.0,137.61,80.73,84.32
2016-11-09,45,11,2016,93.0,94.0,91.74,80.73,84.32,80.73,80.73,75.64,77.55,71.83,63.56,78.18,85.51,85.51,77.2,78.38,76.01,71.26,80.76,78.5025,2.62383148595443,77.62875,1.9952904371298856,76.18076923076923,2.695046262853205,74.27423076923077,4.537189591003537,82.84000000000002,3.9224737092809345,80.4625,3.633608006231126,79.2969230769231,3.2585819630907755,78.24692307692308,3.5131100401066244,0.0,4.450000000000003,0.0,0.05833770319874154,0.0,7.13000000000001,0.0,0.0909670834396532,-0.7485107481711011,0.6631226582407952,93.0,91.74,81.36,84.32
2016-11-16,46,11,2016,92.0,94.0,78.89,81.36,84.32,80.73,80.73,76.91,76.28,71.83,64.84,77.55,84.32,85.51,83.14,77.2,76.01,73.63,78.38,79.775,1.910000000004896,78.02625,2.274573350873123,76.86538461538461,2.627300945144136,74.93461538461538,4.148231652915349,84.62000000000002,1.134988986730796,81.205,3.752233620518149,79.93615384615386,3.3731255003260867,78.74923076923076,3.4061919183550127,0.0,5.090000000000003,0.0,0.0672924378635642,-1.190000000000012,7.11999999999999,-0.013916500994035963,0.09222797927461124,-0.6631226582407955,0.7485107481711007,92.0,78.89,90.26,95.01
2016-11-23,47,11,2016,91.0,93.0,74.92,90.26,95.01,81.36,80.73,80.73,76.91,74.37,67.38,75.01,84.32,84.32,85.51,78.38,78.38,76.01,73.63,80.8875,0.31500000002905315,78.66125,2.421761091777095,77.59846153846154,2.4271514379019443,75.57000000000001,3.7898992071154725,84.91500000000002,0.6870468203358094,82.095,3.502676527633149,80.57538461538462,3.354438888448423,79.16038461538461,3.408725839108403,0.6299999999999955,4.450000000000003,0.007803790412485911,0.057859836172149404,0.0,1.1799999999999926,0.0,0.014192927592013405,-0.5680647467311559,0.8229838658936564,91.0,74.92,90.26,91.45
2016-12-07,49,12,2016,94.0,93.0,71.25,94.08,95.01,90.26,90.26,80.73,75.64,76.28,71.19,67.38,91.45,95.01,84.32,77.2,78.38,77.2,68.88,85.6525,5.326495877530567,82.0775,5.451253460044508,79.99384615384616,4.99671982147344,77.25653846153847,4.940471185884474,88.77500000000002,5.345555786507798,85.80749999999999,5.376280578358171,82.86,5.657958995956596,80.39384615384614,5.0700659379770965,0.0,9.530000000000001,0.0,0.11804781369998762,-3.5600000000000023,5.939999999999998,-0.03746974002736558,0.0694655595836744,-0.35460488704253595,0.9350162426854147,94.0,71.25,95.35,95.01
2016-12-14,50,12,2016,94.0,93.0,79.51,95.35,95.01,94.08,90.26,81.36,76.91,77.55,71.83,64.84,95.01,91.45,84.32,83.14,78.38,76.01,66.51,88.99,5.396010872241555,84.3825,6.189017346414523,81.36307692307693,6.190458228343872,78.13692307692307,5.783702460702718,91.44750000000002,5.039314602866846,88.03375,4.97534187627364,84.13923076923076,6.392889880607045,81.07884615384614,5.775363764771472,3.819999999999993,13.349999999999994,0.0423221803678262,0.16536603493125224,3.5600000000000023,10.690000000000012,0.038928376161837086,0.12677893738140433,-0.2393156642875578,0.970941817426052,94.0,79.51,93.44,91.45
2016-12-21,51,12,2016,95.0,96.0,85.01,93.44,91.45,95.35,94.08,90.26,80.73,76.28,71.83,64.2,95.01,95.01,95.01,85.51,77.2,73.63,66.51,92.48750000000001,2.6238314859535508,86.6875,6.437292576403612,82.73230769230769,7.16812057404523,79.04153846153847,6.5468054452956945,94.12,1.7800000000001133,89.51750000000001,5.076350629573682,85.41846153846154,6.795585388261887,81.8096153846154,6.287670144513329,1.269999999999996,13.989999999999995,0.013499149659863985,0.17195181907571278,0.0,10.690000000000012,0.0,0.12677893738140433,-0.12053668025532363,0.992708874098054,95.0,85.01,90.26,86.7
2017-01-04,1,1,2017,98.0,107.0,81.95,90.26,86.7,90.26,93.44,94.08,80.73,76.28,74.37,64.2,86.7,91.45,95.01,84.32,78.38,76.01,66.51,93.2825,2.165708121303738,89.4675,5.550023809467043,85.07923076923076,7.307348426453347,80.5326923076923,7.098072728679886,92.04250000000002,3.9372357054157097,90.40875,4.684068553551801,87.15461538461538,6.027115970595358,82.90615384615384,6.239932100226301,-3.1799999999999926,0.0,-0.03403253424657526,0.0,-4.75,-4.75,-0.051940951339529806,-0.051940951339529806,0.12053668025532305,0.992708874098054,98.0,81.95,88.99,84.32
2017-01-11,2,1,2017,98.0,109.0,97.85,88.99,84.32,90.26,90.26,95.35,81.36,75.64,79.46,64.2,86.7,86.7,95.01,84.32,77.2,80.76,66.51,92.3275,2.511458739460911,90.65875,4.285371920841575,86.15461538461538,6.923078091164362,81.14384615384617,7.229097911598296,89.96500000000002,4.040532143171274,90.70625,4.302115551025189,87.79461538461538,5.429867425300486,83.3173076923077,6.118365505720322,0.0,-3.819999999999993,0.0,-0.04060374149659862,0.0,-8.310000000000002,0.0,-0.08746447742342911,0.23931566428755774,0.970941817426052,98.0,97.85,88.99,85.51
2017-01-18,3,1,2017,98.0,114.0,105.5,88.99,85.51,88.99,90.26,93.44,90.26,76.91,79.46,62.29,84.32,86.7,91.45,95.01,83.14,83.14,64.13,90.7375,1.898532327882537,91.61250000000001,2.3173799860916002,87.18153846153845,6.1841259772513,81.51038461538461,7.380325456661366,87.2925,2.9901323827996027,90.70625,4.302115551025189,88.3423076923077,4.561880375901144,83.45423076923076,6.09864914425032,-1.2700000000000102,-6.359999999999999,-0.01407046310658111,-0.06670162558993187,-2.3800000000000097,-10.690000000000012,-0.027450980392156987,-0.11251447216082533,0.3546048870425356,0.9350162426854148,98.0,105.5,89.63,85.51
2017-01-25,4,1,2017,97.0,110.0,114.67,89.63,85.51,88.99,88.99,90.26,90.26,80.73,79.46,59.12,85.51,84.32,86.7,91.45,85.51,83.14,61.76,89.625,0.7332348418813418,91.45375,2.4622401965795513,88.11076923076922,5.365490753471834,81.87692307692308,7.50993356521453,85.8075,1.1393382582300917,89.51875,4.2553309003549815,88.5246153846154,4.380400695865592,83.54538461538462,6.111462823760248,0.0,-4.450000000000003,0.0,-0.04762414383561642,1.190000000000012,-5.939999999999998,0.014112903225806495,-0.06495352651722253,0.4647231720437685,0.8854560256532099,97.0,114.67,90.26,85.51
2017-02-01,5,1,2017,97.0,116.0,94.18,90.26,85.51,89.63,88.99,90.26,94.08,80.73,75.01,57.84,85.51,85.51,86.7,95.01,85.51,78.38,59.38,89.4675,0.6084063883201758,91.375,2.51537557546623,88.79538461538462,4.892180180965129,82.26807692307692,7.642691159135996,85.51000000000002,0.9716309313040474,88.77625,4.386420400355967,88.5246153846154,4.380400695865592,83.63653846153845,6.1228385197154465,0.6400000000000006,-0.6300000000000097,0.007191819305540026,-0.006979836029248898,0.0,-1.1899999999999977,0.0,-0.013725490196078383,0.5680647467311558,0.8229838658936564,97.0,94.18,89.63,84.32
2017-02-08,6,2,2017,97.0,119.0,105.5,89.63,84.32,90.26,89.63,88.99,95.35,80.73,71.83,57.21,85.51,85.51,84.32,95.01,84.32,76.01,59.38,89.4675,0.6084063883201758,90.89750000000001,2.280098682061265,89.52846153846154,4.255482436714106,82.8546153846154,7.6485675682602645,85.21250000000002,0.5950000000000786,87.58875,3.688055769267974,88.52461538461537,4.380400695865592,83.91076923076922,6.03705949818825,0.6300000000000097,0.0,0.007028896574807542,0.0,0.0,-1.1899999999999977,0.0,-0.013725490196078383,0.6631226582407952,0.7485107481711011,97.0,105.5,90.9,86.7
2017-02-15,7,2,2017,97.0,137.0,96.32,90.9,86.7,89.63,90.26,88.99,93.44,81.36,71.83,57.84,84.32,85.51,85.51,91.45,84.32,76.01,60.57,89.6275,0.518483365225362,90.1825,1.41844734025623,90.21307692307693,3.339334725691365,83.53923076923077,7.41536832427788,85.21250000000002,0.5950000000000786,86.25250000000001,2.2846553350753656,88.52461538461537,4.380400695865592,84.23038461538462,5.818046050539931,-0.6300000000000097,0.6400000000000006,-0.006979836029248898,0.007191819305540026,-1.190000000000012,0.0,-0.013916500994035963,0.0,0.7485107481711011,0.6631226582407953,97.0,96.32,90.9,87.89
2017-02-22,8,2,2017,97.0,119.0,88.68,90.9,87.89,90.9,89.63,89.63,90.26,90.26,74.37,57.21,86.7,84.32,85.51,86.7,95.01,78.38,61.76,90.10499999999999,0.6075360071759365,89.865,0.6741131740038245,90.94692307692307,2.0188255026645066,84.27269230769231,7.149209499072345,85.51000000000002,0.9716309313040474,85.65875,0.9930823229161414,88.70769230769231,4.237428768018663,84.64153846153846,5.587022600501166,1.2700000000000102,1.9100000000000108,0.014169362936516938,0.02146308573997091,2.3800000000000097,1.1899999999999977,0.02822580645161299,0.013916500994035852,0.8229838658936564,0.5680647467311559,97.0,88.68,92.8,90.26
2017-03-01,9,2,2017,97.0,130.0,94.18,92.8,90.26,90.9,90.9,90.26,90.26,90.26,75.01,57.21,87.89,86.7,85.51,86.7,91.45,78.38,61.76,90.4225,0.6084063883199465,89.945,0.7601691540664676,90.99615384615385,2.008455204291229,84.90846153846154,6.9659989619974,86.10500000000002,1.536283393995647,85.8075,1.2317670234620135,88.16,3.791653113519567,85.00730769230769,5.470786822897376,0.0,1.2700000000000102,0.0,0.014169362936516938,1.1899999999999977,2.3799999999999955,0.013725490196078383,0.027833001988071482,0.8854560256532099,0.4647231720437686,97.0,94.18,94.71,93.82
2017-03-08,10,3,2017,97.0,142.0,93.88,94.71,93.82,92.8,90.9,89.63,88.99,94.08,76.28,57.84,90.26,87.89,84.32,84.32,95.01,78.38,62.95,91.0575,1.3068632930347601,90.2625,1.270002812120627,91.19153846153846,2.053906222100485,85.5926923076923,6.827160204772205,87.29250000000002,2.473181149855419,86.25250000000001,2.002311164651571,88.06846153846155,3.7192804997508158,85.46423076923078,5.390655005160718,1.8999999999999915,2.539999999999992,0.020902090209020896,0.028140926213161777,2.3700000000000045,4.75,0.0269655250881784,0.055549058589638545,0.9350162426854148,0.35460488704253557,97.0,93.88,99.16,100.95
2017-03-15,11,3,2017,97.0,104.0,94.8,99.16,100.95,94.71,92.8,90.9,88.99,95.35,77.55,59.75,93.82,90.26,86.7,85.51,95.01,78.38,66.51,92.3275,1.8234651079783737,90.97749999999999,1.903438617703788,91.24000000000001,2.1336236781476576,86.30153846153847,6.778164761832497,89.6675,3.138995327595578,87.44,3.169407335327976,87.97692307692309,3.5447481918352004,86.05807692307691,5.429337358637313,1.9099999999999966,5.079999999999998,0.020581896551724155,0.05667745174606709,3.559999999999988,9.5,0.039441613117660035,0.11266603415559784,0.970941817426052,0.23931566428755804,97.0,94.8,97.89,99.76
2017-03-22,12,3,2017,96.0,92.0,81.95,97.89,99.76,99.16,94.71,90.9,89.63,93.44,76.28,58.48,100.95,93.82,87.89,85.51,91.45,77.2,66.51,94.39249999999998,3.5385248809846295,92.24875,3.28277077002182,91.5330769230769,2.8772944021902886,87.1326923076923,6.983916699218574,93.23000000000002,5.694529538659625,89.37,5.597346310027016,88.43384615384616,4.716154044800532,86.92615384615384,5.933520423444489,4.450000000000003,8.259999999999991,0.0469855347904129,0.09086908690869078,7.13000000000001,14.25,0.07599658921338737,0.16435986159169547,0.992708874098054,0.120536680255323,96.0,81.95,96.62,97.39
2017-03-29,13,3,2017,96.0,97.0,77.98,96.62,97.39,97.89,99.16,92.8,90.26,90.26,76.91,58.48,99.76,100.95,90.26,85.51,86.7,78.38,66.51,96.14,2.90880273194089,93.28125,3.6228143657259353,91.87538461538462,3.3490884714644777,87.96384615384615,6.9263404923140754,96.19750000000002,5.039314602866851,91.15125,6.402919953322724,89.07307692307693,5.633071075667299,87.79384615384615,6.101478559778152,-1.269999999999996,6.989999999999995,-0.012807583703106085,0.07689768976897682,-1.1899999999999977,11.870000000000005,-0.011788013868251568,0.135055182614632,1.0,-1.6081226496766366e-16,96.0,77.98,99.16,100.95
2017-04-05,14,4,2017,96.0,89.0,77.98,99.16,100.95,96.62,97.89,94.71,89.63,90.26,76.28,59.75,97.39,99.76,93.82,84.32,86.7,78.38,66.51,97.095,1.8982535833443894,94.07625,3.562434711172656,92.36461538461539,3.5518436888039644,88.72192307692308,6.744344605217808,97.98000000000002,3.1434057962662876,92.63625,6.284200000234201,89.8953846153846,6.024444117344536,88.525,6.067182047709424,-1.269999999999996,3.8200000000000074,-0.012973746041475054,0.04116379310344831,-2.3700000000000045,7.1299999999999955,-0.02375701684041709,0.07899401728340338,0.992708874098054,-0.12053668025532288,96.0,77.98,99.16,99.76
2017-04-12,15,4,2017,97.0,89.0,74.31,99.16,99.76,99.16,96.62,99.16,90.9,88.99,75.64,61.02,100.95,97.39,100.95,86.7,84.32,77.2,68.88,98.2075,1.215932426855808,95.2675,3.4550036179344117,93.04923076923077,3.948015242995867,89.60192307692309,6.54575344432785,99.76250000000002,1.6782009216222722,94.715,5.8776453011218734,90.99153846153847,6.657708372192465,89.39307692307693,6.171335524332903,2.539999999999992,4.450000000000003,0.026288553094597322,0.0469855347904129,3.5600000000000023,7.13000000000001,0.036554060991888404,0.07599658921338737,0.9709418174260521,-0.2393156642875575,97.0,74.31,102.34,105.7
2017-04-19,16,4,2017,98.0,91.0,74.92,102.34,105.7,99.16,99.16,97.89,90.9,88.99,76.91,62.29,99.76,100.95,99.76,87.89,85.51,83.14,70.07,98.2075,1.215932426855808,96.3,3.1871931224731984,93.83153846153847,4.081972248295084,90.50653846153847,6.152453781910485,99.465,1.4927491416847303,96.34750000000001,5.095072549611001,92.17923076923077,6.744995010542202,90.26076923076924,5.971135183921237,0.0,0.0,0.0,0.0,-1.1899999999999977,-1.1899999999999977,-0.011788013868251568,-0.011788013868251568,0.9350162426854148,-0.35460488704253545,98.0,74.92,102.97,104.51
2017-04-26,17,4,2017,98.0,90.0,72.78,102.97,104.51,102.34,99.16,96.62,92.8,89.63,80.73,63.56,105.7,99.76,97.39,90.26,85.51,85.51,71.26,99.32,2.3424773211308594,97.73,2.9777700189328877,94.85846153846154,4.427131965036938,91.48461538461538,5.921518880003358,100.95000000000002,3.4953397545876084,98.57375,4.751071871552355,93.73230769230769,7.376287632047817,91.12846153846155,6.509840976437739,3.180000000000007,4.450000000000003,0.032069382815651526,0.04545918888548384,5.939999999999998,5.939999999999998,0.05954290296712106,0.05954290296712106,0.8854560256532099,-0.4647231720437685,98.0,72.78,101.07,99.76
2017-05-03,18,4,2017,97.0,90.0,81.03,101.07,99.76,102.97,102.34,99.16,94.71,90.26,80.73,63.56,104.51,105.7,100.95,93.82,85.51,85.51,71.26,100.9075,2.0341644476324507,99.00125,2.7332316691208005,95.88461538461539,4.654436262645768,92.33999999999999,5.912150877648654,102.73000000000002,2.8271658364282914,100.35499999999999,3.7558830044266815,95.19384615384615,7.492765998456475,91.85923076923078,6.908153399039526,0.6299999999999955,6.349999999999994,0.006155950752393835,0.06572138273649353,-1.1899999999999977,7.1200000000000045,-0.011258278145695355,0.07310812198377659,0.8229838658936565,-0.5680647467311557,97.0,81.03,98.53,96.2
2017-05-10,19,5,2017,97.0,92.0,93.27,98.53,96.2,101.07,102.97,99.16,99.16,89.63,80.73,63.56,99.76,104.51,99.76,100.95,84.32,84.32,71.26,101.385,1.6806843844135781,99.79625,2.174612855514989,96.71615384615384,4.529793112381745,93.12230769230769,5.654544584811373,102.43250000000002,3.1239438215180186,101.09750000000001,2.7251199187397943,96.28999999999999,6.983022268325781,92.4073076923077,6.949428498918755,-1.9000000000000057,1.9099999999999966,-0.018451976303777817,0.01926179911254544,-4.75,-1.1899999999999977,-0.04545019615347812,-0.011788013868251568,0.7485107481711013,-0.663122658240795,97.0,93.27,97.25,93.82
2017-05-17,20,5,2017,96.0,93.0,81.03,97.25,93.82,98.53,101.07,102.34,97.89,90.9,81.36,64.84,96.2,99.76,105.7,99.76,86.7,84.32,73.63,101.22749999999999,1.964287402599656,99.7175,2.212030418274352,97.40076923076923,4.0126019437430145,93.80692307692308,5.149114696132414,101.54250000000002,4.389778847884471,100.50375,3.2321462904610514,97.20384615384616,5.993203843323411,92.86423076923076,6.785029505069296,-2.539999999999992,-0.6299999999999955,-0.025131097259325164,-0.006353368293666728,-3.5600000000000023,-3.5600000000000023,-0.03568564554931841,-0.03568564554931841,0.6631226582407952,-0.7485107481711012,96.0,81.03,94.71,92.64
2017-05-24,21,5,2017,96.0,97.0,80.42,94.71,92.64,97.25,98.53,102.97,96.62,90.9,90.26,67.38,93.82,96.2,104.51,97.39,87.89,95.01,76.01,99.955,2.561321273616194,99.63749999999999,2.2974877583879274,97.88923076923076,3.5103738203972683,94.41807692307694,4.516867072864369,98.57250000000002,4.650414856046054,99.76125,4.014905932016512,97.75153846153846,5.2300571159244456,93.22961538461537,6.558518418530148,-1.2800000000000011,-5.090000000000003,-0.01299096721810622,-0.04973617353918314,-2.3800000000000097,-11.88000000000001,-0.02474012474012488,-0.11239356669820255,0.5680647467311558,-0.8229838658936564,96.0,80.42,94.08,90.26
2017-05-31,22,5,2017,97.0,103.0,85.01,94.08,90.26,94.71,97.25,101.07,99.16,92.8,90.26,69.29,92.64,93.82,99.76,100.95,90.26,91.45,78.38,97.88999999999999,2.648521600191274,99.39874999999999,2.716828179529412,98.18230769230769,3.000197643054909,94.58923076923075,4.436603135811838,95.60500000000002,3.1408862868093577,99.1675,4.707218620686907,98.11692307692309,4.61324431142095,93.13846153846154,6.549247097072069,-2.5400000000000063,-8.260000000000005,-0.02611825192802064,-0.08021753908905516,-1.1799999999999926,-11.870000000000005,-0.012577275634193086,-0.11357764807195492,0.46472317204376906,-0.8854560256532096,97.0,85.01,92.8,87.89
2017-06-07,23,6,2017,97.0,95.0,81.95,92.8,87.89,94.08,94.71,98.53,99.16,94.71,94.08,71.19,90.26,92.64,96.2,99.76,93.82,95.01,77.2,96.1425,2.1002122908602594,98.76375,3.3096047994455895,98.28076923076922,2.824710786186334,94.73615384615385,4.349905816849895,93.23000000000002,2.472380768948622,97.83125,5.567598706554528,98.11692307692307,4.61324431142095,93.09269230769232,6.565656437979668,-0.6299999999999955,-6.989999999999995,-0.006651884700665134,-0.0691599881270406,-2.3799999999999955,-9.5,-0.025690846286701152,-0.09522854851643947,0.35460488704253584,-0.9350162426854147,97.0,81.95,91.53,85.51
2017-06-14,24,6,2017,95.0,92.0,77.98,91.53,85.51,92.8,94.08,97.25,102.34,99.16,95.35,71.83,87.89,90.26,93.82,105.7,100.95,95.01,76.01,94.71000000000001,1.8705257727925308,97.96875,3.910197062984161,98.13384615384614,3.0653399443316696,94.68692307692307,4.364846635785287,91.1525,2.631138853551234,96.3475,6.486065833776682,97.66076923076922,5.313549443850328,92.81884615384615,6.630650844029578,-1.2800000000000011,-5.730000000000004,-0.013605442176870763,-0.05815487668730335,-2.3700000000000045,-8.310000000000002,-0.02625747839574566,-0.08638253638253646,0.23931566428755768,-0.970941817426052,95.0,77.98,92.17,87.89
2017-06-21,25,6,2017,94.0,93.0,90.21,92.17,87.89,91.53,92.8,94.71,102.97,97.89,93.44,71.83,85.51,87.89,92.64,104.51,99.76,91.45,73.63,93.28,1.4115948427275393,96.61749999999999,4.049164816875981,97.5469230769231,3.545364073013151,94.53999999999999,4.40573444502504,89.07500000000002,3.067403896891775,93.82375,6.250839800728507,96.47307692307692,6.173126415644146,92.45346153846154,6.765456934938485,-1.269999999999996,-5.719999999999999,-0.01368534482758621,-0.05881748071979431,-2.3799999999999955,-8.309999999999988,-0.027079303675048294,-0.08857386484758034,0.12053668025532308,-0.992708874098054,94.0,90.21,93.44,90.26
2017-06-28,26,6,2017,93.0,93.0,97.24,93.44,90.26,92.17,91.53,94.08,101.07,96.62,90.26,73.1,87.89,85.51,90.26,99.76,97.39,86.7,76.01,92.645,1.0881329575693275,95.2675,3.372496955406406,97.10692307692307,3.841788612553467,94.49115384615385,4.42541417445472,87.88750000000002,1.93918152837741,91.74624999999999,4.780860465000072,95.56,6.514835633633948,92.31653846153846,6.822363193095726,0.6400000000000006,-2.539999999999992,0.0069922429804436526,-0.026818709745538905,2.3799999999999955,-4.75,0.027833001988071482,-0.05127374784110539,-3.216245299353273e-16,-1.0,93.0,97.24,94.71,90.26
2017-07-05,27,7,2017,93.0,91.0,88.07,94.71,90.26,93.44,92.17,92.8,98.53,99.16,90.26,74.37,90.26,87.89,87.89,96.2,100.95,86.7,76.01,92.485,0.8210765291262253,94.31375,2.4497751354409862,96.8623076923077,3.9743283580237194,94.61346153846155,4.3470476807301734,87.88750000000002,1.93918152837741,90.55875,3.519413252652189,95.01153846153846,6.646725818212839,92.45346153846154,6.7403631607286005,1.269999999999996,-0.6400000000000006,0.013778886839535653,-0.006802721088435382,2.3700000000000045,0.0,0.0269655250881784,0.0,-0.12053668025532283,-0.992708874098054,93.0,88.07,94.08,90.26
2017-07-12,28,7,2017,94.0,90.0,95.41,94.08,90.26,94.71,93.44,91.53,97.25,99.16,88.99,79.46,90.26,90.26,85.51,93.82,99.76,84.32,80.76,92.96249999999999,1.4097133278371772,93.83625,1.7954699941627783,96.52,3.9515102597979888,94.78461538461536,4.255423110130619,88.48000000000002,2.2734555196880737,89.81625000000001,2.687510465112074,94.18923076923078,6.510689238391505,92.59038461538461,6.654423780178077,1.269999999999996,1.9099999999999966,0.013591609589041154,0.020581896551724155,0.0,2.3700000000000045,0.0,0.0269655250881784,-0.23931566428755743,-0.9709418174260521,94.0,95.41,95.35,91.45
2017-07-19,29,7,2017,94.0,92.0,94.18,95.35,91.45,94.08,94.71,92.17,94.71,102.34,88.99,79.46,90.26,90.26,87.89,92.64,105.7,85.51,83.14,93.6,1.0852035139463554,93.44,1.1781098663034324,96.12923076923076,3.9197373669158306,94.98038461538462,4.0921295001788005,89.66750000000002,1.185000000000092,89.37125,2.175896777377396,93.45846153846153,6.364825012192373,92.81884615384617,6.458198712909827,-0.6299999999999955,2.549999999999997,-0.006651884700665134,0.027859718125204713,0.0,4.75,0.0,0.055549058589638545,-0.3546048870425356,-0.9350162426854148,94.0,94.18,97.25,93.82
2017-07-26,30,7,2017,95.0,92.0,91.13,97.25,93.82,95.35,94.08,93.44,94.08,102.97,89.63,79.46,91.45,90.26,90.26,90.26,104.51,85.51,83.14,94.395,0.8210765291257544,93.52,1.2928153110595941,95.59153846153846,3.447791191838483,95.225,3.905556298413781,90.55750000000002,0.5949999999999989,89.2225,1.9494010069253016,92.3623076923077,5.201685870693031,93.0473076923077,6.292235569460498,1.269999999999996,3.1799999999999926,0.013499149659863985,0.034501464684821403,1.1899999999999977,3.5600000000000023,0.013184134721914376,0.040505176925702546,-0.46472317204376806,-0.8854560256532101,95.0,91.13,95.35,91.45
2017-08-02,31,7,2017,96.0,92.0,91.13,95.35,91.45,97.25,95.35,94.71,92.8,101.07,90.26,75.01,93.82,91.45,90.26,87.89,99.76,85.51,78.38,95.3475,1.3702159197297359,93.91624999999999,1.8532900281689262,95.15153846153846,2.714761641320551,95.51807692307693,3.7517867948386243,91.44750000000002,1.6782009216221192,89.6675,2.5376465475095187,91.53999999999999,3.768934420575372,93.36692307692309,6.102247959063234,1.9000000000000057,3.8100000000000023,0.019926586261143298,0.04077482876712324,2.3699999999999903,3.559999999999988,0.025915800984144255,0.039441613117660035,-0.5680647467311556,-0.8229838658936566,96.0,91.13,94.08,90.26
2017-08-09,32,8,2017,97.0,91.0,90.21,94.08,90.26,95.35,97.25,94.08,91.53,98.53,89.63,71.83,91.45,93.82,90.26,85.51,96.2,84.32,76.01,95.5075,1.3068632930344086,94.235,1.8531671730763335,94.71153846153847,2.060209722945349,95.71384615384615,3.596008984341361,91.74500000000002,1.492749141684566,90.11250000000001,2.4931663746159107,90.90076923076923,2.851696750866956,93.59538461538462,5.904310446292522,-1.9000000000000057,0.6400000000000006,-0.01953727506426739,0.006757470172104263,-2.3699999999999903,1.1899999999999977,-0.025261138350031853,0.013184134721914376,-0.663122658240795,-0.7485107481711013,97.0,90.21,94.08,90.26
2017-08-16,33,8,2017,211.0,92.0,94.18,94.08,90.26,94.08,95.35,95.35,92.17,97.25,90.9,71.83,90.26,91.45,91.45,87.89,93.82,86.7,76.01,95.5075,1.3068632930344086,94.55375000000001,1.5087264023282103,94.36923076923077,1.7133907004130595,95.88499999999999,3.3951533102466867,91.745,1.492749141684566,90.70625000000001,1.670311668975375,90.44384615384615,2.366444373799969,93.82384615384616,5.640060337924554,-1.269999999999996,0.0,-0.013319349764027266,0.0,-1.1899999999999977,0.0,-0.01301257517769272,0.0,-0.7485107481711011,-0.6631226582407952,211.0,94.18,99.16,95.01
2017-08-23,34,8,2017,98.0,93.0,104.58,99.16,95.01,94.08,94.08,97.25,93.44,94.71,90.9,74.37,90.26,90.26,93.82,90.26,92.64,87.89,78.38,95.19,1.4981544201719892,94.79249999999999,1.196420255809369,94.12538461538462,1.4787473042064074,96.00730769230768,3.2630998240350233,91.44750000000002,1.6782009216221192,91.00250000000001,1.2589876886159994,90.17,2.1381689986053676,93.96076923076923,5.501713858849835,0.0,-1.269999999999996,0.0,-0.013319349764027266,0.0,-1.1899999999999977,0.0,-0.01301257517769272,-0.8229838658936564,-0.5680647467311559,98.0,104.58,100.43,97.39
2017-08-30,35,8,2017,98.0,99.0,102.44,100.43,97.39,99.16,94.08,95.35,94.71,94.08,92.8,75.01,95.01,90.26,91.45,90.26,90.26,90.26,78.38,95.66749999999999,2.404071199725024,95.5075,1.8195741259811258,94.4676923076923,2.0355718027269076,96.32500000000002,3.145957723822538,91.74500000000002,2.247791508718435,91.59625,1.8432807514477938,90.35230769230769,2.4452987337678014,94.2346153846154,5.362903117360845,5.079999999999998,1.9099999999999966,0.05399659863945572,0.019640102827763517,4.75,1.190000000000012,0.05262574783957463,0.01268386271583899,-0.8854560256532096,-0.4647231720437691,98.0,102.44,98.53,95.01
2017-09-06,36,9,2017,104.0,101.0,103.36,98.53,95.01,100.43,99.16,94.08,94.08,92.8,94.71,76.28,97.39,95.01,90.26,90.26,87.89,93.82,78.38,96.9375,3.3400436623912717,96.2225,2.4692725938619207,94.95615384615385,2.614378633821088,96.61846153846153,3.1598261880268015,93.23000000000002,3.5644447908007693,92.4875,2.651445697313181,90.90076923076923,3.1273510130628392,94.50884615384615,5.333748645692755,1.2700000000000102,5.0800000000000125,0.012807583703106085,0.05327739905610929,2.3799999999999955,5.939999999999998,0.02504999473739611,0.06495352651722253,-0.9350162426854147,-0.3546048870425359,104.0,103.36,101.7,102.14
2017-09-13,37,9,2017,106.0,97.0,105.5,101.7,102.14,98.53,100.43,94.08,95.35,91.53,99.16,77.55,95.01,97.39,90.26,91.45,85.51,100.95,78.38,98.05,2.762112717953341,96.77875,2.4183845700202884,95.39692307692309,2.702120724581199,96.76538461538462,3.1563462811029104,94.41750000000002,2.9901323827995956,93.08125,2.612937249823409,91.44846153846154,3.1791687754026534,94.55461538461539,5.332706802947122,-1.9000000000000057,4.450000000000003,-0.01891864980583502,0.047300170068027336,-2.3799999999999955,4.75,-0.024437827292329795,0.05262574783957463,-0.970941817426052,-0.23931566428755774,106.0,105.5,108.06,111.64
2017-09-20,38,9,2017,105.0,99.0,133.02,108.06,111.64,101.7,98.53,99.16,97.25,92.17,97.89,76.28,102.14,95.01,95.01,93.82,87.89,99.76,77.2,99.955,1.4063309236018129,97.5725,2.880405477398456,96.17923076923077,2.9501001721291207,96.86307692307693,3.270664482016522,97.38750000000002,3.3611146464628234,94.4175,4.016173552037536,92.72769230769231,3.862808032683958,94.60038461538463,5.394540559324629,3.1700000000000017,7.6200000000000045,0.03217294225109102,0.08099489795918369,7.1299999999999955,11.879999999999995,0.07504473213345952,0.13161976512297802,-0.992708874098054,-0.12053668025532357,105.0,133.02,108.7,114.01
2017-09-27,39,9,2017,105.0,103.0,187.45,108.7,114.01,108.06,101.7,100.43,95.35,93.44,96.62,76.91,111.64,102.14,97.39,91.45,90.26,97.39,78.38,102.18,4.130770710978486,98.92375,4.680564488233622,97.40153846153846,4.184230009115979,97.25423076923077,3.9383734440366758,101.54500000000002,7.35375867612387,96.645,7.26509266483619,94.55461538461539,6.257915807706514,95.0573076923077,6.279571041208378,6.359999999999999,8.900000000000006,0.06253687315634227,0.08975393303751522,9.5,16.629999999999995,0.09300959467397685,0.1750342069255868,-1.0,-1.8369701987210297e-16,105.0,187.45,107.42,111.64
2017-10-04,40,10,2017,105.0,101.0,236.99,107.42,111.64,108.7,108.06,98.53,94.08,94.71,99.16,76.28,114.01,111.64,95.01,90.26,90.26,100.95,78.38,104.2475,4.951076482275692,100.5925,5.52758472183704,98.57538461538462,5.034397705422854,97.71884615384614,4.528842966527119,105.70000000000002,8.780459365355965,99.465,9.105783091770311,96.38153846153847,8.096382778901818,95.69653846153845,7.290992767689846,0.6400000000000006,8.269999999999996,0.005922635572829904,0.08234591257592339,2.3700000000000045,16.620000000000005,0.021228950197061947,0.17065407125988297,-0.992708874098054,0.1205366802553232,105.0,236.99,105.52,109.26
2017-10-11,41,10,2017,105.0,102.0,126.29,105.52,109.26,107.42,108.7,101.7,94.08,94.08,99.16,75.64,111.64,114.01,102.14,90.26,90.26,99.76,77.2,106.47,3.2226490138821755,102.26,5.28930187129255,99.55307692307693,5.439067604857807,98.03653846153846,4.907837766118478,109.85750000000002,5.264905032381949,102.1375,9.155541257313482,98.02615384615386,8.882578959643066,96.10769230769232,7.876964546167665,-1.2800000000000011,8.89,-0.011775528978840821,0.09022632700700295,-2.3700000000000045,16.629999999999995,-0.020787650206122277,0.1750342069255868,-0.9709418174260521,0.23931566428755738,105.0,126.29,108.06,114.01
2017-10-18,42,10,2017,105.0,104.0,129.96,108.06,114.01,105.52,107.42,108.06,99.16,95.35,102.34,76.91,109.26,111.64,111.64,95.01,91.45,105.7,83.14,107.425,1.373305015892441,103.69,4.195116208157479,100.43307692307692,5.40512007978369,98.28115384615384,5.119984630393111,111.63750000000002,1.9391815283775884,104.5125,8.029388430728176,99.48769230769231,9.059614739640134,96.47307692307692,8.263986819561723,-1.9000000000000057,3.819999999999993,-0.01768758145596727,0.03756145526057031,-2.3799999999999955,7.1200000000000045,-0.02131852382658539,0.06970824358723315,-0.9350162426854148,0.35460488704253557,105.0,129.96,111.87,121.14
2017-10-25,43,10,2017,106.0,96.0,122.32,111.87,121.14,108.06,105.52,108.7,100.43,97.25,102.97,80.73,114.01,109.26,114.01,97.39,93.82,104.51,85.51,107.425,1.373305015892441,104.80250000000001,3.997637695289999,101.41076923076922,5.55645039801485,98.50115384615384,5.415715152725584,112.23000000000002,2.273455519688226,106.8875,7.616500414987897,101.22307692307693,9.539663153217706,96.7926923076923,8.779723256548696,2.5400000000000063,0.0,0.024071266110689882,0.0,4.75,2.3700000000000045,0.043474281530294645,0.021228950197061947,-0.8854560256532101,0.464723172043768,106.0,122.32,110.6,117.58
2017-11-01,44,10,2017,106.0,94.0,135.47,110.6,117.58,111.87,108.06,107.42,98.53,95.35,101.07,80.73,121.14,114.01,111.64,95.01,91.45,99.76,85.51,108.2175,2.663210781495709,106.2325,4.248350099906551,102.5353846153846,6.09734452498539,98.84346153846155,5.963080373308592,114.01250000000002,5.132129999652604,109.85625,8.004471852841915,103.32461538461538,10.710300038888478,97.4323076923077,9.898861068909985,3.8100000000000023,3.1700000000000017,0.03525818989450302,0.02916283348666049,7.1299999999999955,7.1299999999999955,0.06253837382685723,0.06253837382685723,-0.822983865893657,0.5680647467311548,106.0,135.47,109.33,116.39
2017-11-08,45,11,2017,109.0,93.0,122.32,109.33,116.39,110.6,111.87,105.52,101.7,94.08,98.53,80.73,117.58,121.14,109.26,102.14,90.26,96.2,84.32,109.0125,2.816041843914009,107.74125000000001,3.113915484210459,103.70846153846153,6.066644935150773,99.21000000000001,6.383490581184895,115.49750000000002,5.07588005505787,112.67750000000001,5.657745007642982,105.33461538461539,10.747924307651946,98.11769230769231,10.654546562927088,-1.2700000000000102,3.1799999999999926,-0.011352462679896425,0.02960342580525044,-3.5600000000000023,5.939999999999998,-0.02938748555390458,0.05320673593694014,-0.7485107481711011,0.6631226582407952,109.0,122.32,109.33,116.39
2017-11-15,46,11,2017,110.0,95.0,116.2,109.33,116.39,109.33,110.6,108.06,108.06,94.08,97.25,81.36,116.39,117.58,114.01,111.64,90.26,93.82,84.32,109.965,1.6395629498967577,108.695,1.9502966807145916,104.88153846153847,5.497387024989654,99.6253846153846,6.681884902198611,117.28,2.9706677139437345,114.45875000000001,3.8066011742865773,107.34461538461538,10.118756194464645,98.89423076923079,11.229435310141733,-1.269999999999996,3.8100000000000023,-0.011482820976491781,0.036106899166034934,-1.1899999999999977,7.1299999999999955,-0.01012076883823776,0.06525718469705288,-0.6631226582407955,0.7485107481711007,110.0,116.2,107.42,114.01
2017-11-29,48,11,2017,110.0,96.0,91.74,,,107.42,109.33,110.6,107.42,100.43,94.08,90.26,114.01,116.39,117.58,111.64,97.39,90.26,91.45,109.17,1.311309777795153,108.69375,2.0089509522436413,106.69,4.0513536832308645,100.57884615384616,6.979070039443625,116.09250000000002,1.4973838296623614,115.05250000000001,3.6722035035531913,110.81615384615385,7.927902768553214,100.58423076923077,11.912971140091676,-1.9099999999999966,-4.450000000000003,-0.0174700448184395,-0.03977831411459731,-2.3799999999999955,-7.1299999999999955,-0.020448492138499863,-0.05885752022453361,-0.4647231720437684,0.88545602565321,110.0,91.74,112.51,117.58
2018-07-11,27,7,2018,122.0,105.0,127.21,110.6,117.58,109.97,110.6,109.33,111.87,111.87,109.33,94.08,116.39,117.58,116.39,116.39,115.2,114.01,90.26,110.4425,1.0837396673895643,110.3625,1.7284737280392701,111.04076923076923,1.606598173866775,111.87307692307692,2.0345019424692428,117.28,1.1349889867311949,116.53750000000001,1.1766265338157709,115.74846153846154,1.424200630473544,115.29192307692308,2.0414838118095795,-0.6299999999999955,3.1799999999999926,-0.005696202531645489,0.029778069107594174,-1.1899999999999977,1.1899999999999977,-0.01012076883823776,0.010329861111111116,-0.12053668025532283,-0.992708874098054,122.0,127.21,111.87,117.58
2018-07-18,28,7,2018,122.0,105.0,126.29,111.87,117.58,110.6,109.97,111.87,111.87,111.87,113.78,95.35,117.58,116.39,118.76,116.39,115.2,116.39,91.45,110.76,0.7973706791742842,110.20375,1.625492782409294,110.94307692307692,1.5905050802247436,111.92192307692306,1.985662648566236,117.57750000000001,0.9675527548069207,116.68625,1.2293545054536812,115.93153846153845,1.498837583765501,115.42923076923077,2.0716484703370264,0.6299999999999955,1.269999999999996,0.005728835136855404,0.011616207811213641,1.1899999999999977,1.1899999999999977,0.010224246069249876,0.010224246069249876,-0.23931566428755743,-0.9709418174260521,122.0,126.29,111.87,117.58
2018-07-25,29,7,2018,122.0,99.0,136.08,111.87,117.58,111.87,110.6,110.6,110.6,111.87,113.15,97.25,117.58,117.58,117.58,115.2,114.01,116.39,93.82,110.76,0.7973706791742842,110.20375,1.625492782409294,110.94307692307692,1.5905050802247436,111.84846153846154,1.949167396230126,117.28250000000001,0.5950000000009248,116.835,1.2600000000314344,116.11461538461539,1.546628674360546,115.475,2.1065749452688207,1.2700000000000102,0.0,0.011482820976491892,0.0,0.0,-1.1800000000000068,0.0,-0.009936005389019953,-0.3546048870425356,-0.9350162426854148,122.0,136.08,111.87,117.58
2018-08-01,30,7,2018,122.0,98.0,165.74,111.87,117.58,111.87,111.87,109.97,106.79,112.51,113.78,95.35,117.58,117.58,116.39,115.2,114.01,118.76,91.45,111.0775,0.9505568543438506,110.3625,1.7284737280392701,110.94307692307692,1.5905050802247436,111.79923076923077,1.9310596533200153,117.28250000000001,0.5950000000009248,117.13250000000001,1.0880487121811748,116.38923076923076,1.456087574833731,115.52076923076925,2.1399138731850167,0.0,1.2700000000000102,0.0,0.011482820976491892,0.0,0.0,0.0,0.0,-0.46472317204376806,-0.8854560256532101,122.0,165.74,111.24,115.2
2018-08-08,31,8,2018,122.0,97.0,181.95,111.24,115.2,111.87,111.87,110.6,109.33,112.51,112.51,94.08,117.58,117.58,117.58,116.39,114.01,116.39,90.26,111.55250000000001,0.6350000000051662,110.9975,1.0139984502423531,110.89384615384617,1.5472800783923772,111.72576923076923,1.888555369768248,117.58,1.0610561539514378e-06,117.42999999999999,0.7601315676111677,116.66384615384615,1.2980468562305214,115.47538461538463,2.0801446695333907,0.0,1.9000000000000057,0.0,0.01727743930162773,0.0,1.1899999999999977,0.0,0.010224246069249876,-0.5680647467311556,-0.8229838658936566,122.0,181.95,111.87,115.2
2018-08-15,32,8,2018,121.0,99.0,160.54,111.87,115.2,111.24,111.87,111.87,111.87,111.87,109.33,94.08,115.2,117.58,117.58,118.76,116.39,110.45,90.26,111.7125,0.31500000001030687,111.23625,0.7577775304569984,110.79615384615386,1.4751471026047525,111.67692307692307,1.8838784870344736,116.98500000000001,1.1900000000004505,117.28125,1.0528117115985445,116.75538461538461,1.12583757991755,115.42961538461539,2.072292413292149,-0.6300000000000097,0.6400000000000006,-0.005631536604988052,0.005786618444846292,-2.3799999999999955,-2.3799999999999955,-0.02024153767647552,-0.02024153767647552,-0.663122658240795,-0.7485107481711013,121.0,160.54,114.42,117.58
2018-08-22,33,8,2018,121.0,101.0,142.19,114.42,117.58,111.87,111.24,111.87,110.6,111.87,109.33,99.16,115.2,115.2,117.58,117.58,116.39,110.45,95.01,111.7125,0.31500000001030687,111.23625,0.7577775304569984,110.79615384615384,1.4751471026047525,111.7746153846154,1.8221530797984296,116.39000000000001,1.3740936406716835,116.83625,1.0901892037986802,116.66384615384617,1.2037063488672288,115.6123076923077,1.8082949044812182,0.6300000000000097,0.0,0.005663430420712157,0.0,0.0,-2.3799999999999955,0.0,-0.02024153767647552,-0.7485107481711011,-0.6631226582407952,121.0,142.19,116.96,118.76
2018-08-29,34,8,2018,122.0,98.0,181.33,116.96,118.76,114.42,111.87,111.87,109.97,110.6,111.87,100.43,117.58,115.2,117.58,116.39,115.2,112.83,97.39,112.35,1.4115948427244422,111.71375,1.305318105710044,110.9923076923077,1.7699253931734626,111.97038461538463,1.8224323982575399,116.39000000000001,1.3740936406716835,116.83624999999999,1.0901892037986802,116.75538461538461,1.2261838862997962,115.88653846153846,1.5101706984628265,2.549999999999997,2.549999999999997,0.022794314829712947,0.022794314829712947,2.3799999999999955,0.0,0.020659722222222232,0.0,-0.8229838658936564,-0.5680647467311559,122.0,181.33,116.96,118.76
2018-09-05,35,9,2018,123.0,99.0,164.52,116.96,118.76,116.96,114.42,111.24,110.6,106.79,113.15,98.53,118.76,117.58,115.2,117.58,115.2,114.01,95.01,113.6225,2.6154970846869094,112.5875,2.0805888589416903,111.48153846153846,2.4141867027763313,112.16615384615383,2.0680543066973174,116.685,1.7811138836884421,117.1325,1.2603372564830018,117.02923076923076,1.2472199855086465,116.11461538461539,1.4775282894712756,2.539999999999992,5.089999999999989,0.022198916273378666,0.045499240189505574,1.1800000000000068,1.1800000000000068,0.010035720360605627,0.010035720360605627,-0.8854560256532096,-0.4647231720437691,123.0,164.52,116.96,118.76
2018-09-12,36,9,2018,123.0,96.0,149.23,116.96,118.76,116.96,116.96,111.87,111.87,109.33,114.42,101.7,118.76,118.76,115.2,117.58,116.39,114.01,102.14,115.0525,2.436218038956796,113.3825,2.4028063949019036,112.26384615384616,2.4149966820523905,112.31269230769229,2.2660618838864566,117.57500000000002,1.6782034044381495,117.28,1.3832466984057756,117.30307692307692,1.2021257880109946,116.2973076923077,1.5003747737057072,0.0,5.719999999999999,0.0,0.05142035239122622,0.0,3.5600000000000023,0.0,0.030902777777777724,-0.9350162426854147,-0.3546048870425359,123.0,149.23,117.59,118.76
2018-09-19,37,9,2018,123.0,97.0,158.4,117.59,118.76,116.96,116.96,114.42,111.87,111.87,115.05,108.06,118.76,118.76,117.58,117.58,118.76,116.39,111.64,116.325,1.2700000000018548,114.01875,2.6100543918709507,112.85076923076923,2.565064851475129,112.41038461538461,2.41068036998237,118.46500000000002,0.5900000000010143,117.42750000000001,1.4793796962893884,117.48538461538462,1.231466709397782,116.48,1.4999119974298207,0.0,5.089999999999989,0.0,0.045499240189505574,0.0,3.5600000000000023,0.0,0.030902777777777724,-0.970941817426052,-0.23931566428755774,123.0,158.4,118.87,121.14
2018-09-26,38,9,2018,123.0,99.0,147.7,118.87,121.14,117.59,116.96,116.96,111.87,110.6,115.05,108.7,118.76,118.76,118.76,117.58,117.58,116.39,114.01,117.1175,0.31500000000703854,114.73375,2.718549705257196,113.29076923076923,2.8568090052142794,112.50807692307693,2.568246124091412,118.76,1.1029879375515614e-06,117.575,1.5537144433606556,117.48538461538463,1.231466709397782,116.57115384615386,1.5648343731585437,0.6300000000000097,3.1700000000000017,0.005386456908344828,0.027704946687642007,0.0,1.1800000000000068,0.0,0.010035720360605627,-0.992708874098054,-0.12053668025532357,123.0,147.7,120.14,125.89
2018-10-03,39,9,2018,125.0,102.0,159.93,120.14,125.89,118.87,117.59,116.96,111.24,109.97,114.42,107.42,121.14,118.76,118.76,115.2,116.39,116.39,111.64,117.595,0.9003888049083351,115.60875,2.790701076782446,113.92692307692307,3.11666056491386,112.65499999999999,2.816726113782503,119.35500000000002,1.1900000000005289,118.02000000000001,2.000828399886671,117.75923076923075,1.5961018218102263,116.75384615384615,1.8021255825880769,1.2800000000000011,1.9100000000000108,0.010885279360489886,0.016330369357045127,2.3799999999999955,2.3799999999999955,0.020040417649040076,0.020040417649040076,-1.0,-1.8369701987210297e-16,125.0,159.93,120.77,127.08
2018-10-10,40,10,2018,128.0,100.0,152.9,120.77,127.08,120.14,118.87,116.96,111.87,110.6,111.87,105.52,125.89,121.14,118.76,115.2,117.58,115.2,109.26,118.39,1.411594842723632,116.72125,2.5651813497486766,114.70923076923077,3.3109904397739167,112.875,3.1622792413169485,121.13750000000002,3.361114646462993,119.35625,3.110424580584912,118.49000000000001,2.705900959005209,117.11923076923077,2.5381661459898623,1.269999999999996,3.180000000000007,0.010683940439135231,0.027188782489740104,4.75,7.1299999999999955,0.03921083044411433,0.06003704951162003,-0.992708874098054,0.1205366802553232,128.0,152.9,125.86,131.83
2018-10-17,41,10,2018,128.0,98.0,155.34,125.86,131.83,120.77,120.14,117.59,114.42,111.87,111.87,108.06,127.08,125.89,118.76,117.58,117.58,115.2,114.01,119.3425,1.4104697798973147,117.83375,2.03601808509001,115.49153846153847,3.457395084337024,113.21730769230768,3.5115507203516603,123.21750000000002,3.926256699028759,120.84125,3.6344244484520836,119.22076923076924,3.5809739399945495,117.57615384615386,3.1696208945894577,0.6299999999999955,3.8100000000000023,0.005243882137506262,0.03257523939808493,1.1899999999999977,8.319999999999993,0.009452696798792681,0.07005725833614007,-0.9709418174260521,0.23931566428755738,128.0,155.34,126.49,131.83
2018-10-24,42,10,2018,128.0,102.0,155.34,126.49,131.83,125.86,120.77,118.87,116.96,111.87,111.87,111.87,131.83,127.08,121.14,118.76,117.58,114.01,121.14,121.41,3.070103147019026,119.26375,3.0572019770582677,116.5676923076923,4.308683391022163,113.75538461538461,4.28378078876793,126.48500000000001,4.391131213404492,122.6225,5.031292790420187,120.31692307692308,4.954466645718397,118.21576923076924,4.185936619760098,5.090000000000003,8.269999999999996,0.042146228367972105,0.07032910961816485,4.750000000000014,13.070000000000007,0.03737802958766134,0.11005389019872025,-0.9350162426854148,0.35460488704253557,128.0,155.34,125.22,130.64
2018-10-31,43,10,2018,127.0,100.0,145.25,125.22,130.64,126.49,125.86,120.14,116.96,111.87,112.51,110.6,131.83,131.83,125.89,118.76,117.58,114.01,117.58,123.315,3.322413781174077,120.455,3.798198821240503,117.6923076923077,4.853856119698808,114.31769230769231,4.936250648174314,129.15750000000003,3.123943821518261,124.25625000000001,5.678322029570439,121.41307692307693,5.802304692407729,118.90115384615386,4.872358219119112,0.6299999999999955,7.61999999999999,0.0050055617352613435,0.06410364263481116,0.0,10.690000000000012,0.0,0.0882450057784383,-0.8854560256532101,0.464723172043768,127.0,145.25,124.59,129.45
2018-11-07,44,11,2018,126.0,97.0,109.47,124.59,129.45,125.22,126.49,120.77,116.96,111.24,112.51,109.33,130.64,131.83,127.08,118.76,115.2,114.01,116.39,124.585,2.5956437865524404,121.48750000000001,3.8349138563563003,118.71923076923076,4.9309945946306435,114.80653846153845,5.361132673094745,130.34500000000003,2.2477915087189233,125.74125000000001,5.588318012994739,122.4176923076923,6.20029724266373,119.54076923076923,5.2791559348676245,-1.269999999999996,5.079999999999998,-0.010040319392837338,0.04228400199766935,-1.1900000000000261,4.749999999999986,-0.009026776909656586,0.03773135276828965,-0.822983865893657,0.5680647467311548,126.0,109.47,123.32,128.27
2018-11-14,45,11,2018,125.0,96.0,102.44,123.32,128.27,124.59,125.22,125.86,117.59,111.87,111.87,109.33,129.45,130.64,131.83,118.76,115.2,116.39,116.39,125.53999999999999,0.8184945530268307,122.44125,3.4804779536256643,119.74615384615385,4.62415855131091,115.27115384615385,5.668767292405528,130.9375,1.1393382582310398,127.07750000000001,4.918442697796101,123.51384615384616,6.0763359826713925,120.13461538461539,5.496077314429472,-0.6299999999999955,3.8200000000000074,-0.0050311451844753385,0.03163037178107153,-1.1899999999999977,2.3699999999999903,-0.00910900183710961,0.018649669499527732,-0.7485107481711011,0.6631226582407952,125.0,102.44,122.04,127.08
2019-07-10,27,7,2019,115.0,101.0,138.52,113.15,115.2,109.33,108.7,111.24,108.06,106.79,119.5,110.6,112.83,112.83,114.01,109.26,112.83,118.76,117.58,109.81,1.085203513942399,109.8875,1.2898255696024266,108.8423076923077,1.723751499123912,106.56884615384615,5.256831994219905,113.12500000000001,0.5900000000008346,112.82625,1.7953347280647398,111.9123076923077,2.0669105521793902,110.63307692307694,3.6903645014933577,0.6299999999999955,-2.5400000000000063,0.0057957681692732965,-0.022704925359792627,0.0,-2.3700000000000045,0.0,-0.02057291666666672,-0.12053668025532283,-0.992708874098054,115.0,138.52,118.23,121.14
2019-07-17,28,7,2019,115.0,101.0,152.9,118.23,121.14,113.15,109.33,109.97,109.33,106.79,114.42,111.87,115.2,112.83,112.83,111.64,111.64,114.01,117.58,110.2875,1.9775131689420988,110.52374999999999,1.498150645677224,109.33153846153847,1.9767095813987692,106.32461538461538,4.755641055233612,113.42250000000001,1.1850000000004204,113.56875,1.2574740838320875,112.09461538461538,2.250928013735292,110.49615384615385,3.4339028255646418,3.8200000000000074,1.9100000000000108,0.034940089636879224,0.017170082704063283,2.3700000000000045,1.1899999999999977,0.021005051847912792,0.010437680905183822,-0.23931566428755743,-0.9709418174260521,115.0,152.9,125.86,128.27
2019-07-24,29,7,2019,115.0,100.0,162.99,125.86,128.27,118.23,113.15,108.7,110.6,106.79,109.33,111.87,121.14,115.2,112.83,114.01,109.26,111.64,117.58,112.3525,4.383958447188107,111.63624999999999,3.0183057570195473,110.21153846153847,3.0213761934799566,106.47115384615384,5.06378382392595,115.50000000000001,3.9224737092810558,114.75625,2.7617589503938254,112.82538461538462,3.359937041526033,110.7703846153846,3.9687846812582257,5.079999999999998,8.260000000000005,0.04489615554573567,0.07511139401654998,5.939999999999998,8.310000000000002,0.051562499999999956,0.0736506248338209,-0.3546048870425356,-0.9350162426854148,115.0,162.99,128.4,133.02
2019-07-31,30,7,2019,114.0,98.0,157.79,128.4,133.02,125.86,118.23,109.33,111.87,107.42,104.25,111.87,128.27,121.14,112.83,115.2,109.26,109.26,117.58,116.64250000000001,7.1449906694599905,113.54375,5.8052191726805,111.67846153846153,5.12134234706697,107.10692307692308,6.3191542277361075,119.36000000000003,6.892096923288389,116.53875,5.477711820257997,114.28769230769232,5.271747265443578,111.41,5.248332306555663,7.6299999999999955,17.159999999999997,0.0645352279455298,0.15786568537258505,7.13000000000001,15.440000000000012,0.05885752022453361,0.13684303819906063,-0.46472317204376806,-0.8854560256532101,114.0,157.79,125.86,130.64
2019-08-07,31,8,2019,114.0,98.0,164.52,125.86,130.64,128.4,125.86,113.15,111.24,108.06,99.16,111.24,133.02,128.27,115.2,114.01,109.26,104.51,115.2,121.41,7.000061904488315,115.61000000000001,7.742790194755379,113.2923076923077,6.722813341952454,108.03576923076922,7.539480710545228,124.40750000000003,7.843227970676457,118.76625,7.92989450029403,116.11538461538461,7.16293423975263,112.32384615384616,6.720956525333292,2.5400000000000063,19.070000000000007,0.020181153662800044,0.17442604957468233,4.75,20.190000000000012,0.03703126218133623,0.1789417708056369,-0.5680647467311556,-0.8229838658936566,114.0,164.52,124.59,128.27
2019-08-14,32,8,2019,114.0,99.0,158.71,124.59,128.27,125.86,128.4,118.23,109.97,108.06,96.62,111.87,130.64,133.02,121.14,112.83,109.26,102.14,115.2,124.5875,4.404220513704342,117.4375,8.271320070840302,114.66153846153846,7.351599424787058,109.06269230769232,8.081087331640825,128.2675,5.132129999652681,120.845,8.651812361750322,117.75999999999999,7.876641627830855,113.32884615384616,7.422792103745042,-2.5400000000000063,12.709999999999994,-0.019781931464174507,0.11232876712328754,-2.380000000000024,15.439999999999984,-0.017892046308825904,0.13402777777777763,-0.663122658240795,-0.7485107481711013,114.0,158.71,128.4,131.83
2019-08-21,33,8,2019,113.0,99.0,144.03,128.4,131.83,124.59,125.86,125.86,108.7,109.33,99.16,114.42,128.27,130.64,128.27,112.83,111.64,104.51,117.58,126.1775,1.5980482887990526,119.265,7.996247334129381,115.93307692307692,7.541704476457711,110.13846153846156,8.218970102058288,130.05,2.273455519688421,122.775,8.324389295493997,119.22230769230768,7.931526916723832,114.33384615384617,7.613759164527032,-1.269999999999996,6.359999999999999,-0.010090576831399911,0.05379345343821362,-2.369999999999976,7.13000000000001,-0.018141457440293718,0.05885752022453361,-0.7485107481711011,-0.6631226582407952,113.0,144.03,129.67,135.39
2019-08-28,34,8,2019,113.0,98.0,143.11,129.67,135.39,128.4,124.59,128.4,109.33,110.6,99.8,116.96,131.83,128.27,133.02,112.83,114.01,105.7,118.76,126.8125,1.9050000000000047,121.72750000000002,7.27910463489253,117.4,7.991542404315108,111.26307692307692,8.646063043600348,130.94000000000003,2.027921760489903,125.15,7.773886691082613,120.77538461538462,8.291638976886492,115.38461538461539,8.074982714915754,3.8100000000000023,2.5400000000000063,0.030580303395135955,0.020181153662800044,3.5600000000000023,3.5600000000000023,0.027753956498012045,0.027753956498012045,-0.8229838658936564,-0.5680647467311559,113.0,143.11,131.58,138.95
2019-09-04,35,9,2019,112.0,96.0,134.24,131.58,138.95,129.67,128.4,125.86,113.15,111.87,100.43,116.96,135.39,131.83,130.64,115.2,115.2,108.08,118.76,127.13,2.3186921601051758,124.27000000000001,5.714247857017402,118.86692307692307,8.380113746854724,112.41192307692307,9.037603230608806,131.53250000000003,2.9670004493879687,127.97,6.681415589962237,122.42,8.933411069310571,116.52653846153846,8.72388351243272,1.2699999999999818,1.2699999999999818,0.009890965732087142,0.009890965732087142,3.559999999999974,2.369999999999976,0.02700447546082052,0.01781686964366247,-0.8854560256532096,-0.4647231720437691,112.0,134.24,133.49,142.52
2019-09-11,36,9,2019,112.0,96.0,120.18,133.49,142.52,131.58,129.67,124.59,118.23,111.24,101.7,116.96,138.95,135.39,128.27,121.14,114.01,109.26,118.76,128.56,2.9517791245280147,126.57375000000002,4.068906267571787,120.38307692307693,8.782073013259692,113.61,9.44136727386789,133.61,4.595940237499645,130.93875,5.338122830847752,124.24692307692308,9.72708022705365,117.71384615384615,9.586384126218707,1.910000000000025,5.720000000000013,0.014729698465335339,0.045447322421738434,3.5600000000000023,8.310000000000002,0.02629440874510669,0.06360992039191671,-0.9350162426854147,-0.3546048870425359,112.0,120.18,132.21,141.33
2019-09-18,37,9,2019,113.0,98.0,115.9,132.21,141.33,133.49,131.58,128.4,125.86,109.97,101.7,117.59,142.52,138.95,131.83,128.27,112.83,109.26,118.76,130.78500000000003,2.227143162588616,128.48125000000002,3.0472443640582623,122.09461538461538,9.016704511981013,114.83269230769231,9.885306897694228,137.1725,4.599814307846379,133.61125,5.077129215560988,126.44,10.416250125002582,118.99307692307691,10.580736371060336,1.9099999999999966,8.900000000000006,0.014515883872928903,0.07143430451882171,3.5700000000000216,14.25,0.025692695214105887,0.1110937865440087,-0.970941817426052,-0.23931566428755774,113.0,115.9,132.85,140.14
2019-09-25,38,9,2019,116.0,97.0,113.75,132.85,140.14,132.21,133.49,129.67,128.4,108.7,104.25,118.87,141.33,142.52,135.39,133.02,112.83,111.64,121.14,131.7375,1.5910033521853084,129.275,3.0935924563059936,123.80538461538461,8.625923733512806,116.00615384615384,10.073099255713027,139.5475,3.1440353581559672,135.24375,5.212216247850779,128.6323076923077,10.311718377525002,120.22653846153847,11.248907126405388,-1.2800000000000011,3.8100000000000023,-0.00958873323844478,0.02967289719626165,-1.1899999999999977,9.5,-0.008349705304518618,0.07206250474095421,-0.992708874098054,-0.12053668025532357,116.0,113.75,130.94,136.58
2019-10-02,39,9,2019,116.0,97.0,110.09,130.94,136.58,132.85,132.21,131.58,125.86,109.33,105.52,120.14,140.14,141.33,138.95,130.64,112.83,112.83,125.89,132.53250000000003,0.8223695438576194,129.83125,3.3065279048744323,125.66307692307691,7.646610779307815,117.10615384615383,10.297050481348792,140.735,1.5362833939960936,136.13375,5.3833312509278635,130.7330769230769,9.580015992168729,121.32269230769231,11.755891648938007,0.6399999999999864,3.180000000000007,0.0048407836018453665,0.024523791162180952,-1.1900000000000261,4.75,-0.008420009905894199,0.035083831893049755,-1.0,-1.8369701987210297e-16,116.0,110.09,130.31,135.39
2019-10-09,40,10,2019,115.0,103.0,117.42,130.31,135.39,130.94,132.85,133.49,124.59,113.15,106.79,120.77,136.58,140.14,142.52,128.27,115.2,112.83,127.08,132.3725,1.0886191559331775,130.46625,2.897402469700669,127.32538461538462,5.9637929980045135,118.08384615384615,10.359564885430498,140.14250000000004,2.5660654057658236,136.87625,4.905815608620832,132.56,8.018714568637956,122.23615384615384,11.989978507712854,-1.9099999999999966,-0.6400000000000148,-0.014377117049303667,-0.0048639610883114415,-3.559999999999974,-2.369999999999976,-0.02540316826031097,-0.01705649514213725,-0.992708874098054,0.1205366802553232,115.0,117.42,130.94,135.39
2019-10-16,41,10,2019,115.0,103.0,113.14,130.94,135.39,130.31,130.94,132.21,128.4,118.23,106.79,125.86,135.39,136.58,141.33,131.83,121.14,111.64,131.83,131.5775,1.159349674026336,131.18125,1.6974303057433802,128.64538461538461,4.204334302008848,118.98846153846154,10.360822242395667,138.36,2.8271658364284553,137.76625,3.5911356639949177,134.11307692307693,6.102459046172329,123.10384615384615,12.097871573769321,-0.6299999999999955,-3.180000000000007,-0.004811363983503902,-0.02382200913926147,-1.1900000000000261,-7.130000000000024,-0.008712842290233058,-0.050028066236317836,-0.9709418174260521,0.23931566428755738,115.0,113.14,130.94,135.39
2019-10-23,42,10,2019,115.0,105.0,120.48,130.94,135.39,130.94,130.31,132.85,129.67,125.86,106.79,126.49,135.39,135.39,140.14,135.39,128.27,109.26,131.83,131.26,1.100817877761092,131.49875,1.2920242976481457,129.62307692307692,2.835425848715052,119.91730769230769,10.305864566429976,136.875,2.247791508718773,138.21125,2.9055879046247934,135.20923076923077,4.695651288755979,124.0173076923077,12.094292061198509,0.6299999999999955,-1.2700000000000102,0.004834625124702674,-0.009605929959912385,0.0,-5.940000000000026,0.0,-0.0420292931437064,-0.9350162426854148,0.35460488704253557,115.0,120.48,128.4,133.02
2019-10-30,43,10,2019,116.0,101.0,112.23,128.4,133.02,130.94,130.94,130.94,131.58,128.4,107.42,125.22,135.39,135.39,136.58,138.95,133.02,109.26,130.64,130.7825,0.3149999999978527,131.6575,1.0988012949178594,130.01384615384615,2.61508616320716,120.84615384615384,10.162702426787982,135.6875,0.5950000000013306,138.21125,2.9055879046247934,135.75692307692307,4.208818885413268,125.02230769230769,11.90310356426293,0.0,-1.9099999999999966,0.0,-0.014377117049303667,0.0,-4.75,0.0,-0.033894676751819564,-0.8854560256532101,0.464723172043768,116.0,112.23,125.86,128.27
2019-11-06,44,11,2019,116.0,105.0,105.19,125.86,128.27,128.4,130.94,130.31,133.49,125.86,108.06,124.59,133.02,135.39,135.39,142.52,130.64,109.26,129.45,130.1475,1.202258291715597,131.26000000000002,1.594311315718315,130.01384615384615,2.61508616320716,121.65307692307692,9.883082016957221,134.7975,1.1850000000006484,137.47,3.4038801389110946,135.75692307692307,4.208818885413268,125.93615384615386,11.551444265346852,-2.539999999999992,-2.539999999999992,-0.019398197647777504,-0.019398197647777504,-2.369999999999976,-3.5600000000000023,-0.017504985597163625,-0.026065309708595663,-0.822983865893657,0.5680647467311548,116.0,105.19,123.32,124.7
2019-11-13,45,11,2019,116.0,105.0,123.23,123.32,124.7,125.86,128.4,130.94,132.21,124.59,108.06,123.32,128.27,133.02,135.39,141.33,128.27,109.26,128.27,129.035,2.431864853700962,130.30625,2.226553630934473,130.01384615384615,2.61508616320716,122.33769230769232,9.513407510539794,133.0175,3.3564006018354626,135.68875,4.050740452603613,135.57461538461538,4.490813985945656,126.66730769230769,11.044184191762117,-2.5400000000000063,-4.450000000000003,-0.019781931464174507,-0.03414933619829641,-4.75,-7.119999999999976,-0.035708915952488374,-0.05258881749021327,-0.7485107481711011,0.6631226582407952,116.0,123.23,118.23,117.58
2019-11-20,46,11,2019,116.0,101.0,121.09,118.23,117.58,123.32,125.86,130.94,132.85,128.4,109.33,122.04,124.7,128.27,135.39,140.14,131.83,111.64,127.08,127.13,3.279125899788953,129.195,3.162440287408996,129.91615384615383,2.8479452782074612,122.92461538461538,9.057105599815534,130.34500000000003,4.788155525182402,133.61,4.9167178367065265,135.3,5.049161646579365,127.26115384615385,10.470982886788335,-2.5400000000000063,-7.6200000000000045,-0.020181153662799933,-0.058194592943332846,-3.5700000000000074,-10.689999999999984,-0.027831917049972787,-0.07895708693404224,-0.6631226582407955,0.7485107481711007,116.0,121.09,117.59,117.58
2019-12-04,48,12,2019,116.0,96.0,107.33,,,117.59,118.23,125.86,130.31,131.58,111.87,122.04,117.58,117.58,128.27,135.39,138.95,115.2,124.7,121.25,4.002207724077907,125.69874999999999,5.486610813087125,128.20461538461538,5.364922514791299,123.53576923076925,8.378199411846854,122.03250000000003,5.343889812985924,128.415,7.706904140356608,132.83384615384614,8.380589218007234,127.62692307692308,10.010783293722602,-0.6400000000000006,-10.810000000000002,-0.005413177704474359,-0.084190031152648,0.0,-15.440000000000012,0.0,-0.11607277101187796,-0.4647231720437684,0.88545602565321,116.0,107.33,118.87,119.95
2020-07-08,27,7,2020,92.0,101.0,90.21,100.43,97.39,99.8,95.98,88.99,88.99,98.53,116.32,113.15,97.39,95.01,87.89,86.7,93.82,118.76,115.2,93.7575,5.046876096492322,90.5,4.864442414090119,92.6576923076923,4.9868629983239225,101.67961538461539,10.441736438266657,92.34,4.587185048225817,88.77624999999999,4.908063154509093,90.16846153846154,4.349135634716246,100.21846153846153,11.77736530547052,3.819999999999993,12.719999999999999,0.039799958324650886,0.14607257694074405,2.3799999999999955,11.879999999999995,0.02504999473739611,0.1389311191673488,-0.12053668025532283,-0.992708874098054,92.0,90.21,100.43,99.76
2020-07-15,28,7,2020,92.0,102.0,88.99,100.43,99.76,100.43,99.8,90.26,86.45,98.53,114.42,118.23,97.39,97.39,89.07,84.32,93.82,115.2,121.14,96.61749999999999,4.672175617419695,91.93,5.9233822384560035,92.80384615384615,5.196735415076352,101.06846153846153,10.006509758079176,94.715,3.9270132840790257,90.1125,5.659693959426065,90.44307692307692,4.697661447662141,99.39653846153846,11.16119238874149,0.6300000000000097,11.440000000000012,0.006312625250501025,0.1285537700865267,0.0,9.5,0.0,0.10808965752645361,-0.23931566428755743,-0.9709418174260521,92.0,88.99,108.06,102.14
2020-07-22,29,7,2020,92.0,105.0,104.89,108.06,102.14,100.43,100.43,95.98,86.45,97.25,116.96,125.86,99.76,97.39,95.01,84.32,93.82,117.58,128.27,99.16,2.1407008198275013,93.6775,6.1341520545687755,92.95000000000002,5.394166602292077,100.53038461538462,9.628857245085031,97.38750000000002,1.939181528377301,92.04249999999999,6.0231333800907665,90.89999999999999,5.303329143088177,98.8026923076923,10.687411494912043,0.0,10.170000000000002,0.0,0.11267449590073131,2.3700000000000045,10.690000000000012,0.024335147345723396,0.12001796339957349,-0.3546048870425356,-0.9350162426854148,92.0,104.89,105.52,98.57
2020-07-29,30,7,2020,92.0,106.0,114.67,105.52,98.57,108.06,100.43,99.8,87.08,94.71,115.69,128.4,102.14,99.76,97.39,85.51,91.45,117.58,133.02,102.17999999999999,3.931233902988851,96.37875000000001,7.167787938309162,93.78153846153847,6.7700170434926745,100.18807692307692,9.168617352355756,99.17000000000002,2.273455519687962,94.27000000000001,6.0542240271983765,91.53999999999999,6.123656315192373,98.20884615384615,10.009796132560565,7.6299999999999955,12.079999999999998,0.07597331474658953,0.12585955407376526,2.3799999999999955,7.1299999999999955,0.023857257417802646,0.07504473213345952,-0.46472317204376806,-0.8854560256532101,92.0,114.67,105.52,103.33
2020-08-05,31,8,2020,91.0,111.0,111.31,105.52,103.33,105.52,108.06,100.43,88.99,91.53,114.42,125.86,98.57,102.14,97.39,87.89,89.07,115.2,130.64,103.61000000000001,3.8155558791184085,98.68375,6.700019056476009,94.61307692307693,7.5163049261948425,99.79692307692306,8.68499937558543,99.46500000000002,2.0288995375160845,95.9025,5.0285946631033624,92.0876923076923,6.425880165188655,97.47769230769231,9.199761000242264,-2.5400000000000063,5.719999999999999,-0.023505459929668793,0.057314629258516936,-3.5700000000000074,1.1799999999999926,-0.03495202663011565,0.012116233699558387,-0.5680647467311556,-0.8229838658936566,91.0,111.31,108.06,108.08
2020-08-12,32,8,2020,92.0,106.0,105.19,108.06,108.08,105.52,105.52,100.43,90.26,88.99,106.79,124.59,103.33,98.57,99.76,89.07,86.7,104.51,128.27,104.88250000000001,3.2007329889690257,100.75,5.767423291953714,95.68923076923078,8.022563453094419,99.4546153846154,8.250098293125196,100.95,2.1726328114370763,97.83250000000001,4.442903651579663,93.1846153846154,7.054219322954169,97.02115384615385,8.557196422627262,0.0,5.089999999999989,0.0,0.05068206711142076,4.760000000000005,5.939999999999998,0.04829055493557877,0.06099188828421798,-0.663122658240795,-0.7485107481711013,92.0,105.19,113.15,115.2
2020-08-19,33,8,2020,92.0,106.0,113.14,113.15,115.2,108.06,105.52,108.06,95.98,86.45,108.7,128.4,108.08,103.33,102.14,95.01,84.32,105.7,131.83,106.79,1.4664696837441276,102.97500000000001,4.418034469243918,97.15615384615384,8.428722262259681,99.50346153846152,8.298881342598827,103.03,3.9275183004028946,100.20875,4.161611767101378,94.82923076923076,7.862381383879295,97.15846153846154,8.709455409984121,2.5400000000000063,7.6299999999999955,0.024071266110689882,0.07597331474658953,4.75,8.319999999999993,0.04596922481370358,0.0834001603849237,-0.7485107481711011,-0.6631226582407952,92.0,113.14,113.15,115.2
2020-08-26,34,8,2020,92.0,112.0,111.0,113.15,115.2,113.15,108.06,105.52,99.8,86.45,109.97,129.67,115.2,108.08,98.57,97.39,84.32,108.08,135.39,108.0625,3.596816879780438,105.12125,4.696239947325519,99.21000000000001,8.845262385402776,99.67461538461538,8.538561579459804,106.29500000000002,7.09347352618351,102.7325,6.187419840756772,97.2046153846154,9.004521656164878,97.52384615384615,9.26376471071155,5.090000000000003,5.090000000000003,0.04710346104016283,0.04710346104016283,7.1200000000000045,13.060000000000002,0.06587712805329393,0.12786371646759354,-0.8229838658936564,-0.5680647467311559,92.0,111.0,114.42,117.58
2020-09-02,35,8,2020,92.0,117.0,111.61,114.42,117.58,113.15,113.15,105.52,100.43,87.08,110.6,131.58,115.2,115.2,103.33,97.39,85.51,111.64,138.95,109.97000000000001,3.815555879118108,106.79,4.902623204541945,101.26384615384616,8.734664216460475,99.7969230769231,8.712928219256678,110.45250000000001,5.814816563458065,104.95875000000001,7.123761922513085,99.58,9.387250218599695,97.79769230769232,9.684002605409523,0.0,7.63000000000001,0.0,0.07230856709628508,0.0,16.63000000000001,0.0,0.1687125900375368,-0.8854560256532096,-0.4647231720437691,92.0,111.61,114.42,117.58
2020-09-09,36,9,2020,92.0,109.0,109.47,114.42,117.58,114.42,113.15,108.06,100.43,88.99,111.24,133.49,117.58,115.2,108.08,99.76,87.89,112.83,142.52,112.195,2.8209277433742592,108.53875,4.804050188568448,103.36692307692307,8.316334714096154,99.94384615384615,8.931841054086089,114.01500000000001,4.112659318089238,107.4825,7.618505196470425,102.0469230769231,9.593254908711877,98.02615384615385,10.085377167732721,1.269999999999996,8.900000000000006,0.011224038886433974,0.08434420015163013,2.3799999999999955,14.25,0.020659722222222232,0.13790767444111096,-0.9350162426854147,-0.3546048870425359,92.0,109.47,111.87,114.01
2020-09-16,37,9,2020,91.0,115.0,118.65,111.87,114.01,114.42,114.42,113.15,108.06,90.26,109.97,132.21,117.58,117.58,115.2,102.14,89.07,110.45,141.33,113.785,0.7332348418740297,110.28750000000001,3.889997245683779,105.32307692307693,7.613949243124897,100.06615384615384,9.112654092823758,116.39000000000001,1.3740936406711437,109.71000000000001,7.643108941117439,104.33076923076922,9.475481924010186,98.20884615384615,10.40231140734714,0.0,6.359999999999999,0.0,0.05885619100499717,0.0,9.5,0.0,0.08789785344189482,-0.970941817426052,-0.23931566428755774,91.0,118.65,110.6,112.83
2020-09-23,38,9,2020,91.0,122.0,138.22,110.6,112.83,111.87,114.42,113.15,105.52,95.98,104.88,132.85,114.01,117.58,115.2,98.57,95.01,100.95,140.14,113.465,1.2202868515250096,110.76375,3.810747723778697,106.98538461538462,6.296229844626911,100.13923076923078,9.20242877639856,116.09250000000002,1.7849999999998707,111.19375,7.096204090925991,106.24923076923076,8.613783007032676,98.34576923076924,10.591591447212036,-2.549999999999997,-1.2800000000000011,-0.02228631358154165,-0.011312417145382225,-3.569999999999993,-1.1899999999999977,-0.030362306514713278,-0.010329861111111116,-0.992708874098054,-0.12053668025532357,91.0,138.22,109.97,112.83
2020-09-30,39,9,2020,90.0,126.0,145.86,109.97,112.83,110.6,111.87,114.42,105.52,99.8,99.16,130.94,112.83,114.01,117.58,103.33,97.39,95.01,136.58,112.8275,1.9105562017394504,111.39875,3.183813694746588,108.11,5.4099845964008555,100.35923076923078,9.386824350369414,115.50000000000001,2.449612214208515,112.97625,4.933740793187269,107.61999999999999,8.077366526284296,98.8026923076923,10.95833547860158,-1.2700000000000102,-2.5500000000000114,-0.011352462679896425,-0.02253645603181631,-1.1800000000000068,-2.3700000000000045,-0.010349969300938566,-0.02057291666666672,-1.0,-1.8369701987210297e-16,90.0,145.86,109.97,112.83
2020-10-07,40,10,2020,90.0,116.0,156.87,109.97,112.83,109.97,110.6,114.42,108.06,100.43,98.53,130.31,112.83,112.83,117.58,108.08,97.39,93.82,135.39,111.71499999999999,1.9688660018748936,111.955,2.2666211480020633,108.8923076923077,4.810254937533388,100.775,9.569213238300863,114.31250000000001,2.2482344925147126,114.16375,3.072518452821943,108.8076923076923,7.566810373645423,99.48807692307693,11.264626409867555,-0.6299999999999955,-4.450000000000003,-0.005696202531645489,-0.038891802132494324,0.0,-4.75,0.0,-0.040398026875318904,-0.992708874098054,0.1205366802553232,90.0,156.87,109.97,112.83
2020-10-14,41,10,2020,90.0,114.0,193.87,109.97,112.83,109.97,109.97,111.87,113.15,100.43,98.53,130.94,112.83,112.83,114.01,115.2,99.76,93.82,135.39,110.6025,0.8956701401776935,112.19375,1.862263887238608,109.62615384615385,4.084651226358009,101.215,9.723621650397149,113.12500000000003,0.5899999999996224,114.75750000000001,2.001040800630606,109.99538461538462,6.798018847896036,100.21923076923076,11.496566069251053,0.0,-4.450000000000003,0.0,-0.038891802132494324,0.0,-4.75,0.0,-0.040398026875318904,-0.9709418174260521,0.23931566428755738,90.0,193.87,109.33,112.83
2020-10-21,42,10,2020,90.0,113.0,192.34,109.33,112.83,109.97,109.97,110.6,113.15,108.06,97.25,130.94,112.83,112.83,112.83,115.2,102.14,93.82,135.39,110.1275,0.31500000000969697,111.79625,1.9655165624185449,110.35999999999999,3.0105453547980736,101.65499999999999,9.855207050086358,112.83,0.0,114.46124999999999,2.099200102777892,111.00076923076924,6.087475477753302,100.95038461538462,11.676399952305198,0.0,-1.9000000000000057,0.0,-0.016983999284884255,0.0,-1.1800000000000068,0.0,-0.010349969300938566,-0.9350162426854148,0.35460488704253557,90.0,192.34,108.06,112.83
2020-10-28,43,10,2020,90.0,108.0,157.79,108.06,112.83,109.33,109.97,109.97,114.42,105.52,94.71,128.4,112.83,112.83,112.83,117.58,98.57,91.45,133.02,109.81,0.32000000000973483,111.31875,2.051775798807017,110.45769230769231,2.949681208322729,102.11961538461537,9.923742633010258,112.83,0.0,114.165,2.146745044430866,111.82307692307693,5.482781205148564,101.68153846153845,11.806509286766362,-0.6400000000000006,-1.269999999999996,-0.005819769027916699,-0.011482820976491781,0.0,0.0,0.0,0.0,-0.8854560256532101,0.464723172043768,90.0,157.79,108.06,111.64
2020-11-04,44,11,2020,90.0,109.0,182.25,108.06,111.64,108.06,109.33,109.97,114.42,105.52,91.53,125.86,112.83,112.83,112.83,117.58,103.33,89.07,128.27,109.33250000000001,0.9003841772671727,110.52374999999999,1.9054053749414779,110.65307692307692,2.6658219014441986,102.63307692307693,9.870253803926083,112.83,0.0,113.57125,1.6715812659412421,112.92,3.7689344205767124,102.50384615384617,11.809935504287193,-1.269999999999996,-1.9099999999999966,-0.011616207811213752,-0.017368373192688913,0.0,0.0,0.0,0.0,-0.822983865893657,0.5680647467311548,90.0,182.25,107.42,110.45
2020-11-11,45,11,2020,90.0,107.0,203.35,107.42,110.45,108.06,108.06,109.97,111.87,108.06,88.99,123.32,111.64,112.83,112.83,114.01,108.08,86.7,124.7,108.85499999999999,0.9544457379407587,109.72874999999999,1.2675672706854646,110.84846153846154,2.330210455987628,103.26884615384617,9.656524561945428,112.5325,0.5949999999999989,112.82875,0.6334133721942068,113.55923076923077,2.496943002736747,103.37192307692308,11.610810486520071,0.0,-1.9099999999999966,0.0,-0.017368373192688913,-1.1899999999999977,-1.1899999999999977,-0.010546840379331734,-0.010546840379331734,-0.7485107481711011,0.6631226582407952,90.0,203.35,104.88,108.08
2020-11-18,46,11,2020,92.0,101.0,157.48,104.88,108.08,107.42,108.06,109.33,110.6,113.15,86.45,118.23,110.45,111.64,112.83,112.83,115.2,84.32,117.58,108.2175,0.8006820009676446,109.1725,1.1660158048420908,110.79923076923077,2.3997550622798203,103.9776923076923,9.233621741310865,111.93750000000001,1.1393382582300415,112.38374999999999,0.8853883329220669,113.74153846153845,2.1219089131815223,104.28538461538461,11.172688926404058,-0.6400000000000006,-2.549999999999997,-0.005922635572829904,-0.023188142220605612,-1.1899999999999977,-2.3799999999999955,-0.010659261913292695,-0.02109368075866347,-0.6631226582407955,0.7485107481711007,92.0,157.48,105.52,109.26
2021-07-07,27,7,2021,126.0,97.0,84.09,208.49,218.53,190.69,186.88,167.81,165.27,156.37,106.79,100.43,204.28,201.9,181.71,180.52,171.02,112.83,97.39,179.57,10.952579604823665,173.69,9.63161016059695,166.7346153846154,12.091653192309492,148.71692307692308,23.527782346704285,193.29000000000002,11.450312950599619,188.39125,9.351345873344822,181.16307692307694,12.23364853223461,160.37923076923076,26.512790109391236,3.8100000000000023,22.879999999999995,0.02038741438356162,0.13634467552589236,2.3799999999999955,21.379999999999995,0.011788013868251568,0.11689447785675222,-0.12053668025532283,-0.992708874098054,126.0,84.09,216.12,219.71
2021-07-14,28,7,2021,126.0,97.0,84.09,216.12,219.71,208.49,190.69,172.9,170.35,155.1,109.97,100.43,218.53,204.28,185.27,187.65,168.65,116.39,99.76,189.74,14.654125698928565,179.0925,14.909359236974037,170.74384615384616,16.282973488925197,152.62846153846155,24.703088016248152,202.495,13.630383951549952,193.1425,13.51151017255004,184.8176923076923,15.587708915384622,164.4446153846154,27.028927056880566,17.80000000000001,40.68000000000001,0.09334521999056067,0.2424170192479591,14.25,36.81999999999999,0.06975719600548258,0.20263056518628586,-0.23931566428755743,-0.9709418174260521,126.0,84.09,213.58,213.78
2021-07-21,29,7,2021,126.0,98.0,84.4,213.58,213.78,216.12,208.49,186.88,167.81,147.47,116.96,108.06,219.71,218.53,201.9,182.9,161.52,125.89,102.14,200.54500000000002,14.01852227114771,184.81375000000003,19.230800397502225,175.43769230769232,19.81049728210077,156.71115384615385,26.10296325353549,211.10500000000002,9.31824912023025,197.15,16.147137738401906,188.7453846153846,17.491071348635895,168.41846153846154,27.275271832531313,7.6299999999999955,43.22,0.03659647944745559,0.2499710815500289,1.1800000000000068,34.44,0.005399716286093481,0.18589086198521065,-0.3546048870425356,-0.9350162426854148,126.0,84.4,205.95,209.03
2021-07-28,30,7,2021,126.0,99.0,85.62,205.95,209.03,213.58,216.12,190.69,167.81,158.91,117.59,105.52,213.78,219.71,204.28,182.9,173.4,125.89,98.57,207.22000000000003,11.46753969544748,190.535,20.23177769182503,180.52307692307693,20.505931412080432,160.4273076923077,27.076908177662673,214.07500000000002,7.014967331832142,201.01,15.943686614368978,192.76538461538465,16.699990327035348,171.79884615384617,27.23997684682198,-2.539999999999992,26.700000000000017,-0.01175272996483434,0.14287243150684947,-5.930000000000007,11.879999999999995,-0.026990123344408534,0.05884101040118872,-0.46472317204376806,-0.8854560256532101,126.0,85.62,205.95,204.28
2021-08-04,31,8,2021,127.0,101.0,103.05,205.95,204.28,205.95,213.58,208.49,167.81,160.18,118.23,105.52,209.03,213.78,218.53,181.71,173.4,127.08,103.33,211.035,4.6428619047591075,195.3025,18.534284640709974,184.14153846153846,20.52459818776626,163.82576923076925,27.030328473487902,215.2625,4.88189427032912,204.27625,14.294900127070589,195.50615384615384,16.172358382160123,174.99653846153845,26.505160998161713,-7.630000000000024,15.259999999999991,-0.035724318756438,0.08002517174471646,-4.75,4.75,-0.022219103751520253,0.023252398668494267,-0.5680647467311556,-0.8229838658936566,127.0,103.05,200.86,204.28
2021-08-11,32,8,2021,127.0,100.0,106.42,200.86,204.28,205.95,205.95,216.12,172.9,165.27,118.87,108.06,204.28,209.03,219.71,185.27,180.52,127.08,108.08,210.39999999999998,5.2420034338024575,200.07,15.025393743355206,187.6623076923077,19.990451117907934,167.1996153846154,26.58231690139495,211.70000000000002,6.599792926044873,207.0975,11.067958580647236,197.88153846153847,14.870240328787501,177.96576923076924,25.21538485497743,0.0,-2.5400000000000205,0.0,-0.012182838505443994,-4.75,-14.25,-0.022724010907525183,-0.06520843820070465,-0.663122658240795,-0.7485107481711013,127.0,106.42,200.86,204.28
2021-08-18,33,8,2021,127.0,100.0,113.14,200.86,204.28,200.86,205.95,213.58,186.88,170.35,124.59,113.15,204.28,204.28,213.78,201.9,187.65,128.27,115.2,206.58499999999998,5.244428789995157,203.565,10.31664535731321,190.40000000000003,19.084781895532192,170.35307692307694,25.459149046146035,207.84250000000003,4.547778761843136,209.47375,7.008402992127786,199.7092307692308,13.992795444762866,180.935,23.468483930582483,-5.089999999999975,-15.259999999999991,-0.02471473658654999,-0.07060892096983151,0.0,-15.430000000000007,0.0,-0.07022893814573761,-0.7485107481711011,-0.6631226582407952,127.0,113.14,207.22,209.03
2021-08-25,34,8,2021,125.0,102.0,115.59,207.22,209.03,200.86,200.86,205.95,190.69,167.81,137.3,113.15,204.28,204.28,209.03,204.28,182.9,153.21,115.2,203.40500000000003,2.938712870174626,205.3125,8.013648625046836,192.74692307692308,18.272363642314005,173.28653846153844,24.344925375496487,205.4675,2.3750000000009726,209.77125,6.683981784839463,200.98846153846154,13.55167015915629,183.85846153846154,21.27761071028579,0.0,-12.719999999999999,0.0,-0.05955613821518868,0.0,-9.5,0.0,-0.044438207503040505,-0.8229838658936564,-0.5680647467311559,125.0,115.59,208.49,211.4
2021-09-01,35,8,2021,126.0,102.0,131.49,208.49,211.4,207.22,200.86,205.95,208.49,167.81,146.2,114.42,209.03,204.28,204.28,218.53,182.9,153.21,117.58,203.7225,3.345747300678382,207.37875,5.414212612586105,195.77846153846153,17.016409162019738,175.97576923076923,24.07098056549931,205.46750000000003,2.3750000000009726,210.365,6.327994491604747,202.99846153846153,12.545669137298672,186.0053846153846,20.873768079725323,6.359999999999985,1.2700000000000102,0.03166384546450263,0.006166545277980218,4.75,0.0,0.023252398668494267,0.0,-0.8854560256532096,-0.4647231720437691,126.0,131.49,209.13,212.59
2021-09-08,36,9,2021,127.0,104.0,172.16,209.13,212.59,208.49,207.22,200.86,216.12,167.81,146.2,114.42,211.4,209.03,204.28,219.71,181.71,153.21,117.58,204.35750000000002,4.071710328596173,207.37875,5.414212612586105,198.9076923076923,15.07412084437467,178.37153846153845,24.088710167596982,207.24750000000003,3.560555902290837,209.47375,5.455717675724121,205.19076923076923,11.153783708932451,188.24346153846153,20.329260083398665,1.2700000000000102,2.5400000000000205,0.006128752050960307,0.012333090555960213,2.3700000000000045,7.1200000000000045,0.011338085442281098,0.03485412179361669,-0.9350162426854147,-0.3546048870425359,127.0,172.16,204.04,210.21
2021-09-15,37,9,2021,127.0,108.0,183.17,204.04,210.21,209.13,208.49,200.86,213.58,172.9,146.83,111.87,212.59,211.4,204.28,213.78,185.27,154.39,114.01,206.42499999999998,3.7939645051928896,206.505,4.238358846804554,202.08615384615385,12.016809434055437,180.79192307692307,23.887577695402133,209.325,3.674456875966612,208.58375,3.9087335819100577,207.56615384615387,8.769895988039613,190.5273076923077,19.556856712200513,0.6399999999999864,8.269999999999982,0.0030696915919228296,0.04117295628796169,1.1899999999999977,8.310000000000002,0.0056291390728475665,0.04067945956530261,-0.970941817426052,-0.23931566428755774,127.0,183.17,207.22,213.78
2021-09-22,38,9,2021,128.0,120.0,216.81,207.22,213.78,204.04,209.13,207.22,205.95,186.88,153.19,110.6,210.21,212.59,209.03,209.03,201.9,166.27,112.83,207.21999999999997,2.2637284878411608,205.3125,3.171073500071829,204.48153846153843,8.21704615028689,182.9923076923077,23.260770461477943,210.8075,1.5324136734810923,208.13750000000002,3.4016372108664696,209.4846153846154,5.663905624486161,192.6742307692308,18.464482916795102,-5.090000000000003,3.1799999999999784,-0.024338927939559163,0.015831922732251202,-2.3799999999999955,5.930000000000007,-0.011195258478761905,0.029028784021930765,-0.992708874098054,-0.12053668025532357,128.0,216.81,209.76,216.15
2021-09-29,39,9,2021,129.0,117.0,238.21,209.76,216.15,207.22,204.04,208.49,205.95,190.69,156.37,109.97,213.78,210.21,211.4,204.28,204.28,171.02,112.83,207.22,2.2637284878411608,205.47125,3.2386171541923945,206.04615384615389,6.298802185686393,185.07038461538463,22.902498637619853,211.995,1.5362833939973433,208.73125000000002,3.9500250903445493,210.39846153846156,5.283822552777529,194.50153846153847,18.094068573387894,3.180000000000007,0.0,0.015585179376592873,0.0,3.569999999999993,4.75,0.016983016983016963,0.022724010907525294,-1.0,-1.8369701987210297e-16,129.0,238.21,214.21,220.9
2021-10-06,40,10,2021,131.0,110.0,211.61,214.21,220.9,209.76,207.22,209.13,200.86,208.49,156.37,109.97,216.15,213.78,212.59,204.28,218.53,171.02,112.83,207.5375,2.5696222160719078,205.94750000000002,3.5811041792801626,207.51307692307694,4.340755281089513,187.12384615384616,22.61799444281939,213.18250000000003,2.4731811498564964,210.215,4.256608307770419,211.31153846153848,5.162620210310628,196.2373076923077,17.91515661281083,2.539999999999992,1.2699999999999818,0.012257504101920613,0.006091419252721941,2.3700000000000045,4.75,0.011086163345495281,0.02246925260170296,-0.992708874098054,0.1205366802553232,131.0,211.61,214.21,220.9
2021-10-13,41,10,2021,135.0,106.0,151.37,214.21,220.9,214.21,209.76,204.04,200.86,216.12,155.1,109.97,220.9,216.15,210.21,204.28,219.71,168.65,112.83,208.8075,4.295093130538276,207.61625,3.961936530464545,207.9530769230769,4.721259338740063,189.34846153846155,22.31459678189334,215.26000000000002,4.483101604916596,212.29250000000002,4.94610886022627,211.49384615384616,5.4713809019633635,198.15576923076924,17.77691068168527,4.450000000000017,5.0800000000000125,0.021214721586575225,0.02429111079233026,4.75,8.310000000000002,0.021975479990747226,0.03908932687332434,-0.9709418174260521,0.23931566428755738,135.0,151.37,215.48,223.28
2021-10-20,42,10,2021,139.0,107.0,192.65,215.48,223.28,214.21,214.21,207.22,207.22,213.58,147.47,109.33,220.9,220.9,213.78,209.03,213.78,161.52,112.83,211.35000000000002,3.461415895265575,209.28500000000003,3.4934919084329805,207.80615384615385,4.468904672781614,191.62192307692308,21.688047771845856,217.9325,3.560555902291026,214.37,4.576474001431702,211.5853846153846,5.628008255421046,200.16538461538462,17.25360373505064,0.0,10.170000000000016,0.0,0.04984316800627342,0.0,10.689999999999998,0.0,0.050853907996765146,-0.9350162426854148,0.35460488704253557,139.0,192.65,231.38,237.53
2021-10-27,43,10,2021,140.0,109.0,179.81,231.38,237.53,215.48,214.21,209.76,208.49,205.95,158.91,108.06,223.28,220.9,216.15,211.4,209.03,173.4,112.83,213.41500000000002,2.509136637703069,210.3175,3.9824032586224587,207.9523076923077,4.698636599853874,194.23769230769233,20.200200455974652,220.3075,2.9901323828006525,216.15125,4.95837657044639,212.31615384615387,6.487803349956239,202.5407692307692,15.920159527611961,1.2699999999999818,8.259999999999991,0.005928761495728407,0.03986101727632474,2.3799999999999955,9.5,0.010774105930285272,0.044438207503040505,-0.8854560256532101,0.464723172043768,140.0,179.81,227.56,232.78
2021-11-03,44,10,2021,141.0,110.0,144.64,227.56,232.78,231.38,215.48,214.21,209.13,205.95,160.18,108.06,237.53,223.28,220.9,212.59,204.28,173.4,111.64,218.82,8.394708650890188,213.17875,8.330768164718481,209.90846153846152,7.958374882429388,197.02499999999998,20.130287081907664,225.65250000000003,7.997421980447231,219.41750000000002,8.62908660950576,214.50846153846152,9.43202686431943,205.0073076923077,16.19033009118517,15.900000000000006,21.620000000000005,0.07378875069612034,0.10307017543859653,14.25,21.379999999999995,0.06382121103547123,0.09891279204256298,-0.822983865893657,0.5680647467311548,141.0,144.64,214.85,214.96
2021-11-10,45,11,2021,141.0,112.0,155.34,214.85,214.96,227.56,231.38,214.21,204.04,200.86,165.27,107.42,232.78,237.53,220.9,210.21,204.28,180.52,110.45,222.1575,8.602194971827286,215.4825,9.515264053088663,211.57076923076923,9.219606337891802,199.61653846153848,19.52529209867239,228.6225,7.84872972737251,221.94125,9.275275024805469,216.70076923076925,10.1419282038635,207.29115384615386,15.735126901788282,-3.819999999999993,13.349999999999994,-0.016509637825222523,0.06232202044722457,-4.75,11.879999999999995,-0.019997474003283777,0.0537799909461294,-0.7485107481711011,0.6631226582407952,141.0,155.34,198.32,199.52
2021-11-17,46,11,2021,141.0,113.0,139.75,198.32,199.52,214.85,227.56,215.48,207.22,200.86,170.35,104.88,214.96,232.78,223.28,213.78,204.28,187.65,108.08,222.3175,8.408877749140927,216.83375,8.355015495411887,212.64692307692306,8.665021046924487,201.52346153846153,18.42688708215464,227.13750000000002,10.0501024041221,222.535,8.539909668311658,217.5223076923077,9.461700123697856,208.61576923076925,14.813982900780319,-12.710000000000008,0.6399999999999864,-0.05585340130075589,0.0029877223285559307,-17.819999999999993,-5.939999999999998,-0.07655296846808146,-0.0268899954730647,-0.6631226582407955,0.7485107481711007,141.0,139.75,177.98,178.15
2022-07-06,27,7,2022,214.0,112.0,123.54,194.51,209.03,200.86,202.14,204.04,202.14,199.59,175.44,208.49,213.78,214.96,218.53,211.4,209.03,176.96,218.53,202.295,1.3105088070384079,204.59875,3.4033195454688014,202.6723076923077,3.7410786186360023,189.20192307692307,17.1259328549971,215.5575,2.0582577583960515,217.63625000000002,4.523601401861442,214.69000000000003,5.293020561709545,198.29192307692307,20.56601585513937,-1.2799999999999727,-6.359999999999985,-0.00633224497872753,-0.030692018144966582,-1.1800000000000068,-9.5,-0.005489393375511797,-0.04254747402364745,-0.12053668025532283,-0.992708874098054,214.0,123.54,190.69,205.46
2022-07-13,28,7,2022,210.0,113.0,124.76,190.69,205.46,194.51,200.86,202.14,208.49,197.05,179.25,216.12,209.03,213.78,214.96,220.9,207.84,184.09,219.71,199.9125,3.651861397514823,203.645,4.921358697409691,202.28153846153845,4.3116660472038,189.93538461538463,16.920091543670093,213.18250000000003,2.823666351866769,217.34,5.038642107332092,214.69000000000003,5.293020561709545,199.5253846153846,20.193784634043993,-6.350000000000023,-9.530000000000001,-0.031614059543961126,-0.04670652813173892,-4.75,-9.5,-0.022219103751520253,-0.0434722921338031,-0.23931566428755743,-0.9709418174260521,210.0,124.76,180.52,194.77
2022-07-20,29,7,2022,205.0,114.0,140.36,180.52,194.77,190.69,194.51,202.14,209.76,199.59,174.17,213.58,205.46,209.03,214.96,223.28,210.21,178.15,213.78,197.05,5.395226285028219,201.42000000000002,6.259751250192316,201.79230769230767,5.219904459293113,190.37538461538463,16.7792679770655,210.8075,4.390682369138646,215.41000000000003,6.283504481696061,214.5069230769231,5.582916478890728,200.34730769230768,19.974110755213506,-3.819999999999993,-11.449999999999989,-0.019639093105752847,-0.05664391016127435,-3.569999999999993,-9.5,-0.017078888197866293,-0.04419426870115373,-0.3546048870425356,-0.9350162426854148,205.0,140.36,175.44,192.4
2022-07-27,30,7,2022,199.0,114.0,151.37,175.44,192.4,180.52,190.69,200.86,207.22,200.86,164.0,205.95,194.77,205.46,213.78,223.28,212.59,166.27,209.03,191.645,8.52060443865304,197.765,8.739676358832822,200.32538461538462,7.888047514422568,190.6196153846154,16.578973546217377,205.76000000000002,8.080499159499091,211.84625,8.773720399176359,213.31923076923078,7.782309491767437,200.9865384615385,19.495527064905396,-10.169999999999987,-21.619999999999976,-0.053332634118202216,-0.10695557534382105,-10.689999999999998,-20.189999999999998,-0.052029592134722025,-0.09392445106066238,-0.46472317204376806,-0.8854560256532101,199.0,151.37,174.17,192.4
2022-08-03,31,7,2022,194.0,113.0,138.83,174.17,192.4,175.44,180.52,194.51,204.04,200.86,158.91,205.95,192.4,194.77,209.03,218.53,210.21,163.9,204.28,185.29000000000002,8.830700236485336,193.79250000000002,10.806321893093008,198.37,10.471971320309104,191.0596153846154,15.985421228299717,200.41500000000002,8.078293961804858,207.98624999999998,9.761999118304665,211.76615384615386,9.714670639864082,201.99153846153848,18.269230239352137,-5.0800000000000125,-25.420000000000016,-0.028140926213162,-0.12655581001692728,-2.3700000000000045,-21.379999999999995,-0.01216819838784211,-0.10000935541210587,-0.5680647467311556,-0.8229838658936566,194.0,138.83,169.08,187.65
2022-08-10,32,8,2022,188.0,116.0,136.69,169.08,187.65,174.17,175.44,190.69,202.14,202.14,155.1,200.86,192.4,192.4,205.46,214.96,211.4,161.52,204.28,180.205,7.509125559388637,190.05875,11.867965811376374,196.31692307692308,12.384767111669802,191.64653846153848,15.00806075209194,196.25750000000002,6.235898090892768,204.72,10.095895912982735,210.39615384615385,11.108272096702066,203.0876923076923,16.678022978205036,-1.2700000000000102,-20.340000000000003,-0.007238942088463318,-0.10457045910235985,0.0,-16.629999999999995,0.0,-0.07955795818781985,-0.663122658240795,-0.7485107481711013,188.0,136.69,166.54,180.52
2022-08-17,33,8,2022,185.0,117.0,137.0,166.54,180.52,169.08,174.17,180.52,202.14,208.49,165.27,200.86,187.65,192.4,194.77,214.96,220.9,171.02,204.28,174.8025,4.699052209399788,185.92625,12.780963452952703,193.77384615384614,14.330785939405603,192.18423076923077,13.85226253666295,191.805,2.9868210525574685,201.30625,10.7357053630828,208.56923076923078,12.759685511758663,204.09269230769235,14.748694737553388,-5.089999999999975,-21.609999999999985,-0.029224321065625447,-0.11332529235932653,-4.75,-17.810000000000002,-0.024688149688149696,-0.08668353937506079,-0.7485107481711011,-0.6631226582407952,185.0,137.0,160.18,173.4
2022-08-24,34,8,2022,185.0,125.0,141.89,160.18,173.4,166.54,169.08,175.44,200.86,209.76,167.81,207.22,180.52,187.65,192.4,213.78,223.28,172.21,209.03,171.3075,4.201677244466294,181.47625,12.52421761171981,190.54692307692306,15.422399502356754,192.23307692307694,13.755461684504327,188.24250000000004,5.6141985180434055,197.00125,11.365151545092802,205.46307692307693,14.326548423943473,204.45807692307693,13.994995682523186,-2.5400000000000205,-13.980000000000018,-0.015022474568251787,-0.07744294261023721,-7.1299999999999955,-14.25,-0.037996269650945935,-0.07316321815474658,-0.8229838658936564,-0.5680647467311559,185.0,141.89,156.37,168.65
2022-08-31,35,8,2022,193.0,118.0,156.87,156.37,168.65,160.18,166.54,174.17,194.51,207.22,174.17,208.49,173.4,180.52,192.4,209.03,223.28,181.71,211.4,167.4925,5.816329741913432,176.39125,11.76517189176832,186.7330769230769,16.376105756364193,191.9396153846154,14.365224810150886,183.49250000000004,8.313095592697975,191.95375,11.807026887774928,201.62615384615387,15.764443926371056,204.50384615384615,13.886840987617777,-6.359999999999985,-15.259999999999991,-0.03818902365797994,-0.08698130414956673,-7.1200000000000045,-19.0,-0.039441613117660146,-0.09875259875259879,-0.8854560256532096,-0.4647231720437691,193.0,156.87,144.93,159.14
2022-09-07,36,9,2022,192.0,117.0,197.85,144.93,159.14,156.37,160.18,169.08,190.69,204.04,180.52,209.13,168.65,173.4,187.65,205.46,218.53,186.46,212.59,163.04250000000002,5.813778891564529,171.62375,11.081927291766467,182.8215384615385,17.130437747936547,191.255,15.615689866285805,177.555,8.31190511655831,186.90625,12.091848420086768,197.42384615384617,16.761011076533972,204.00153846153847,14.94053217052385,-3.8100000000000023,-17.799999999999983,-0.023785741041328468,-0.10219900097605783,-4.75,-23.75,-0.027393310265282578,-0.12344074844074848,-0.9350162426854147,-0.3546048870425359,192.0,197.85,147.47,159.14
2022-09-14,37,9,2022,190.0,120.0,249.83,147.47,159.14,144.93,156.37,166.54,180.52,202.14,200.86,204.04,159.14,168.65,180.52,194.77,214.96,210.21,210.21,157.005,9.077549228729245,165.90375,11.6309377308968,178.2746153846154,18.79317190514786,189.8861538461539,17.975864280067505,170.4275,8.967747301673317,181.11625,12.994613100932522,192.8553846153846,18.52934637063802,202.95076923076925,17.037174160775965,-11.439999999999998,-24.150000000000006,-0.0731598132634137,-0.14283179559971615,-9.51000000000002,-28.51000000000002,-0.056388971242217756,-0.15193178790301098,-0.970941817426052,-0.23931566428755774,190.0,249.83,156.37,173.4
2022-09-21,38,9,2022,187.0,147.0,291.11,156.37,173.4,147.47,144.93,160.18,175.44,202.14,189.42,207.22,159.14,159.14,173.4,192.4,214.96,203.09,213.78,152.2375,7.217789943374018,161.7725,11.5670810616038,174.06923076923078,19.12166984581455,187.8326923076923,19.644198035592144,165.0825,7.130555728693446,176.6625,13.731420434278743,188.56153846153845,19.426079483584967,200.98653846153846,18.997901345634443,2.539999999999992,-19.069999999999993,0.017525702063064807,-0.11450702533925783,0.0,-21.380000000000024,0.0,-0.11843563040106375,-0.992708874098054,-0.12053668025532357,187.0,291.11,155.1,171.02
2022-09-28,39,9,2022,184.0,136.0,353.8,155.1,171.02,156.37,147.47,156.37,174.17,200.86,199.59,209.76,173.4,159.14,168.65,192.4,213.78,209.03,216.15,151.285,5.962513452116596,159.38875,10.236558346715626,170.54846153846154,17.68193091178829,186.56153846153845,20.584200483343682,165.0825,7.130555728693446,174.28750000000002,12.17558065497433,185.3646153846154,18.093737689867677,199.8446153846154,19.74405758313502,8.900000000000006,-3.8100000000000023,0.06035125788295925,-0.023785741041328468,14.26000000000002,0.0,0.08960663566670868,0.0,-1.0,-1.8369701987210297e-16,184.0,353.8,155.1,171.02
2022-10-05,40,10,2022,182.0,153.0,575.2,155.1,171.02,155.1,156.37,144.93,169.08,194.51,199.59,214.21,171.02,173.4,159.14,187.65,209.03,209.03,220.9,150.9675,5.62578809294053,157.005,8.34916420111271,167.02846153846153,15.57401299502642,184.8503846153846,21.294779732276638,165.675,7.608265242484839,171.615,9.733515001569854,182.07538461538462,16.294903403305874,198.3826923076923,20.431950187427933,-1.2700000000000102,-1.2700000000000102,-0.0081217624864105,-0.0081217624864105,-2.3799999999999955,2.3700000000000045,-0.013725490196078383,0.014052772013044779,-0.992708874098054,0.1205366802553232,182.0,575.2,155.73,171.02
2022-10-12,41,10,2022,197.0,160.0,634.52,155.73,171.02,155.1,155.1,147.47,166.54,190.69,197.05,214.21,171.02,171.02,159.14,180.52,205.46,207.84,220.9,153.51,4.070929459800368,155.2575,6.775514213485358,163.99692307692308,13.472746802722728,183.1392307692308,21.843434697515924,168.64500000000004,6.435223383846324,169.53625,7.288468264520909,179.15153846153845,14.349278057422312,196.92076923076925,20.991806767989594,0.0,10.169999999999987,0.0,0.07017180707927961,0.0,11.880000000000024,0.0,0.07465125047128329,-0.9709418174260521,0.23931566428755738,197.0,634.52,162.09,175.77
2022-10-19,42,10,2022,201.0,167.0,592.63,162.09,175.77,155.73,155.1,156.37,160.18,180.52,199.59,215.48,171.02,171.02,173.4,173.4,194.77,210.21,223.28,155.575,0.6075360071659197,153.90625,5.066339725510425,161.30769230769232,10.954394212557801,181.55,22.289441805483342,171.61500000000004,1.1900000000008852,168.34875,5.881325014709085,176.5023076923077,12.088453963628199,195.5046153846154,21.462410159303,0.6299999999999955,8.259999999999991,0.004061895551257244,0.05601139214755535,0.0,11.880000000000024,0.0,0.07465125047128329,-0.9350162426854148,0.35460488704253557,201.0,592.63,160.82,175.77
2022-10-26,43,10,2022,202.0,153.0,632.07,160.82,175.77,162.09,155.73,155.1,156.37,175.44,200.86,231.38,175.77,171.02,171.02,168.65,192.4,212.59,237.53,157.005,3.4029839846820624,154.145,5.435759902192614,159.89000000000001,9.33343541610928,180.1076923076923,22.288691178747307,172.20750000000004,2.3750000000004365,168.64499999999998,6.22193814544838,175.0407692307692,10.772755343564427,194.18,21.580976066897417,6.360000000000014,5.719999999999999,0.04083991523791175,0.03657990663170674,4.75,2.3700000000000045,0.027774529294819272,0.013667820069204195,-0.8854560256532101,0.464723172043768,202.0,632.07,157.64,168.65
2022-11-02,44,10,2022,201.0,159.0,588.65,157.64,168.65,160.82,162.09,155.1,144.93,174.17,200.86,227.56,175.77,175.77,171.02,159.14,192.4,210.21,232.78,158.435,3.5348974525439987,154.70125,5.903535109213259,158.7653846153846,8.103377500961717,178.5676923076923,22.180477056672363,173.395,2.742413778651084,169.535,6.712636271567003,173.76153846153846,9.445203232464168,192.76384615384615,21.532598928494075,-1.2700000000000102,5.719999999999999,-0.007835153309889598,0.03687943262411353,0.0,4.75,0.0,0.027774529294819272,-0.822983865893657,0.5680647467311548,201.0,588.65,147.47,161.52
2022-11-09,45,11,2022,201.0,136.0,372.15,147.47,161.52,157.64,160.82,155.73,147.47,169.08,202.14,214.85,168.65,175.77,171.02,159.14,187.65,211.4,214.96,159.07,2.9088027319388883,156.29,4.4227980800780555,157.49384615384614,6.6515819402385175,176.9053846153846,22.062198844317077,172.8025,3.5605559022904525,170.72375,5.302810407166822,171.9346153846154,7.669683408702737,191.16538461538462,21.72739988692052,-3.180000000000007,2.539999999999992,-0.01977365999253833,0.016376531270148265,-7.1200000000000045,-2.3700000000000045,-0.04050748136769644,-0.013858028300783531,-0.7485107481711011,0.6631226582407952,201.0,372.15,146.2,161.52
2022-11-16,46,11,2022,200.0,136.0,368.79,146.2,161.52,147.47,157.64,162.09,156.37,166.54,208.49,198.32,161.52,168.65,175.77,173.4,180.52,220.9,199.52,157.005,6.626484739286926,156.29,4.4227980800780555,155.83153846153846,6.199721561159926,174.8026923076923,22.165935406870872,170.42750000000004,6.821233392869811,171.02125,4.577215115586842,169.92461538461538,6.550178897536231,189.24692307692308,22.068723527967055,-10.169999999999987,-8.259999999999991,-0.06451408272012171,-0.053040518846721785,-7.1299999999999955,-9.5,-0.042276904832493356,-0.055549058589638656,-0.6631226582407955,0.7485107481711007,200.0,368.79,147.47,157.96
2023-07-05,27,7,2023,142.0,110.0,79.2,120.77,123.52,123.32,123.32,122.04,135.39,132.21,142.38,194.51,125.89,128.27,125.89,142.52,137.77,149.64,209.03,122.68,0.7390083445740243,126.65249999999999,4.83759016158147,131.28538461538463,7.461066294867604,131.16307692307691,6.71230438477772,126.48500000000001,1.190000000000134,131.08625,5.953171873650278,135.11846153846153,7.0964390672971165,135.71115384615385,7.153790227243402,0.0,-3.8100000000000023,0.0,-0.029969322740501902,-2.3800000000000097,-4.749999999999986,-0.0185546113666486,-0.03635946111451305,-0.12053668025532283,-0.992708874098054,142.0,79.2,117.59,121.14
2023-07-12,28,7,2023,144.0,111.0,94.8,117.59,121.14,120.77,123.32,122.04,130.31,141.11,137.3,190.69,123.52,125.89,125.89,135.39,142.52,144.89,205.46,122.3625,1.2211572380397389,124.82499999999999,3.690872912624388,130.4053846153846,7.998235863181049,130.33192307692306,6.604880631313995,125.89250000000001,1.9391815283774612,128.71125,4.300735609845404,134.0223076923077,7.725427877949444,134.70653846153846,6.9506511593145355,-2.549999999999997,-1.2700000000000102,-0.020677911125527082,-0.010406424123238334,-2.3700000000000045,-2.3700000000000045,-0.01882595917070462,-0.01882595917070462,-0.23931566428755743,-0.9709418174260521,144.0,94.8,118.87,122.33
2023-07-19,29,7,2023,144.0,114.0,112.53,118.87,122.33,117.59,120.77,123.32,129.67,141.75,132.85,180.52,121.14,123.52,128.27,134.2,142.52,134.2,194.77,121.24999999999999,2.720036764460595,123.235,3.7300517039697376,128.59615384615384,8.035097529444785,129.57384615384615,6.897744603524092,124.70500000000001,3.0674038968918076,126.92999999999999,4.084982951538955,132.3776923076923,8.03517283971315,133.7930769230769,7.117421313500098,-3.1799999999999926,-4.450000000000003,-0.02633104247743634,-0.03646345460504752,-2.3799999999999955,-4.75,-0.019268134715025864,-0.03773135276828976,-0.3546048870425356,-0.9350162426854148,144.0,112.53,118.23,121.14
2023-07-26,30,7,2023,148.0,114.0,116.51,118.23,121.14,118.87,117.59,123.32,127.13,139.21,130.94,175.44,122.33,121.14,125.89,130.64,142.52,134.2,192.4,120.13749999999999,2.4916309919443713,121.885,2.9388287268427797,126.83615384615385,7.3940240943405495,129.03615384615384,7.171594565746596,123.22000000000003,2.0279217604895567,125.44625,3.1054005377854823,130.82461538461538,7.860773515142796,133.33653846153845,7.462598980146329,1.2800000000000011,-4.449999999999989,0.010885279360489886,-0.03608498216023348,1.1899999999999977,-5.940000000000012,0.00982334489020964,-0.04630856786466053,-0.46472317204376806,-0.8854560256532101,148.0,116.51,114.42,118.76
2023-08-02,31,7,2023,156.0,114.0,120.79,114.42,118.76,118.23,118.87,120.77,122.04,139.21,130.94,174.17,121.14,122.33,123.52,125.89,142.52,134.2,192.4,118.86500000000001,1.3733050158959135,120.77250000000001,2.2804996319734054,125.22230769230768,6.727768517923643,128.5473076923077,7.463857746608003,122.03250000000001,1.1393382582302312,124.25875,2.61293724982195,129.18,7.434990472979252,132.83423076923077,7.832520500109467,-0.6400000000000006,-5.089999999999989,-0.0053840329772020246,-0.04127473240350299,-1.1899999999999977,-4.75,-0.009727785498242492,-0.03773135276828976,-0.5680647467311556,-0.8229838658936566,156.0,120.79,118.23,123.52
2023-08-09,32,8,2023,160.0,113.0,126.29,118.23,123.52,114.42,118.23,117.59,122.04,135.39,127.13,169.08,118.76,121.14,121.14,125.89,142.52,134.2,187.65,117.2775,1.975371273124501,119.82,3.114353865571868,123.3153846153846,5.894320169146254,127.91192307692307,7.939996483242825,120.84250000000002,1.4973838296621913,123.3675,3.1398987699913037,127.3523076923077,6.773378223904236,132.2403846153846,8.29640668278585,-3.8100000000000023,-6.349999999999994,-0.032225323521948734,-0.052579282934503535,-2.3799999999999955,-4.759999999999991,-0.01964668978041928,-0.03853626943005173,-0.663122658240795,-0.7485107481711013,160.0,126.29,122.04,123.52
2023-08-16,33,8,2023,165.0,113.0,122.93,122.04,123.52,118.23,114.42,118.87,123.32,130.31,122.04,166.54,123.52,118.76,122.33,128.27,135.39,130.64,180.52,117.4375,2.0341644476341596,119.34375,3.016137252940248,121.99538461538462,4.781297967749295,127.56961538461539,8.163749864260685,121.43750000000001,2.0323119019154308,123.07124999999999,2.9753964321834623,125.89076923076922,5.061309879098898,131.82961538461538,8.458314480212584,3.8100000000000023,0.6400000000000006,0.03329837441006811,0.005442639680244943,4.759999999999991,2.3799999999999955,0.04008083529808015,0.01964668978041928,-0.7485107481711011,-0.6631226582407952,165.0,122.93,132.21,130.64
2023-08-23,34,8,2023,166.0,115.0,121.71,132.21,130.64,122.04,118.23,118.23,123.32,129.67,121.41,160.18,123.52,123.52,121.14,125.89,134.2,123.52,173.4,118.23,3.1108519733376077,119.18375,2.801376893601174,121.35923076923076,4.081848971438545,127.56961538461539,8.163749864260685,121.73500000000001,2.27867651646018,122.47749999999999,2.1489183325754126,124.97769230769231,4.202670091428977,131.55576923076922,8.612228131246614,3.8100000000000023,3.1700000000000017,0.032225323521948734,0.026667788340203558,0.0,1.1899999999999977,0.0,0.009727785498242492,-0.8229838658936564,-0.5680647467311559,166.0,121.71,132.21,130.64
2023-08-30,35,8,2023,169.0,116.0,178.58,132.21,130.64,132.21,122.04,114.42,120.77,127.13,123.32,156.37,130.64,123.52,118.76,123.52,130.64,125.89,168.65,121.72500000000001,7.650980329344551,120.29500000000002,5.313454620113206,121.55461538461539,4.547086274718857,127.985,8.112401494012868,124.11000000000001,4.89760485679823,123.07124999999999,3.4741060001212682,124.70384615384614,3.628419165556977,131.82961538461538,8.458314480212584,10.170000000000002,13.980000000000004,0.08333333333333326,0.11824410048211109,7.11999999999999,9.499999999999986,0.05764248704663211,0.07842166088822844,-0.8854560256532096,-0.4647231720437691,169.0,178.58,136.03,135.39
2023-09-06,36,9,2023,170.0,116.0,197.24,136.03,135.39,132.21,132.21,118.23,117.59,122.04,133.49,144.93,130.64,130.64,123.52,121.14,125.89,137.77,159.14,126.17250000000001,7.142914321200813,121.72500000000001,6.79297956927397,121.94538461538461,5.232742453984992,128.32692307692307,8.095245898297849,127.08000000000001,4.110733916630156,123.96124999999999,4.395349612302096,124.70384615384616,3.628419165556977,132.0123076923077,8.375787632310077,0.0,17.790000000000006,0.0,0.1554798112218143,0.0,11.879999999999981,0.0,0.10003368137419999,-0.9350162426854147,-0.3546048870425359,170.0,197.24,137.3,137.77
2023-09-13,37,9,2023,171.0,120.0,233.93,137.3,137.77,136.03,132.21,122.04,118.87,122.04,133.49,147.47,135.39,130.64,123.52,122.33,125.89,140.14,159.14,130.6225,5.998351856969879,124.03,8.176993859079895,123.02153846153846,6.5312783921596385,128.4246153846154,8.174979011974022,130.0475,4.893964820742655,125.74249999999999,5.76327969625118,125.43461538461537,4.688902884083474,131.92076923076922,8.323185410925038,3.819999999999993,17.799999999999997,0.028893427123515503,0.15055400490569237,4.75,11.86999999999999,0.03635946111451327,0.09609779792746109,-0.970941817426052,-0.23931566428755774,171.0,233.93,137.3,137.77
2023-09-20,38,9,2023,175.0,129.0,256.56,137.3,137.77,137.3,136.03,132.21,118.23,123.32,136.03,156.37,137.77,135.39,130.64,121.14,128.27,144.89,173.4,134.4375,2.6238314859531826,126.33375000000001,9.06367780523691,124.19538461538461,7.620637129296015,128.57115384615383,8.302561208172238,133.61,3.564444790800742,127.67249999999999,6.925358680763104,126.34846153846152,5.808955508740007,131.82961538461538,8.242152864766213,1.2700000000000102,15.260000000000005,0.009336175843563943,0.12504097017371363,2.380000000000024,14.250000000000014,0.01757884629588613,0.11536593264248718,-0.992708874098054,-0.12053668025532357,175.0,256.56,146.2,144.89
2023-09-27,39,9,2023,173.0,133.0,305.79,146.2,144.89,137.3,137.3,132.21,114.42,123.32,132.21,155.1,137.77,137.77,130.64,118.76,125.89,137.77,171.02,135.71,2.4089140015116444,128.7175,9.135343843712615,125.27076923076925,8.430204091576698,128.62,8.351788790436562,135.3925,3.3611146464627564,129.75125,7.175757675281648,127.07923076923076,6.61276853460523,131.55576923076922,7.9021309394767405,0.0,5.090000000000003,0.0,0.038499357083428,0.0,7.130000000000024,0.0,0.05457746478873249,-1.0,-1.8369701987210297e-16,173.0,305.79,146.2,144.89
2023-10-04,40,10,2023,173.0,127.0,302.12,146.2,144.89,146.2,137.3,136.03,118.23,120.77,132.21,155.1,144.89,137.77,135.39,123.52,123.52,137.77,171.02,139.20749999999998,4.6999530139506795,132.69,8.93751963034807,127.03076923076924,10.193047026885742,129.15807692307692,9.016540365012938,138.955,4.112659318089235,133.01749999999998,7.401424090775088,128.54076923076923,8.229947814269503,131.82961538461538,8.242152864766213,8.899999999999977,13.98999999999998,0.06482155863073547,0.10581650404659237,7.119999999999976,14.25,0.05168033679320594,0.10907838334353959,-0.992708874098054,0.1205366802553232,173.0,302.12,146.2,144.89
2023-10-11,41,10,2023,170.0,126.0,201.21,146.2,144.89,146.2,146.2,137.3,122.04,117.59,141.11,155.73,144.89,144.89,137.77,123.52,121.14,142.52,171.02,141.75,5.138417395788604,136.18625,7.881199940364365,128.98692307692306,11.27421718244424,129.69615384615386,9.604239096120304,141.33,4.110733916630063,135.68875,7.340072863598418,130.1846153846154,9.218390690518406,132.10346153846154,8.559585944336412,0.0,10.169999999999987,0.0,0.07476291994412998,0.0,9.5,0.0,0.07016766378609951,-0.9709418174260521,0.23931566428755738,170.0,201.21,144.93,142.52
2023-10-18,42,10,2023,168.0,119.0,179.19,144.93,142.52,146.2,146.2,137.3,132.21,118.87,141.75,162.09,144.89,144.89,137.77,130.64,122.33,142.52,175.77,143.975,4.450000000000972,139.20625,6.117758547283128,131.18769230769232,11.650221137991405,129.8919230769231,9.893714780299014,143.11,3.55999999999991,138.35999999999999,6.054946030201067,132.01153846153846,9.621151045267824,132.1946153846154,8.686628911503801,0.0,8.899999999999977,0.0,0.06482155863073547,0.0,7.119999999999976,0.0,0.05168033679320594,-0.9350162426854148,0.35460488704253557,168.0,179.19,144.93,141.33
2023-10-25,43,10,2023,172.0,120.0,194.48,144.93,141.33,144.93,146.2,146.2,132.21,118.23,139.21,160.82,142.52,144.89,144.89,130.64,121.14,142.52,175.77,145.8825,0.6350000000061992,140.79625,5.676741866095727,133.19230769230768,11.59603750845246,130.01423076923078,10.064354196105995,144.2975,1.1849999999999858,139.845,5.3009702615994465,133.56461538461537,9.557447022594758,132.1946153846154,8.686628911503801,-1.2699999999999818,7.6299999999999955,-0.00868673050615587,0.05557174071376547,-2.369999999999976,4.75,-0.016357236524259577,0.034477752776366444,-0.8854560256532101,0.464723172043768,172.0,194.48,144.93,140.14
2023-11-01,44,10,2023,168.0,120.0,172.16,144.93,140.14,144.93,144.93,146.2,136.03,114.42,139.21,157.64,141.33,142.52,144.89,135.39,118.76,142.52,168.65,145.565,0.7332348418762913,142.38625000000002,4.609263769844156,135.24615384615385,11.078064315319747,130.23423076923078,10.3323573972582,143.40750000000003,1.7794451382383054,141.18125,3.7775783531730363,135.1176923076923,8.994030570183694,132.14884615384614,8.633018627073877,0.0,-1.2699999999999818,0.0,-0.00868673050615587,-1.1899999999999977,-3.559999999999974,-0.008349705304518618,-0.024570363724204403,-0.822983865893657,0.5680647467311548,168.0,172.16,142.38,136.58
2023-11-08,45,11,2023,165.0,121.0,156.87,142.38,136.58,144.93,144.93,146.2,137.3,118.23,135.39,147.47,140.14,141.33,144.89,137.77,123.52,142.52,161.52,145.2475,0.6350000000064266,143.49875,3.870856079178352,137.59307692307692,9.403570584814737,130.45423076923078,10.588830029076682,142.22000000000003,2.0279217604894515,141.775,3.038232568934261,136.76230769230767,7.600431077515712,132.0573076923077,8.530662603898854,0.0,-1.2699999999999818,0.0,-0.00868673050615587,-1.1900000000000261,-4.75,-0.008420009905894199,-0.03278349092414934,-0.7485107481711011,0.6631226582407952,165.0,156.87,142.38,137.77
2023-11-15,46,11,2023,162.0,124.0,151.37,142.38,137.77,142.38,144.93,144.93,137.3,122.04,130.31,146.2,136.58,140.14,142.52,137.77,123.52,135.39,161.52,144.29250000000002,1.275000000003386,144.13375,3.035174447798519,139.45076923076925,7.440028518693913,130.72307692307692,10.805676200678361,140.14250000000004,2.566065405765542,141.62625,3.281702247756929,137.76692307692306,6.485579368379863,131.82884615384617,8.316092508829168,-2.5500000000000114,-3.819999999999993,-0.01759470089008497,-0.02612859097127218,-3.559999999999974,-8.309999999999974,-0.02540316826031097,-0.05735385464835374,-0.6631226582407955,0.7485107481711007,162.0,151.37,144.93,140.14
2024-07-03,26,6,2024,144.0,122.0,97.24,153.19,152.02,153.19,152.56,152.56,157.64,158.28,154.46,120.77,154.39,154.39,153.21,157.96,156.77,150.83,123.52,152.39749999999998,0.8020130921661877,155.33625,3.495625582679045,155.63538461538462,3.067834783104118,153.63038461538463,4.010776962909311,153.5025,1.1341186005002013,155.87875000000003,3.028174544424805,155.67384615384617,3.268890072742154,153.43461538461537,4.703312220783183,0.6299999999999955,-3.180000000000007,0.00412952281069745,-0.02033638165888607,0.0,-2.380000000000024,0.0,-0.01518147604771336,-3.216245299353273e-16,-1.0,144.0,97.24,152.56,150.83
2024-07-10,27,7,2024,146.0,127.0,97.55,152.56,150.83,153.19,153.19,151.28,161.45,155.73,154.46,117.59,152.02,154.39,152.02,161.52,155.58,150.83,121.14,152.555,0.9003888049092631,154.78,3.4301103689024006,155.24384615384616,3.0267186260104673,153.58153846153846,4.008001688935741,153.205,1.3683201379796095,155.13625000000002,3.1698757862216187,155.30846153846156,3.399033799362738,153.4803846153846,4.682697069656378,0.0,0.6299999999999955,0.0,0.00412952281069745,-2.369999999999976,-1.1899999999999977,-0.015350735151240191,-0.0077671170289145275,-0.12053668025532283,-0.992708874098054,146.0,97.55,150.01,149.64
2024-07-17,28,7,2024,144.0,123.0,110.09,150.01,149.64,152.56,153.19,152.56,157.64,151.92,146.83,118.87,150.83,152.02,154.39,156.77,148.46,144.89,122.33,152.875,0.3637306695975103,153.66875,2.1686100716477337,155.0,3.110814469986855,153.50846153846155,4.008665306372156,152.90750000000003,1.7794451382384768,153.8,2.198824361221984,154.94307692307692,3.6158041627788533,153.48038461538462,4.682697069656378,-0.6299999999999955,1.2800000000000011,-0.00411253998302763,0.008461131676361644,-1.1899999999999977,-1.1899999999999977,-0.007827917379292226,-0.007827917379292226,-0.23931566428755743,-0.9709418174260521,144.0,110.09,152.56,150.83
2024-07-24,29,7,2024,143.0,122.0,130.27,152.56,150.83,150.01,152.56,153.19,156.37,157.0,146.83,118.23,149.64,150.83,154.39,156.77,157.96,144.89,121.14,152.2375,1.5144058240795562,152.71499999999997,1.822815718291949,154.8530769230769,3.3073034953371425,153.63076923076923,3.8417880452551763,151.72000000000003,2.02792176048963,152.90875,2.266964222432597,155.03384615384616,3.4505278302995275,153.66307692307694,4.419399750402839,-2.5500000000000114,-2.5500000000000114,-0.016714735186156293,-0.016714735186156293,-1.1900000000000261,-4.75,-0.007889677119936489,-0.03076624133687411,-0.3546048870425356,-0.9350162426854148,143.0,130.27,152.56,150.83
2024-07-31,30,7,2024,142.0,121.0,133.02,152.56,150.83,152.56,150.01,153.19,152.56,157.64,150.01,114.42,150.83,149.64,152.02,153.21,157.96,149.64,118.76,152.07999999999998,1.4115948427244034,152.23875,1.0763090036897909,154.51153846153846,3.296356185635409,153.85115384615384,3.592306587060011,150.83,0.9716309313044005,152.16625000000002,1.7310355076216484,154.48538461538462,3.512752044061128,153.89153846153846,4.088910556428933,2.5500000000000114,-0.6299999999999955,0.016998866742217178,-0.00411253998302763,1.1900000000000261,-3.559999999999974,0.007952419139267697,-0.023058488244057096,-0.46472317204376806,-0.8854560256532101,142.0,133.02,153.83,150.83
2024-08-07,31,8,2024,142.0,117.0,135.47,153.83,150.83,152.56,152.56,152.56,151.28,157.64,148.74,118.23,150.83,150.83,150.83,152.02,157.96,149.64,123.52,151.9225,1.2750000000024277,152.23875,1.0763090036897909,154.12076923076924,3.194105147348825,153.94923076923075,3.5172670334601377,150.53250000000003,0.5950000000006855,151.86875,1.7305444023910754,153.93692307692305,3.4815163952270236,153.93730769230768,4.045850771043448,0.0,-0.6299999999999955,0.0,-0.00411253998302763,0.0,-1.1899999999999977,0.0,-0.007827917379292226,-0.5680647467311556,-0.8229838658936566,142.0,135.47,152.56,148.46
2024-08-14,32,8,2024,140.0,120.0,137.91,152.56,148.46,153.83,152.56,150.01,152.56,161.45,148.11,122.04,150.83,150.83,149.64,154.39,161.52,147.27,123.52,152.24,1.602685246705072,152.5575,1.1281558909480507,153.8276923076923,3.014003853810025,154.14499999999998,3.353570336231226,150.53250000000003,0.5950000000006855,151.72,1.7664573101683376,153.38846153846154,3.3542109011224057,153.9830769230769,4.001783371680748,1.2700000000000102,1.2700000000000102,0.008324593602517139,0.008324593602517139,0.0,0.0,0.0,0.0,-0.663122658240795,-0.7485107481711013,140.0,137.91,151.28,147.27
2024-08-21,33,8,2024,139.0,118.0,161.76,151.28,147.27,152.56,153.83,152.56,153.19,157.64,149.38,132.21,148.46,150.83,150.83,154.39,156.77,147.27,130.64,152.8775,0.6350000000046261,152.5575,1.1281558909480507,153.14384615384614,1.9672041855650029,154.31615384615387,3.140001371884187,150.2375,1.1850000000003575,150.97875,1.7298095477551005,152.38384615384618,2.5828973991112387,154.02884615384616,3.928059395604779,-1.2700000000000102,2.5500000000000114,-0.008255866866020978,0.016998866742217178,-2.3700000000000045,-1.1799999999999784,-0.015713054432142215,-0.007885592087676918,-0.7485107481711011,-0.6631226582407952,139.0,161.76,145.56,144.89
2024-08-28,34,8,2024,138.0,116.0,187.76,145.56,144.89,151.28,152.56,152.56,153.19,156.37,152.56,132.21,147.27,148.46,150.83,152.02,156.77,152.02,130.64,152.5575,1.0410371431122474,152.31875,1.1762584446313453,152.6546153846154,1.488447823435164,154.38923076923078,3.0410786547975563,149.34750000000003,1.7794451382385919,150.08875000000003,1.5458279104247272,151.65307692307692,2.582425812467612,154.02884615384616,3.928059395604779,-1.2800000000000011,-1.2800000000000011,-0.008390141583639266,-0.008390141583639266,-1.1899999999999977,-3.5600000000000023,-0.008015627104944079,-0.023602731552078482,-0.8229838658936564,-0.5680647467311559,138.0,187.76,142.38,142.52
2024-09-04,35,9,2024,137.0,120.0,205.49,142.38,142.52,145.56,151.28,153.83,152.56,152.56,150.65,136.03,144.89,147.27,150.83,150.83,153.21,152.02,135.39,150.8075,3.6499440634992157,151.365,2.6002637228878727,151.8230769230769,2.123799208243259,154.12,3.4867096237068567,147.8625,2.4731811498556304,149.1975,2.193163077792317,150.73923076923077,2.7191740827469624,153.7546153846154,4.304737140194312,-5.719999999999999,-7.0,-0.037810682178741395,-0.04588358678552695,-2.380000000000024,-5.940000000000026,-0.016160793101106963,-0.03938208579195135,-0.8854560256532096,-0.4647231720437691,137.0,205.49,142.38,142.52
2024-09-11,36,9,2024,134.0,124.0,233.63,142.38,142.52,142.38,145.56,152.56,150.01,151.28,153.19,137.3,142.52,144.89,148.46,149.64,152.02,156.77,137.77,147.945,4.7985379717862005,150.09250000000003,4.029848455143702,151.04,3.351407664451554,153.80192307692306,4.133206038161692,145.78500000000003,2.6345208292973417,148.15875,3.092887866900547,149.91692307692307,3.4325340120039685,153.38923076923078,4.829101716119672,-3.180000000000007,-11.450000000000017,-0.02184666117065137,-0.07443281544562186,-2.369999999999976,-8.310000000000002,-0.016357236524259577,-0.05509514022409334,-0.9350162426854147,-0.3546048870425359,134.0,233.63,139.21,140.14
2024-09-18,37,9,2024,133.0,129.0,242.49,139.21,140.14,142.38,142.38,151.28,152.56,152.56,155.73,137.3,142.52,142.52,147.27,150.83,154.39,159.14,137.77,145.4,4.196855966078424,149.13875,4.867919583500153,150.3553846153846,4.119345852974869,153.38615384615383,4.701813332687173,144.3,2.273455519688436,147.26875,3.5901907530012136,149.18615384615384,3.9236113009572255,152.84115384615387,5.222666236262792,0.0,-10.180000000000007,0.0,-0.0667278447823807,0.0,-5.939999999999998,0.0,-0.040010777313754575,-0.970941817426052,-0.23931566428755774,133.0,242.49,141.11,144.89
2024-09-25,38,9,2024,134.0,132.0,241.27,141.11,144.89,139.21,142.38,145.56,152.56,153.19,160.18,146.2,140.14,142.52,144.89,150.83,154.39,160.33,144.89,142.3825,2.592378251723447,147.47,5.738016083231615,149.32846153846154,5.07672769631922,152.75076923076924,5.431940296493126,142.5175,1.9391815283779232,145.9325,4.036942796589548,148.09,4.319234114204273,152.11038461538462,5.62019678002193,-3.1699999999999875,-12.069999999999993,-0.02226436297232748,-0.07978582760444208,-2.380000000000024,-7.130000000000024,-0.016699410609037457,-0.04841447681129918,-0.992708874098054,-0.12053668025532357,134.0,241.27,142.38,144.89
2024-10-02,39,9,2024,134.0,148.0,247.39,142.38,144.89,141.11,139.21,142.38,153.83,153.19,158.28,146.2,144.89,140.14,142.52,150.83,152.02,156.77,144.89,141.27,1.4981544201702333,146.03875,5.714986407932534,148.39923076923077,5.405895642011399,152.0173076923077,5.670895208129764,142.5175,1.9391815283779232,145.19,3.5207385588935045,147.35923076923078,3.9526055995524034,151.51653846153846,5.531973204786586,1.9000000000000057,-4.449999999999989,0.01364844479563243,-0.0305715856004396,4.75,0.0,0.033894676751819564,0.0,-1.0,-1.8369701987210297e-16,134.0,247.39,140.48,143.71
2024-10-09,40,10,2024,135.0,142.0,249.53,140.48,143.71,142.38,141.11,142.38,152.56,152.56,155.73,146.2,144.89,144.89,142.52,148.46,150.83,155.58,144.89,141.27,1.4981544201702333,144.6075,4.85390196498766,147.5676923076923,5.438866539158596,151.4057692307692,5.823776213477492,143.11,2.2734555196884774,144.4475,2.689640177755046,146.81076923076924,3.740999112395758,151.0596153846154,5.571183343435147,1.2699999999999818,0.0,0.009000070866699517,0.0,0.0,2.369999999999976,0.0,0.01662924501824281,-0.992708874098054,0.1205366802553232,135.0,249.53,140.48,143.71
2024-10-16,41,10,2024,137.0,143.0,241.58,140.48,143.71,140.48,142.38,139.21,151.28,150.01,151.92,144.93,143.71,144.89,140.14,147.27,149.64,148.46,142.52,140.79500000000002,1.3194569590084129,143.0975,3.7886248918869865,146.63846153846154,5.54573687041738,150.81923076923076,6.130703009008546,143.40750000000003,2.2482344925152464,143.85375,2.14684444511213,146.26307692307694,3.622865773145258,150.60307692307694,5.671387674446323,-1.9000000000000057,-1.9000000000000057,-0.013344570866694827,-0.013344570866694827,-1.1799999999999784,1.1899999999999977,-0.008144109324314863,0.008349705304518729,-0.9709418174260521,0.23931566428755738,137.0,241.58,137.94,142.52
2024-10-23,42,10,2024,134.0,144.0,241.88,137.94,142.52,140.48,140.48,141.11,145.56,152.56,157.0,144.93,143.71,143.71,144.89,144.89,150.83,157.96,141.33,141.11249999999998,0.8956701401794143,141.7475,1.9195888696720458,145.9053846153846,5.690895675528815,150.3792307692308,6.45071278113253,144.3,0.6812733176450173,143.40875,1.6487349046450028,145.80692307692308,3.534490497496585,150.42038461538462,5.817799914587079,0.0,1.2699999999999818,0.0,0.009122907837080474,0.0,3.5700000000000216,0.0,0.025474525474525667,-0.9350162426854148,0.35460488704253557,134.0,241.88,132.85,142.52
2024-10-30,43,10,2024,135.0,140.0,266.35,132.85,142.52,137.94,140.48,142.38,142.38,152.56,157.64,144.93,142.52,143.71,144.89,142.52,150.83,157.96,140.14,140.32,1.822013538188591,140.795,1.6255812147388595,144.78076923076924,5.71078725095319,149.64615384615385,6.744537983838186,143.70750000000004,0.9675527548073025,143.1125,1.5548059134992018,145.1676923076923,3.293580002176852,149.82653846153846,5.8054153631309875,-2.539999999999992,-3.170000000000016,-0.018080865603644636,-0.022464743816880572,-1.1899999999999977,-2.369999999999976,-0.008280565026790088,-0.016357236524259577,-0.8854560256532101,0.464723172043768,135.0,266.35,130.31,141.33
2024-11-06,44,11,2024,133.0,130.0,196.93,130.31,141.33,132.85,137.94,140.48,142.38,153.83,157.64,142.38,142.52,142.52,143.71,142.52,150.83,157.96,136.58,137.9375,3.5968168797808415,139.60375,3.111173125090211,143.26461538461538,6.077969254316609,148.6926923076923,7.2987470473767075,143.11500000000004,0.68704682033714,143.1125,1.5548059134992018,144.52846153846153,2.8839869571827603,149.2326923076923,5.729343807239571,-5.090000000000003,-9.530000000000001,-0.03690010149340295,-0.06693355808400059,0.0,-2.369999999999976,0.0,-0.016357236524259577,-0.822983865893657,0.5680647467311548,133.0,196.93,127.77,140.14
2024-11-13,45,11,2024,133.0,120.0,171.55,127.77,140.14,130.31,132.85,140.48,139.21,152.56,161.45,142.38,141.33,142.52,143.71,140.14,148.46,161.52,137.77,135.39499999999998,4.642861904760577,138.095,4.279709602965192,141.45538461538462,6.170778739868827,147.64153846153846,7.901730793852293,142.52000000000004,0.9716309313051362,142.96375,1.67208968917704,143.7976923076923,2.298315157690838,148.59307692307692,5.643702167359854,-2.539999999999992,-10.169999999999987,-0.01911930748964996,-0.07239464692482911,-1.1899999999999977,-2.3799999999999955,-0.008349705304518618,-0.016561130053580064,-0.7485107481711011,0.6631226582407952,133.0,171.55,126.49,140.14
2024-11-20,46,11,2024,132.0,116.0,164.21,126.49,140.14,127.77,130.31,137.94,141.11,151.28,157.64,144.93,140.14,141.33,142.52,144.89,147.27,156.77,140.14,132.2175,4.342268032569831,136.665,5.570516775206372,139.54846153846154,6.282560314280317,146.34615384615384,8.29821574890874,141.6275,1.1393382582311486,142.96375,1.67208968917704,143.15769230769232,2.0351869440924295,147.77076923076922,5.22705494371657,-2.5400000000000063,-12.709999999999994,-0.019491980661499597,-0.09047551252847374,-1.1900000000000261,-3.5700000000000216,-0.008420009905894199,-0.024841695080370374,-0.6631226582407955,0.7485107481711007,132.0,164.21,123.32,136.58
2024-12-04,48,12,2024,134.0,118.0,151.37,,,123.32,126.49,130.31,140.48,142.38,152.56,159.55,136.58,140.14,141.33,143.71,142.52,153.21,154.39,126.9725,2.906800933445406,132.45499999999998,6.596776268970799,135.93076923076924,6.853378074033651,143.87692307692308,9.506686391898034,139.5475,2.0563296590453923,141.33125,2.377143769333637,141.97,2.306266824683155,146.35461538461539,5.108422246268485,-3.1700000000000017,-9.530000000000001,-0.025061269665586194,-0.07173503951825366,-3.559999999999974,-5.939999999999998,-0.02540316826031097,-0.041678360931799,-0.4647231720437684,0.88545602565321,134.0,151.37,116.96,131.83
2025-07-09,27,7,2025,141.0,114.0,144.33,122.68,133.02,121.41,121.41,116.32,117.59,121.41,116.32,152.56,129.45,129.45,125.89,129.45,135.39,125.89,150.83,119.1825,2.6238314859535072,118.3075,1.9667286108085364,117.98384615384614,2.0863027043922715,117.66576923076923,2.0689807598608883,128.26500000000001,1.6782034044396636,128.26625,1.2681588172639349,128.81461538461537,2.252863420116966,128.1296153846154,2.755745243337552,0.0,4.450000000000003,0.0,0.03804719562243508,0.0,2.3699999999999903,0.0,0.018649669499527732,-0.12053668025532283,-0.992708874098054,141.0,144.33,123.95,134.2
2025-07-16,28,7,2025,142.0,114.0,168.19,123.95,134.2,122.68,121.41,117.59,117.59,116.96,117.59,150.01,133.02,129.45,128.27,128.27,128.27,123.52,149.64,120.77250000000001,2.204516197872157,118.94375,2.462333025521287,118.08153846153847,2.280774160066345,117.9103846153846,2.2697373958704854,130.0475,2.0582577583980144,128.7125,2.0997057617208963,128.6323076923077,1.7059266975439744,128.40384615384616,2.87609468123151,1.2700000000000102,6.360000000000014,0.010460423358866766,0.054676753782668674,3.5700000000000216,7.13000000000001,0.02757821552723083,0.05663674636587501,-0.23931566428755743,-0.9709418174260521,142.0,168.19,134.12,140.14
2025-07-23,29,7,2025,144.0,114.0,182.56,134.12,140.14,123.95,122.68,121.41,117.59,115.05,116.32,152.56,134.2,133.02,129.45,128.27,127.08,124.7,150.83,122.3625,1.2159324268562188,119.73875,2.9426734079261294,118.61923076923077,2.7665515885852283,118.155,2.5582122664194644,131.53,2.449612214209657,129.45374999999999,2.8380724721599146,129.08846153846156,2.2928361118612943,128.81461538461537,2.9131045031335896,1.269999999999996,6.359999999999999,0.01035213563743076,0.05408623182243377,1.1799999999999784,5.929999999999978,0.008870846489249518,0.04623060731269968,-0.3546048870425356,-0.9350162426854148,144.0,182.56,138.57,140.14
2025-07-30,30,7,2025,144.0,113.0,183.17,138.57,140.14,134.12,123.95,121.41,116.96,116.32,115.05,152.56,140.14,134.2,129.45,127.08,128.27,124.7,150.83,125.54,5.813232032757669,121.805,5.715435241519327,120.08615384615385,4.927862177559544,118.83961538461539,4.01466858485388,134.20250000000001,4.4436649663692585,130.9375,4.653188614896461,130.09307692307692,3.7424087265933026,129.40846153846152,3.5458129587563674,10.170000000000002,12.710000000000008,0.08204921339249704,0.10468659912692546,5.939999999999998,10.689999999999998,0.04426229508196711,0.08258014677481662,-0.46472317204376806,-0.8854560256532101,144.0,183.17,138.57,136.58
2025-08-06,31,8,2025,143.0,113.0,172.16,138.57,136.58,138.57,134.12,122.68,116.32,117.59,113.78,153.83,140.14,140.14,133.02,125.89,129.45,122.33,150.83,129.82999999999998,7.756472565972174,124.50625,7.818298933545995,121.7976923076923,6.956967914551522,119.74423076923078,5.501234169227295,136.875,3.8007499260018687,132.57,5.3458982941611355,131.00615384615386,4.608382829979697,130.00230769230768,3.990724553456577,4.449999999999989,17.159999999999997,0.03317924246943038,0.14133926365208804,0.0,10.689999999999998,0.0,0.08258014677481662,-0.5680647467311556,-0.8229838658936566,143.0,172.16,137.3,136.58
2025-08-13,32,8,2025,142.0,112.0,170.63,137.3,136.58,138.57,138.57,123.95,117.59,117.59,115.69,152.56,136.58,140.14,134.2,128.27,129.45,127.08,148.46,133.8025,6.895183705554546,127.28750000000001,8.424218064603998,123.41153846153846,8.218576363087145,120.69769230769231,6.486264445857625,137.76500000000001,2.9094501198685228,133.90625,4.7392523144569205,131.55461538461537,4.82685131216028,130.55038461538464,3.8716337438058757,0.0,15.889999999999986,0.0,0.12952396478643613,-3.559999999999974,3.5600000000000023,-0.02540316826031097,0.02676289279807542,-0.663122658240795,-0.7485107481711013,142.0,170.63,136.03,136.58
2025-08-20,33,8,2025,140.0,111.0,176.14,136.03,136.58,137.3,138.57,134.12,121.41,117.59,117.59,151.28,136.58,136.58,140.14,129.45,128.27,128.27,147.27,137.14,2.1004602670234753,129.75125,8.057120076588875,124.92769230769233,8.848990671112368,121.52884615384616,7.167674840242313,138.36,2.055366958315738,134.945,4.208379396269015,132.1030769230769,4.970718232162232,130.91576923076923,3.9778397887091503,-1.2699999999999818,13.350000000000009,-0.009165042938586887,0.10770471964501827,0.0,2.380000000000024,0.0,0.017734724292101545,-0.7485107481711011,-0.6631226582407952,140.0,176.14,135.39,135.39
2025-08-27,34,8,2025,140.0,110.0,178.28,135.39,135.39,136.03,137.3,138.57,121.41,117.59,117.59,145.56,136.58,136.58,140.14,129.45,128.27,129.45,144.89,137.6175,1.2159324268550353,131.57874999999999,7.5360892425334525,126.34615384615384,9.050408405574336,122.2380769230769,7.6578843131705785,137.47000000000003,1.7800000000008402,135.83625,3.587613363078692,132.7423076923077,4.971039719957659,131.23538461538462,4.089047058444786,-1.2700000000000102,1.9099999999999966,-0.009249817916970215,0.01424097822845205,0.0,-3.559999999999974,0.0,-0.02540316826031097,-0.8229838658936564,-0.5680647467311559,140.0,178.28,142.38,138.95
2025-09-03,35,8,2025,141.0,111.0,187.45,142.38,138.95,135.39,136.03,138.57,122.68,116.96,118.23,142.38,135.39,136.58,136.58,133.02,127.08,130.64,142.52,136.8225,1.4097133278357514,133.32625,6.372267901954944,127.71538461538461,8.961339757893848,122.92269230769232,8.01314448026467,136.28250000000003,0.5950000000027829,136.57875,2.538314612397678,133.29,4.827387146959309,131.46384615384616,4.150777350738847,-0.6400000000000148,-3.180000000000007,-0.004704844519591411,-0.02294869019268242,-1.1900000000000261,-4.75,-0.008712842290233058,-0.033894676751819564,-0.8854560256532096,-0.4647231720437691,141.0,187.45,142.38,138.95
2025-09-10,36,9,2025,142.0,113.0,203.66,142.38,138.95,142.38,135.39,137.3,123.95,116.32,117.59,142.38,138.95,135.39,136.58,134.2,125.89,128.27,142.52,137.775,3.170956743110442,135.78875,5.40313516792393,129.67076923076922,9.189369276087831,123.85153846153845,8.80771466037127,136.875,1.4927491416856193,137.32,2.1929692851922566,134.2030769230769,4.675087137535691,131.78346153846152,4.397415552171905,6.990000000000009,3.8100000000000023,0.051628628406824806,0.027495128815760994,3.5600000000000023,2.369999999999976,0.02629440874510669,0.017352467418362716,-0.9350162426854147,-0.3546048870425359,142.0,203.66,145.56,141.33
2025-09-17,37,9,2025,141.0,114.0,219.25,145.56,141.33,142.38,142.38,136.03,134.12,117.59,117.59,139.21,138.95,138.95,136.58,140.14,128.27,128.27,140.14,139.045,3.8597797864658903,138.0925,3.0516400742643515,131.67538461538462,8.871186143337516,124.80499999999999,9.423070943172254,137.4675,1.7794451382391674,137.91375,1.8425908584138755,135.2076923076923,4.108761276921776,132.19423076923078,4.5521838039162015,0.0,5.079999999999984,0.0,0.03699927166788042,0.0,2.369999999999976,0.0,0.017352467418362716,-0.970941817426052,-0.23931566428755774,141.0,219.25,147.47,141.33
2025-09-24,38,9,2025,141.0,121.0,213.14,147.47,141.33,145.56,142.38,135.39,138.57,121.41,120.77,141.11,141.33,138.95,135.39,140.14,129.45,130.64,144.89,141.4275,4.295093130539807,139.5225,3.5619246402550484,133.82692307692307,8.556582636208052,125.88076923076922,10.136037065079842,138.655,2.44880242839967,138.0625,2.0806437877518267,136.2123076923077,3.8602011040962503,132.69653846153847,4.814818744094411,3.180000000000007,9.530000000000001,0.022334597555836444,0.07005807542453879,2.380000000000024,4.75,0.017128463476070666,0.03477815199882861,-0.992708874098054,-0.12053668025532357,141.0,213.14,145.56,141.33
2025-10-01,39,9,2025,142.0,122.0,203.05,145.56,141.33,147.47,145.56,142.38,138.57,121.41,121.41,142.38,141.33,141.33,138.95,136.58,129.45,133.02,144.89,144.4475,2.5114587394599335,140.635,4.490711047738939,135.83153846153846,8.457218658394662,126.9076923076923,10.919775201971662,140.14000000000001,1.3740936406721855,138.21125,2.283077105905569,137.12615384615384,3.5168559312245935,133.1076923076923,5.081236312312151,1.9099999999999966,12.080000000000013,0.013121736740862922,0.08922372405642975,0.0,5.940000000000026,0.0,0.04387325504099282,-1.0,-1.8369701987210297e-16,142.0,203.05,143.66,140.14
2025-10-08,40,10,2025,140.0,124.0,185.92,143.66,140.14,145.56,147.47,142.38,137.3,122.68,121.41,140.48,141.33,141.33,138.95,136.58,133.02,135.39,143.71,145.2425,2.1100770128148305,141.50875,4.7063678366957795,137.68923076923076,7.6381361835840735,127.83653846153847,11.447776357813693,140.735,1.1900000000009423,138.805,2.4122425843590722,138.04,2.833016648962361,133.4273076923077,5.330728698926576,-1.9099999999999966,3.180000000000007,-0.0129517868040957,0.022334597555836444,0.0,2.380000000000024,0.0,0.017128463476070666,-0.992708874098054,0.1205366802553232,140.0,185.92,143.02,138.95
2025-10-15,41,10,2025,138.0,124.0,196.01,143.02,138.95,143.66,145.56,145.56,136.03,123.95,116.96,140.48,140.14,141.33,141.33,136.58,134.2,128.27,143.71,145.5625,1.5554286654626206,142.30375,4.4224651738916485,139.3030769230769,6.302169447388108,128.69230769230768,11.775109785543187,141.03250000000003,0.5950000000018099,139.25,2.2671505086015062,138.5876923076923,2.443048484455616,133.61,5.479989051085856,-1.9000000000000057,1.2800000000000011,-0.013053036548502428,0.008990026689141839,-1.1900000000000261,1.1899999999999977,-0.008420009905894199,0.008564231738035222,-0.9709418174260521,0.23931566428755738,138.0,196.01,144.93,141.33
2025-10-22,42,10,2025,137.0,126.0,193.87,144.93,141.33,143.02,143.66,147.47,135.39,134.12,115.05,137.94,138.95,140.14,141.33,135.39,140.14,127.08,142.52,144.9275,2.009102204139017,143.1775,3.624380735282163,140.77,4.3467650806858105,129.6946153846154,11.845414042835737,140.4375,1.1393382582310523,139.54625,2.0085100199103776,138.9530769230769,2.056811385832039,134.02076923076922,5.463954555506114,-0.6399999999999864,-2.539999999999992,-0.004454963107336618,-0.01744984885957679,-1.1899999999999977,-2.380000000000024,-0.008491508491508482,-0.016840019811788176,-0.9350162426854148,0.35460488704253557,137.0,193.87,145.56,142.52
2025-10-29,43,10,2025,140.0,130.0,184.7,145.56,142.52,144.93,143.02,145.56,142.38,138.57,116.32,132.85,141.33,138.95,141.33,138.95,140.14,128.27,142.52,144.29250000000002,1.1593496740312552,144.37,1.8127563858070956,141.60153846153847,3.987758029590971,130.84384615384616,11.817206125622107,140.4375,1.1393382582310523,140.28875,1.1793271387022848,139.04461538461538,2.1388806082564686,134.56884615384615,5.454577766922473,1.9099999999999966,-2.539999999999992,0.013354775555866283,-0.017223842137383816,2.380000000000024,0.0,0.017128463476070666,0.0,-0.8854560256532101,0.464723172043768,140.0,184.7,144.93,141.33
2025-11-05,44,11,2025,142.0,130.0,184.7,144.93,141.33,145.56,144.93,143.66,142.38,138.57,117.59,130.31,142.52,141.33,140.14,138.95,136.58,129.45,141.33,144.29250000000002,1.1593496740312552,144.76749999999998,1.6559222721574987,142.13923076923078,4.016085286151724,131.96846153846155,11.770978444399487,140.735,1.5362833939963427,140.73499999999999,1.2721635115343166,139.2276923076923,2.3334600698107804,135.1169230769231,5.511971530574718,0.6299999999999955,0.0,0.004346926102256177,0.0,1.1899999999999977,1.1899999999999977,0.008420009905893977,0.008420009905893977,-0.822983865893657,0.5680647467311548,142.0,184.7,142.38,135.39
2025-11-12,45,11,2025,145.0,137.0,171.55,142.38,135.39,144.93,145.56,143.02,145.56,137.3,117.59,127.77,141.33,142.52,138.95,141.33,136.58,129.45,140.14,144.61,1.1008178777661837,145.08625,1.3473777442547252,142.62846153846152,3.93154729115238,133.02,11.655746393949025,141.03250000000003,1.497383829662765,141.0325,1.0548222599466979,139.59307692307692,2.254888706098102,135.57384615384615,5.515816586454305,-0.6299999999999955,1.2700000000000102,-0.004328112118713867,0.008840317416121568,-1.1899999999999977,1.1900000000000261,-0.008349705304518618,0.008491508491508704,-0.7485107481711011,0.6631226582407952,145.0,171.55,143.66,138.95
2025-11-19,46,11,2025,146.0,121.0,164.82,143.66,138.95,142.38,144.93,144.93,147.47,136.03,117.59,126.49,135.39,141.33,141.33,141.33,136.58,128.27,140.14,144.45,1.4115948427256664,144.68875,1.627587500390458,143.01923076923077,3.5959339573530396,133.97346153846155,11.353059479211632,140.14250000000004,3.217611691923435,140.29,2.2401339245856904,139.50153846153847,2.4064595230053385,135.8023076923077,5.373196670656876,-2.5500000000000114,-0.6400000000000148,-0.01759470089008497,-0.004474898615578371,-5.940000000000026,-3.5600000000000023,-0.0420292931437064,-0.025620726880172695,-0.6631226582407955,0.7485107481711007,146.0,164.82,144.93,141.33
2026-07-08,27,7,2026,173.0,122.0,176.75,171.62,169.83,176.71,181.8,182.43,172.9,161.45,127.13,122.68,171.02,174.58,176.96,172.21,161.52,125.89,133.02,181.0025,2.9082569235433318,180.525,3.7981988212453963,175.43846153846152,7.673430182730753,157.07961538461538,21.066516082309573,174.58250000000004,2.5660654057655634,175.1775,2.375714929999784,171.75153846153847,5.211835642958849,158.23115384615386,16.70906683855789,-5.090000000000003,-6.989999999999981,-0.02799779977997796,-0.03805117038649963,-3.5600000000000023,-5.939999999999998,-0.020391797456753347,-0.03356690777576854,-0.12053668025532283,-0.992708874098054,173.0,176.75,174.17,166.27
2026-07-15,28,7,2026,181.0,122.0,204.58,174.17,166.27,171.62,176.71,183.07,183.07,164.63,124.59,123.95,169.83,171.02,175.77,176.96,165.08,130.64,134.2,178.3,5.233016975576454,180.36499999999998,4.17368970028695,176.22076923076924,6.567127050112589,158.79076923076926,20.330535245897224,172.8,2.827165836428228,174.88,2.8930902904375575,172.39076923076922,4.278382602373657,159.92115384615383,15.484375693433503,-5.090000000000003,-10.810000000000002,-0.028804255559957026,-0.05925560488954673,-1.1899999999999977,-7.1299999999999955,-0.006958250497017926,-0.04029159132007232,-0.23931566428755743,-0.9709418174260521,181.0,204.58,176.71,173.4
2026-07-22,29,7,2026,194.0,121.0,209.77,176.71,173.4,174.17,171.62,181.8,180.52,170.35,125.22,134.12,166.27,169.83,174.58,176.96,168.65,130.64,140.14,176.07500000000002,4.345683682307268,179.2525,4.521339087355973,176.95461538461538,5.63016224660444,160.6976923076923,19.29305518733599,170.42500000000004,3.427151392434704,173.54375000000002,4.037520234365487,172.4823076923077,4.118679306617012,161.29153846153847,14.322349441989976,2.549999999999983,-8.900000000000006,0.014858408110942634,-0.04861528377123503,-3.5600000000000023,-9.5,-0.02096213860919749,-0.05404790351026911,-0.3546048870425356,-0.9350162426854148,194.0,209.77,177.35,172.21
2026-07-29,30,7,2026,200.0,122.0,230.26,177.35,172.21,176.71,174.17,176.71,183.7,169.08,129.04,138.57,173.4,166.27,171.02,176.96,166.27,135.39,140.14,174.8025,2.4362180389567816,178.77625,4.569163529262081,177.44384615384615,5.273456390993053,162.67807692307693,18.11221334221469,170.13000000000002,2.9706677139436377,173.09875,3.7961764128128688,172.8476923076923,3.9579269696928545,162.93615384615384,13.061418935758585,2.5400000000000205,-5.090000000000003,0.014583452948269127,-0.02799779977997796,7.1299999999999955,-1.1800000000000068,0.042882059301136755,-0.00675907893229466,-0.46472317204376806,-0.8854560256532101,200.0,230.26,176.71,172.21
2026-08-05,31,8,2026,202.0,122.0,230.26,176.71,172.21,177.35,176.71,171.62,182.43,170.99,131.58,138.57,172.21,173.4,169.83,176.96,169.83,137.77,136.58,174.96249999999998,2.617522683761319,177.9825,4.121222946095558,178.07999999999998,4.641353969121517,164.53615384615387,16.96500894828642,170.42750000000004,3.1440353581557794,172.505,3.462802333378901,173.30461538461537,3.4449083572324555,164.35230769230773,11.89972682297985,0.6399999999999864,0.6399999999999864,0.0036217531548865534,0.0036217531548865534,-1.1899999999999977,1.1899999999999977,-0.006862745098039191,0.006958250497017815,-0.5680647467311556,-0.8229838658936566,202.0,230.26,181.8,174.58
2026-08-12,32,8,2026,198.0,122.0,218.34,181.8,174.58,176.71,177.35,174.17,183.07,172.9,136.66,137.3,172.21,172.21,166.27,175.77,172.21,142.52,136.58,176.235,1.409337906017677,177.26749999999998,3.7156147347564024,178.51999999999998,4.159306833277258,166.2719230769231,15.721383404583063,171.02250000000004,3.2176116919231132,171.91125,2.960614981973066,173.48769230769233,3.3052764731696955,165.6769230769231,10.676313884194924,-0.6399999999999864,5.090000000000003,-0.0036086833944177776,0.029658547954783954,0.0,2.3799999999999955,0.0,0.01401401401401392,-0.663122658240795,-0.7485107481711013,198.0,218.34,184.97,173.4
2026-08-19,33,8,2026,206.0,125.0,211.61,184.97,173.4,181.8,176.71,176.71,181.8,183.07,137.94,136.03,174.58,172.21,173.4,174.58,176.96,143.71,136.58,178.14249999999998,2.4569272815188077,177.10875,3.4499169244650454,179.20461538461538,3.8802805211853846,168.00807692307689,14.785036494845038,173.10000000000002,1.1349889867307295,171.7625,2.762295887750531,173.67000000000002,3.2942728079683956,166.91,9.70171366306008,5.090000000000003,7.630000000000024,0.028804255559957026,0.043807774013894685,2.3700000000000045,8.310000000000002,0.013762266999593598,0.0499789499007639,-0.7485107481711011,-0.6631226582407952,206.0,211.61,185.61,174.58
