Date,Truck,Rail,Barge,Gulf_Vessel,Pacific_Vessel,US_Diesel_Price,Gulf_Coast_Diesel_Price,US_Diesel_Price_change_1w,US_Diesel_Price_change_2w,US_Diesel_Price_change_4w,US_Diesel_Price_pct_change_1w,US_Diesel_Price_pct_change_4w,US_Diesel_Price_ma_4w,US_Diesel_Price_ma_8w,US_Diesel_Price_ma_12w,US_Diesel_Price_volatility_4w,US_Diesel_Price_volatility_8w,Gulf_Coast_Diesel_Price_change_1w,Gulf_Coast_Diesel_Price_change_2w,Gulf_Coast_Diesel_Price_change_4w,Gulf_Coast_Diesel_Price_pct_change_1w,Gulf_Coast_Diesel_Price_pct_change_4w,Gulf_Coast_Diesel_Price_ma_4w,Gulf_Coast_Diesel_Price_ma_8w,Gulf_Coast_Diesel_Price_ma_12w,Gulf_Coast_Diesel_Price_volatility_4w,Gulf_Coast_Diesel_Price_volatility_8w,Gulf_Diesel_Spread,Gulf_Diesel_Spread_change_1w,Gulf_Diesel_Spread_change_4w,Truck_lag_1w,Truck_lag_2w,Truck_lag_4w,Truck_lag_8w,Truck_lag_12w,Rail_lag_1w,Rail_lag_2w,Rail_lag_4w,Rail_lag_8w,Rail_lag_12w,Barge_lag_1w,Barge_lag_2w,Barge_lag_4w,Barge_lag_8w,Barge_lag_12w,Gulf_Vessel_lag_1w,Gulf_Vessel_lag_2w,Gulf_Vessel_lag_4w,Gulf_Vessel_lag_8w,Gulf_Vessel_lag_12w,Pacific_Vessel_lag_1w,Pacific_Vessel_lag_2w,Pacific_Vessel_lag_4w,Pacific_Vessel_lag_8w,Pacific_Vessel_lag_12w,Gulf_target
2010-04-07,114.0,75.0,84.09,170.35,190.02,3.015,2.978,0.076,0.0689999999999999,0.1110000000000002,0.0258591357604627,0.0382231404958679,2.956,2.897125,2.869166666666666,0.0403897676811039,0.0795243673348647,0.0790000000000001,0.0740000000000002,0.1049999999999999,0.0272507761297,0.0365471632439957,2.9195,2.860125,2.8320833333333333,0.0391109532823972,0.0804033359294248,-0.0369999999999999,0.0030000000000001,-0.0060000000000002,111.0,111.0,110.0,104.0,109.0,76.0,77.0,84.0,86.0,83.0,84.4,84.7,95.71,109.47,118.04,175.44,180.52,172.9,160.18,183.07,194.77,204.28,204.28,175.77,199.52,177.98
2010-04-14,116.0,76.0,84.09,177.98,199.52,3.069,3.023,0.0539999999999998,0.1299999999999999,0.145,0.0179104477611939,0.0495896032831737,2.9922500000000003,2.93625,2.88575,0.0615974837148395,0.077133928054739,0.0449999999999999,0.1240000000000001,0.1260000000000003,0.0151108126259233,0.0434932688988609,2.951,2.89825,2.8480833333333333,0.0600721788073121,0.0755489434548984,-0.0459999999999998,-0.0089999999999998,-0.0189999999999996,114.0,111.0,110.0,104.0,108.0,75.0,76.0,85.0,87.0,81.0,84.09,84.4,86.54,93.27,119.56,170.35,175.44,177.98,155.1,177.98,190.02,194.77,204.28,166.27,190.02,177.98
2010-04-21,116.0,75.0,84.09,177.98,194.77,3.074,3.034,0.0049999999999998,0.0589999999999997,0.1279999999999996,0.0016291951775821,0.0434487440597419,3.02425,2.9665,2.9058333333333333,0.0627979564423317,0.0778588466393576,0.0109999999999996,0.0559999999999996,0.1299999999999999,0.0036387694343367,0.0447658402203856,2.9835,2.928375,2.8675833333333336,0.0613215568403488,0.0756343412177115,-0.04,0.0059999999999997,0.0020000000000002,116.0,114.0,111.0,107.0,107.0,76.0,75.0,77.0,83.0,83.0,84.09,84.09,84.7,96.94,125.37,177.98,170.35,180.52,160.18,174.17,199.52,190.02,204.28,175.77,185.27,175.44
2010-04-28,116.0,76.0,94.18,175.44,185.27,3.078,3.038,0.004,0.0089999999999998,0.1389999999999998,0.0013012361743656,0.0472949982987409,3.059,2.993625,2.9305833333333333,0.0295634909981786,0.0735331557871089,0.004,0.0149999999999996,0.1389999999999998,0.001318391562294,0.0479475681269403,3.01825,2.95575,2.8920833333333333,0.0275726313577535,0.0697992017965625,-0.04,0.0,0.0,116.0,116.0,111.0,108.0,105.0,75.0,76.0,76.0,81.0,83.0,84.09,84.09,84.4,105.5,122.32,177.98,177.98,175.44,165.27,170.35,194.77,199.52,194.77,180.52,180.52,177.98
2010-05-05,118.0,75.0,103.97,177.98,190.02,3.122,3.083,0.044,0.048,0.1069999999999997,0.0142949967511372,0.0354892205638472,3.08575,3.020875,2.9600000000000004,0.024445517653192,0.0759293609689577,0.0450000000000003,0.0490000000000003,0.1049999999999999,0.0148123765635288,0.0352585627938213,3.0445,2.982,2.921583333333333,0.0264386081326234,0.0736167682762379,-0.0389999999999997,0.0010000000000003,-0.0019999999999997,116.0,116.0,114.0,110.0,104.0,76.0,75.0,75.0,84.0,86.0,94.18,84.09,84.09,95.71,109.47,175.44,177.98,170.35,172.9,160.18,185.27,194.77,190.02,204.28,175.77,183.07
2010-05-12,118.0,74.0,117.12,183.07,199.52,3.127,3.087,0.0049999999999998,0.0489999999999999,0.0579999999999998,0.0016015374759767,0.0188986640599542,3.10025,3.04625,2.9909166666666667,0.0281232406856988,0.072784908168895,0.004,0.0490000000000003,0.064,0.0012974375608174,0.0211710221634138,3.0605,3.00575,2.9523333333333337,0.0283842679429466,0.0729221698604179,-0.0399999999999995,-0.0009999999999998,0.0060000000000002,118.0,116.0,116.0,110.0,104.0,75.0,76.0,76.0,85.0,87.0,103.97,94.18,84.09,86.54,93.27,177.98,175.44,177.98,177.98,155.1,190.02,185.27,199.52,204.28,166.27,183.07
2010-05-19,117.0,75.0,127.52,183.07,204.28,3.094,3.042,-0.0329999999999999,-0.028,0.02,-0.0105532459226095,0.0065061808718283,3.10525,3.06475,3.01275,0.0232576152402973,0.0616157447411923,-0.0450000000000003,-0.0410000000000003,0.008,-0.0145772594752188,0.0026367831245879,3.0625,3.023,2.9730833333333337,0.0260832002124671,0.0607147899139453,-0.052,-0.0120000000000004,-0.012,118.0,118.0,116.0,111.0,107.0,74.0,75.0,75.0,77.0,83.0,117.12,103.97,84.09,84.7,96.94,183.07,177.98,177.98,180.52,160.18,199.52,190.02,194.77,204.28,175.77,185.61
2010-05-26,114.0,75.0,103.36,185.61,204.28,3.021,2.977,-0.0729999999999999,-0.1059999999999998,-0.0569999999999999,-0.0235940530058177,-0.0185185185185184,3.091,3.075,3.0260833333333337,0.0488739876280399,0.0411200333519928,-0.0649999999999999,-0.1100000000000003,-0.0609999999999999,-0.0213675213675214,-0.0200789993416721,3.04725,3.03275,2.98625,0.0510579735854948,0.041028735574789,-0.044,0.008,-0.004,117.0,118.0,116.0,111.0,108.0,75.0,74.0,76.0,76.0,81.0,127.52,117.12,94.18,84.4,105.5,183.07,183.07,175.44,175.44,165.27,204.28,199.52,185.27,194.77,180.52,181.8
2010-06-02,112.0,75.0,96.02,181.8,194.77,2.98,2.936,-0.0409999999999999,-0.1139999999999998,-0.1419999999999999,-0.0135716650115855,-0.0454836643177449,3.0555,3.070625,3.0324166666666663,0.0670447611674421,0.0494366477713545,-0.0409999999999999,-0.1059999999999998,-0.1470000000000002,-0.0137722539469263,-0.047680830360039,3.0105,3.0275,2.9915000000000003,0.0671242628760819,0.0506049122404728,-0.044,0.0,-0.0050000000000003,114.0,117.0,118.0,114.0,110.0,75.0,75.0,75.0,75.0,84.0,103.36,127.52,103.97,84.09,95.71,185.61,183.07,177.98,170.35,172.9,204.28,204.28,190.02,190.02,204.28,177.98
2010-06-09,111.0,74.0,89.9,177.98,180.52,2.946,2.899,-0.0339999999999998,-0.0749999999999997,-0.1809999999999996,-0.0114093959731542,-0.0578829549088582,3.01025,3.05525,3.03425,0.0636991627365143,0.0662737827932433,-0.0369999999999999,-0.0779999999999998,-0.1880000000000001,-0.0126021798365122,-0.0609005506964691,2.9635,3.012,2.9916666666666667,0.0612671744628203,0.0681343211186146,-0.0470000000000001,-0.0030000000000001,-0.0070000000000005,112.0,114.0,118.0,116.0,110.0,75.0,75.0,74.0,76.0,85.0,96.02,103.36,117.12,84.09,86.54,181.8,185.61,183.07,177.98,177.98,194.77,204.28,199.52,199.52,204.28,174.17
2010-06-16,110.0,73.0,91.43,174.17,175.77,2.928,2.874,-0.0180000000000002,-0.052,-0.1659999999999999,-0.0061099796334013,-0.0536522301228183,2.96875,3.037,3.03275,0.0409664496875164,0.0792121924237867,-0.0249999999999999,-0.0619999999999998,-0.1679999999999997,-0.0086236633321834,-0.0552268244575936,2.9215,2.992,2.989166666666667,0.044918444615302,0.0826835620216023,-0.0539999999999998,-0.0069999999999996,-0.0019999999999997,111.0,112.0,117.0,116.0,111.0,74.0,75.0,75.0,75.0,77.0,89.9,96.02,127.52,84.09,84.7,177.98,181.8,183.07,177.98,180.52,180.52,194.77,204.28,194.77,204.28,169.08
2010-06-23,112.0,73.0,91.13,169.08,161.52,2.961,2.908,0.0329999999999999,0.0149999999999996,-0.06,0.0112704918032786,-0.0198609731876862,2.9537500000000003,3.022375,3.0345833333333334,0.0220963797939818,0.0813334187158727,0.0339999999999998,0.0089999999999998,-0.0689999999999999,0.0118302018093248,-0.0231776956667786,2.90425,2.97575,2.9899166666666663,0.0255913396807998,0.0850911276221482,-0.0529999999999999,0.0009999999999998,-0.0089999999999998,110.0,111.0,114.0,116.0,111.0,73.0,74.0,75.0,76.0,76.0,91.43,89.9,103.36,94.18,84.4,174.17,177.98,185.61,175.44,175.44,175.77,180.52,204.28,185.27,194.77,157.64
2010-06-30,112.0,76.0,90.51,157.64,156.77,2.956,2.893,-0.0049999999999998,0.028,-0.024,-0.0016886187098952,-0.0080536912751677,2.94775,3.001625,3.029666666666667,0.0145688022843305,0.0730380282554225,-0.0150000000000001,0.0189999999999996,-0.0430000000000001,-0.0051581843191197,-0.0146457765667575,2.8935,2.952,2.982833333333333,0.0143874945696426,0.0770120584250661,-0.0630000000000001,-0.0100000000000002,-0.0190000000000001,112.0,110.0,112.0,118.0,114.0,73.0,73.0,75.0,75.0,75.0,91.13,91.43,96.02,103.97,84.09,169.08,174.17,181.8,177.98,170.35,161.52,175.77,194.77,190.02,190.02,142.38
2010-07-07,110.0,77.0,99.38,142.38,144.89,2.924,2.866,-0.032,-0.0369999999999999,-0.0220000000000002,-0.0108254397834912,-0.0074677528852682,2.94225,2.97625,3.017583333333333,0.0189450961113054,0.056691521160044,-0.0269999999999996,-0.0419999999999998,-0.0329999999999999,-0.0093328724507431,-0.0113832355984822,2.88525,2.9243749999999995,2.96975,0.0189274932305246,0.059259568244968,-0.0579999999999998,0.0050000000000003,-0.0109999999999996,112.0,112.0,111.0,118.0,116.0,76.0,73.0,74.0,74.0,76.0,90.51,91.13,89.9,117.12,84.09,157.64,169.08,177.98,183.07,177.98,156.77,161.52,180.52,199.52,199.52,129.67
2010-07-14,110.0,82.0,118.65,129.67,128.27,2.903,2.857,-0.0209999999999999,-0.0529999999999999,-0.0249999999999999,-0.0071819425444595,-0.0085382513661201,2.936,2.952375,3.0033333333333334,0.0274347711247355,0.0367187670974098,-0.0089999999999998,-0.0359999999999995,-0.0169999999999999,-0.0031402651779482,-0.0059151009046624,2.881,2.90125,2.955,0.0236220236218573,0.0396547601179044,-0.0459999999999998,0.012,0.008,110.0,112.0,110.0,117.0,116.0,77.0,76.0,73.0,75.0,75.0,99.38,90.51,91.43,127.52,84.09,142.38,157.64,174.17,183.07,177.98,144.89,156.77,175.77,204.28,194.77,142.38
2010-07-21,109.0,82.0,129.96,142.38,147.27,2.899,2.859,-0.004,-0.0249999999999999,-0.0619999999999998,-0.0013778849466069,-0.0209388720027017,2.9205,2.937125,2.9884166666666663,0.026083200212653,0.0285779010527763,0.0019999999999997,-0.0070000000000001,-0.0489999999999999,0.00070003500175,-0.0168500687757908,2.8687500000000004,2.8865,2.9400833333333334,0.0166207701383444,0.0275525471989684,-0.04,0.0059999999999997,0.0129999999999999,110.0,110.0,112.0,114.0,116.0,82.0,77.0,73.0,75.0,76.0,118.65,99.38,91.13,103.36,94.18,129.67,142.38,169.08,185.61,175.44,128.27,144.89,161.52,204.28,185.27,146.2
2010-07-28,110.0,83.0,118.65,146.2,152.02,2.919,2.875,0.02,0.016,-0.0369999999999999,0.0068989306657467,-0.0125169147496616,2.91125,2.9295,2.9715000000000003,0.0121209185570531,0.0231208007772701,0.016,0.0179999999999997,-0.0179999999999997,0.005596362364463,-0.006221914967162,2.86425,2.878875,2.92275,0.0081394102975413,0.0190145620890171,-0.044,-0.004,0.0190000000000001,109.0,110.0,112.0,112.0,118.0,82.0,82.0,76.0,75.0,75.0,129.96,118.65,90.51,96.02,103.97,142.38,129.67,157.64,181.8,177.98,147.27,128.27,156.77,194.77,190.02,152.56
2010-08-04,110.0,86.0,113.45,152.56,159.14,2.928,2.887,0.0089999999999998,0.0289999999999999,0.004,0.0030832476875641,0.0013679890560875,2.91225,2.92725,2.954916666666667,0.0135984067694238,0.0221407833132672,0.012,0.028,0.0209999999999999,0.0041739130434783,0.0073272854152128,2.8695,2.877375,2.906083333333333,0.0141774468784643,0.0176225302223343,-0.0409999999999999,0.0030000000000001,0.0169999999999999,110.0,109.0,110.0,111.0,118.0,83.0,82.0,77.0,74.0,74.0,118.65,129.96,99.38,89.9,117.12,146.2,142.38,142.38,177.98,183.07,152.02,147.27,144.89,180.52,199.52,152.56
2010-08-11,113.0,96.0,132.41,152.56,156.77,2.991,2.947,0.0630000000000001,0.072,0.088,0.021516393442623,0.030313468825353,2.93425,2.935125,2.946333333333333,0.0397271947159618,0.0316202353837715,0.06,0.072,0.0899999999999998,0.0207828195358503,0.0315015750787539,2.892,2.8865,2.8981666666666666,0.0384187454244864,0.0301045796232773,-0.044,-0.0030000000000001,0.0019999999999997,110.0,110.0,110.0,110.0,117.0,86.0,83.0,82.0,73.0,75.0,113.45,118.65,118.65,91.43,127.52,152.56,146.2,129.67,174.17,183.07,159.14,152.02,128.27,175.77,204.28,157.64
2010-08-18,112.0,94.0,133.63,157.64,161.52,2.979,2.933,-0.012,0.0510000000000001,0.08,-0.004012036108325,0.0275957226629872,2.95425,2.937375,2.942833333333333,0.0360312364483909,0.0342550830432005,-0.0140000000000002,0.0459999999999998,0.0739999999999998,-0.0047505938242281,0.0258831759356417,2.9105,2.889625,2.8945000000000003,0.0348855270849008,0.033733990912219,-0.0460000000000002,-0.0020000000000002,-0.0060000000000002,113.0,110.0,109.0,112.0,114.0,96.0,86.0,82.0,73.0,75.0,132.41,113.45,129.96,91.13,103.36,152.56,152.56,142.38,169.08,185.61,156.77,159.14,147.27,161.52,204.28,165.27
2010-08-25,112.0,98.0,139.44,165.27,171.02,2.957,2.916,-0.0220000000000002,-0.0340000000000002,0.0379999999999998,-0.0073850285330648,0.0130181569030489,2.96375,2.9375,2.940916666666667,0.0276812210713294,0.0343344891161641,-0.0169999999999999,-0.0310000000000001,0.0409999999999999,-0.0057961131946812,0.0142608695652173,2.92075,2.8925,2.8928333333333334,0.0258247297499496,0.0350183625301677,-0.0409999999999999,0.0050000000000003,0.0030000000000001,112.0,113.0,110.0,112.0,112.0,94.0,96.0,83.0,76.0,75.0,133.63,132.41,118.65,90.51,96.02,157.64,152.56,146.2,157.64,181.8,161.52,156.77,152.02,156.77,194.77,162.73
2010-09-01,111.0,100.0,154.73,162.73,166.27,2.938,2.888,-0.0189999999999996,-0.0409999999999999,0.0100000000000002,-0.0064254311802501,0.0034153005464481,2.96625,2.93925,2.9402500000000003,0.0235141801189508,0.0339021701793263,-0.028,-0.0449999999999999,0.0009999999999998,-0.00960219478738,0.0003463803255974,2.9210000000000003,2.8952500000000003,2.8919166666666665,0.0253902868565506,0.0334696024135756,-0.0500000000000002,-0.0090000000000003,-0.0090000000000003,112.0,112.0,110.0,110.0,111.0,98.0,94.0,86.0,77.0,74.0,139.44,133.63,113.45,99.38,89.9,165.27,157.64,152.56,142.38,177.98,171.02,161.52,159.14,144.89,180.52,165.27
2010-09-08,111.0,94.0,151.37,165.27,166.27,2.931,2.876,-0.0070000000000001,-0.0259999999999998,-0.06,-0.0023825731790333,-0.0200601805416248,2.95125,2.94275,2.9405,0.0215154982899896,0.0309411884527409,-0.012,-0.04,-0.0710000000000001,-0.0041551246537395,-0.0240922972514422,2.90325,2.897625,2.8920833333333333,0.025966324345032,0.0309466707188346,-0.0550000000000001,-0.0049999999999998,-0.0110000000000001,111.0,112.0,113.0,110.0,110.0,100.0,98.0,96.0,82.0,73.0,154.73,139.44,132.41,118.65,91.43,162.73,165.27,152.56,129.67,174.17,166.27,171.02,156.77,128.27,175.77,172.9
2010-09-15,111.0,79.0,145.25,172.9,190.02,2.943,2.887,0.012,0.0049999999999998,-0.036,0.0040941658137154,-0.0120845921450151,2.94225,2.9482500000000003,2.939,0.0109962114688013,0.025482486983575,0.0110000000000001,-0.0009999999999998,-0.0459999999999998,0.0038247566063978,-0.0156836004091373,2.89175,2.901125,2.890333333333333,0.0170562793908334,0.0273257466243831,-0.056,-0.0009999999999998,-0.0099999999999997,111.0,111.0,112.0,109.0,112.0,94.0,100.0,94.0,82.0,73.0,151.37,154.73,133.63,129.96,91.13,165.27,162.73,157.64,142.38,169.08,166.27,166.27,161.52,147.27,161.52,165.27
2010-09-22,112.0,85.0,166.66,165.27,166.27,2.96,2.89,0.0169999999999999,0.0289999999999999,0.0030000000000001,0.0057764186204551,0.0010145417653026,2.943,2.953375,2.9393333333333334,0.0123558353285642,0.0227340996242484,0.0030000000000001,0.0140000000000002,-0.0259999999999998,0.0010391409767924,-0.0089163237311384,2.88525,2.903,2.8900833333333336,0.0062915286953882,0.0257460121740378,-0.0699999999999998,-0.0139999999999997,-0.0289999999999999,111.0,111.0,112.0,110.0,112.0,79.0,94.0,98.0,83.0,76.0,145.25,151.37,139.44,118.65,90.51,172.9,165.27,165.27,146.2,157.64,190.02,166.27,171.02,152.02,156.77,162.73
2010-09-29,111.0,76.0,170.94,162.73,161.52,2.951,2.883,-0.0089999999999998,0.008,0.0129999999999999,-0.0030405405405404,0.0044247787610618,2.94625,2.95625,2.941583333333333,0.0123119183449713,0.0204013304890948,-0.0070000000000001,-0.004,-0.0049999999999998,-0.0024221453287197,-0.0017313019390581,2.884,2.9025,2.8915,0.0060553007074989,0.0261370016863338,-0.068,0.0019999999999997,-0.0179999999999997,112.0,111.0,111.0,110.0,110.0,85.0,79.0,100.0,86.0,77.0,166.66,145.25,154.73,113.45,99.38,165.27,172.9,162.73,152.56,142.38,166.27,190.02,166.27,159.14,144.89,155.1
2010-10-06,113.0,106.0,196.93,155.1,152.02,3.0,2.92,0.0489999999999999,0.04,0.0689999999999999,0.0166045408336157,0.0235414534288638,2.9635,2.957375,2.949666666666667,0.0253048085022023,0.0227089504068863,0.0369999999999999,0.0299999999999998,0.044,0.0128338536246965,0.0152990264255912,2.895,2.899125,2.8967499999999995,0.0169115345250358,0.0207601094136252,-0.08,-0.012,-0.0249999999999999,111.0,112.0,111.0,113.0,110.0,76.0,85.0,94.0,96.0,82.0,170.94,166.66,151.37,132.41,118.65,162.73,165.27,165.27,152.56,129.67,161.52,166.27,166.27,156.77,128.27,152.56
2010-10-13,116.0,101.0,181.64,152.56,156.77,3.066,2.982,0.0659999999999998,0.1149999999999997,0.1229999999999997,0.022,0.0417940876656472,2.99425,2.9682500000000003,2.9635833333333337,0.0523601311431983,0.0447141716111146,0.0620000000000002,0.0990000000000002,0.0950000000000002,0.0212328767123288,0.032906130931763,2.91875,2.90525,2.907,0.0451174393480461,0.0347182537415941,-0.0839999999999996,-0.0039999999999995,-0.0279999999999995,113.0,111.0,111.0,112.0,109.0,106.0,76.0,79.0,94.0,82.0,196.93,170.94,145.25,133.63,129.96,155.1,162.73,172.9,157.64,142.38,152.02,161.52,190.02,161.52,147.27,150.01
2010-10-20,116.0,95.0,169.1,150.01,152.02,3.073,2.979,0.0070000000000001,0.0729999999999999,0.1129999999999999,0.0022831050228311,0.0381756756756757,3.0225,2.98275,2.976416666666667,0.0579108510269543,0.0575195618899446,-0.0030000000000001,0.0590000000000001,0.0889999999999999,-0.0010060362173038,0.0307958477508649,2.9410000000000003,2.913125,2.915666666666666,0.048062459362699,0.0435313926134432,-0.0939999999999998,-0.0100000000000002,-0.024,116.0,113.0,112.0,112.0,110.0,101.0,106.0,85.0,98.0,83.0,181.64,196.93,166.66,139.44,118.65,152.56,155.1,165.27,165.27,146.2,156.77,152.02,166.27,171.02,152.02,150.01
2010-10-27,116.0,76.0,150.14,150.01,154.39,3.067,2.985,-0.0059999999999997,0.0010000000000003,0.1160000000000001,-0.0019524894240156,0.0393087089122332,3.0515,2.998875,2.988,0.0344722110305184,0.0611495532048612,0.0059999999999997,0.0029999999999996,0.1019999999999998,0.0020140986908356,0.0353798126951092,2.9665,2.92525,2.923833333333333,0.0310966236107855,0.0487317731495002,-0.0820000000000003,0.0119999999999995,-0.0140000000000002,116.0,116.0,111.0,111.0,110.0,95.0,101.0,76.0,100.0,86.0,169.1,181.64,170.94,154.73,113.45,150.01,152.56,162.73,162.73,152.56,152.02,156.77,161.52,166.27,159.14,155.1
2010-11-03,116.0,74.0,135.77,155.1,166.27,3.067,2.982,0.0,-0.0059999999999997,0.0670000000000001,0.0,0.0223333333333333,3.06825,3.015875,2.994333333333333,0.0032015621185873,0.058428069330808,-0.0029999999999996,0.0030000000000001,0.0620000000000002,-0.001005025125628,0.0212328767123288,2.982,2.9385000000000003,2.92675,0.0024494897408892,0.047830056300646,-0.0849999999999999,-0.0029999999999996,-0.0049999999999998,116.0,116.0,113.0,111.0,113.0,76.0,95.0,106.0,94.0,96.0,150.14,169.1,196.93,151.37,132.41,150.01,150.01,155.1,165.27,152.56,154.39,152.02,152.02,166.27,156.77,147.47
2010-11-10,118.0,74.0,140.05,147.47,154.39,3.116,3.03,0.0489999999999999,0.0489999999999999,0.0500000000000002,0.0159765242908378,0.0163078930202218,3.08075,3.0375,3.0057500000000004,0.0236696007570702,0.0596058482270719,0.0479999999999996,0.0449999999999999,0.0479999999999996,0.016096579476861,0.016096579476861,2.994,2.956375,2.934833333333333,0.0241246761634347,0.0523421095159544,-0.0860000000000003,-0.0010000000000003,-0.0020000000000006,116.0,116.0,116.0,111.0,112.0,74.0,76.0,101.0,79.0,94.0,135.77,150.14,181.64,145.25,133.63,155.1,150.01,152.56,172.9,157.64,166.27,154.39,156.77,190.02,161.52,150.01
2010-11-17,120.0,73.0,125.37,150.01,163.9,3.184,3.1,0.068,0.1169999999999999,0.1110000000000002,0.0218228498074455,0.0361210543442891,3.1085000000000003,3.0655,3.0246666666666666,0.0553805019839918,0.0697485278903356,0.0700000000000002,0.1179999999999998,0.121,0.0231023102310232,0.0406176569318563,3.02425,2.982625,2.9501666666666666,0.0550658696470898,0.0653429141420877,-0.084,0.0020000000000002,0.0099999999999997,118.0,116.0,116.0,112.0,112.0,74.0,74.0,95.0,85.0,98.0,140.05,135.77,169.1,166.66,139.44,147.47,155.1,150.01,165.27,165.27,154.39,166.27,152.02,166.27,171.02,136.03
2010-11-24,120.0,73.0,140.66,136.03,147.27,3.171,3.087,-0.0130000000000003,0.0549999999999997,0.1039999999999996,-0.0040829145728644,0.033909357678513,3.1345,3.093,3.044083333333333,0.0537928124070996,0.0609730619677761,-0.0129999999999999,0.0570000000000003,0.1020000000000003,-0.0041935483870967,0.0341708542713568,3.04975,3.008125,2.9667500000000007,0.0544449263016309,0.0605390959865278,-0.0839999999999996,4.440892098500626e-16,-0.0019999999999993,120.0,118.0,116.0,111.0,111.0,73.0,74.0,76.0,76.0,100.0,125.37,140.05,150.14,170.94,154.73,150.01,147.47,150.01,162.73,162.73,163.9,154.39,154.39,161.52,166.27,134.76
2010-12-01,119.0,73.0,142.5,134.76,144.89,3.162,3.078,-0.0089999999999998,-0.0220000000000002,0.0949999999999997,-0.0028382213812676,0.0309748940332572,3.15825,3.1132500000000003,3.063333333333333,0.0295789902915101,0.0519003165419536,-0.0090000000000003,-0.0220000000000002,0.0959999999999996,-0.0029154518950438,0.0321931589537221,3.0737499999999995,3.027875,2.9835833333333333,0.0305327692813767,0.0529836565098313,-0.084,-4.440892098500626e-16,0.0009999999999998,120.0,120.0,116.0,113.0,111.0,73.0,73.0,74.0,106.0,94.0,140.66,125.37,135.77,196.93,151.37,136.03,150.01,155.1,155.1,165.27,147.27,163.9,166.27,152.02,166.27,134.76
2010-12-08,121.0,77.0,170.94,134.76,137.77,3.197,3.132,0.0350000000000001,0.0260000000000002,0.0809999999999999,0.011068943706515,0.02599486521181,3.1785,3.1296250000000003,3.0845,0.0152861593170137,0.0554099978086546,0.0540000000000002,0.0449999999999999,0.1020000000000003,0.0175438596491228,0.0336633663366336,3.09925,3.046625,3.004,0.0236273147011992,0.0604458139872432,-0.0649999999999999,0.0190000000000001,0.0210000000000003,119.0,120.0,118.0,116.0,111.0,73.0,73.0,74.0,101.0,79.0,142.5,140.66,140.05,181.64,145.25,134.76,136.03,147.47,152.56,172.9,144.89,147.27,154.39,156.77,190.02,138.57
2010-12-15,122.0,83.0,177.67,138.57,147.27,3.231,3.163,0.0339999999999998,0.0689999999999999,0.0469999999999997,0.0106349702846417,0.0147613065326632,3.1902500000000003,3.149375,3.1070833333333336,0.030955613384302,0.060287258781943,0.0309999999999996,0.0849999999999999,0.0629999999999997,0.009897828863346,0.0203225806451612,3.115,3.0696250000000003,3.02675,0.0397743636025684,0.0658069416660399,-0.068,-0.0030000000000001,0.016,121.0,119.0,120.0,116.0,112.0,77.0,73.0,73.0,95.0,85.0,170.94,142.5,125.37,169.1,166.66,134.76,134.76,150.01,150.01,165.27,137.77,144.89,163.9,152.02,166.27,132.21
2010-12-22,123.0,83.0,158.4,132.21,137.77,3.248,3.183,0.0170000000000003,0.0510000000000001,0.0770000000000004,0.0052615289384092,0.0242825607064018,3.2095,3.172,3.131833333333333,0.0381094913811715,0.0589042807080001,0.02,0.0509999999999997,0.0959999999999996,0.0063231109705974,0.031098153547133,3.139,3.0943750000000003,3.05175,0.0457602447544707,0.0666610563116162,-0.0650000000000003,0.0029999999999996,0.0189999999999992,122.0,121.0,120.0,116.0,111.0,83.0,77.0,73.0,76.0,76.0,177.67,170.94,140.66,150.14,170.94,138.57,134.76,136.03,150.01,162.73,147.27,137.77,147.27,154.39,161.52,132.21
2011-01-26,129.0,80.0,139.44,127.13,133.02,3.43,3.382,0.0230000000000001,0.0969999999999999,0.1360000000000001,0.0067508071617259,0.0412871888281725,3.3752500000000003,3.308875,3.2586666666666666,0.0508224031964625,0.0827033208869385,0.016,0.0980000000000003,0.1560000000000001,0.0047534165181224,0.0483570985740855,3.32775,3.251875,3.1925000000000003,0.0538415886341951,0.0921232675743787,-0.048,-0.0070000000000001,0.02,129.0,126.0,124.0,119.0,116.0,82.0,81.0,81.0,73.0,74.0,140.05,137.61,147.7,142.5,135.77,137.3,134.76,132.21,134.76,155.1,152.02,137.77,128.27,144.89,166.27,124.59
2011-02-09,133.0,87.0,164.52,124.59,137.77,3.513,3.455,0.0749999999999997,0.0829999999999997,0.1799999999999997,0.0218150087260033,0.0540054005400538,3.447,3.3742500000000004,3.3129166666666667,0.0459202206730674,0.0873805306854521,0.0710000000000001,0.0729999999999999,0.1710000000000002,0.0209810874704492,0.0520706455542023,3.3967500000000004,3.319875,3.251583333333333,0.0396600134474662,0.0917005024133798,-0.0579999999999998,-0.0039999999999995,-0.0089999999999994,130.0,129.0,126.0,122.0,120.0,81.0,80.0,81.0,83.0,73.0,168.19,139.44,137.61,177.67,125.37,124.59,127.13,134.76,138.57,150.01,128.27,133.02,137.77,147.27,163.9,134.76
2011-02-16,133.0,83.0,178.58,134.76,152.02,3.534,3.489,0.0209999999999999,0.0959999999999996,0.1269999999999997,0.0059777967549103,0.037276196066921,3.47875,3.41,3.343166666666667,0.0524809489243121,0.0868529134309432,0.0339999999999998,0.1049999999999999,0.1229999999999997,0.0098408104196816,0.0365418894830658,3.4275,3.358125,3.285083333333333,0.0532321957714772,0.0902590517819711,-0.0449999999999999,0.0129999999999999,-0.004,133.0,130.0,129.0,123.0,120.0,87.0,81.0,82.0,83.0,73.0,164.52,168.19,140.05,158.4,140.66,124.59,124.59,137.3,132.21,136.03,137.77,128.27,152.02,137.77,147.27,143.66
2011-02-23,135.0,84.0,164.52,143.66,156.77,3.573,3.522,0.0390000000000001,0.06,0.1429999999999998,0.0110356536502547,0.0416909620991252,3.5145,3.444875,3.377416666666667,0.0567362318099813,0.0895918323765399,0.0329999999999999,0.0669999999999997,0.1399999999999996,0.0094582975064487,0.0413956238911885,3.4625,3.395125,3.322083333333333,0.0590508255656586,0.089020764030537,-0.0510000000000001,-0.0060000000000002,-0.0030000000000001,133.0,133.0,129.0,124.0,119.0,83.0,87.0,80.0,81.0,73.0,178.58,164.52,139.44,147.7,142.5,134.76,124.59,127.13,132.21,134.76,152.02,137.77,133.02,128.27,144.89,142.38
2011-03-09,146.0,87.0,193.57,150.01,161.52,3.871,3.812,0.1549999999999998,0.298,0.3580000000000001,0.0417115177610332,0.1019072018218048,3.6735,3.56025,3.474,0.1531589588194606,0.1600461986874449,0.1559999999999997,0.29,0.3569999999999997,0.0426695842450766,0.1033285094066569,3.61975,3.5082500000000003,3.419833333333333,0.14711078591768,0.1554263720958137,-0.0590000000000001,0.0009999999999998,-0.0010000000000003,140.0,135.0,133.0,126.0,122.0,85.0,84.0,87.0,81.0,83.0,152.28,164.52,164.52,137.61,177.67,142.38,143.66,124.59,134.76,138.57,156.77,156.77,137.77,137.77,147.27,152.56
2011-03-16,147.0,90.0,170.02,152.56,166.27,3.908,3.842,0.0369999999999999,0.1919999999999997,0.3740000000000001,0.0095582536812193,0.1058290888511601,3.767,3.622875,3.529,0.1537682238522002,0.1872251795490088,0.0300000000000002,0.1859999999999999,0.3530000000000002,0.0078698845750262,0.1011751218114074,3.708,3.56775,3.47475,0.1484048516726564,0.1820257046212607,-0.0659999999999998,-0.0069999999999996,-0.0209999999999999,146.0,140.0,133.0,129.0,123.0,87.0,85.0,83.0,82.0,83.0,193.57,152.28,178.58,140.05,158.4,150.01,142.38,134.76,137.3,132.21,161.52,156.77,152.02,152.02,137.77,150.01
2011-03-23,147.0,82.0,150.14,150.01,171.02,3.907,3.841,-0.0009999999999998,0.036,0.3340000000000001,-0.0002558853633571,0.093478869297509,3.8505,3.6825,3.580083333333334,0.0913035231156292,0.1928944937376436,-0.0009999999999998,0.0290000000000003,0.3190000000000004,-0.0002602811035918,0.0905735377626348,3.78775,3.625125,3.526,0.0889283419387892,0.1873731475654418,-0.0659999999999998,0.0,-0.0149999999999996,147.0,146.0,135.0,129.0,124.0,90.0,87.0,84.0,80.0,81.0,170.02,193.57,164.52,139.44,147.7,152.56,150.01,143.66,127.13,132.21,166.27,161.52,156.77,133.02,128.27,150.01
2011-04-06,150.0,78.0,144.33,147.47,161.52,3.976,3.905,0.044,0.0689999999999999,0.1049999999999999,0.0111902339776195,0.0271247739602169,3.93075,3.802125,3.68375,0.0323045404444245,0.1714888063819401,0.0479999999999996,0.0639999999999996,0.0929999999999999,0.0124449053668653,0.0243966421825814,3.86125,3.7405,3.6259166666666665,0.0300707499071999,0.1622528890344007,-0.0710000000000001,0.0039999999999995,-0.012,148.0,147.0,146.0,133.0,126.0,84.0,82.0,87.0,87.0,81.0,155.04,150.14,193.57,164.52,137.61,150.01,150.01,150.01,124.59,134.76,166.27,171.02,161.52,137.77,137.77,134.76
2011-04-13,154.0,76.0,131.18,134.76,147.27,4.078,4.001,0.1020000000000003,0.1460000000000003,0.1700000000000003,0.0256539235412476,0.0435005117707267,3.97325,3.870125,3.7396666666666665,0.0754337457640261,0.1572454291864065,0.0960000000000005,0.1440000000000001,0.1590000000000002,0.0245838668373881,0.0413846954711087,3.901,3.8045,3.678833333333333,0.0719999999998673,0.1493423679240171,-0.0769999999999999,-0.0059999999999997,-0.0110000000000001,150.0,148.0,147.0,133.0,129.0,78.0,84.0,90.0,83.0,82.0,144.33,155.04,170.02,178.58,140.05,147.47,150.01,152.56,134.76,137.3,161.52,166.27,166.27,152.02,152.02,132.21
2011-04-20,155.0,80.0,126.29,132.21,142.52,4.105,4.033,0.0270000000000001,0.1290000000000004,0.1980000000000004,0.0066208925944091,0.0506782697722039,4.02275,3.936625,3.795916666666667,0.0821355586819208,0.1222338946447244,0.032,0.1280000000000005,0.1920000000000001,0.0079980004998749,0.0499869825566259,3.949,3.868375,3.733083333333333,0.0819756061275568,0.1170395995257697,-0.072,0.0049999999999998,-0.0060000000000002,154.0,150.0,147.0,135.0,129.0,76.0,78.0,82.0,84.0,80.0,131.18,144.33,150.14,164.52,139.44,134.76,147.47,150.01,143.66,127.13,147.27,161.52,171.02,156.77,133.02,128.4
2011-04-27,155.0,77.0,122.93,128.4,133.02,4.098,4.024,-0.0070000000000005,0.0199999999999995,0.1659999999999999,-0.0017052375152254,0.0422177009155646,4.06425,3.984375,3.8509166666666665,0.0599353818707349,0.0954043088276154,-0.0090000000000003,0.0229999999999996,0.1669999999999998,-0.0022315893875527,0.0432978999222193,3.99075,3.914375,3.7864166666666654,0.0587331536128715,0.0910854190934989,-0.0739999999999998,-0.0019999999999997,0.0009999999999998,155.0,154.0,148.0,140.0,130.0,80.0,76.0,84.0,85.0,81.0,126.29,131.18,155.04,152.28,168.19,132.21,134.76,150.01,142.38,124.59,142.52,147.27,166.27,156.77,128.27,129.67
2011-05-04,156.0,76.0,140.66,129.67,142.52,4.124,4.06,0.0259999999999998,0.0189999999999992,0.1479999999999997,0.0063445583211321,0.0372233400402413,4.10125,4.016,3.9018333333333337,0.0189978068907201,0.0943806880973663,0.0359999999999995,0.0269999999999992,0.1549999999999998,0.0089463220675942,0.0396927016645325,4.0295000000000005,3.945375,3.836833333333333,0.0243926218348776,0.0934374313187083,-0.064,0.0099999999999997,0.0070000000000001,155.0,155.0,150.0,146.0,133.0,77.0,80.0,78.0,87.0,87.0,122.93,126.29,144.33,193.57,164.52,128.4,132.21,147.47,150.01,124.59,133.02,142.52,161.52,161.52,137.77,134.76
2011-05-11,155.0,79.0,129.96,134.76,142.52,4.104,4.022,-0.0199999999999995,0.0060000000000002,0.0259999999999998,-0.0048496605237632,0.0063756743501715,4.10775,4.0405,3.9493333333333336,0.0112657297436531,0.0875312189206371,-0.0379999999999993,-0.0019999999999997,0.0209999999999999,-0.0093596059113298,0.0052486878280428,4.03475,3.967875,3.88125,0.0174999999994086,0.0863951676889962,-0.0819999999999998,-0.0179999999999997,-0.0049999999999998,156.0,155.0,154.0,147.0,133.0,76.0,77.0,76.0,90.0,83.0,140.66,122.93,131.18,170.02,178.58,129.67,128.4,134.76,152.56,134.76,142.52,133.02,147.27,166.27,152.02,134.76
2011-05-18,153.0,83.0,129.04,134.76,142.52,4.061,3.996,-0.0430000000000001,-0.0629999999999997,-0.0440000000000004,-0.0104775828460039,-0.0107186358099878,4.09675,4.05975,3.99,0.0262979720382353,0.0689363060058531,-0.0260000000000002,-0.0639999999999996,-0.0370000000000003,-0.0064644455494778,-0.0091743119266055,4.0255,3.98725,3.92075,0.0262995563963744,0.0696311711807994,-0.0649999999999999,0.0169999999999999,0.0070000000000001,155.0,156.0,155.0,147.0,135.0,79.0,76.0,80.0,82.0,84.0,129.96,140.66,126.29,150.14,164.52,134.76,129.67,132.21,150.01,143.66,142.52,142.52,142.52,171.02,156.77,130.94
2011-05-25,151.0,80.0,137.3,130.94,137.77,3.997,3.935,-0.064,-0.1070000000000002,-0.1009999999999999,-0.0157596651071164,-0.0246461688628599,4.0715,4.067875,4.013416666666667,0.0561931193889198,0.0539243848897015,-0.0609999999999999,-0.0870000000000001,-0.0889999999999999,-0.0152652652652652,-0.022117296222664,4.00325,3.997,3.944,0.0525444256476969,0.0520219733794818,-0.0619999999999998,0.0030000000000001,0.012,153.0,155.0,155.0,148.0,140.0,83.0,79.0,77.0,84.0,85.0,129.04,129.96,122.93,155.04,152.28,134.76,134.76,128.4,150.01,142.38,142.52,142.52,133.02,166.27,156.77,136.03
2011-06-01,149.0,79.0,141.58,136.03,147.27,3.948,3.884,-0.0489999999999999,-0.1129999999999999,-0.1759999999999997,-0.0122591943957968,-0.0426770126091172,4.0275,4.064375,4.019833333333334,0.0688597608669817,0.0611624009153717,-0.0510000000000001,-0.1120000000000001,-0.1759999999999997,-0.0129606099110546,-0.0433497536945811,3.95925,3.994375,3.9500000000000006,0.0620181425066914,0.057562233402601,-0.064,-0.0020000000000002,0.0,151.0,153.0,156.0,150.0,146.0,80.0,83.0,76.0,78.0,87.0,137.3,129.04,140.66,144.33,193.57,130.94,134.76,129.67,147.47,150.01,137.77,142.52,142.52,161.52,161.52,134.76
2011-06-08,149.0,84.0,136.69,134.76,142.52,3.94,3.877,-0.008,-0.0569999999999999,-0.1640000000000001,-0.0020263424518743,-0.0399610136452242,3.9865,4.047124999999999,4.0225,0.0556926087255605,0.0747270031515937,-0.0070000000000001,-0.0580000000000002,-0.1450000000000004,-0.0018022657054582,-0.0360517155643959,3.923,3.978875,3.952916666666667,0.0551059585403194,0.0707156024409129,-0.0630000000000001,0.0009999999999998,0.0189999999999996,149.0,151.0,155.0,154.0,147.0,79.0,80.0,79.0,76.0,90.0,141.58,137.3,129.96,131.18,170.02,136.03,130.94,134.76,134.76,152.56,147.27,137.77,142.52,147.27,166.27,137.3
2011-06-15,149.0,83.0,136.38,137.3,147.27,3.954,3.896,0.0140000000000002,0.0060000000000002,-0.1069999999999997,0.0035532994923859,-0.0263481901009603,3.95975,4.02825,4.026416666666667,0.0254869247522209,0.077054248052105,0.0190000000000001,0.012,-0.1,0.0049006964147537,-0.025025025025025,3.898,3.96175,3.9575,0.0258843582107232,0.0723063917349228,-0.0580000000000002,0.0049999999999998,0.0069999999999996,149.0,149.0,153.0,155.0,147.0,84.0,79.0,83.0,80.0,82.0,136.69,141.58,129.04,126.29,150.14,134.76,136.03,134.76,132.21,150.01,142.52,147.27,142.52,142.52,171.02,137.3
2011-06-22,149.0,78.0,137.61,137.3,144.89,3.95,3.896,-0.004,0.0100000000000002,-0.0469999999999997,-0.0010116337885685,-0.0117588191143356,3.948,4.00975,4.027916666666667,0.0058878405768884,0.0756698656761506,0.0,0.0190000000000001,-0.0390000000000001,0.0,-0.0099110546378653,3.88825,3.94575,3.96075,0.009394147113024,0.0707081526922653,-0.0540000000000002,0.004,0.0079999999999995,149.0,149.0,151.0,155.0,148.0,83.0,84.0,80.0,77.0,84.0,136.38,136.69,137.3,122.93,155.04,137.3,134.76,130.94,128.4,150.01,147.27,142.52,137.77,133.02,166.27,132.21
2011-06-29,147.0,80.0,136.08,132.21,137.77,3.888,3.834,-0.0620000000000002,-0.0660000000000002,-0.06,-0.0156962025316456,-0.0151975683890577,3.933,3.98025,4.020583333333334,0.0305723186340038,0.0705989680217228,-0.0619999999999998,-0.0619999999999998,-0.0499999999999998,-0.0159137577002053,-0.0128733264675591,3.87575,3.9175,3.954833333333333,0.0292389580294499,0.0632997404644523,-0.0539999999999998,4.440892098500626e-16,0.0100000000000002,149.0,149.0,149.0,156.0,150.0,78.0,83.0,79.0,76.0,78.0,137.61,136.38,141.58,140.66,144.33,137.3,137.3,136.03,129.67,147.47,144.89,147.27,147.27,142.52,161.52,132.21
2011-07-06,145.0,81.0,140.66,132.21,133.02,3.85,3.798,-0.0379999999999998,-0.1,-0.0899999999999998,-0.0097736625514402,-0.0228426395939086,3.9105,3.9485,4.0015833333333335,0.0503951055823813,0.0637808748765473,-0.036,-0.0979999999999998,-0.0789999999999997,-0.0093896713615023,-0.0203765798297652,3.856,3.8895,3.9379166666666654,0.0484699219445916,0.0599237610874604,-0.052,0.0019999999999997,0.0110000000000001,147.0,149.0,149.0,155.0,154.0,80.0,78.0,84.0,79.0,76.0,136.08,137.61,136.69,129.96,131.18,132.21,137.3,134.76,134.76,134.76,137.77,144.89,142.52,142.52,147.27,134.76
2011-07-13,147.0,80.0,137.3,134.76,137.77,3.899,3.856,0.0489999999999999,0.0110000000000001,-0.0550000000000001,0.0127272727272726,-0.0139099645928174,3.89675,3.92825,3.9844166666666654,0.0412421709741321,0.0462748003007559,0.0579999999999998,0.0219999999999997,-0.04,0.015271195365982,-0.0102669404517453,3.846,3.872,3.9231666666666665,0.0410203201675492,0.0422002031140497,-0.0430000000000001,0.0089999999999998,0.0150000000000001,145.0,147.0,149.0,153.0,155.0,81.0,80.0,83.0,83.0,80.0,140.66,136.08,136.38,129.04,126.29,132.21,132.21,137.3,134.76,132.21,133.02,137.77,147.27,142.52,142.52,130.94
2011-07-20,148.0,80.0,131.8,130.94,130.64,3.923,3.882,0.024,0.0729999999999999,-0.0270000000000001,0.0061554244678123,-0.0068354430379746,3.89,3.919,3.969833333333333,0.0304083321913523,0.03704437493471,0.0260000000000002,0.084,-0.0139999999999997,0.0067427385892115,-0.0035934291581107,3.8425,3.865375,3.911333333333333,0.0355668384872991,0.0343217444613041,-0.0409999999999999,0.0020000000000002,0.0130000000000003,147.0,145.0,149.0,151.0,155.0,80.0,81.0,78.0,80.0,77.0,137.3,140.66,137.61,137.3,122.93,134.76,132.21,137.3,130.94,128.4,137.77,133.02,144.89,137.77,133.02,129.67
2011-07-27,149.0,77.0,119.26,129.67,128.27,3.949,3.913,0.0259999999999998,0.0499999999999998,0.0609999999999999,0.0066275809329594,0.0156893004115226,3.90525,3.919125,3.95525,0.0421139327696437,0.0371577236734044,0.0309999999999996,0.0569999999999999,0.0789999999999997,0.0079855744461616,0.0206051121544079,3.86225,3.869,3.8990833333333335,0.0487604689611855,0.0379134352365818,-0.036,0.0049999999999998,0.0179999999999997,148.0,147.0,147.0,149.0,156.0,80.0,80.0,80.0,79.0,76.0,131.8,137.3,136.08,141.58,140.66,130.94,134.76,132.21,136.03,129.67,130.64,137.77,137.77,147.27,142.52,132.21
2011-08-03,149.0,75.0,110.7,132.21,130.64,3.937,3.904,-0.012,0.0139999999999997,0.0869999999999997,-0.0030387439858191,0.0225974025974025,3.927,3.91875,3.941333333333333,0.0214786715912732,0.0369314035943155,-0.0089999999999998,0.0219999999999997,0.1059999999999998,-0.0023000255558395,0.0279094260136913,3.88875,3.872375,3.88925,0.025421447637401,0.0398781626601924,-0.0329999999999999,0.0030000000000001,0.0190000000000001,149.0,148.0,145.0,149.0,155.0,77.0,80.0,81.0,84.0,79.0,119.26,131.8,140.66,136.69,129.96,129.67,130.94,132.21,134.76,134.76,128.27,130.64,133.02,142.52,142.52,128.4
2011-08-10,147.0,74.0,115.28,128.4,128.27,3.897,3.868,-0.04,-0.052,-0.0020000000000002,-0.0101600203200405,-0.0005129520389843,3.9265,3.911625,3.927666666666666,0.0223532249722296,0.0345829747545634,-0.036,-0.0449999999999999,0.012,-0.0092213114754098,0.0031120331950207,3.89175,3.868875,3.878583333333333,0.0204999999995388,0.0387203803849183,-0.0289999999999999,0.004,0.0140000000000002,149.0,149.0,147.0,149.0,153.0,75.0,77.0,80.0,83.0,83.0,110.7,119.26,137.3,136.38,129.04,132.21,129.67,134.76,137.3,134.76,130.64,128.27,137.77,147.27,142.52,129.67
2011-08-17,145.0,79.0,129.35,129.67,133.02,3.835,3.806,-0.0619999999999998,-0.1019999999999998,-0.088,-0.0159096741082883,-0.0224318123884782,3.9045,3.89725,3.9141666666666666,0.0513906606300479,0.0398524062727943,-0.0619999999999998,-0.0979999999999998,-0.076,-0.0160289555325748,-0.0195775373518805,3.87275,3.857625,3.867833333333333,0.0485618162755605,0.04259422328383,-0.0289999999999999,0.0,0.012,147.0,149.0,148.0,149.0,151.0,74.0,75.0,80.0,78.0,80.0,115.28,110.7,131.8,137.61,137.3,128.4,132.21,130.94,137.3,130.94,128.27,130.64,130.64,144.89,137.77,134.76
2011-08-24,144.0,78.0,133.02,134.76,152.02,3.81,3.772,-0.0249999999999999,-0.0869999999999997,-0.1389999999999998,-0.0065189048239895,-0.0351987845024056,3.86975,3.8875,3.9026666666666654,0.0578583039271512,0.0505455946930559,-0.0340000000000002,-0.096,-0.141,-0.0089332632685233,-0.0360337337081523,3.8375,3.849875,3.8585,0.0595399025862629,0.0520890377829421,-0.0380000000000002,-0.0090000000000003,-0.0020000000000002,145.0,147.0,149.0,147.0,149.0,79.0,74.0,77.0,80.0,79.0,129.35,115.28,119.26,136.08,141.58,129.67,128.4,129.67,132.21,136.03,133.02,128.27,128.27,137.77,147.27,138.57
2011-08-31,144.0,79.0,140.05,138.57,161.52,3.82,3.763,0.0099999999999997,-0.0150000000000001,-0.1169999999999999,0.0026246719160103,-0.0297180594361188,3.8405,3.88375,3.8926666666666665,0.0390427116543799,0.0546697879482191,-0.0089999999999998,-0.0430000000000001,-0.141,-0.0023860021208907,-0.0361168032786884,3.80225,3.8455,3.849,0.0475841360117219,0.0581819805193393,-0.0569999999999999,-0.0189999999999996,-0.024,144.0,145.0,149.0,145.0,149.0,78.0,79.0,75.0,81.0,84.0,133.02,129.35,110.7,140.66,136.69,134.76,129.67,132.21,132.21,134.76,152.02,133.02,130.64,133.02,142.52,137.3
2011-09-07,146.0,78.0,140.66,137.3,163.9,3.868,3.8,0.048,0.0579999999999998,-0.0289999999999999,0.012565445026178,-0.0074416217603284,3.83325,3.879875,3.8855,0.0253426517948268,0.0545329192848851,0.0369999999999999,0.028,-0.068,0.0098325803879881,-0.0175801447776629,3.78525,3.8385,3.841,0.0209662427085914,0.0600761421626986,-0.068,-0.0110000000000001,-0.0390000000000001,144.0,144.0,147.0,147.0,149.0,79.0,78.0,74.0,80.0,83.0,140.05,133.02,115.28,137.3,136.38,138.57,134.76,128.4,134.76,137.3,161.52,152.02,128.27,137.77,147.27,137.3
2011-09-14,146.0,80.0,145.25,137.3,166.27,3.862,3.79,-0.0059999999999997,0.0420000000000002,0.0270000000000001,-0.0015511892450877,0.0070404172099087,3.84,3.87225,3.878166666666667,0.0292574776765484,0.0518397255285424,-0.0099999999999997,0.0270000000000001,-0.016,-0.0026315789473683,-0.0042038885969521,3.78125,3.827,3.8321666666666654,0.0168002976158839,0.0593608817802111,-0.072,-0.004,-0.0430000000000001,146.0,144.0,145.0,148.0,149.0,78.0,79.0,79.0,80.0,78.0,140.66,140.05,129.35,131.8,137.61,137.3,138.57,129.67,130.94,137.3,163.9,161.52,133.02,130.64,144.89,139.84
2011-09-21,145.0,87.0,158.4,139.84,163.9,3.833,3.765,-0.0289999999999999,-0.0349999999999997,0.0230000000000001,-0.0075090626618332,0.0060367454068241,3.84575,3.85775,3.873583333333333,0.022983689868984,0.0427275421380667,-0.0249999999999999,-0.0349999999999997,-0.0069999999999996,-0.0065963060686015,-0.0018557794273593,3.7795,3.8085,3.826416666666667,0.0183757086026351,0.0512361479538884,-0.068,0.004,-0.0299999999999998,146.0,146.0,144.0,149.0,147.0,80.0,78.0,78.0,77.0,80.0,145.25,140.66,133.02,119.26,136.08,137.3,137.3,134.76,129.67,132.21,166.27,163.9,152.02,128.27,137.77,139.84
2011-09-28,143.0,80.0,172.16,139.84,152.02,3.786,3.73,-0.0470000000000001,-0.076,-0.0339999999999998,-0.0122619358205061,-0.0089005235602094,3.83725,3.838875,3.86825,0.0374288213367779,0.0354499143664517,-0.0350000000000001,-0.06,-0.0329999999999999,-0.0092961487383798,-0.0087695987244219,3.77125,3.78675,3.82075,0.0311916121200724,0.0407667581668992,-0.056,0.012,0.0009999999999998,145.0,146.0,144.0,149.0,145.0,87.0,80.0,79.0,75.0,81.0,158.4,145.25,140.05,110.7,140.66,139.84,137.3,138.57,132.21,132.21,163.9,166.27,161.52,130.64,133.02,139.84
2011-10-05,141.0,91.0,171.86,139.84,152.02,3.749,3.693,-0.0369999999999999,-0.084,-0.1189999999999997,-0.0097728473322767,-0.0307652533609099,3.8075,3.820375,3.855750000000001,0.0500166638897572,0.0392025418274317,-0.0369999999999999,-0.072,-0.1069999999999997,-0.0099195710455763,-0.028157894736842,3.7445,3.764875,3.807166666666667,0.0422413699270753,0.0377829799173972,-0.056,0.0,0.012,143.0,145.0,146.0,147.0,147.0,80.0,87.0,78.0,74.0,80.0,172.16,158.4,140.66,115.28,137.3,139.84,139.84,137.3,128.4,134.76,152.02,163.9,163.9,128.27,137.77,142.38
2011-10-12,140.0,93.0,160.54,142.38,161.52,3.721,3.651,-0.028,-0.0649999999999999,-0.141,-0.0074686583088823,-0.0365095805282237,3.77225,3.806125,3.8389166666666665,0.048465623555893,0.0518168133222638,-0.0420000000000002,-0.0790000000000001,-0.1390000000000002,-0.0113728675873274,-0.0366754617414248,3.70975,3.7455,3.7879166666666655,0.0489719307357092,0.0510825662182161,-0.0700000000000002,-0.0140000000000002,0.0019999999999997,141.0,143.0,146.0,145.0,148.0,91.0,80.0,80.0,79.0,80.0,171.86,172.16,145.25,129.35,131.8,139.84,139.84,137.3,129.67,130.94,152.02,152.02,166.27,133.02,130.64,150.01
2011-10-19,143.0,80.0,151.67,150.01,171.02,3.801,3.726,0.08,0.052,-0.032,0.0214995968825584,-0.0083485520480042,3.76425,3.805,3.8265833333333337,0.0361789533660339,0.0518183640918935,0.0750000000000001,0.0329999999999999,-0.0390000000000001,0.0205423171733771,-0.0103585657370518,3.7,3.73975,3.7723333333333335,0.0366333181677991,0.0502557743662629,-0.0750000000000001,-0.0049999999999998,-0.0070000000000001,140.0,141.0,145.0,144.0,149.0,93.0,91.0,87.0,78.0,77.0,160.54,171.86,158.4,133.02,119.26,142.38,139.84,139.84,134.76,129.67,161.52,152.02,163.9,152.02,128.27,150.01
2011-10-26,144.0,83.0,150.76,150.01,166.27,3.825,3.745,0.024,0.104,0.0390000000000001,0.0063141278610892,0.0103011093502376,3.774000000000001,3.805625,3.81725,0.0474833304082759,0.0520547445348511,0.0190000000000001,0.0940000000000003,0.0150000000000001,0.0050993022007514,0.0040214477211797,3.70375,3.7375,3.759083333333333,0.0412098289244587,0.049462828756363,-0.08,-0.0049999999999998,-0.024,143.0,140.0,143.0,144.0,149.0,80.0,93.0,80.0,79.0,75.0,151.67,160.54,172.16,140.05,110.7,150.01,142.38,139.84,138.57,132.21,171.02,161.52,152.02,161.52,130.64,147.47
2011-11-02,147.0,81.0,148.31,147.47,161.52,3.892,3.808,0.0669999999999997,0.0909999999999997,0.1429999999999998,0.017516339869281,0.0381435049346492,3.80975,3.808625,3.816833333333333,0.0705944993135269,0.0566516611786707,0.0629999999999997,0.0819999999999998,0.1149999999999997,0.016822429906542,0.0311399945843486,3.7325,3.7385,3.754083333333333,0.0646554973170584,0.050964973966818,-0.084,-0.004,-0.028,144.0,143.0,141.0,146.0,147.0,83.0,80.0,91.0,78.0,74.0,150.76,151.67,171.86,140.66,115.28,150.01,150.01,139.84,137.3,128.4,166.27,171.02,152.02,163.9,128.27,144.93
2011-11-09,147.0,82.0,135.47,144.93,152.02,3.887,3.796,-0.0049999999999998,0.0619999999999998,0.1659999999999999,-0.001284686536485,0.0446116635313087,3.85125,3.81175,3.8211666666666666,0.0452870474491349,0.0605705020146185,-0.012,0.0509999999999997,0.145,-0.0031512605042016,0.0397151465351959,3.76875,3.73925,3.75325,0.0394746754259281,0.0518672756728571,-0.0910000000000001,-0.0070000000000001,-0.0209999999999999,147.0,144.0,140.0,146.0,145.0,81.0,83.0,93.0,80.0,79.0,148.31,150.76,160.54,145.25,129.35,147.47,150.01,142.38,137.3,129.67,161.52,166.27,161.52,166.27,133.02,143.66
2011-11-16,150.0,81.0,135.47,143.66,147.27,3.987,3.882,0.1,0.0950000000000002,0.1859999999999999,0.0257267815796244,0.0489344909234412,3.89775,3.831,3.8359166666666673,0.0668499563699139,0.0869958948129333,0.0860000000000003,0.0740000000000002,0.1560000000000001,0.0226554267650158,0.0418679549114331,3.80775,3.753875,3.7624166666666654,0.056535387148068,0.0725405059260678,-0.1049999999999999,-0.0139999999999997,-0.0299999999999998,147.0,147.0,143.0,145.0,144.0,82.0,81.0,80.0,87.0,78.0,135.47,148.31,151.67,158.4,133.02,144.93,147.47,150.01,139.84,134.76,152.02,161.52,171.02,163.9,152.02,146.2
2011-11-23,151.0,83.0,129.35,146.2,152.02,4.01,3.903,0.0229999999999996,0.1229999999999997,0.1849999999999996,0.0057687484324051,0.0483660130718952,3.944,3.859,3.851750000000001,0.0636605581711204,0.1046913831903228,0.0209999999999999,0.1070000000000002,0.1579999999999999,0.0054095826893354,0.0421895861148198,3.84725,3.7755,3.7740833333333335,0.0531750254660475,0.0884485322498499,-0.1069999999999997,-0.0019999999999997,-0.0269999999999996,150.0,147.0,144.0,143.0,144.0,81.0,82.0,83.0,80.0,79.0,135.47,135.47,150.76,172.16,140.05,143.66,144.93,150.01,139.84,138.57,147.27,152.02,166.27,152.02,161.52,144.93
2011-11-30,150.0,84.0,123.85,144.93,147.27,3.964,3.859,-0.0459999999999998,-0.0230000000000001,0.072,-0.0114713216957605,0.0184994861253853,3.962,3.885875,3.85975,0.0534103610422014,0.0999062953830248,-0.044,-0.0230000000000001,0.0510000000000001,-0.0112733794517038,0.0133928571428572,3.86,3.79625,3.779,0.0462961481477094,0.0857600473081468,-0.1049999999999999,0.0019999999999997,-0.0209999999999999,151.0,150.0,147.0,141.0,146.0,83.0,81.0,81.0,91.0,78.0,129.35,135.47,148.31,171.86,140.66,146.2,143.66,147.47,139.84,137.3,152.02,147.27,161.52,152.02,163.9,142.38
2011-12-07,148.0,85.0,128.43,142.38,140.14,3.931,3.828,-0.0329999999999999,-0.0789999999999997,0.044,-0.0083249243188697,0.0113197838950347,3.973,3.912125,3.8655,0.0337144874891809,0.0748416184830357,-0.0310000000000001,-0.0750000000000001,0.032,-0.0080331692148225,0.0084299262381453,3.868,3.818375,3.782166666666667,0.0321558703813351,0.0626530982018892,-0.1030000000000002,0.0019999999999997,-0.012,150.0,151.0,147.0,140.0,146.0,84.0,83.0,82.0,93.0,80.0,123.85,129.35,135.47,160.54,145.25,144.93,146.2,144.93,142.38,137.3,147.27,152.02,152.02,161.52,166.27,142.38
2011-12-14,147.0,88.0,116.2,142.38,140.14,3.894,3.794,-0.0369999999999999,-0.0699999999999998,-0.0929999999999999,-0.0094123632663444,-0.0233258088788562,3.94975,3.92375,3.8705833333333337,0.049304327058165,0.0610708020019411,-0.0339999999999998,-0.0649999999999999,-0.088,-0.008881922675026,-0.0226687274600722,3.846,3.826875,3.784583333333333,0.0463537125443922,0.0520451383760412,-0.1,0.0030000000000001,0.0049999999999998,148.0,150.0,150.0,143.0,145.0,85.0,84.0,81.0,80.0,87.0,128.43,123.85,135.47,151.67,158.4,142.38,144.93,143.66,150.01,139.84,140.14,147.27,147.27,171.02,163.9,146.2
2011-12-21,144.0,86.0,107.94,146.2,142.52,3.828,3.727,-0.0660000000000002,-0.1030000000000002,-0.1819999999999999,-0.0169491525423729,-0.0453865336658354,3.90425,3.924125,3.874083333333333,0.0583230943394289,0.0603831516237555,-0.0670000000000001,-0.1009999999999999,-0.1760000000000001,-0.0176594623089088,-0.0450935178068153,3.802,3.824625,3.784333333333333,0.0566097753629944,0.0563051317124178,-0.1009999999999999,-0.0009999999999998,0.0059999999999997,147.0,148.0,151.0,144.0,143.0,88.0,85.0,83.0,83.0,80.0,116.2,128.43,129.35,150.76,172.16,142.38,142.38,146.2,150.01,139.84,140.14,140.14,152.02,166.27,152.02,144.93
2011-12-28,143.0,84.0,104.58,144.93,137.77,3.791,3.708,-0.0369999999999999,-0.1030000000000002,-0.173,-0.0096656217345871,-0.0436427850655902,3.861,3.9115,3.877583333333333,0.063187551516576,0.0764740852465928,-0.0189999999999996,-0.0859999999999998,-0.1509999999999998,-0.0050979339951703,-0.0391293081109095,3.76425,3.812125,3.785583333333333,0.0562753646514097,0.0699661908149409,-0.0829999999999997,0.0180000000000002,0.0220000000000002,144.0,147.0,150.0,147.0,141.0,86.0,88.0,84.0,81.0,91.0,107.94,116.2,123.85,148.31,171.86,146.2,142.38,144.93,147.47,139.84,142.52,140.14,147.27,161.52,152.02,142.38
2012-01-04,143.0,84.0,104.89,142.38,140.14,3.783,3.709,-0.008,-0.0449999999999999,-0.1480000000000001,-0.0021102611448167,-0.0376494530653778,3.824,3.8985,3.88275,0.0506162029393146,0.0890409215715062,0.0009999999999998,-0.0179999999999997,-0.1189999999999997,0.0002696871628911,-0.0310867293625913,3.7345,3.80125,3.7904166666666663,0.0406160887660236,0.079007684978894,-0.0739999999999998,0.0089999999999998,0.0290000000000003,143.0,144.0,148.0,147.0,140.0,84.0,86.0,85.0,82.0,93.0,104.58,107.94,128.43,135.47,160.54,144.93,146.2,142.38,144.93,142.38,137.77,142.52,140.14,152.02,161.52,142.38
2012-01-11,144.0,83.0,111.0,142.38,137.77,3.828,3.75,0.0449999999999999,0.0369999999999999,-0.0660000000000002,0.0118953211736716,-0.0169491525423729,3.8075,3.878625,3.885,0.0238956062905743,0.0840712920257238,0.0409999999999999,0.0419999999999998,-0.044,0.0110541925047182,-0.0115972588297311,3.7235,3.78475,3.7924166666666665,0.0197061750047113,0.0733129300621357,-0.0779999999999998,-0.004,0.0220000000000002,143.0,143.0,147.0,150.0,143.0,84.0,84.0,88.0,81.0,80.0,104.89,104.58,116.2,135.47,151.67,142.38,144.93,142.38,143.66,150.01,140.14,137.77,140.14,147.27,171.02,129.67
2012-01-18,145.0,83.0,110.7,129.67,128.27,3.854,3.777,0.0260000000000002,0.0710000000000001,0.0260000000000002,0.0067920585161964,0.0067920585161964,3.814,3.859125,3.8874166666666663,0.0330958204812536,0.0652258439140736,0.0270000000000001,0.068,0.0500000000000002,0.0072,0.0134156157767642,3.736,3.769,3.795083333333333,0.0336154726276878,0.0556981661663614,-0.0769999999999999,0.0009999999999998,0.024,144.0,143.0,144.0,151.0,144.0,83.0,84.0,86.0,83.0,83.0,111.0,104.89,107.94,129.35,150.76,142.38,142.38,146.2,146.2,150.01,137.77,140.14,142.52,152.02,166.27,129.67
2012-01-25,145.0,85.0,117.73,129.67,128.27,3.848,3.774,-0.0060000000000002,0.02,0.0569999999999999,-0.0015568240788791,0.0150356106568187,3.82825,3.844625,3.88375,0.0321493908702345,0.0496039672954285,-0.0030000000000001,0.024,0.0659999999999998,-0.0007942811755361,0.0177993527508089,3.7525,3.758375,3.79225,0.0314165561445334,0.0426578999551235,-0.0739999999999998,0.0030000000000001,0.0089999999999998,145.0,144.0,143.0,150.0,147.0,83.0,83.0,84.0,84.0,81.0,110.7,111.0,104.58,123.85,148.31,129.67,142.38,144.93,144.93,147.47,128.27,137.77,137.77,147.27,161.52,124.59
2012-02-01,145.0,84.0,141.28,124.59,123.52,3.85,3.776,0.0020000000000002,-0.004,0.0670000000000001,0.0005197505197505,0.0177108115252444,3.845,3.8345,3.8806666666666665,0.0116045967900728,0.0358010374951851,0.0019999999999997,-0.0010000000000003,0.0669999999999997,0.0005299417064121,0.0180641682394175,3.76925,3.751875,3.7905833333333336,0.0128937969575454,0.0335151884546807,-0.0740000000000002,-4.440892098500626e-16,-4.440892098500626e-16,145.0,145.0,143.0,148.0,147.0,85.0,83.0,84.0,85.0,82.0,117.73,110.7,104.89,128.43,135.47,129.67,129.67,142.38,142.38,144.93,128.27,128.27,140.14,140.14,152.02,119.5
2012-02-08,146.0,86.0,120.79,119.5,118.76,3.856,3.775,0.0059999999999997,0.008,0.028,0.0015584415584415,0.0073145245559038,3.852,3.82975,3.86975,0.0036514837157948,0.0285694642184911,-0.0009999999999998,0.0009999999999998,0.0249999999999999,-0.0002648305084745,0.0066666666666665,3.7755,3.7495,3.7816666666666663,0.0012909944418913,0.0306547595933191,-0.0809999999999999,-0.0069999999999996,-0.0030000000000001,145.0,145.0,144.0,147.0,150.0,84.0,85.0,83.0,88.0,81.0,141.28,117.73,111.0,116.2,135.47,124.59,129.67,142.38,142.38,143.66,123.52,128.27,137.77,140.14,147.27,127.13
2012-02-15,149.0,85.0,129.35,127.13,137.77,3.943,3.86,0.0870000000000001,0.0929999999999999,0.0889999999999999,0.0225622406639005,0.0230928905033731,3.87425,3.844125,3.8641666666666654,0.0459592210551157,0.0491104804062397,0.0849999999999999,0.084,0.0829999999999997,0.0225165562913907,0.0219751125231664,3.79625,3.766125,3.7780833333333335,0.0425078424134736,0.0479149171524294,-0.0830000000000001,-0.0020000000000002,-0.0060000000000002,146.0,145.0,145.0,144.0,151.0,86.0,84.0,83.0,86.0,83.0,120.79,141.28,110.7,107.94,129.35,119.5,124.59,129.67,146.2,146.2,118.76,123.52,128.27,142.52,152.02,127.13
2012-02-22,149.0,85.0,123.85,127.13,137.77,3.96,3.886,0.0169999999999999,0.104,0.1120000000000001,0.0043114379913771,0.0291060291060292,3.90225,3.86525,3.8638333333333335,0.057343264643657,0.0584532780458299,0.0260000000000002,0.1110000000000002,0.1120000000000001,0.0067357512953367,0.0296767355590885,3.82425,3.788375,3.7803333333333335,0.0572851056847677,0.057447957815337,-0.0739999999999998,0.0090000000000003,0.0,149.0,146.0,145.0,143.0,150.0,85.0,86.0,85.0,84.0,84.0,129.35,120.79,117.73,104.58,123.85,127.13,119.5,129.67,144.93,144.93,137.77,118.76,128.27,137.77,147.27,124.59
2012-02-29,153.0,86.0,117.12,124.59,137.77,4.051,3.992,0.0910000000000001,0.1080000000000001,0.201,0.0229797979797981,0.0522077922077921,3.9525,3.89875,3.873833333333333,0.0799187086982241,0.0780819166920428,0.1059999999999998,0.1320000000000001,0.2160000000000002,0.0272774060730829,0.0572033898305084,3.87825,3.82375,3.794,0.0894292085021122,0.08302624369961,-0.0590000000000001,0.0149999999999996,0.0150000000000001,149.0,149.0,145.0,143.0,148.0,85.0,85.0,84.0,84.0,85.0,123.85,129.35,141.28,104.89,128.43,127.13,127.13,124.59,142.38,142.38,137.77,137.77,123.52,140.14,140.14,124.59
2012-03-07,154.0,86.0,106.11,124.59,142.52,4.094,4.02,0.0430000000000001,0.1340000000000003,0.2380000000000004,0.0106146630461614,0.061721991701245,4.0120000000000005,3.932,3.8905,0.0723648164970878,0.0977971661874881,0.0279999999999995,0.1339999999999994,0.2449999999999996,0.0070140280561121,0.0649006622516554,3.9395,3.8575,3.8128333333333337,0.0783560250819725,0.1015705244083208,-0.0740000000000007,-0.0150000000000005,0.0069999999999992,153.0,149.0,146.0,144.0,147.0,86.0,85.0,86.0,83.0,88.0,117.12,123.85,120.79,111.0,116.2,124.59,127.13,119.5,142.38,142.38,137.77,137.77,118.76,137.77,140.14,124.59
2012-03-14,156.0,86.0,105.5,124.59,142.52,4.123,4.036,0.0289999999999999,0.072,0.1800000000000001,0.0070835368832438,0.0456505199086989,4.057,3.965625,3.9150833333333335,0.0711102430501851,0.1123145296542084,0.016,0.0439999999999995,0.1759999999999997,0.0039800995024874,0.0455958549222796,3.9835,3.889875,3.838583333333333,0.0674956788738811,0.1128924108546774,-0.0870000000000006,-0.0129999999999999,-0.0040000000000004,154.0,153.0,149.0,145.0,144.0,86.0,86.0,85.0,83.0,86.0,106.11,117.12,129.35,110.7,107.94,124.59,124.59,127.13,129.67,146.2,142.52,137.77,137.77,128.27,142.52,124.59
2012-03-21,158.0,85.0,110.7,124.59,137.77,4.142,4.053,0.0190000000000001,0.048,0.1820000000000003,0.0046082949308756,0.0459595959595959,4.1025,4.002375,3.944333333333333,0.0396021884915757,0.1163552902598162,0.0170000000000003,0.0330000000000003,0.1669999999999998,0.0042120911793857,0.0429747812660832,4.02525,3.92475,3.867333333333333,0.0259406373600477,0.1150561974490658,-0.0890000000000004,-0.0019999999999997,-0.0150000000000005,156.0,154.0,149.0,145.0,143.0,86.0,86.0,85.0,85.0,84.0,105.5,106.11,123.85,117.73,104.58,124.59,124.59,127.13,129.67,144.93,142.52,142.52,137.77,128.27,137.77,129.67
2012-03-28,158.0,85.0,107.94,129.67,140.14,4.147,4.055,0.0049999999999998,0.024,0.096,0.0012071463061322,0.0236978523821278,4.1265,4.0395,3.9746666666666655,0.0240069434398028,0.1078636705688667,0.0019999999999997,0.0190000000000001,0.0629999999999997,0.000493461633358,0.0157815631262523,4.041,3.959625,3.8961666666666654,0.0163910544702065,0.1054066106628915,-0.0920000000000005,-0.0030000000000001,-0.0330000000000003,158.0,156.0,153.0,145.0,143.0,85.0,86.0,86.0,84.0,84.0,110.7,105.5,117.12,141.28,104.89,124.59,124.59,124.59,124.59,142.38,137.77,142.52,137.77,123.52,140.14,129.67
2012-04-04,156.0,85.0,99.38,129.67,140.14,4.142,4.049,-0.0049999999999998,0.0,0.048,-0.0012056908608631,0.011724474841231,4.1385000000000005,4.0752500000000005,4.0008333333333335,0.0105987420631746,0.082852278182423,-0.0059999999999993,-0.0039999999999995,0.0290000000000008,-0.0014796547472254,0.007213930348259,4.04825,3.993875,3.9210833333333337,0.0085391256370401,0.0777274312674645,-0.0929999999999999,-0.0009999999999994,-0.0189999999999992,158.0,158.0,154.0,146.0,144.0,85.0,85.0,86.0,86.0,83.0,107.94,110.7,106.11,120.79,111.0,129.67,124.59,124.59,119.5,142.38,140.14,137.77,142.52,118.76,137.77,129.67
2012-04-11,157.0,85.0,97.85,129.67,137.77,4.148,4.063,0.0059999999999993,0.0009999999999994,0.0249999999999994,0.0014485755673585,0.0060635459616782,4.14475,4.100875,4.025333333333333,0.0032015621168861,0.0661177250927934,0.0139999999999993,0.008,0.0270000000000001,0.0034576438626818,0.0066897918731416,4.055,4.01925,3.9449166666666655,0.0058878405757145,0.0585485146817442,-0.0849999999999999,0.008,0.0020000000000006,156.0,158.0,156.0,149.0,145.0,85.0,85.0,86.0,85.0,83.0,99.38,107.94,105.5,129.35,110.7,129.67,129.67,124.59,127.13,129.67,140.14,140.14,142.52,137.77,128.27,133.49
2012-04-18,156.0,82.0,100.3,133.49,140.14,4.127,4.038,-0.0209999999999999,-0.0150000000000005,-0.0150000000000005,-0.0050626808100289,-0.003621438918397,4.141,4.1217500000000005,4.048583333333334,0.0096953597142312,0.0337035394498298,-0.0249999999999994,-0.0110000000000001,-0.0149999999999996,-0.0061530888506028,-0.003700962250185,4.05125,4.03825,3.966916666666666,0.0105316981842956,0.0230015527428325,-0.0889999999999995,-0.0039999999999995,8.881784197001252e-16,157.0,156.0,158.0,149.0,145.0,85.0,85.0,85.0,85.0,85.0,97.85,99.38,110.7,123.85,117.73,129.67,129.67,124.59,127.13,129.67,137.77,140.14,137.77,137.77,128.27,136.03
2012-04-25,154.0,85.0,98.77,136.03,142.52,4.085,3.993,-0.0419999999999998,-0.0629999999999997,-0.0620000000000002,-0.0101768839350617,-0.0149505666747046,4.1255,4.126,4.068166666666667,0.0284077454224824,0.024354524367364,-0.0450000000000003,-0.0699999999999998,-0.0619999999999998,-0.0111441307578009,-0.0152897657213316,4.03575,4.038375,3.985,0.0302806318732844,0.0227152403215774,-0.092,-0.0030000000000005,4.440892098500626e-16,156.0,157.0,158.0,153.0,145.0,82.0,85.0,85.0,86.0,84.0,100.3,97.85,107.94,117.12,141.28,133.49,129.67,129.67,124.59,124.59,140.14,137.77,140.14,137.77,123.52,137.3
2012-05-02,154.0,83.0,103.05,137.3,144.89,4.073,3.98,-0.0119999999999995,-0.0539999999999993,-0.0689999999999999,-0.0029375764993878,-0.0166586190246257,4.10825,4.123375,4.086250000000001,0.0351887766196672,0.0289873740990887,-0.0129999999999999,-0.0580000000000002,-0.0690000000000004,-0.0032556974705735,-0.0170412447517906,4.0185,4.033375,4.002083333333333,0.0386996985342992,0.030429954697091,-0.0930000000000004,-0.0010000000000003,-4.440892098500626e-16,154.0,156.0,156.0,154.0,146.0,85.0,82.0,85.0,86.0,86.0,98.77,100.3,99.38,106.11,120.79,136.03,133.49,129.67,124.59,119.5,142.52,140.14,140.14,142.52,118.76,132.21
2012-05-09,153.0,86.0,107.03,132.21,137.77,4.057,3.962,-0.016,-0.0279999999999995,-0.0909999999999993,-0.0039283083722072,-0.0219382835101251,4.0855,4.115125000000001,4.09575,0.029949958263564,0.037307362352918,-0.0179999999999997,-0.0309999999999996,-0.1009999999999995,-0.0045226130653265,-0.024858478956436,3.99325,4.024125,4.010583333333334,0.0324281256521667,0.0394332618846957,-0.0950000000000002,-0.0019999999999997,-0.0100000000000002,154.0,154.0,157.0,156.0,149.0,83.0,85.0,85.0,86.0,85.0,103.05,98.77,97.85,105.5,129.35,137.3,136.03,129.67,124.59,127.13,144.89,142.52,137.77,142.52,137.77,127.13
2012-05-16,151.0,86.0,104.89,127.13,125.89,4.004,3.915,-0.0530000000000008,-0.0690000000000008,-0.1230000000000002,-0.0130638402760662,-0.0298037315241095,4.05475,4.097875,4.099416666666667,0.0357246413556502,0.0520835523806607,-0.0470000000000001,-0.0649999999999999,-0.1230000000000002,-0.0118626956082786,-0.0304606240713224,3.9625,4.006875,4.013,0.0341223289549992,0.0528865024639273,-0.0889999999999995,0.0060000000000006,0.0,153.0,154.0,156.0,158.0,149.0,86.0,83.0,82.0,85.0,85.0,107.03,103.05,100.3,110.7,123.85,132.21,137.3,133.49,124.59,127.13,137.77,144.89,140.14,137.77,137.77,129.67
2012-05-23,149.0,87.0,98.77,129.67,125.89,3.956,3.861,-0.0479999999999996,-0.1010000000000004,-0.129,-0.0119880119880119,-0.031578947368421,4.0225,4.074,4.0915,0.0532447180478073,0.0677642973845187,-0.0539999999999998,-0.1009999999999999,-0.1319999999999996,-0.0137931034482757,-0.0330578512396693,3.9295,3.982625,4.002083333333333,0.053257237379662,0.0695268447642131,-0.0949999999999997,-0.0060000000000002,-0.0029999999999996,151.0,153.0,154.0,158.0,153.0,86.0,86.0,85.0,85.0,86.0,104.89,107.03,98.77,107.94,117.12,127.13,132.21,136.03,129.67,124.59,125.89,137.77,142.52,140.14,137.77,127.13
2012-05-30,147.0,87.0,100.91,127.13,121.14,3.897,3.802,-0.0590000000000001,-0.1069999999999997,-0.1760000000000006,-0.0149140546006066,-0.0432113920942796,3.9785,4.043374999999999,4.075083333333333,0.0682177884914051,0.0856453442985512,-0.0590000000000001,-0.1129999999999999,-0.1779999999999999,-0.0152810152810153,-0.0447236180904522,3.885,3.95175,3.983916666666666,0.0690265649344344,0.0881812257310954,-0.0949999999999997,0.0,-0.0019999999999993,149.0,151.0,154.0,156.0,154.0,87.0,86.0,83.0,85.0,86.0,98.77,104.89,103.05,99.38,106.11,129.67,127.13,137.3,129.67,124.59,125.89,125.89,144.89,140.14,142.52,123.32
2012-06-06,145.0,86.0,87.15,123.32,114.01,3.846,3.757,-0.0509999999999997,-0.1099999999999998,-0.2110000000000003,-0.0130869899923017,-0.0520088735518856,3.92575,4.005625,4.0520000000000005,0.0688591557697728,0.0985290928755277,-0.0449999999999999,-0.104,-0.205,-0.0118358758548132,-0.0517415446744068,3.83375,3.9135,3.960666666666667,0.0689027091870498,0.0987623410010609,-0.0889999999999999,0.0059999999999997,0.0060000000000002,147.0,149.0,153.0,157.0,156.0,87.0,87.0,86.0,85.0,86.0,100.91,98.77,107.03,97.85,105.5,127.13,129.67,132.21,129.67,124.59,121.14,125.89,137.77,137.77,142.52,124.59
2012-06-13,143.0,83.0,86.85,124.59,116.39,3.781,3.698,-0.0649999999999999,-0.1159999999999996,-0.2229999999999994,-0.016900676027041,-0.0556943056943055,3.87,3.962375,4.021916666666667,0.074435654539074,0.1125775129792292,-0.0590000000000001,-0.104,-0.217,-0.0157040191642268,-0.0554278416347382,3.7795,3.871,3.931083333333333,0.0690338081424555,0.1100441469853081,-0.0830000000000001,0.0059999999999997,0.0059999999999993,145.0,147.0,151.0,156.0,158.0,86.0,87.0,86.0,82.0,85.0,87.15,100.91,104.89,100.3,110.7,123.32,127.13,127.13,133.49,124.59,114.01,121.14,125.89,140.14,137.77,128.4
2012-06-20,142.0,81.0,84.7,128.4,128.27,3.729,3.654,-0.052,-0.1169999999999999,-0.2269999999999998,-0.0137529754033324,-0.057381193124368,3.81325,3.917875,3.987083333333333,0.073540804999639,0.1266608942920982,-0.044,-0.1030000000000002,-0.2070000000000003,-0.0118983234180638,-0.0536130536130536,3.72775,3.828625,3.8976666666666655,0.0650454968975574,0.1210713337547441,-0.0750000000000001,0.008,0.0199999999999995,143.0,145.0,149.0,154.0,158.0,83.0,86.0,87.0,85.0,85.0,86.85,87.15,98.77,98.77,107.94,124.59,123.32,129.67,136.03,129.67,116.39,114.01,125.89,142.52,140.14,123.32
2012-06-27,139.0,88.0,82.56,123.32,121.14,3.678,3.601,-0.0510000000000001,-0.1030000000000002,-0.2189999999999998,-0.0136765888978278,-0.0561970746728252,3.7585,3.8685,3.9484166666666662,0.0719096655533602,0.1343098762457907,-0.0529999999999999,-0.0969999999999999,-0.201,-0.0145046524356868,-0.0528669121514991,3.6775,3.78125,3.860333333333333,0.0661941588559813,0.1273642134084477,-0.0769999999999999,-0.0019999999999997,0.0179999999999997,142.0,143.0,147.0,154.0,156.0,81.0,83.0,87.0,83.0,85.0,84.7,86.85,100.91,103.05,99.38,128.4,124.59,127.13,137.3,129.67,128.27,116.39,121.14,144.89,140.14,122.04
2012-07-04,138.0,84.0,97.85,122.04,118.76,3.648,3.568,-0.0299999999999998,-0.0809999999999999,-0.1979999999999999,-0.0081566068515497,-0.0514820592823712,3.709,3.817375,3.90675,0.0584978632088145,0.1300834210366101,-0.0329999999999999,-0.0859999999999998,-0.189,-0.0091641210774784,-0.0503060952887942,3.63025,3.732,3.819083333333333,0.0574013646758644,0.1236076742879131,-0.08,-0.0030000000000001,0.0089999999999998,139.0,142.0,145.0,153.0,157.0,88.0,81.0,86.0,86.0,85.0,82.56,84.7,87.15,107.03,97.85,123.32,128.4,123.32,132.21,129.67,121.14,128.27,114.01,137.77,137.77,124.59
2012-07-11,139.0,85.0,107.94,124.59,128.27,3.683,3.605,0.0349999999999997,0.0049999999999998,-0.0980000000000003,0.0095942982456138,-0.0259190690293573,3.6845,3.77725,3.86975,0.0334514573673211,0.1126305591620645,0.0369999999999999,0.004,-0.0929999999999999,0.0103699551569507,-0.0251487290427258,3.607,3.69325,3.783,0.0354494945895131,0.105274810445307,-0.0779999999999998,0.0020000000000002,0.0050000000000003,138.0,139.0,143.0,151.0,156.0,84.0,88.0,83.0,86.0,82.0,97.85,82.56,86.85,104.89,100.3,122.04,123.32,124.59,127.13,133.49,118.76,121.14,116.39,125.89,140.14,128.4
2012-07-18,139.0,87.0,125.07,128.4,135.39,3.695,3.617,0.012,0.0469999999999997,-0.0340000000000002,0.0032582134129786,-0.0091177259318853,3.676,3.744625,3.83725,0.0199833263830426,0.0887193609085207,0.012,0.0489999999999999,-0.0369999999999999,0.0033287101248267,-0.0101258894362342,3.59775,3.66275,3.7516666666666665,0.0209662427086669,0.0826451104768083,-0.0779999999999998,0.0,-0.0029999999999996,139.0,138.0,142.0,149.0,154.0,85.0,84.0,81.0,87.0,85.0,107.94,97.85,84.7,98.77,98.77,124.59,122.04,128.4,129.67,136.03,128.27,118.76,128.27,125.89,142.52,129.67
2012-07-25,143.0,84.0,107.03,129.67,137.77,3.783,3.711,0.088,0.1,0.1049999999999999,0.0238159675236806,0.0285481239804241,3.70225,3.730375,3.813083333333333,0.0574071714451306,0.067324242078503,0.0939999999999998,0.1059999999999998,0.1099999999999998,0.0259883881669891,0.0305470702582615,3.62525,3.651375,3.72925,0.0608515954322618,0.0651524311574314,-0.072,0.0059999999999997,0.0049999999999998,139.0,139.0,139.0,147.0,154.0,87.0,85.0,88.0,87.0,83.0,125.07,107.94,82.56,100.91,103.05,128.4,124.59,123.32,127.13,137.3,135.39,128.27,121.14,121.14,144.89,128.4
2012-08-01,143.0,85.0,108.56,128.4,133.02,3.796,3.696,0.0129999999999999,0.1009999999999999,0.1479999999999997,0.0034364261168384,0.0405701754385963,3.73925,3.724125,3.7913333333333337,0.0584715030306486,0.0565090068675706,-0.0149999999999996,0.0790000000000001,0.1280000000000001,-0.004042037186742,0.0358744394618835,3.65725,3.64375,3.707083333333333,0.0539776188185242,0.0535637137302948,-0.0999999999999996,-0.0279999999999995,-0.0199999999999995,143.0,139.0,138.0,145.0,153.0,84.0,87.0,84.0,86.0,86.0,107.03,125.07,97.85,87.15,107.03,129.67,128.4,122.04,123.32,132.21,137.77,135.39,118.76,114.01,137.77,127.13
2012-08-08,145.0,87.0,93.27,127.13,133.02,3.85,3.752,0.0540000000000002,0.0670000000000001,0.1670000000000002,0.0142255005268705,0.045343469997285,3.781,3.73275,3.7785,0.0642547015140699,0.0700688436978888,0.0559999999999996,0.0409999999999999,0.1469999999999998,0.0151515151515151,0.040776699029126,3.694,3.6505,3.6935,0.0565272795499427,0.0638010299962389,-0.0980000000000003,0.0019999999999993,-0.0200000000000004,143.0,143.0,139.0,143.0,151.0,85.0,84.0,85.0,83.0,86.0,108.56,107.03,107.94,86.85,104.89,128.4,129.67,124.59,124.59,127.13,133.02,137.77,128.27,116.39,125.89,127.13
2012-08-15,149.0,83.0,111.61,127.13,128.27,3.965,3.856,0.1149999999999997,0.169,0.27,0.0298701298701298,0.0730717185385656,3.8485,3.76225,3.77925,0.0829075790664559,0.1077904713520733,0.104,0.1599999999999997,0.2389999999999998,0.0277185501066097,0.0660768592756426,3.75375,3.67575,3.6930833333333335,0.072158968026503,0.0968146240429669,-0.1089999999999999,-0.0109999999999996,-0.0310000000000001,145.0,143.0,139.0,142.0,149.0,87.0,85.0,87.0,81.0,87.0,93.27,108.56,125.07,84.7,98.77,127.13,128.4,128.4,128.4,129.67,133.02,133.02,135.39,128.27,125.89,127.13
2012-08-22,152.0,83.0,100.91,127.13,128.27,4.026,3.911,0.0609999999999999,0.1759999999999997,0.2429999999999998,0.0153846153846153,0.0642347343378271,3.90925,3.80575,3.79,0.1049996031738181,0.1355725952080477,0.0550000000000001,0.1590000000000002,0.2000000000000001,0.0142634854771783,0.0538938291565616,3.80375,3.7145,3.702166666666667,0.0975034187433916,0.1215107285093248,-0.1149999999999997,-0.0059999999999997,-0.0429999999999997,149.0,145.0,143.0,139.0,147.0,83.0,87.0,84.0,88.0,87.0,111.61,93.27,107.03,82.56,100.91,127.13,127.13,129.67,123.32,127.13,128.27,133.02,137.77,121.14,121.14,127.13
2012-08-29,154.0,84.0,133.94,127.13,125.89,4.089,3.981,0.0630000000000006,0.1240000000000005,0.2930000000000006,0.0156482861400895,0.077186512118019,3.9825,3.860875,3.81025,0.1018119180973314,0.1510415623973926,0.0699999999999998,0.125,0.2849999999999997,0.0178982357453336,0.0771103896103895,3.875,3.766125,3.720833333333333,0.0966471244613526,0.1371093802147285,-0.1080000000000005,0.0069999999999992,-0.0080000000000008,152.0,149.0,143.0,138.0,145.0,83.0,83.0,85.0,84.0,86.0,100.91,111.61,108.56,97.85,87.15,127.13,127.13,128.4,122.04,123.32,128.27,128.27,133.02,118.76,114.01,124.59
2012-09-05,156.0,84.0,152.9,124.59,121.14,4.127,4.026,0.0379999999999993,0.1009999999999999,0.2769999999999997,0.0092932257275615,0.0719480519480517,4.05175,3.916375,3.839083333333333,0.0712711956776575,0.1577683088764386,0.0449999999999999,0.1149999999999997,0.274,0.0113036925395628,0.0730277185501067,3.9435,3.81875,3.748166666666666,0.075111028928162,0.1468777431355118,-0.1009999999999999,0.0070000000000005,-0.0029999999999996,154.0,152.0,145.0,139.0,143.0,84.0,83.0,87.0,85.0,83.0,133.94,100.91,93.27,107.94,86.85,127.13,127.13,127.13,124.59,124.59,125.89,128.27,133.02,128.27,116.39,122.04
2012-09-12,156.0,88.0,168.19,122.04,114.01,4.132,4.021,0.0049999999999998,0.0429999999999992,0.1669999999999998,0.001211533801793,0.0421185372005044,4.0935,3.971,3.872666666666667,0.0489251128425418,0.1453331148972304,-0.0049999999999998,0.04,0.165,-0.0012419274714355,0.0427904564315353,3.98475,3.86925,3.77875,0.0531311270974615,0.1367017086318501,-0.1109999999999997,-0.0099999999999997,-0.0019999999999997,156.0,154.0,149.0,139.0,142.0,84.0,84.0,83.0,87.0,81.0,152.9,133.94,111.61,125.07,84.7,124.59,127.13,127.13,128.4,128.4,121.14,125.89,128.27,135.39,128.27,122.04
2012-09-19,156.0,96.0,191.12,122.04,114.01,4.135,4.028,0.0030000000000001,0.008,0.1089999999999999,0.0007260406582769,0.0270740188772975,4.120749999999999,4.015,3.91075,0.0214223403636221,0.1330499369195762,0.0069999999999996,0.0019999999999997,0.1169999999999995,0.0017408604824669,0.0299156226029146,4.013999999999999,3.908875,3.814333333333333,0.0221960957523208,0.1300598076710817,-0.1070000000000002,0.0039999999999995,0.0079999999999995,156.0,156.0,152.0,143.0,139.0,88.0,84.0,83.0,84.0,88.0,168.19,152.9,100.91,107.03,82.56,122.04,124.59,127.13,129.67,123.32,114.01,121.14,128.27,137.77,121.14,119.5
2012-09-26,154.0,97.0,185.92,119.5,114.01,4.086,3.995,-0.0489999999999994,-0.0459999999999993,-0.0030000000000001,-0.0118500604594919,-0.0007336757153338,4.12,4.05125,3.94725,0.0229056033898889,0.1003447628358804,-0.0329999999999994,-0.0259999999999998,0.0140000000000002,-0.0081926514399204,0.0035167043456418,4.0175,3.94625,3.849916666666666,0.0152861593163932,0.0995242253352506,-0.0910000000000001,0.016,0.0170000000000003,156.0,156.0,154.0,143.0,138.0,96.0,88.0,84.0,85.0,84.0,191.12,168.19,133.94,108.56,97.85,122.04,122.04,127.13,128.4,122.04,114.01,114.01,125.89,133.02,118.76,119.5
2012-10-03,154.0,96.0,193.57,119.5,114.01,4.079,3.999,-0.0070000000000005,-0.056,-0.048,-0.0017131669114048,-0.0116307244972134,4.108,4.079875,3.98025,0.0296085573214088,0.058793676773861,0.004,-0.0289999999999994,-0.0269999999999996,0.0010012515644555,-0.0067064083457525,4.01075,3.977125,3.88275,0.0162147052593086,0.0618279583083723,-0.0799999999999996,0.0110000000000005,0.0210000000000003,154.0,156.0,156.0,145.0,139.0,97.0,96.0,84.0,87.0,85.0,185.92,191.12,152.9,93.27,107.94,119.5,122.04,124.59,127.13,124.59,114.01,114.01,121.14,133.02,128.27,124.59
2012-10-10,154.0,97.0,156.87,124.59,128.27,4.094,3.999,0.0150000000000005,0.008,-0.0379999999999993,0.0036773719048788,-0.00919651500484,4.0985,4.096,4.0135,0.0250931597582957,0.0360951124513422,0.0,0.004,-0.0219999999999997,0.0,-0.0054712758020392,4.00525,3.995,3.914583333333333,0.0152834332959906,0.0378153408025163,-0.0950000000000002,-0.0150000000000005,0.0159999999999995,154.0,154.0,156.0,149.0,139.0,96.0,97.0,88.0,83.0,87.0,193.57,185.92,168.19,111.61,125.07,119.5,119.5,122.04,127.13,128.4,114.01,114.01,114.01,128.27,135.39,124.59
2012-10-17,157.0,92.0,152.9,124.59,128.27,4.15,4.022,0.056,0.0710000000000006,0.0150000000000005,0.0136785539814363,0.003627569528416,4.10225,4.1115,4.044083333333333,0.0324178448798696,0.0272920710624007,0.0230000000000001,0.0230000000000001,-0.0059999999999993,0.0057514378594649,-0.0014895729890762,4.00375,4.008875,3.9405,0.0123119183441505,0.0174964282072225,-0.1280000000000001,-0.0329999999999999,-0.0209999999999999,154.0,154.0,156.0,152.0,143.0,97.0,96.0,96.0,83.0,84.0,156.87,193.57,191.12,100.91,107.03,124.59,119.5,122.04,127.13,129.67,128.27,114.01,114.01,128.27,137.77,124.59
2012-10-24,155.0,90.0,179.81,124.59,133.02,4.116,3.999,-0.0340000000000006,0.0219999999999993,0.0299999999999993,-0.0081927710843374,0.0073421439060203,4.10975,4.114875,4.07075,0.0308369367261915,0.0257373408553355,-0.0230000000000001,0.0,0.004,-0.0057185479860766,0.0010012515644555,4.0047500000000005,4.011125,3.96575,0.0114999999991166,0.0142572036933388,-0.1169999999999995,0.0110000000000005,-0.0259999999999993,157.0,154.0,154.0,154.0,143.0,92.0,97.0,97.0,84.0,85.0,152.9,156.87,185.92,133.94,108.56,124.59,124.59,119.5,127.13,128.4,128.27,128.27,114.01,125.89,133.02,120.77
2012-10-31,152.0,90.0,167.27,120.77,128.27,4.03,3.945,-0.0859999999999994,-0.1200000000000001,-0.0489999999999994,-0.0208940719144798,-0.0120127482226034,4.0975,4.10275,4.08575,0.0505536019157425,0.0387620948868597,-0.0540000000000002,-0.0770000000000004,-0.0540000000000002,-0.0135033758439611,-0.0135033758439611,3.99125,4.001,3.981833333333334,0.0326840939905011,0.0260603694746127,-0.0850000000000004,0.0319999999999991,-0.0050000000000007,155.0,157.0,154.0,156.0,145.0,90.0,92.0,96.0,84.0,87.0,179.81,152.9,193.57,152.9,93.27,124.59,124.59,119.5,124.59,127.13,133.02,128.27,114.01,121.14,133.02,119.5
2012-11-07,151.0,90.0,181.95,119.5,125.89,4.01,3.92,-0.0200000000000004,-0.1059999999999998,-0.0840000000000005,-0.0049627791563277,-0.0205178309721545,4.0765,4.0875,4.0895,0.0671987103050034,0.0484089720139396,-0.0249999999999999,-0.0790000000000001,-0.0790000000000001,-0.0063371356147021,-0.0197549387346837,3.9715,3.988375,3.987166666666667,0.0471204131275774,0.0371096348676517,-0.0899999999999998,-0.0049999999999994,0.0050000000000003,152.0,155.0,154.0,156.0,149.0,90.0,90.0,97.0,88.0,83.0,167.27,179.81,156.87,168.19,111.61,120.77,124.59,124.59,122.04,127.13,128.27,133.02,128.27,114.01,128.27,116.96
2012-11-14,150.0,90.0,162.99,116.96,123.52,3.98,3.875,-0.0299999999999998,-0.0500000000000002,-0.1700000000000003,-0.0074812967581047,-0.0409638554216867,4.034,4.068125,4.085666666666667,0.0584009132347822,0.0569471873131133,-0.0449999999999999,-0.0699999999999998,-0.1470000000000002,-0.0114795918367346,-0.0365489806066634,3.93475,3.96925,3.984166666666667,0.051706704916424,0.05070573368547,-0.1049999999999999,-0.0150000000000001,0.0230000000000001,151.0,152.0,157.0,156.0,152.0,90.0,90.0,92.0,96.0,83.0,181.95,167.27,152.9,191.12,100.91,119.5,120.77,124.59,122.04,127.13,125.89,128.27,128.27,114.01,128.27,116.96
2012-11-21,150.0,91.0,183.48,116.96,123.52,3.976,3.865,-0.004,-0.0339999999999998,-0.1399999999999996,-0.0010050251256281,-0.0340136054421768,3.999,4.054375,4.07625,0.0256385126971884,0.0647587556133454,-0.0099999999999997,-0.0549999999999997,-0.1339999999999999,-0.0025806451612903,-0.0335083770942735,3.90125,3.953,3.9745,0.0377215676589401,0.0610503305245204,-0.1109999999999997,-0.0059999999999997,0.0059999999999997,150.0,151.0,155.0,154.0,154.0,90.0,90.0,90.0,97.0,84.0,162.99,181.95,179.81,185.92,133.94,116.96,119.5,124.59,119.5,127.13,123.52,125.89,133.02,114.01,125.89,118.23
2012-11-28,152.0,91.0,187.45,118.23,125.89,4.034,3.902,0.0579999999999998,0.0539999999999998,0.0039999999999995,0.0145875251509053,0.0009925558312653,4.0,4.04875,4.068499999999999,0.0272763633937982,0.0642667432326535,0.0369999999999999,0.0270000000000001,-0.0429999999999997,0.0095730918499352,-0.0108998732572875,3.8905,3.940875,3.964166666666667,0.0251197133737929,0.0602362906751073,-0.1319999999999996,-0.0209999999999999,-0.0469999999999992,150.0,150.0,152.0,154.0,156.0,91.0,90.0,90.0,96.0,84.0,183.48,162.99,167.27,193.57,152.9,116.96,116.96,120.77,119.5,124.59,123.52,123.52,128.27,114.01,121.14,118.23
2012-12-05,152.0,90.0,175.83,118.23,123.52,4.027,3.901,-0.0069999999999996,0.0510000000000001,0.0170000000000003,-0.0017352503718393,0.0042394014962594,4.00425,4.040375,4.05975,0.0304890690793242,0.0618475949412542,-0.0010000000000003,0.0359999999999995,-0.0190000000000001,-0.0002562788313685,-0.0048469387755102,3.88575,3.928625,3.954166666666667,0.0186435869219128,0.0565810101915474,-0.1260000000000003,0.0059999999999993,-0.0360000000000004,152.0,150.0,151.0,154.0,156.0,91.0,91.0,90.0,97.0,88.0,187.45,183.48,181.95,156.87,168.19,118.23,116.96,119.5,124.59,122.04,125.89,123.52,125.89,128.27,114.01,115.69
2012-12-12,151.0,90.0,183.48,115.69,118.76,3.991,3.874,-0.036,-0.0429999999999997,0.0110000000000001,-0.0089396573131362,0.0027638190954775,4.007,4.0205,4.04775,0.0279642629080479,0.0447788215249145,-0.0269999999999996,-0.028,-0.0009999999999998,-0.0069213022301972,-0.0002580645161289,3.8855,3.910125,3.941333333333333,0.0188414436809282,0.0446204229346537,-0.1169999999999999,0.0090000000000003,-0.012,152.0,152.0,150.0,157.0,156.0,90.0,91.0,90.0,92.0,96.0,175.83,187.45,162.99,152.9,191.12,118.23,118.23,116.96,124.59,122.04,123.52,125.89,123.52,128.27,114.01,114.42
2012-12-19,149.0,93.0,175.83,114.42,114.01,3.945,3.847,-0.0460000000000002,-0.0820000000000003,-0.0310000000000001,-0.0115259333500375,-0.0077967806841046,3.99925,3.999125,4.036,0.0407788752500264,0.0315342784014926,-0.0270000000000001,-0.0539999999999998,-0.0180000000000002,-0.0069695405265874,-0.0046571798188874,3.881,3.891125,3.929,0.0261151297140503,0.0319259746468771,-0.0979999999999998,0.0190000000000001,0.0129999999999999,151.0,152.0,150.0,155.0,154.0,90.0,90.0,91.0,90.0,97.0,183.48,175.83,183.48,179.81,185.92,115.69,118.23,116.96,124.59,119.5,118.76,123.52,123.52,133.02,114.01,113.15
2012-12-26,148.0,94.0,172.16,113.15,114.01,3.923,3.833,-0.0219999999999997,-0.068,-0.1109999999999997,-0.0055766793409378,-0.027516113039167,3.9715,3.98575,4.023000000000001,0.0466011444779808,0.038492114220446,-0.0139999999999997,-0.0409999999999999,-0.0689999999999999,-0.0036391993761372,-0.0176832393644285,3.86375,3.877125,3.9151666666666665,0.0301039864466812,0.0293814202712021,-0.0899999999999998,0.008,0.0419999999999998,149.0,151.0,152.0,152.0,154.0,93.0,90.0,91.0,90.0,96.0,175.83,183.48,187.45,167.27,193.57,114.42,115.69,118.23,120.77,119.5,114.01,118.76,125.89,128.27,114.01,113.15
2013-01-02,148.0,94.0,152.9,113.15,114.01,3.918,3.83,-0.0049999999999998,-0.0269999999999996,-0.1089999999999999,-0.0012745347947998,-0.0270672957536627,3.94425,3.97425,4.008333333333334,0.0333004003978636,0.0436143816387574,-0.0030000000000001,-0.0169999999999999,-0.0709999999999997,-0.0007826767545003,-0.0182004614201486,3.846,3.865875,3.9010833333333337,0.020083160441415,0.0278076942077725,-0.088,0.0019999999999997,0.0380000000000002,148.0,149.0,152.0,151.0,154.0,94.0,93.0,90.0,90.0,97.0,172.16,175.83,175.83,181.95,156.87,113.15,114.42,118.23,119.5,124.59,114.01,114.01,123.52,125.89,128.27,113.15
2013-01-09,148.0,92.0,114.06,113.15,114.01,3.911,3.837,-0.0070000000000001,-0.012,-0.08,-0.0017866258295048,-0.0200451014783262,3.92425,3.965625,3.988416666666667,0.014682756325874,0.0488260395984966,0.0070000000000001,0.004,-0.0369999999999999,0.0018276762402089,-0.0095508518327309,3.83675,3.861125,3.885666666666667,0.0074105780239545,0.0292351916118493,-0.0739999999999998,0.0140000000000002,0.0430000000000001,148.0,148.0,151.0,150.0,157.0,94.0,94.0,90.0,90.0,92.0,152.9,172.16,183.48,162.99,152.9,113.15,113.15,115.69,116.96,124.59,114.01,114.01,118.76,123.52,128.27,118.23
2013-01-16,147.0,92.0,106.42,118.23,128.27,3.894,3.824,-0.0169999999999999,-0.024,-0.0509999999999997,-0.0043467143952953,-0.0129277566539923,3.9115,3.955375,3.9699166666666663,0.0126622799418266,0.0546022958702511,-0.0130000000000003,-0.0060000000000002,-0.0230000000000001,-0.0033880635913474,-0.0059786846893683,3.831,3.856,3.871083333333333,0.0054772255734596,0.0319284915308988,-0.0700000000000002,0.0039999999999995,0.0279999999999995,148.0,148.0,149.0,150.0,155.0,92.0,94.0,93.0,91.0,90.0,114.06,152.9,175.83,183.48,179.81,113.15,113.15,114.42,116.96,124.59,114.01,114.01,114.01,123.52,133.02,116.96
2013-01-23,147.0,92.0,101.83,116.96,114.01,3.902,3.831,0.008,-0.0089999999999998,-0.0209999999999999,0.0020544427324087,-0.0053530461381595,3.90625,3.938875,3.95925,0.0104682058312426,0.0468414880209479,0.0070000000000001,-0.0060000000000002,-0.0020000000000002,0.0018305439330543,-0.0005217845030003,3.8305,3.847125,3.861583333333333,0.0053229064725864,0.026765849777203,-0.0710000000000001,-0.0009999999999998,0.0189999999999996,147.0,148.0,148.0,152.0,152.0,92.0,92.0,94.0,91.0,90.0,106.42,114.06,172.16,187.45,167.27,118.23,113.15,113.15,118.23,120.77,128.27,114.01,114.01,125.89,128.27,116.96
2013-01-30,148.0,91.0,100.91,116.96,114.01,3.927,3.845,0.0249999999999999,0.0329999999999999,0.0089999999999998,0.0064069707842131,0.0022970903522205,3.9085,3.926375,3.952333333333333,0.0141539158300883,0.0304346489573869,0.0140000000000002,0.0210000000000003,0.0150000000000001,0.0036543983294179,0.0039164490861618,3.83425,3.840125,3.855333333333333,0.0089209491264009,0.0156974747744913,-0.0819999999999998,-0.0109999999999996,0.0060000000000002,147.0,147.0,148.0,152.0,151.0,92.0,92.0,94.0,90.0,90.0,101.83,106.42,152.9,175.83,181.95,116.96,118.23,113.15,118.23,119.5,114.01,128.27,114.01,123.52,125.89,116.96
2013-02-06,152.0,92.0,98.77,116.96,114.01,4.022,3.941,0.0950000000000002,0.1200000000000001,0.1110000000000002,0.0241914947797301,0.0283814881104578,3.93625,3.93025,3.955833333333333,0.0588692053057012,0.0402341361818825,0.0959999999999996,0.1099999999999998,0.1039999999999996,0.024967490247074,0.027104508730779,3.86025,3.8485,3.860833333333333,0.0545366849009179,0.0381575680568101,-0.0810000000000004,0.0009999999999994,-0.0070000000000005,148.0,147.0,148.0,151.0,150.0,91.0,92.0,92.0,90.0,90.0,100.91,101.83,114.06,183.48,162.99,116.96,116.96,113.15,115.69,116.96,114.01,114.01,114.01,118.76,123.52,116.96
2013-02-13,155.0,94.0,99.38,116.96,114.01,4.104,3.997,0.0819999999999998,0.177,0.2099999999999999,0.0203878667329686,0.0539291217257318,3.988750000000001,3.950125,3.9665,0.0926044455375871,0.0738172211809268,0.056,0.1519999999999997,0.173,0.014209591474245,0.0452405857740585,3.9035,3.86725,3.8718333333333335,0.0792191054395836,0.0648399127522888,-0.1070000000000002,-0.0259999999999998,-0.0369999999999999,152.0,148.0,147.0,149.0,150.0,92.0,91.0,92.0,93.0,91.0,98.77,100.91,106.42,175.83,183.48,116.96,116.96,118.23,114.42,116.96,114.01,114.01,128.27,114.01,123.52,118.23
2013-02-20,157.0,96.0,99.38,118.23,116.39,4.157,4.068,0.0529999999999999,0.1349999999999998,0.2549999999999999,0.0129142300194931,0.0653511019989747,4.0525,3.979375,3.976750000000001,0.1004207813817583,0.1023717839195651,0.0709999999999997,0.1269999999999997,0.2369999999999996,0.0177633224918687,0.0618637431480031,3.96275,3.896625,3.885666666666667,0.0941430648887465,0.0938493283331405,-0.0890000000000004,0.0179999999999997,-0.0180000000000002,155.0,152.0,147.0,148.0,152.0,94.0,92.0,92.0,94.0,91.0,99.38,98.77,101.83,172.16,187.45,116.96,116.96,116.96,113.15,118.23,114.01,114.01,114.01,114.01,125.89,118.23
2013-02-27,157.0,92.0,99.99,118.23,118.76,4.159,4.089,0.0019999999999997,0.0549999999999997,0.2319999999999997,0.0004811161895597,0.0590781767252355,4.1105,4.0095,3.98775,0.0642624825746347,0.1162497311825591,0.0210000000000007,0.0920000000000005,0.2440000000000002,0.0051622418879058,0.0634590377113133,4.02375,3.929,3.901333333333333,0.0677710606870339,0.1107364954682137,-0.0699999999999994,0.019000000000001,0.0120000000000004,157.0,155.0,148.0,148.0,152.0,96.0,94.0,91.0,94.0,90.0,99.38,99.38,100.91,152.9,175.83,118.23,116.96,116.96,113.15,118.23,116.39,114.01,114.01,114.01,123.52,119.5
2013-03-06,156.0,92.0,99.38,119.5,118.76,4.13,4.065,-0.0289999999999999,-0.0270000000000001,0.1079999999999996,-0.0069728300072132,0.0268523122824464,4.1375,4.036875,3.999333333333334,0.0259550894171988,0.115524193508251,-0.024,-0.0029999999999992,0.1240000000000005,-0.0058694057226705,0.0314640954072571,4.05475,3.9575,3.917250000000001,0.0399530975016754,0.1129930465623392,-0.0649999999999995,0.0049999999999998,0.0160000000000009,157.0,157.0,152.0,148.0,151.0,92.0,96.0,92.0,92.0,90.0,99.99,99.38,98.77,114.06,183.48,118.23,118.23,116.96,113.15,115.69,118.76,116.39,114.01,114.01,118.76,122.04
2013-03-13,154.0,92.0,99.38,122.04,118.76,4.088,4.036,-0.0419999999999998,-0.0709999999999997,-0.016,-0.0101694915254236,-0.0038986354775828,4.1335,4.0611250000000005,4.01125,0.0330907842153702,0.1006527801050472,-0.0290000000000008,-0.0530000000000008,0.0389999999999997,-0.0071340713407136,0.0097573179884913,4.0645,3.984,3.933,0.0217944947172031,0.1014846927233526,-0.0520000000000004,0.012999999999999,0.0549999999999997,156.0,157.0,155.0,147.0,149.0,92.0,92.0,94.0,92.0,93.0,99.38,99.99,99.38,106.42,175.83,119.5,118.23,116.96,118.23,114.42,118.76,118.76,114.01,128.27,114.01,122.04
2013-03-20,154.0,93.0,93.88,122.04,118.76,4.047,3.989,-0.0410000000000003,-0.0830000000000001,-0.1100000000000003,-0.0100293542074364,-0.0264613904257878,4.106,4.07925,4.021583333333333,0.0489557623437259,0.0785288845858886,-0.0469999999999997,-0.0760000000000005,-0.0789999999999997,-0.011645193260654,-0.0194198623402163,4.0447500000000005,4.00375,3.946,0.0430222810488382,0.0807018321619542,-0.0579999999999998,-0.0059999999999993,0.0310000000000005,154.0,156.0,157.0,147.0,148.0,92.0,92.0,96.0,92.0,94.0,99.38,99.38,99.38,101.83,172.16,122.04,119.5,118.23,116.96,113.15,118.76,118.76,116.39,114.01,114.01,124.59
2013-03-27,151.0,91.0,89.6,124.59,123.52,4.006,3.935,-0.0409999999999994,-0.0819999999999998,-0.1529999999999995,-0.0101309612058313,-0.0367876893484009,4.06775,4.089125,4.0289166666666665,0.0533190084928076,0.0592487190942045,-0.0539999999999998,-0.1009999999999995,-0.1540000000000003,-0.0135372273752819,-0.0376620200538029,4.00625,4.015,3.9547499999999993,0.0568939071135557,0.0586782997125293,-0.0710000000000001,-0.0130000000000003,-0.0010000000000007,154.0,154.0,157.0,148.0,148.0,93.0,92.0,92.0,91.0,94.0,93.88,99.38,99.99,100.91,152.9,122.04,122.04,118.23,116.96,113.15,118.76,118.76,118.76,114.01,114.01,124.59
2013-04-03,151.0,90.0,80.42,124.59,123.52,3.993,3.915,-0.0130000000000003,-0.0539999999999998,-0.137,-0.0032451323015477,-0.0331719128329297,4.0335,4.085500000000001,4.03575,0.0430077512392447,0.0645888092917998,-0.02,-0.0739999999999998,-0.1500000000000003,-0.0050825921219822,-0.03690036900369,3.96875,4.01175,3.96125,0.0546526913028677,0.063854186572751,-0.0779999999999998,-0.0069999999999996,-0.0130000000000003,151.0,154.0,156.0,152.0,148.0,91.0,93.0,92.0,92.0,92.0,89.6,93.88,99.38,98.77,114.06,124.59,122.04,119.5,116.96,113.15,123.52,118.76,118.76,114.01,114.01,120.77
2013-04-10,150.0,89.0,87.15,120.77,118.76,3.977,3.888,-0.016,-0.0290000000000003,-0.1110000000000002,-0.004007012271475,-0.0271526418786692,4.00575,4.069625,4.042666666666666,0.0299485670217674,0.0742735051781358,-0.0270000000000001,-0.0470000000000001,-0.1479999999999997,-0.0068965517241379,-0.0366699702675915,3.93175,3.998125,3.966583333333334,0.0427502436637958,0.0776005108599472,-0.0889999999999999,-0.0110000000000001,-0.0369999999999994,151.0,151.0,154.0,155.0,147.0,90.0,91.0,92.0,94.0,92.0,80.42,89.6,99.38,99.38,106.42,124.59,124.59,122.04,116.96,118.23,123.52,123.52,118.76,114.01,128.27,120.77
2013-04-17,149.0,89.0,83.48,120.77,118.76,3.942,3.852,-0.0349999999999997,-0.0509999999999997,-0.1049999999999995,-0.0088006034699521,-0.0259451445515195,3.9795,4.04275,4.046,0.0276706824393217,0.076989331357499,-0.036,-0.0630000000000001,-0.137,-0.0092592592592593,-0.0343444472298821,3.8975,3.971125,3.968333333333333,0.035930488446182,0.0868421186489538,-0.0900000000000003,-0.0010000000000003,-0.0320000000000004,150.0,151.0,154.0,157.0,147.0,89.0,90.0,93.0,96.0,92.0,87.15,80.42,93.88,99.38,101.83,120.77,124.59,122.04,118.23,116.96,118.76,123.52,118.76,116.39,114.01,120.77
2013-04-24,147.0,89.0,0.0,120.77,118.76,3.887,3.802,-0.0550000000000001,-0.0899999999999998,-0.1190000000000002,-0.0139523084728564,-0.0297054418372442,3.94975,4.00875,4.042666666666666,0.0469423405181824,0.0783649885381773,-0.0499999999999998,-0.0859999999999998,-0.133,-0.0129802699896157,-0.0337992376111817,3.86425,3.93525,3.96475,0.048869724779068,0.0903987199657098,-0.0849999999999999,0.0050000000000003,-0.0139999999999997,149.0,150.0,151.0,157.0,148.0,89.0,89.0,91.0,92.0,91.0,83.48,87.15,89.6,99.99,100.91,120.77,120.77,124.59,118.23,116.96,118.76,118.76,123.52,118.76,114.01,118.23
2013-05-01,145.0,91.0,0.0,118.23,116.39,3.851,3.757,-0.036,-0.0910000000000001,-0.1419999999999999,-0.0092616413686648,-0.0355622339093413,3.91425,3.973875,4.028416666666667,0.0561270879343685,0.0787771495151424,-0.0449999999999999,-0.0949999999999997,-0.1579999999999999,-0.0118358758548132,-0.0403575989782886,3.82475,3.89675,3.9494166666666666,0.0573025595703712,0.092800477215576,-0.0939999999999998,-0.0089999999999998,-0.016,147.0,149.0,151.0,156.0,152.0,89.0,89.0,90.0,92.0,92.0,0.0,83.48,80.42,99.38,98.77,120.77,120.77,124.59,119.5,116.96,118.76,118.76,123.52,118.76,114.01,114.42
2013-05-08,145.0,92.0,88.07,114.42,114.01,3.845,3.735,-0.0059999999999997,-0.0419999999999998,-0.1319999999999996,-0.0015580368735392,-0.0331908473723912,3.88125,3.9435,4.006833333333334,0.0445449211470057,0.0752557544075203,-0.0220000000000002,-0.0670000000000001,-0.153,-0.0058557359595422,-0.0393518518518518,3.7865,3.859125,3.927583333333333,0.0518105523355688,0.0892275381899474,-0.1100000000000003,-0.0160000000000004,-0.0210000000000003,145.0,147.0,150.0,154.0,155.0,91.0,89.0,89.0,92.0,94.0,0.0,0.0,87.15,99.38,99.38,118.23,120.77,120.77,122.04,116.96,116.39,118.76,118.76,118.76,114.01,114.42
2013-05-15,146.0,92.0,85.01,114.42,114.01,3.866,3.739,0.0209999999999999,0.0150000000000001,-0.076,0.0054616384915473,-0.0192795535261288,3.86225,3.920875,3.982583333333333,0.0187149672720344,0.0663786486757315,0.004,-0.0180000000000002,-0.1129999999999999,0.0010709504685408,-0.0293354101765316,3.75825,3.827875,3.900166666666667,0.0306960909560802,0.0806056316714452,-0.1270000000000002,-0.0169999999999999,-0.0369999999999999,145.0,145.0,149.0,154.0,157.0,92.0,91.0,89.0,93.0,96.0,88.07,0.0,83.48,93.88,99.38,114.42,118.23,120.77,122.04,118.23,114.01,116.39,118.76,118.76,116.39,113.15
2013-05-22,147.0,92.0,83.48,113.15,111.64,3.89,3.775,0.024,0.0449999999999999,0.0030000000000001,0.0062079668908432,0.0007718034473886,3.863,3.906375,3.9601666666666655,0.0200499376555965,0.0571562707472269,0.036,0.04,-0.0270000000000001,0.0096282428456806,-0.007101525512888,3.7515,3.807875,3.874,0.0183575597502522,0.069282934406748,-0.1150000000000002,0.012,-0.0300000000000002,146.0,145.0,147.0,151.0,157.0,92.0,92.0,89.0,91.0,92.0,85.01,88.07,0.0,89.6,99.99,114.42,114.42,120.77,124.59,118.23,114.01,114.01,118.76,123.52,118.76,114.42
2013-05-29,146.0,93.0,94.8,114.42,111.64,3.88,3.775,-0.0100000000000002,0.0139999999999997,0.0289999999999999,-0.0025706940874036,0.00753051155544,3.87025,3.89225,3.939333333333333,0.0194999999998248,0.0454556298573693,0.0,0.036,0.0179999999999997,0.0,0.0047910566941709,3.756,3.790375,3.8498333333333328,0.021999999999636,0.0544529613520668,-0.1049999999999999,0.0100000000000002,-0.0110000000000001,147.0,146.0,145.0,151.0,156.0,92.0,92.0,91.0,90.0,92.0,83.48,85.01,0.0,80.42,99.38,113.15,114.42,118.23,124.59,119.5,111.64,114.01,116.39,123.52,118.76,111.87
2013-06-05,146.0,94.0,96.32,111.87,106.89,3.869,3.77,-0.0109999999999996,-0.0209999999999999,0.024,-0.0028350515463916,0.0062418725617685,3.87625,3.87875,3.921083333333333,0.0109658560994141,0.0301508114084375,-0.0049999999999998,-0.0049999999999998,0.0350000000000001,-0.0013245033112582,0.0093708165997323,3.76475,3.775625,3.827666666666667,0.017327723450696,0.0376067528131915,-0.0990000000000002,0.0059999999999997,0.0110000000000001,146.0,147.0,145.0,150.0,154.0,93.0,92.0,92.0,89.0,92.0,94.8,83.48,88.07,87.15,99.38,114.42,113.15,114.42,120.77,122.04,111.64,111.64,114.01,118.76,118.76,111.87
2013-06-12,145.0,94.0,89.6,111.87,106.89,3.849,3.748,-0.02,-0.0309999999999996,-0.0169999999999999,-0.0051692943913156,-0.0043973098810139,3.872,3.867125,3.904583333333333,0.0175689119372772,0.0175941345750279,-0.0219999999999997,-0.0269999999999996,0.0090000000000003,-0.0058355437665782,0.0024070607114201,3.767,3.762625,3.807583333333333,0.0128840987260945,0.0222898920079006,-0.1009999999999999,-0.0019999999999997,0.0260000000000002,146.0,146.0,146.0,149.0,154.0,94.0,93.0,92.0,89.0,93.0,96.32,94.8,85.01,83.48,93.88,111.87,114.42,114.42,120.77,122.04,106.89,111.64,114.01,118.76,118.76,115.69
2013-06-19,145.0,95.0,90.21,115.69,114.01,3.841,3.741,-0.008,-0.028,-0.0489999999999999,-0.0020784619381657,-0.0125964010282776,3.85975,3.861375,3.890833333333333,0.0179141471094782,0.0176872633759394,-0.0070000000000001,-0.0289999999999999,-0.0339999999999998,-0.0018676627534685,-0.0090066225165562,3.7585,3.755,3.791416666666666,0.0165428735910842,0.0166046465100539,-0.1,0.0009999999999998,0.0150000000000001,145.0,146.0,147.0,147.0,151.0,94.0,94.0,92.0,89.0,91.0,89.6,96.32,83.48,0.0,89.6,111.87,111.87,113.15,120.77,124.59,106.89,106.89,111.64,118.76,123.52,116.96
2013-06-26,145.0,93.0,98.77,116.96,114.01,3.838,3.74,-0.0030000000000001,-0.0110000000000001,-0.0419999999999998,-0.0007810466024472,-0.0108247422680411,3.849250000000001,3.85975,3.877916666666666,0.0139612559127117,0.0193002590660216,-0.0009999999999998,-0.008,-0.0349999999999997,-0.0002673082063618,-0.0092715231788078,3.74975,3.752875,3.776833333333333,0.0139612559123731,0.0173817432960435,-0.0979999999999998,0.0020000000000002,0.0070000000000001,145.0,145.0,146.0,145.0,151.0,95.0,94.0,93.0,91.0,90.0,90.21,89.6,94.8,0.0,80.42,115.69,111.87,114.42,118.23,124.59,114.01,106.89,111.64,116.39,123.52,116.96
2013-07-03,144.0,93.0,93.88,116.96,114.01,3.817,3.734,-0.0209999999999999,-0.024,-0.052,-0.005471599791558,-0.0134401654174205,3.83625,3.85625,3.8645833333333335,0.013647344063729,0.0242590189417361,-0.0060000000000002,-0.0070000000000001,-0.036,-0.0016042780748664,-0.0095490716180371,3.74075,3.75275,3.764,0.0057373048246502,0.0175316041156163,-0.0830000000000001,0.0149999999999996,0.016,145.0,145.0,146.0,145.0,150.0,93.0,95.0,94.0,92.0,89.0,98.77,90.21,96.32,88.07,87.15,116.96,115.69,111.87,114.42,120.77,114.01,114.01,106.89,114.01,118.76,115.69
2013-07-10,144.0,91.0,88.07,115.69,114.01,3.828,3.753,0.0109999999999996,-0.0100000000000002,-0.0210000000000003,0.0028818443804032,-0.0054559625876852,3.831,3.8515,3.855083333333333,0.0108627804909191,0.0257515602858997,0.0190000000000001,0.0129999999999999,0.0049999999999998,0.0050883770755223,0.001334044823906,3.742,3.7545,3.75575,0.0079582242565536,0.0166390246969797,-0.0749999999999997,0.0080000000000004,0.0260000000000002,144.0,145.0,145.0,146.0,149.0,93.0,93.0,94.0,92.0,89.0,93.88,98.77,89.6,85.01,83.48,116.96,116.96,111.87,114.42,120.77,114.01,114.01,106.89,114.01,118.76,115.69
2013-07-17,146.0,92.0,86.23,115.69,114.01,3.867,3.798,0.0390000000000001,0.0499999999999998,0.0259999999999998,0.0101880877742948,0.0067690705545431,3.8375,3.848625,3.8534166666666665,0.0214553800555271,0.021823561972288,0.0449999999999999,0.064,0.0569999999999999,0.0119904076738608,0.0152365677626302,3.75625,3.757375,3.755416666666667,0.0289410320015948,0.0218562674896926,-0.0689999999999999,0.0059999999999997,0.0310000000000001,144.0,144.0,145.0,147.0,147.0,91.0,93.0,95.0,92.0,89.0,88.07,93.88,90.21,83.48,0.0,115.69,116.96,115.69,113.15,120.77,114.01,114.01,114.01,111.64,118.76,118.23
2013-07-24,147.0,92.0,81.03,118.23,117.58,3.903,3.841,0.036,0.0750000000000001,0.0649999999999999,0.0093095422808378,0.0169359041167274,3.85375,3.8515,3.85775,0.0392205303379939,0.0273600334171378,0.0430000000000001,0.088,0.1009999999999999,0.011321748288573,0.0270053475935829,3.7815,3.765625,3.7624166666666663,0.0478922401506782,0.0368042602348989,-0.0619999999999998,0.0070000000000001,0.036,146.0,144.0,145.0,146.0,145.0,92.0,91.0,93.0,93.0,91.0,86.23,88.07,98.77,94.8,0.0,115.69,115.69,116.96,114.42,118.23,114.01,114.01,114.01,111.64,116.39,116.96
2013-07-31,148.0,92.0,78.89,116.96,114.01,3.915,3.845,0.012,0.048,0.0979999999999998,0.0030745580322828,0.0256746135708672,3.87825,3.85725,3.863583333333333,0.0392205303379885,0.0352572181061829,0.004,0.0470000000000001,0.1110000000000002,0.0010413954699297,0.0297268344938403,3.80925,3.775,3.7715833333333335,0.0431151558810792,0.0463834946014009,-0.0699999999999998,-0.008,0.0130000000000003,147.0,146.0,144.0,146.0,145.0,92.0,92.0,93.0,94.0,92.0,81.03,86.23,93.88,96.32,88.07,118.23,115.69,116.96,111.87,114.42,117.58,114.01,114.01,106.89,114.01,118.23
2013-08-07,148.0,93.0,87.15,118.23,117.58,3.909,3.841,-0.0060000000000002,0.0059999999999997,0.0809999999999999,-0.0015325670498085,0.0211598746081504,3.8985,3.86475,3.8671666666666673,0.0215638586526789,0.0393908981512031,-0.004,0.0,0.088,-0.001040312093628,0.0234479083399947,3.83125,3.786625,3.7800833333333337,0.0222467226046754,0.0501510219238815,-0.0679999999999996,0.0020000000000002,0.0070000000000001,148.0,147.0,144.0,145.0,146.0,92.0,92.0,91.0,94.0,92.0,78.89,81.03,88.07,89.6,85.01,116.96,118.23,115.69,111.87,114.42,114.01,117.58,114.01,106.89,114.01,115.69
2013-08-14,147.0,92.0,107.64,115.69,114.01,3.896,3.824,-0.0129999999999999,-0.0190000000000001,0.0289999999999999,-0.0033256587362496,0.0074993535040082,3.90575,3.871625,3.8676666666666666,0.0081394102975947,0.0394531820192522,-0.0170000000000003,-0.0210000000000003,0.0259999999999998,-0.0044259307472013,0.006845708267509,3.83775,3.797,3.784166666666667,0.0093585967599815,0.0478987026368709,-0.072,-0.0040000000000004,-0.0030000000000001,148.0,148.0,146.0,145.0,147.0,93.0,92.0,92.0,95.0,92.0,87.15,78.89,86.23,90.21,83.48,118.23,116.96,115.69,115.69,113.15,117.58,114.01,114.01,114.01,111.64,114.42
2013-08-21,147.0,93.0,108.56,114.42,114.01,3.9,3.822,0.004,-0.0089999999999998,-0.0030000000000001,0.0010266940451746,-0.0007686395080707,3.905,3.879375,3.8693333333333335,0.0086023252666127,0.0379659151648089,-0.0019999999999997,-0.0190000000000001,-0.0190000000000001,-0.0005230125523012,-0.004946628482166,3.833,3.80725,3.788083333333334,0.0116904519437595,0.0424188300506608,-0.0779999999999998,-0.0059999999999997,-0.016,147.0,148.0,147.0,145.0,146.0,92.0,93.0,92.0,93.0,93.0,107.64,87.15,81.03,98.77,94.8,115.69,118.23,118.23,116.96,114.42,114.01,117.58,117.58,114.01,111.64,114.42
2013-08-28,148.0,95.0,119.87,114.42,116.39,3.913,3.829,0.0129999999999999,0.0169999999999999,-0.0020000000000002,0.0033333333333334,-0.0005108556832695,3.9045,3.891375,3.873,0.0078528126591227,0.0297078032079867,0.0070000000000001,0.0050000000000003,-0.016,0.0018315018315018,-0.0041612483745123,3.829,3.819125,3.793,0.0085244745673512,0.0306474771743547,-0.0839999999999996,-0.0059999999999997,-0.0139999999999997,147.0,147.0,148.0,144.0,146.0,93.0,92.0,92.0,93.0,94.0,108.56,107.64,78.89,93.88,96.32,114.42,115.69,116.96,116.96,111.87,114.01,114.01,114.01,114.01,106.89,115.69
2013-09-04,150.0,97.0,129.96,115.69,118.76,3.981,3.897,0.068,0.0809999999999999,0.072,0.017377970866343,0.0184190330007674,3.9225,3.9105,3.884,0.0396694676881221,0.0322224411598781,0.0679999999999996,0.0749999999999997,0.0559999999999996,0.017759206059023,0.0145795365790157,3.843,3.837125,3.8054166666666673,0.0361201698037145,0.0284727313157909,-0.084,-4.440892098500626e-16,-0.0160000000000004,148.0,147.0,148.0,144.0,145.0,95.0,93.0,93.0,91.0,94.0,119.87,108.56,87.15,88.07,89.6,114.42,114.42,118.23,115.69,111.87,116.39,114.01,117.58,114.01,106.89,120.77
2013-09-11,150.0,99.0,138.52,120.77,128.27,3.981,3.898,0.0,0.068,0.0849999999999999,0.0,0.021817248459959,3.94375,3.92475,3.895666666666667,0.0433387817086719,0.0352977134024969,0.0010000000000003,0.0689999999999999,0.0740000000000002,0.0002566076469079,0.0193514644351464,3.8615,3.849625,3.8185,0.0416693332477919,0.0307056881656171,-0.0829999999999997,0.0010000000000003,-0.0109999999999996,150.0,148.0,147.0,146.0,145.0,97.0,95.0,92.0,92.0,95.0,129.96,119.87,107.64,86.23,90.21,115.69,114.42,115.69,115.69,115.69,118.76,116.39,114.01,114.01,114.01,128.4
2013-09-18,150.0,97.0,168.19,128.4,147.27,3.974,3.889,-0.0069999999999996,-0.0069999999999996,0.0740000000000002,-0.0017583521728208,0.0189743589743589,3.96225,3.933625,3.907,0.0329987373494539,0.0378792725079379,-0.0090000000000003,-0.008,0.0669999999999997,-0.0023088763468446,0.0175300889586602,3.87825,3.855625,3.830916666666667,0.0330794498137731,0.0333549632204627,-0.0850000000000004,-0.0020000000000006,-0.0070000000000005,150.0,150.0,147.0,147.0,145.0,99.0,97.0,93.0,92.0,93.0,138.52,129.96,108.56,81.03,98.77,120.77,115.69,114.42,118.23,116.96,128.27,118.76,114.01,117.58,114.01,132.21
2013-09-25,149.0,106.0,170.63,132.21,152.02,3.949,3.862,-0.0250000000000003,-0.032,0.036,-0.006290890790136,0.009200102223358,3.97125,3.937875,3.918,0.0151959424406016,0.0373953301135596,-0.0269999999999996,-0.036,0.0329999999999999,-0.0069426587811776,0.008618438234526,3.8865,3.85775,3.841583333333334,0.0168226038407201,0.0331220686035955,-0.0869999999999997,-0.0019999999999993,-0.0030000000000001,150.0,150.0,148.0,148.0,144.0,97.0,99.0,95.0,92.0,93.0,168.19,138.52,119.87,78.89,93.88,128.4,120.77,114.42,116.96,116.96,147.27,128.27,116.39,114.01,114.01,147.47
2013-10-02,148.0,114.0,181.95,147.47,166.27,3.919,3.831,-0.0299999999999998,-0.0550000000000001,-0.0619999999999998,-0.0075968599645479,-0.0155739763878421,3.95575,3.939125,3.925583333333333,0.0280876603984446,0.0364473690998693,-0.0310000000000001,-0.0579999999999998,-0.0659999999999998,-0.0080269290523045,-0.0169361046959198,3.87,3.8565,3.848083333333333,0.0301662062576993,0.0340210019170281,-0.088,-0.0010000000000003,-0.004,149.0,150.0,150.0,148.0,144.0,106.0,97.0,97.0,93.0,91.0,170.63,168.19,129.96,87.15,88.07,132.21,128.4,115.69,118.23,115.69,152.02,147.27,118.76,117.58,114.01,143.66
2013-10-09,147.0,114.0,168.19,143.66,161.52,3.897,3.805,-0.0220000000000002,-0.052,-0.084,-0.0056136769584078,-0.0211002260738507,3.93475,3.93925,3.928083333333333,0.0337478394368992,0.0362796676629029,-0.0259999999999998,-0.0569999999999999,-0.0929999999999999,-0.0067867397546331,-0.0238583889173935,3.84675,3.854125,3.8486666666666665,0.0365547534526276,0.0371346488184147,-0.0919999999999996,-0.0039999999999995,-0.0089999999999998,148.0,149.0,150.0,147.0,146.0,114.0,106.0,99.0,92.0,92.0,181.95,170.63,138.52,107.64,86.23,147.47,132.21,120.77,115.69,115.69,166.27,152.02,128.27,114.01,114.01,146.2
2013-10-16,147.0,115.0,191.12,146.2,156.77,3.886,3.797,-0.0109999999999996,-0.0329999999999999,-0.088,-0.0028226841159866,-0.0221439355812783,3.91275,3.9375,3.926666666666667,0.0277893864630444,0.038700313767858,-0.008,-0.0339999999999998,-0.0919999999999996,-0.0021024967148488,-0.0236564669580868,3.82375,3.851,3.845,0.0293413814713861,0.0410678880462737,-0.0889999999999999,0.0029999999999996,-0.0039999999999995,147.0,148.0,150.0,147.0,147.0,114.0,114.0,97.0,93.0,92.0,168.19,181.95,168.19,108.56,81.03,143.66,147.47,128.4,114.42,118.23,161.52,166.27,147.27,114.01,117.58,141.11
2013-10-23,147.0,113.0,196.01,141.11,152.02,3.886,3.8,0.0,-0.0109999999999996,-0.0629999999999997,0.0,-0.0159534059255507,3.897,3.934125,3.92425,0.0155563491858699,0.042164431523864,0.0029999999999996,-0.0050000000000003,-0.0620000000000002,0.0007900974453514,-0.0160538581046091,3.80825,3.847375,3.84125,0.0155214904777097,0.0444295188232663,-0.0860000000000003,0.0029999999999996,0.0009999999999994,147.0,147.0,149.0,148.0,148.0,115.0,114.0,106.0,95.0,92.0,191.12,168.19,170.63,119.87,78.89,146.2,143.66,132.21,114.42,116.96,156.77,161.52,152.02,116.39,114.01,139.84
2013-10-30,146.0,118.0,188.98,139.84,147.27,3.87,3.783,-0.016,-0.016,-0.0489999999999999,-0.0041173443129182,-0.0125031895891808,3.88475,3.92025,3.921,0.0111168040967834,0.0427943587739474,-0.0169999999999999,-0.0140000000000002,-0.048,-0.0044736842105262,-0.0125293657008613,3.79625,3.833125,3.8364166666666666,0.0094295634389832,0.0445210624312786,-0.0870000000000001,-0.0009999999999998,0.0009999999999998,147.0,147.0,148.0,150.0,148.0,113.0,115.0,114.0,97.0,93.0,196.01,191.12,181.95,129.96,87.15,141.11,146.2,147.47,115.69,118.23,152.02,156.77,166.27,118.76,117.58,138.57
2013-11-06,146.0,131.0,178.28,138.57,144.89,3.857,3.769,-0.0129999999999999,-0.0289999999999999,-0.0399999999999995,-0.0033591731266149,-0.0102643058763149,3.87475,3.90475,3.91775,0.0140326999062821,0.0400133906159857,-0.0139999999999997,-0.0309999999999996,-0.036,-0.0037007665873645,-0.0094612352168199,3.78725,3.817,3.831833333333333,0.0142448821213072,0.0408796142001441,-0.088,-0.0009999999999998,0.0039999999999995,146.0,147.0,147.0,150.0,147.0,118.0,113.0,114.0,99.0,92.0,188.98,196.01,168.19,138.52,107.64,139.84,141.11,143.66,120.77,115.69,147.27,152.02,161.52,128.27,114.01,138.57
2013-11-13,145.0,120.0,211.61,138.57,142.52,3.832,3.752,-0.0250000000000003,-0.0380000000000002,-0.0540000000000002,-0.0064817215452425,-0.0138960370560988,3.86125,3.887,3.912083333333333,0.0228235988980706,0.0362215405527683,-0.0170000000000003,-0.0310000000000001,-0.0450000000000003,-0.0045104802334837,-0.0118514616802739,3.776,3.799875,3.826,0.0204124145227875,0.034626321532425,-0.08,0.008,0.0089999999999998,146.0,146.0,147.0,150.0,147.0,131.0,118.0,115.0,97.0,93.0,178.28,188.98,191.12,168.19,108.56,138.57,139.84,146.2,128.4,114.42,144.89,147.27,156.77,147.27,114.01,134.76
2013-11-20,144.0,102.0,198.77,134.76,133.02,3.822,3.745,-0.0099999999999997,-0.0350000000000001,-0.064,-0.0026096033402922,-0.0164693772516726,3.84525,3.871125,3.9045,0.0221114600752709,0.032839164336222,-0.0069999999999996,-0.024,-0.0549999999999997,-0.0018656716417909,-0.0144736842105261,3.76225,3.78525,3.819,0.0171148084023839,0.0288679258497532,-0.0769999999999999,0.0030000000000001,0.0090000000000003,145.0,146.0,147.0,149.0,148.0,120.0,131.0,113.0,106.0,95.0,211.61,178.28,196.01,170.63,119.87,138.57,138.57,141.11,132.21,114.42,142.52,144.89,152.02,152.02,116.39,134.76
2013-11-27,145.0,108.0,162.07,134.76,133.02,3.844,3.753,0.0219999999999997,0.012,-0.0260000000000002,0.0057561486132913,-0.00671834625323,3.83875,3.86175,3.893083333333333,0.0151299922888418,0.0274889588227428,0.008,0.0010000000000003,-0.0299999999999998,0.0021361815754339,-0.007930214115781,3.75475,3.7755,3.807,0.0101447851948884,0.0239642591017415,-0.0909999999999997,-0.0139999999999997,-0.0039999999999995,144.0,145.0,146.0,148.0,150.0,102.0,120.0,118.0,114.0,97.0,198.77,211.61,188.98,181.95,129.96,134.76,138.57,139.84,147.47,115.69,133.02,142.52,147.27,166.27,118.76,138.57
2013-12-04,147.0,112.0,165.74,138.57,137.77,3.883,3.78,0.0390000000000001,0.0609999999999999,0.0259999999999998,0.0101456815816858,0.0067409904070521,3.84525,3.86,3.884916666666667,0.0267254560296663,0.0252812748325403,0.0269999999999996,0.0349999999999997,0.0109999999999996,0.0071942446043165,0.0029185460334304,3.7575,3.772375,3.797166666666667,0.015416441439268,0.0210165750916058,-0.1030000000000002,-0.0120000000000004,-0.0150000000000001,145.0,144.0,146.0,147.0,150.0,108.0,102.0,131.0,114.0,99.0,162.07,198.77,178.28,168.19,138.52,134.76,134.76,138.57,143.66,120.77,133.02,133.02,144.89,161.52,128.27,144.93
2013-12-11,146.0,132.0,164.52,144.93,144.89,3.879,3.773,-0.004,0.0350000000000001,0.0470000000000001,-0.0010301313417461,0.0122651356993737,3.857,3.859125,3.877,0.0291776169919125,0.0243570904904183,-0.0069999999999996,0.02,0.0210000000000003,-0.0018518518518517,0.0055970149253732,3.76275,3.769375,3.7875,0.0164595463683025,0.0185698488341709,-0.1059999999999998,-0.0029999999999996,-0.0259999999999998,147.0,145.0,145.0,147.0,150.0,112.0,108.0,120.0,115.0,97.0,165.74,162.07,211.61,191.12,168.19,138.57,134.76,138.57,146.2,128.4,137.77,133.02,142.52,156.77,147.27,151.28
2013-12-18,146.0,135.0,176.44,151.28,149.64,3.871,3.766,-0.008,-0.012,0.0489999999999999,-0.0020623872131992,0.0128205128205127,3.86925,3.85725,3.8705,0.0175570498658855,0.0224992063355541,-0.0070000000000001,-0.0139999999999997,0.0209999999999999,-0.0018552875695733,0.005607476635514,3.768,3.765125,3.7795,0.0115181016947335,0.0138506059695579,-0.1049999999999999,0.0009999999999998,-0.028,146.0,147.0,144.0,147.0,149.0,132.0,112.0,102.0,113.0,106.0,164.52,165.74,198.77,196.01,170.63,144.93,138.57,134.76,141.11,132.21,144.89,137.77,133.02,152.02,152.02,147.47
2013-12-25,146.0,133.0,180.42,147.47,140.14,3.873,3.772,0.0020000000000002,-0.0059999999999997,0.0290000000000003,0.000516662361147,0.007544224765869,3.8765,3.857625,3.8666666666666663,0.0055075705466557,0.0227654970769015,0.0059999999999997,-0.0010000000000003,0.0189999999999996,0.0015932023366966,0.0050626165734077,3.77275,3.76375,3.7745833333333336,0.0057373048245799,0.0122794834702189,-0.1010000000000004,0.0039999999999995,-0.0100000000000006,146.0,146.0,145.0,146.0,148.0,135.0,132.0,108.0,118.0,114.0,176.44,164.52,162.07,188.98,181.95,151.28,144.93,134.76,139.84,147.47,149.64,144.89,133.02,147.27,166.27,147.47
2014-01-01,147.0,130.0,179.5,147.47,140.14,3.903,3.789,0.0299999999999998,0.032,0.02,0.0077459333849727,0.0051506567087302,3.8815,3.863375,3.8671666666666655,0.0147309198624175,0.0278308025655779,0.0170000000000003,0.0230000000000001,0.0090000000000003,0.004506892895016,0.0023809523809523,3.775,3.76625,3.77325,0.0098319208016599,0.015191633035832,-0.1139999999999998,-0.0129999999999994,-0.0109999999999996,146.0,146.0,147.0,146.0,147.0,133.0,135.0,112.0,131.0,114.0,180.42,176.44,165.74,178.28,168.19,147.47,151.28,138.57,138.57,143.66,140.14,149.64,137.77,144.89,161.52,147.47
2014-01-08,148.0,133.0,173.69,147.47,140.14,3.91,3.802,0.0070000000000001,0.0369999999999999,0.0310000000000001,0.0017934921854982,0.0079917504511473,3.88925,3.873125,3.869166666666666,0.0201390996155777,0.0289108852463908,0.0129999999999999,0.0300000000000002,0.0289999999999999,0.0034309844286091,0.0076861913596606,3.78225,3.7725,3.7736666666666663,0.0163783393536502,0.0184313397701838,-0.1080000000000001,0.0059999999999997,-0.0020000000000002,147.0,146.0,146.0,145.0,147.0,130.0,133.0,132.0,120.0,115.0,179.5,180.42,164.52,211.61,191.12,147.47,147.47,144.93,138.57,146.2,140.14,140.14,144.89,142.52,156.77,144.93
2014-01-15,147.0,139.0,171.24,144.93,135.39,3.886,3.78,-0.024,-0.0169999999999999,0.0150000000000001,-0.0061381074168798,0.0038749677086025,3.893,3.881125,3.869166666666666,0.0167132681820791,0.0203219620822622,-0.0220000000000002,-0.0090000000000003,0.0139999999999997,-0.0057864281956865,0.003717472118959,3.78575,3.776875,3.772,0.0128679187639884,0.0147593795846562,-0.1060000000000003,0.0019999999999997,-0.0010000000000003,148.0,147.0,146.0,144.0,147.0,133.0,130.0,135.0,102.0,113.0,173.69,179.5,176.44,198.77,196.01,147.47,147.47,151.28,134.76,141.11,140.14,140.14,149.64,133.02,152.02,143.66
2014-01-22,146.0,133.0,169.71,143.66,133.02,3.873,3.771,-0.0129999999999999,-0.0369999999999999,0.0,-0.0033453422542459,0.0,3.893,3.88475,3.8694166666666665,0.0167132681820791,0.014508618129091,-0.0089999999999998,-0.0310000000000001,-0.0009999999999998,-0.0023809523809523,-0.0002651113467656,3.7855,3.779125,3.771,0.0132287565546908,0.011642747589734,-0.1020000000000003,0.004,-0.0009999999999998,147.0,148.0,146.0,145.0,146.0,139.0,133.0,133.0,108.0,118.0,171.24,173.69,180.42,162.07,188.98,144.93,147.47,147.47,134.76,139.84,135.39,140.14,140.14,133.02,147.27,143.66
2014-01-29,147.0,119.0,180.42,143.66,133.02,3.904,3.772,0.0309999999999996,0.0179999999999997,0.0009999999999998,0.0080041311644718,0.0002562131693568,3.89325,3.887375,3.873333333333333,0.0169189243154746,0.0159726328454582,0.0009999999999998,-0.008,-0.0170000000000003,0.0002651816494299,-0.0044866719451043,3.78125,3.778125,3.77125,0.0144077525421794,0.0118976288157874,-0.1320000000000001,-0.0299999999999998,-0.0180000000000002,146.0,147.0,147.0,147.0,146.0,133.0,139.0,130.0,112.0,131.0,169.71,171.24,179.5,165.74,178.28,143.66,144.93,147.47,138.57,138.57,133.02,135.39,140.14,137.77,144.89,143.66
2014-02-05,149.0,116.0,0.0,143.66,133.02,3.951,3.775,0.0470000000000001,0.0779999999999998,0.0409999999999999,0.0120389344262294,0.0104859335038363,3.9035,3.896375,3.88325,0.0341223289551859,0.0270340393898169,0.0030000000000001,0.004,-0.0270000000000001,0.0007953340402968,-0.007101525512888,3.7745,3.778375,3.7731666666666666,0.0040414518822808,0.011795126112496,-0.1760000000000001,-0.044,-0.068,147.0,146.0,148.0,146.0,145.0,119.0,133.0,133.0,132.0,120.0,180.42,169.71,173.69,164.52,211.61,143.66,143.66,147.47,144.93,138.57,133.02,133.02,140.14,144.89,142.52,141.11
2014-02-12,150.0,137.0,179.5,141.11,133.02,3.977,3.788,0.0259999999999998,0.0729999999999999,0.0909999999999997,0.0065806125031637,0.0234173957797219,3.92625,3.909625,3.8961666666666672,0.0466145542364061,0.0369707896281683,0.0129999999999999,0.016,0.008,0.0034437086092715,0.0021164021164021,3.7765,3.781125,3.77675,0.0078528126585375,0.0110380834262101,-0.189,-0.0129999999999999,-0.0829999999999997,149.0,147.0,147.0,146.0,144.0,116.0,119.0,139.0,135.0,102.0,0.0,180.42,171.24,176.44,198.77,143.66,143.66,144.93,151.28,134.76,133.02,133.02,135.39,149.64,133.02,132.21
2014-02-19,151.0,129.0,183.48,132.21,128.27,3.989,3.783,0.012,0.0379999999999998,0.1159999999999996,0.0030173497611265,0.0299509424218951,3.95525,3.924125,3.90825,0.037668510279255,0.0428366915491059,-0.0049999999999998,0.008,0.012,-0.0013199577613516,0.0031821797931583,3.7795,3.7825,3.77925,0.0073257536574767,0.0104060422013081,-0.2059999999999999,-0.0169999999999999,-0.1039999999999996,150.0,149.0,146.0,146.0,145.0,137.0,116.0,133.0,133.0,108.0,179.5,0.0,169.71,180.42,162.07,141.11,143.66,143.66,147.47,134.76,133.02,133.02,133.02,140.14,133.02,134.76
2014-02-26,152.0,133.0,181.03,134.76,133.02,4.017,3.806,0.0280000000000004,0.0400000000000004,0.1130000000000004,0.0070193030834797,0.0289446721311477,3.9835,3.938375,3.9194166666666663,0.0273922130052414,0.0526441897487456,0.0230000000000001,0.0180000000000002,0.0340000000000002,0.0060798308220988,0.0090137857900318,3.788,3.784625,3.7814166666666655,0.013140268895646,0.0132658261283207,-0.2110000000000003,-0.0050000000000003,-0.0790000000000001,151.0,150.0,147.0,147.0,147.0,129.0,137.0,119.0,130.0,112.0,183.48,179.5,180.42,179.5,165.74,132.21,141.11,143.66,147.47,138.57,128.27,133.02,133.02,140.14,137.77,134.76
2014-03-05,152.0,133.0,189.59,134.76,133.02,4.016,3.793,-0.0010000000000003,0.0270000000000001,0.0649999999999999,-0.0002489419965149,0.0164515312579094,3.99975,3.951625,3.9308333333333336,0.0199562020432473,0.0575895265777111,-0.0129999999999999,0.0100000000000002,0.0180000000000002,-0.0034156594850236,0.0047682119205298,3.7925,3.7835,3.783083333333334,0.0098826447193959,0.0118923745079889,-0.2229999999999998,-0.0119999999999995,-0.0469999999999997,152.0,151.0,149.0,148.0,146.0,133.0,129.0,116.0,133.0,132.0,181.03,183.48,0.0,173.69,164.52,134.76,132.21,143.66,147.47,144.93,133.02,128.27,133.02,140.14,144.89,132.21
2014-03-12,152.0,151.0,191.12,132.21,133.02,4.021,3.814,0.0049999999999998,0.0039999999999995,0.044,0.0012450199203186,0.011063615790797,4.01075,3.9685,3.943333333333333,0.0146600363798108,0.0553482481334777,0.0209999999999999,0.008,0.0260000000000002,0.0055365146322172,0.0068637803590285,3.799,3.78775,3.787083333333333,0.013735598518073,0.0158722579187169,-0.2069999999999998,0.016,-0.0179999999999997,152.0,152.0,150.0,147.0,146.0,133.0,133.0,137.0,139.0,135.0,189.59,181.03,179.5,171.24,176.44,134.76,134.76,141.11,144.93,151.28,133.02,133.02,133.02,135.39,149.64,134.76
2014-03-19,151.0,177.0,176.75,134.76,142.52,4.003,3.803,-0.0179999999999997,-0.0129999999999999,0.0140000000000002,-0.0044764983834866,0.0035096515417398,4.01425,3.98475,3.954166666666667,0.0078049129820461,0.0403582174321699,-0.0110000000000001,0.0099999999999997,0.02,-0.002884111169376,0.0052868094105207,3.804,3.79175,3.7896666666666663,0.0086794777098779,0.0150594061733995,-0.2000000000000001,0.0069999999999996,0.0059999999999997,152.0,152.0,151.0,146.0,146.0,151.0,133.0,129.0,133.0,133.0,191.12,189.59,183.48,169.71,180.42,132.21,134.76,132.21,143.66,147.47,133.02,133.02,128.27,133.02,140.14,134.76
2014-03-26,150.0,136.0,143.42,134.76,137.77,3.988,3.8,-0.0150000000000001,-0.0329999999999999,-0.0290000000000003,-0.0037471896077941,-0.0072193178989296,4.007,3.99525,3.96125,0.0147648230599216,0.023932942031902,-0.0030000000000001,-0.0140000000000002,-0.0060000000000002,-0.0007888509071786,-0.0015764582238571,3.8025,3.79525,3.7905833333333327,0.008736894947079,0.0129145543591496,-0.1880000000000001,0.012,0.0230000000000001,151.0,152.0,152.0,147.0,147.0,177.0,151.0,133.0,119.0,130.0,176.75,191.12,181.03,180.42,179.5,134.76,132.21,134.76,143.66,147.47,142.52,133.02,133.02,133.02,140.14,130.94
2014-04-02,150.0,144.0,127.21,130.94,133.02,3.975,3.804,-0.0129999999999999,-0.028,-0.0409999999999999,-0.003259779338014,-0.0102091633466134,3.99675,3.99825,3.9666666666666655,0.0198053023201111,0.0184758529674229,0.004,0.0009999999999998,0.0109999999999996,0.0010526315789474,0.0029000790930659,3.80525,3.798875,3.79075,0.0060759087097801,0.0102041658164555,-0.1710000000000002,0.0169999999999999,0.0519999999999996,150.0,151.0,152.0,149.0,148.0,136.0,177.0,133.0,116.0,133.0,143.42,176.75,189.59,0.0,173.69,134.76,134.76,134.76,143.66,147.47,137.77,142.52,133.02,133.02,140.14,127.13
2014-04-09,149.0,133.0,113.14,127.13,128.27,3.959,3.793,-0.016,-0.0289999999999999,-0.0619999999999998,-0.0040251572327043,-0.0154190499875652,3.98125,3.996,3.97275,0.0187327698608076,0.0221617430984011,-0.0109999999999996,-0.0069999999999996,-0.0209999999999999,-0.0028916929547843,-0.0055060304142632,3.8,3.7995,3.791833333333333,0.0049665548068726,0.0095767575788471,-0.1659999999999999,0.0050000000000003,0.0409999999999999,150.0,150.0,152.0,150.0,147.0,144.0,136.0,151.0,137.0,139.0,127.21,143.42,191.12,179.5,171.24,130.94,134.76,132.21,141.11,144.93,133.02,137.77,133.02,133.02,135.39,127.13
2014-04-16,149.0,123.0,117.42,127.13,128.27,3.952,3.79,-0.0070000000000001,-0.0230000000000001,-0.0510000000000001,-0.0017681232634504,-0.0127404446665001,3.9685,3.991375,3.979333333333333,0.0161761140778075,0.0271342561563699,-0.0030000000000001,-0.0139999999999997,-0.0129999999999999,-0.0007909306617454,-0.003418353931107,3.79675,3.800375,3.793416666666667,0.006396613686141,0.0080522845034192,-0.1619999999999999,0.004,0.0380000000000002,149.0,150.0,151.0,151.0,146.0,133.0,144.0,177.0,129.0,133.0,113.14,127.21,176.75,183.48,169.71,127.13,130.94,134.76,132.21,143.66,128.27,133.02,142.52,128.27,133.02,120.77
2014-04-23,150.0,130.0,115.28,120.77,125.89,3.971,3.82,0.0190000000000001,0.012,-0.0169999999999999,0.0048076923076922,-0.0042627883650953,3.96425,3.985625,3.984916666666667,0.0106262254191379,0.0257678509556723,0.0299999999999998,0.0269999999999996,0.02,0.0079155672823219,0.0052631578947368,3.80175,3.802125,3.7974166666666656,0.0135738719598709,0.0105754094825687,-0.1510000000000002,0.0109999999999996,0.0369999999999999,149.0,149.0,150.0,152.0,147.0,123.0,133.0,136.0,133.0,119.0,117.42,113.14,143.42,181.03,180.42,127.13,127.13,134.76,134.76,143.66,128.27,128.27,137.77,133.02,133.02,120.77
2014-04-30,150.0,116.0,110.09,120.77,125.89,3.975,3.824,0.004,0.0230000000000001,0.0,0.001007302946361,0.0,3.96425,3.9805,3.986916666666667,0.0106262254191379,0.0227658892710625,0.004,0.0339999999999998,0.02,0.0010471204188482,0.0052576235541534,3.80675,3.806,3.8015,0.0177270979007531,0.0122940171283669,-0.1510000000000002,0.0,0.02,150.0,149.0,150.0,152.0,149.0,130.0,123.0,144.0,133.0,116.0,115.28,117.42,127.21,189.59,0.0,120.77,127.13,130.94,134.76,143.66,125.89,128.27,133.02,133.02,133.02,119.5
2014-05-07,150.0,110.0,111.61,119.5,125.89,3.964,3.813,-0.0110000000000001,-0.0070000000000001,0.0049999999999998,-0.0027672955974843,0.0012629451881787,3.9655,3.973375,3.985833333333333,0.0100829889744215,0.0162738835479059,-0.0109999999999996,-0.0069999999999996,0.02,-0.0028765690376568,0.005272871078302,3.81175,3.805875,3.8035833333333335,0.0151959424403184,0.0122058241371431,-0.1509999999999998,4.440892098500626e-16,0.0150000000000001,150.0,150.0,149.0,152.0,150.0,116.0,130.0,133.0,151.0,137.0,110.09,115.28,113.14,191.12,179.5,120.77,120.77,127.13,132.21,141.11,125.89,125.89,128.27,133.02,133.02,118.23
2014-05-14,149.0,97.0,108.56,118.23,123.52,3.948,3.797,-0.016,-0.0270000000000001,-0.004,-0.0040363269424823,-0.0010121457489878,3.9645,3.9665,3.982416666666667,0.0119023807138876,0.0133202316588355,-0.016,-0.0269999999999996,0.0070000000000001,-0.0041961709939679,0.0018469656992083,3.8135,3.805125,3.80475,0.0119023807135145,0.012586131824172,-0.1509999999999998,0.0,0.0110000000000001,150.0,150.0,149.0,151.0,151.0,110.0,116.0,123.0,177.0,129.0,111.61,110.09,117.42,176.75,183.48,119.5,120.77,127.13,134.76,132.21,125.89,125.89,128.27,142.52,128.27,120.77
2014-05-21,148.0,96.0,114.06,120.77,125.89,3.934,3.791,-0.0139999999999997,-0.0299999999999998,-0.0369999999999999,-0.00354609929078,-0.0093175522538403,3.95525,3.95975,3.9755,0.0179884222022156,0.01449876842117,-0.0060000000000002,-0.0220000000000002,-0.0289999999999999,-0.0015801948907032,-0.0075916230366491,3.80625,3.804,3.8035,0.015041608955923,0.0134801441284581,-0.1430000000000002,0.0079999999999995,0.008,149.0,150.0,150.0,150.0,152.0,97.0,110.0,130.0,136.0,133.0,108.56,111.61,115.28,143.42,181.03,118.23,119.5,120.77,134.76,134.76,123.52,125.89,125.89,137.77,133.02,119.5
2014-05-28,148.0,104.0,110.09,119.5,123.52,3.925,3.783,-0.0090000000000003,-0.0230000000000001,-0.0500000000000002,-0.0022877478393493,-0.0125786163522013,3.94275,3.9535,3.967916666666666,0.0170367250371678,0.0174601587299067,-0.008,-0.0140000000000002,-0.0409999999999999,-0.0021102611448167,-0.0107217573221757,3.796,3.801375,3.802666666666667,0.0127017059215059,0.0153895836761103,-0.1419999999999999,0.0010000000000003,0.0090000000000003,148.0,149.0,150.0,150.0,152.0,96.0,97.0,116.0,144.0,133.0,114.06,108.56,110.09,127.21,189.59,120.77,118.23,120.77,130.94,134.76,125.89,123.52,125.89,133.02,133.02,116.96
2014-06-04,148.0,104.0,107.94,116.96,118.76,3.918,3.783,-0.0069999999999996,-0.016,-0.0459999999999998,-0.0017834394904457,-0.0116044399596366,3.93125,3.948375,3.959333333333333,0.0129453981524558,0.0212262472294311,0.0,-0.008,-0.0300000000000002,0.0,-0.00786782061369,3.7885,3.800125,3.800083333333333,0.0068068592843208,0.0165308153807539,-0.1350000000000002,0.0069999999999996,0.0159999999999995,148.0,148.0,150.0,149.0,152.0,104.0,96.0,110.0,133.0,151.0,110.09,114.06,111.61,113.14,191.12,119.5,120.77,119.5,127.13,132.21,123.52,125.89,125.89,128.27,133.02,114.42
2014-06-11,147.0,110.0,114.06,114.42,114.01,3.892,3.769,-0.0260000000000002,-0.0329999999999999,-0.056,-0.0066360387953038,-0.0141843971631205,3.91725,3.940875,3.950083333333333,0.018062391867982,0.028955322728335,-0.0139999999999997,-0.0139999999999997,-0.028,-0.0037007665873645,-0.0073742428232815,3.7815,3.7975,3.79725,0.0091469484884298,0.0197267041634574,-0.1229999999999997,0.0120000000000004,0.028,148.0,148.0,149.0,149.0,151.0,104.0,104.0,97.0,123.0,177.0,107.94,110.09,108.56,117.42,176.75,116.96,119.5,118.23,127.13,134.76,118.76,123.52,123.52,128.27,142.52,111.87
2014-06-18,146.0,107.0,112.23,111.87,109.26,3.882,3.77,-0.0099999999999997,-0.036,-0.052,-0.0025693730729701,-0.0132180986273513,3.90425,3.92975,3.94125,0.0205324945714378,0.0325960120262625,0.0009999999999998,-0.0129999999999999,-0.0209999999999999,0.0002653223666755,-0.0055394355051436,3.77625,3.79125,3.79475,0.0078049129815823,0.0194990842278294,-0.1120000000000001,0.0109999999999996,0.0310000000000001,147.0,148.0,148.0,150.0,150.0,110.0,104.0,96.0,130.0,136.0,114.06,107.94,114.06,115.28,143.42,114.42,116.96,120.77,120.77,134.76,114.01,118.76,125.89,125.89,137.77,110.6
2014-06-25,148.0,110.0,112.84,110.6,109.26,3.919,3.813,0.0369999999999999,0.0270000000000001,-0.0059999999999997,0.0095311695002575,-0.001528662420382,3.90275,3.92275,3.9365833333333335,0.0186435869222142,0.0270277635037791,0.0430000000000001,0.044,0.0300000000000002,0.0114058355437665,0.007930214115781,3.78375,3.789875,3.7955,0.0205162537186971,0.0171000208858181,-0.1059999999999998,0.0060000000000002,0.036,146.0,147.0,148.0,150.0,150.0,107.0,110.0,104.0,116.0,144.0,112.23,114.06,110.09,110.09,127.21,111.87,114.42,119.5,120.77,130.94,109.26,114.01,123.52,125.89,133.02,106.79
2014-07-02,148.0,117.0,115.59,106.79,104.51,3.92,3.816,0.0009999999999998,0.0379999999999998,0.0019999999999997,0.000255167134473,0.0005104645227156,3.90325,3.91725,3.9333333333333336,0.0192072035096075,0.0213055995326288,0.0029999999999996,0.0459999999999998,0.0329999999999999,0.0007867820613689,0.0087232355273592,3.792,3.79025,3.797416666666667,0.0260128173531783,0.0177018965895421,-0.104,0.0019999999999997,0.0310000000000001,148.0,146.0,148.0,150.0,149.0,110.0,107.0,104.0,110.0,133.0,112.84,112.23,107.94,111.61,113.14,110.6,111.87,116.96,119.5,127.13,109.26,109.26,118.76,125.89,128.27,109.33
2014-07-09,148.0,103.0,105.5,109.33,111.64,3.913,3.802,-0.0070000000000001,-0.0060000000000002,0.0209999999999999,-0.0017857142857142,0.0053956834532373,3.9085,3.912875,3.9300833333333336,0.0179350680695497,0.0173076159954146,-0.0139999999999997,-0.0110000000000001,0.0329999999999999,-0.0036687631027253,0.0087556381002917,3.80025,3.790875,3.7984166666666663,0.0210455854432631,0.0180589313086268,-0.1109999999999997,-0.0069999999999996,0.012,148.0,148.0,147.0,149.0,149.0,117.0,110.0,110.0,97.0,123.0,115.59,112.84,114.06,108.56,117.42,106.79,110.6,114.42,118.23,127.13,104.51,109.26,114.01,123.52,128.27,109.33
2014-07-16,147.0,121.0,123.85,109.33,114.01,3.894,3.787,-0.0189999999999996,-0.0259999999999998,0.012,-0.0048556095067722,0.0030911901081915,3.9115,3.907875,3.923666666666666,0.0120692446598503,0.0160662690135616,-0.0150000000000001,-0.0289999999999999,0.0169999999999999,-0.0039452919516044,0.0045092838196285,3.8045,3.790375,3.795666666666667,0.0131275791110277,0.0181102772719482,-0.1070000000000002,0.0039999999999995,0.0049999999999998,148.0,148.0,146.0,148.0,150.0,103.0,117.0,107.0,96.0,130.0,105.5,115.59,112.23,114.06,115.28,109.33,106.79,111.87,120.77,120.77,111.64,104.51,109.26,125.89,125.89,108.06
2014-07-23,146.0,128.0,167.27,108.06,111.64,3.869,3.773,-0.0249999999999999,-0.0439999999999995,-0.0499999999999998,-0.0064201335387775,-0.0127583567236539,3.899,3.900875,3.9148333333333327,0.022818121453344,0.0193939423536342,-0.0139999999999997,-0.0289999999999999,-0.04,-0.0036968576709796,-0.01049042748492,3.7945,3.789125,3.791416666666666,0.018592113022725,0.0190145620890482,-0.096,0.0110000000000001,0.0099999999999997,147.0,148.0,148.0,148.0,150.0,121.0,103.0,110.0,104.0,116.0,123.85,105.5,112.84,110.09,110.09,109.33,109.33,110.6,119.5,120.77,114.01,111.64,109.26,123.52,125.89,106.79
2014-07-30,146.0,146.0,171.24,106.79,110.45,3.858,3.767,-0.0110000000000001,-0.036,-0.0619999999999998,-0.0028431119152235,-0.0158163265306121,3.8835,3.893375,3.906,0.0247722963541908,0.0230771222522353,-0.0060000000000002,-0.02,-0.0489999999999999,-0.0015902464882057,-0.0128406708595387,3.78225,3.787125,3.7875833333333335,0.0156071564776113,0.0205317698077459,-0.0910000000000001,0.0049999999999998,0.0129999999999999,146.0,147.0,148.0,148.0,150.0,128.0,121.0,117.0,104.0,110.0,167.27,123.85,115.59,107.94,111.61,108.06,109.33,106.79,116.96,119.5,111.64,114.01,104.51,118.76,125.89,105.52
2014-08-06,145.0,134.0,143.11,105.52,109.26,3.853,3.754,-0.0049999999999998,-0.016,-0.0599999999999996,-0.001296008294453,-0.0153335037055966,3.8685,3.8885,3.8980833333333336,0.0182665450115821,0.027166155414707,-0.0129999999999999,-0.0190000000000001,-0.048,-0.0034510220334483,-0.0126249342451341,3.77025,3.78525,3.784,0.0136961065020984,0.0229642579428736,-0.0990000000000002,-0.008,0.0119999999999995,146.0,146.0,148.0,147.0,149.0,146.0,128.0,103.0,110.0,97.0,171.24,167.27,105.5,114.06,108.56,106.79,108.06,109.33,114.42,118.23,110.45,111.64,111.64,114.01,123.52,105.52
2014-08-13,145.0,128.0,135.16,105.52,108.08,3.843,3.75,-0.0100000000000002,-0.0150000000000001,-0.0510000000000001,-0.0025953802232027,-0.0130970724191064,3.855750000000001,3.883625,3.8905,0.0108128010552498,0.0316315281237654,-0.004,-0.0169999999999999,-0.0369999999999999,-0.0010655301012253,-0.0097702667018748,3.761,3.78275,3.780583333333333,0.0108012344965888,0.0257778975094883,-0.0929999999999999,0.0060000000000002,0.0140000000000002,145.0,146.0,147.0,146.0,148.0,134.0,146.0,121.0,107.0,96.0,143.11,171.24,123.85,112.23,114.06,105.52,106.79,109.33,111.87,120.77,109.26,110.45,114.01,109.26,125.89,109.33
2014-08-20,145.0,123.0,142.81,109.33,114.01,3.835,3.739,-0.008,-0.0180000000000002,-0.0340000000000002,-0.0020817069997397,-0.0087878004652365,3.84725,3.873125,3.883,0.0102753750942362,0.032148927998372,-0.0110000000000001,-0.0150000000000001,-0.0340000000000002,-0.0029333333333333,-0.0090113967664988,3.7525,3.7735,3.7769166666666663,0.0115614301299809,0.0266351003647112,-0.096,-0.0030000000000001,0.0,145.0,145.0,146.0,148.0,148.0,128.0,134.0,128.0,110.0,104.0,135.16,143.11,167.27,112.84,110.09,105.52,105.52,108.06,110.6,119.5,108.08,109.26,111.64,109.26,123.52,111.87
2014-08-27,144.0,118.0,143.42,111.87,116.39,3.821,3.732,-0.0139999999999997,-0.0219999999999997,-0.0369999999999999,-0.0036505867014341,-0.0095904613789528,3.838,3.86075,3.874916666666666,0.0135154232882576,0.0305415407977656,-0.0069999999999996,-0.0179999999999997,-0.0349999999999997,-0.0018721583311044,-0.0092912131669763,3.74375,3.763,3.7726666666666655,0.0100788557543618,0.0239045721868899,-0.0889999999999999,0.0070000000000001,0.0020000000000002,145.0,145.0,146.0,148.0,148.0,123.0,128.0,146.0,117.0,104.0,142.81,135.16,171.24,115.59,107.94,109.33,105.52,106.79,106.79,116.96,114.01,108.08,110.45,104.51,118.76,116.96
2014-09-03,144.0,120.0,182.25,116.96,123.52,3.814,3.72,-0.0070000000000001,-0.0209999999999999,-0.0390000000000001,-0.0018319811567653,-0.0101219828704905,3.82825,3.848375,3.8684166666666666,0.0131497781981668,0.0260764672237814,-0.012,-0.0189999999999996,-0.0339999999999998,-0.0032154340836012,-0.0090570058604154,3.73525,3.75275,3.768583333333333,0.0125797456247743,0.0223207142745013,-0.0939999999999998,-0.0049999999999998,0.0050000000000003,144.0,145.0,145.0,148.0,147.0,118.0,123.0,134.0,103.0,110.0,143.42,142.81,143.11,105.5,114.06,111.87,109.33,105.52,109.33,114.42,116.39,114.01,109.26,111.64,114.01,118.23
2014-09-10,144.0,123.0,203.96,118.23,123.52,3.814,3.715,0.0,-0.0070000000000001,-0.0289999999999999,0.0,-0.0075461878740566,3.821,3.838375,3.86275,0.0098994949363326,0.0209075345274316,-0.0050000000000003,-0.0170000000000003,-0.0350000000000001,-0.0013440860215054,-0.0093333333333334,3.7265,3.74375,3.7640000000000007,0.0109696551138812,0.0210153005487071,-0.0990000000000002,-0.0050000000000003,-0.0060000000000002,144.0,144.0,145.0,147.0,146.0,120.0,118.0,128.0,121.0,107.0,182.25,143.42,135.16,123.85,112.23,116.96,111.87,105.52,109.33,111.87,123.52,116.39,108.08,114.01,109.26,118.23
2014-09-17,143.0,134.0,193.57,118.23,123.52,3.801,3.706,-0.0129999999999999,-0.0129999999999999,-0.0339999999999998,-0.0034084950183533,-0.0088657105606257,3.8125,3.829875,3.8529166666666663,0.0083466560167127,0.0204969509931524,-0.0089999999999998,-0.0140000000000002,-0.0329999999999999,-0.0024226110363391,-0.0088258892752072,3.71825,3.735375,3.755083333333333,0.0108435848923515,0.0210437469506717,-0.0950000000000002,0.004,0.0009999999999998,144.0,144.0,145.0,146.0,148.0,123.0,120.0,123.0,128.0,110.0,203.96,182.25,142.81,167.27,112.84,118.23,116.96,109.33,108.06,110.6,123.52,123.52,114.01,111.64,109.26,115.69
2014-09-24,143.0,159.0,252.28,115.69,121.14,3.778,3.696,-0.0230000000000001,-0.036,-0.0430000000000001,-0.0060510392002105,-0.011253598534415,3.80175,3.819875,3.841083333333333,0.0169779268461991,0.0240263991717128,-0.0099999999999997,-0.0189999999999996,-0.036,-0.0026983270372368,-0.0096463022508038,3.70925,3.7265,3.745083333333333,0.0105633012509241,0.0207708587072895,-0.0819999999999998,0.0130000000000003,0.0070000000000001,143.0,144.0,144.0,146.0,148.0,134.0,123.0,118.0,146.0,117.0,193.57,203.96,143.42,171.24,115.59,118.23,118.23,111.87,106.79,106.79,123.52,123.52,116.39,110.45,104.51,116.96
2014-10-01,142.0,183.0,326.28,116.96,121.14,3.755,3.685,-0.0230000000000001,-0.0460000000000002,-0.0590000000000001,-0.006087877183695,-0.0154693235448348,3.787,3.807625,3.827916666666667,0.0260128173534101,0.0291593528247524,-0.0110000000000001,-0.0209999999999999,-0.0350000000000001,-0.0029761904761904,-0.0094086021505376,3.7005,3.717875,3.735333333333333,0.0129228479827235,0.0220093324363853,-0.0699999999999998,0.012,0.024,143.0,143.0,144.0,145.0,148.0,159.0,134.0,120.0,134.0,103.0,252.28,193.57,182.25,143.11,105.5,115.69,118.23,116.96,105.52,109.33,121.14,123.52,123.52,109.26,111.64,119.5
2014-10-08,141.0,169.0,272.77,119.5,116.39,3.733,3.662,-0.0219999999999997,-0.0449999999999999,-0.0809999999999999,-0.0058588548601863,-0.0212375458835867,3.76675,3.793875,3.8145,0.0293072800966296,0.0353692259297909,-0.0230000000000001,-0.0340000000000002,-0.0529999999999999,-0.0062415196743554,-0.0142664872139972,3.68725,3.706875,3.724916666666666,0.0188922382647336,0.025390872938539,-0.0710000000000001,-0.0010000000000003,0.028,142.0,143.0,144.0,145.0,147.0,183.0,159.0,123.0,128.0,121.0,326.28,252.28,203.96,135.16,123.85,116.96,115.69,118.23,105.52,109.33,121.14,121.14,123.52,108.08,114.01,116.96
2014-10-15,140.0,180.0,254.73,116.96,118.76,3.698,3.637,-0.0350000000000001,-0.0569999999999999,-0.1030000000000002,-0.009375837128315,-0.0270981320705078,3.741,3.77675,3.80025,0.0340489843215551,0.0445797840155432,-0.0249999999999999,-0.048,-0.0689999999999999,-0.006826870562534,-0.0186184565569347,3.67,3.694125,3.7135833333333337,0.0261661358754353,0.0317644792632704,-0.0609999999999999,0.0100000000000002,0.0340000000000002,141.0,142.0,143.0,145.0,146.0,169.0,183.0,134.0,123.0,128.0,272.77,326.28,193.57,142.81,167.27,119.5,116.96,118.23,109.33,108.06,116.39,121.14,123.52,114.01,111.64,115.69
2014-10-22,138.0,135.0,266.96,115.69,116.39,3.656,3.589,-0.0419999999999998,-0.0769999999999999,-0.1219999999999998,-0.0113574905354244,-0.0322922181048173,3.7105,3.756125,3.783416666666666,0.0432550575077272,0.0574840039863345,-0.048,-0.0729999999999999,-0.1070000000000002,-0.0131976904041792,-0.0289502164502165,3.64325,3.67625,3.69875,0.041136966343977,0.0449181795841331,-0.0670000000000001,-0.0060000000000002,0.0149999999999996,140.0,141.0,143.0,144.0,146.0,180.0,169.0,159.0,118.0,146.0,254.73,272.77,252.28,143.42,171.24,116.96,119.5,115.69,111.87,106.79,118.76,116.39,121.14,116.39,110.45,116.96
2014-10-29,137.0,131.0,267.57,116.96,116.39,3.635,3.563,-0.0210000000000003,-0.0630000000000001,-0.1200000000000001,-0.0057439824945296,-0.0319573901464713,3.6805,3.73375,3.76525,0.0437149859887593,0.0659518222428912,-0.0259999999999998,-0.0739999999999998,-0.1219999999999998,-0.0072443577598215,-0.0331071913161464,3.61275,3.656625,3.682833333333333,0.0449175169985976,0.0560023915306516,-0.0719999999999996,-0.0049999999999994,-0.0019999999999997,138.0,140.0,142.0,144.0,145.0,135.0,180.0,183.0,120.0,134.0,266.96,254.73,326.28,182.25,143.11,115.69,116.96,116.96,116.96,105.52,116.39,118.76,121.14,123.52,109.26,116.96
2014-11-05,137.0,117.0,259.92,116.96,121.14,3.623,3.532,-0.0119999999999995,-0.0329999999999999,-0.1099999999999998,-0.0033012379642364,-0.02946691668899,3.653000000000001,3.709875,3.746916666666667,0.0329545141065377,0.0673083257428129,-0.0310000000000001,-0.0569999999999999,-0.1299999999999999,-0.00870053325849,-0.0354997269251774,3.58025,3.63375,3.6646666666666663,0.0444325331259258,0.06534687663327,-0.0910000000000001,-0.0190000000000005,-0.02,137.0,138.0,141.0,144.0,145.0,131.0,135.0,169.0,123.0,128.0,267.57,266.96,272.77,203.96,135.16,116.96,115.69,119.5,118.23,105.52,116.39,116.39,116.39,123.52,108.08,115.69
2014-11-12,139.0,104.0,234.54,115.69,118.76,3.677,3.562,0.0539999999999998,0.0420000000000002,-0.0209999999999999,0.0149047750483024,-0.0056787452677122,3.64775,3.694375,3.73375,0.0237960080685419,0.0567801210184685,0.0299999999999998,-0.0010000000000003,-0.0750000000000001,0.0084937712344279,-0.0206213912565301,3.5615,3.61575,3.6499166666666665,0.023302360395179,0.0623670013480876,-0.1150000000000002,-0.024,-0.0540000000000002,137.0,137.0,140.0,143.0,145.0,117.0,131.0,180.0,134.0,123.0,259.92,267.57,254.73,193.57,142.81,116.96,116.96,116.96,118.23,109.33,121.14,116.39,118.76,123.52,114.01,113.78
2014-11-19,138.0,98.0,204.58,113.78,116.39,3.661,3.542,-0.016,0.0379999999999998,0.0049999999999998,-0.0043513734022301,0.0013676148796497,3.649,3.67975,3.720416666666667,0.0244948974277927,0.0462562737059261,-0.02,0.0099999999999997,-0.0470000000000001,-0.0056148231330712,-0.0130955697966007,3.54975,3.5965,3.634083333333333,0.015283433296231,0.0576467072533404,-0.1190000000000002,-0.004,-0.052,139.0,137.0,138.0,143.0,144.0,104.0,117.0,135.0,159.0,118.0,234.54,259.92,266.96,252.28,143.42,115.69,116.96,115.69,115.69,111.87,118.76,121.14,116.39,121.14,116.39,110.6
2014-11-26,137.0,95.0,168.19,110.6,114.01,3.628,3.511,-0.0329999999999999,-0.0489999999999999,-0.0069999999999996,-0.0090139306200491,-0.0019257221458045,3.64725,3.663875,3.704916666666667,0.0260304309094462,0.0377527198643682,-0.0309999999999996,-0.0509999999999997,-0.052,-0.0087521174477694,-0.014594442885209,3.53675,3.57475,3.6166666666666663,0.0212190951736218,0.052037761014844,-0.1169999999999999,0.0020000000000002,-0.0450000000000003,138.0,139.0,137.0,142.0,144.0,98.0,104.0,131.0,183.0,120.0,204.58,234.54,267.57,326.28,182.25,113.78,115.69,116.96,116.96,116.96,116.39,118.76,116.39,121.14,123.52,110.6
2014-12-03,136.0,95.0,175.83,110.6,114.01,3.605,3.501,-0.0230000000000001,-0.056,-0.0180000000000002,-0.0063395810363837,-0.0049682583494342,3.64275,3.647875,3.6875,0.0323972735478087,0.0307452086861897,-0.0100000000000002,-0.0409999999999999,-0.0310000000000001,-0.002848191398462,-0.0087768969422423,3.529,3.554625,3.5988333333333338,0.0280832096928755,0.0439835602405944,-0.104,0.0129999999999999,-0.0129999999999999,137.0,138.0,137.0,141.0,144.0,95.0,98.0,117.0,169.0,123.0,168.19,204.58,259.92,272.77,203.96,110.6,113.78,116.96,119.5,118.23,114.01,116.39,121.14,116.39,123.52,108.06
2014-12-10,133.0,97.0,153.81,108.06,109.26,3.535,3.434,-0.0699999999999998,-0.0929999999999999,-0.1419999999999999,-0.0194174757281553,-0.0386184389447918,3.60725,3.6275,3.665333333333333,0.0533689984916235,0.0439545219518352,-0.0669999999999997,-0.0769999999999999,-0.1279999999999996,-0.0191373893173377,-0.0359348680516562,3.497,3.52925,3.576166666666667,0.0454825974044418,0.0480409051896192,-0.1009999999999999,0.0030000000000001,0.0140000000000002,136.0,137.0,139.0,140.0,143.0,95.0,95.0,104.0,180.0,134.0,175.83,168.19,234.54,254.73,193.57,110.6,110.6,115.69,116.96,118.23,114.01,114.01,118.76,118.76,123.52,105.52
2014-12-17,129.0,95.0,151.37,105.52,106.89,3.419,3.328,-0.1160000000000001,-0.1859999999999999,-0.242,-0.0328147100424328,-0.0661021578803605,3.5467500000000003,3.597875,3.6354166666666665,0.0939019879093806,0.0838049393362767,-0.1060000000000003,-0.173,-0.2139999999999999,-0.0308677926616192,-0.0604178430265386,3.4435,3.496625,3.5455,0.084247650807933,0.0797960570096989,-0.0910000000000001,0.0099999999999997,0.028,133.0,136.0,138.0,138.0,143.0,97.0,95.0,98.0,135.0,159.0,153.81,175.83,204.58,266.96,252.28,108.06,110.6,113.78,115.69,115.69,109.26,114.01,116.39,116.39,121.14,101.7
2014-12-24,124.0,97.0,136.69,101.7,102.14,3.281,3.175,-0.1379999999999999,-0.254,-0.347,-0.040362679145949,-0.0956449834619624,3.46,3.5536250000000003,3.595916666666667,0.141859085010449,0.1375966543406058,-0.153,-0.2590000000000003,-0.3360000000000003,-0.0459735576923077,-0.0956992309883224,3.3595,3.448125,3.503,0.1421325672274189,0.1335187921498404,-0.1060000000000003,-0.0150000000000001,0.0109999999999996,129.0,133.0,137.0,137.0,142.0,95.0,97.0,95.0,131.0,183.0,151.37,153.81,168.19,267.57,326.28,105.52,108.06,110.6,116.96,116.96,106.89,109.26,114.01,116.39,121.14,101.7
2014-12-31,121.0,96.0,119.26,101.7,102.14,3.213,3.121,-0.068,-0.2059999999999999,-0.3919999999999999,-0.0207253886010362,-0.1087378640776698,3.362,3.502375,3.552583333333333,0.1436894800139191,0.1783775590466527,-0.0539999999999998,-0.2069999999999998,-0.3799999999999999,-0.0170078740157479,-0.1085404170237075,3.2645,3.39675,3.457916666666667,0.1430209774822966,0.1705669118808829,-0.092,0.0140000000000002,0.012,124.0,129.0,136.0,137.0,141.0,97.0,95.0,95.0,117.0,169.0,136.69,151.37,175.83,259.92,272.77,101.7,105.52,110.6,116.96,119.5,102.14,106.89,114.01,121.14,116.39,99.16
2015-01-07,118.0,93.0,122.32,99.16,99.76,3.137,3.045,-0.076,-0.1440000000000001,-0.3980000000000001,-0.0236539060068472,-0.1125884016973126,3.2625,3.4348750000000003,3.5058333333333334,0.1197706140921293,0.2032889832585593,-0.076,-0.1299999999999999,-0.3890000000000002,-0.0243511694969561,-0.1132789749563192,3.16725,3.332125,3.408583333333333,0.1197006683356157,0.1951778950452516,-0.092,0.0,0.0089999999999998,121.0,124.0,133.0,139.0,140.0,96.0,97.0,97.0,104.0,180.0,119.26,136.69,153.81,234.54,254.73,101.7,101.7,108.06,115.69,116.96,102.14,102.14,109.26,118.76,118.76,92.8
2015-01-14,115.0,88.0,144.33,92.8,95.01,3.053,2.964,-0.084,-0.1600000000000001,-0.3660000000000001,-0.0267771756455211,-0.1070488446914302,3.171,3.3588750000000003,3.4555833333333337,0.0982242332625078,0.2196662647225456,-0.0809999999999999,-0.157,-0.3639999999999999,-0.0266009852216748,-0.109375,3.07625,3.259875,3.3565,0.0918889728603377,0.2125924588771628,-0.0889999999999999,0.0030000000000001,0.0020000000000002,118.0,121.0,129.0,138.0,138.0,93.0,96.0,95.0,98.0,135.0,122.32,119.26,151.37,204.58,266.96,99.16,101.7,105.52,113.78,115.69,99.76,102.14,106.89,116.39,116.39,88.99
2015-01-21,111.0,93.0,152.9,88.99,92.64,2.933,2.843,-0.1200000000000001,-0.2040000000000001,-0.3480000000000003,-0.0393056010481494,-0.106065224017068,3.084,3.272,3.397083333333333,0.1200166655094584,0.2349273443915569,-0.121,-0.2019999999999999,-0.3319999999999998,-0.0408232118758434,-0.1045669291338582,2.99325,3.176375,3.2965,0.1189239953359395,0.2303140325109136,-0.0899999999999998,-0.0009999999999998,0.0160000000000004,115.0,118.0,124.0,137.0,137.0,88.0,93.0,97.0,95.0,131.0,144.33,122.32,136.69,168.19,267.57,92.8,99.16,101.7,110.6,116.96,95.01,99.76,102.14,114.01,116.39,86.45
2015-01-28,108.0,93.0,143.72,86.45,87.89,2.866,2.786,-0.0669999999999997,-0.1869999999999998,-0.347,-0.0228435049437435,-0.1079987550575786,2.99725,3.179625,3.334,0.121096036268785,0.230532884236278,-0.0569999999999999,-0.1779999999999999,-0.3349999999999999,-0.0200492437565951,-0.1073373918615828,2.9095,3.087,3.2343333333333333,0.1169116475520322,0.2250142852608212,-0.08,0.0099999999999997,0.012,111.0,115.0,121.0,136.0,137.0,93.0,88.0,96.0,95.0,117.0,152.9,144.33,119.26,175.83,259.92,88.99,92.8,101.7,110.6,116.96,92.64,95.01,102.14,114.01,121.14,71.19
2015-02-04,107.0,92.0,134.55,71.19,76.01,2.831,2.769,-0.0350000000000001,-0.1019999999999998,-0.306,-0.012212142358688,-0.0975454255658272,2.92075,3.091625,3.2635,0.0977969835936283,0.2088450809982214,-0.0169999999999999,-0.0739999999999998,-0.2759999999999998,-0.0061019382627423,-0.0906403940886698,2.8405,3.003875,3.16825,0.088206197817,0.1999488773947937,-0.0619999999999998,0.0180000000000002,0.0300000000000002,108.0,111.0,118.0,133.0,139.0,93.0,93.0,93.0,97.0,104.0,143.72,152.9,122.32,153.81,234.54,86.45,88.99,99.16,108.06,115.69,87.89,92.64,99.76,109.26,118.76,71.19
2015-02-11,107.0,95.0,125.37,71.19,76.01,2.835,2.761,0.004,-0.0310000000000001,-0.2179999999999999,0.001412928293889,-0.0714051752374713,2.86625,3.018625,3.1946666666666665,0.0471690223205884,0.1778297239335877,-0.008,-0.0249999999999999,-0.2029999999999998,-0.002889129649693,-0.0684885290148447,2.78975,2.933,3.103166666666666,0.036998873856726,0.1663052271320367,-0.0739999999999998,-0.012,0.0150000000000001,107.0,108.0,115.0,129.0,138.0,92.0,93.0,88.0,95.0,98.0,134.55,143.72,144.33,151.37,204.58,71.19,86.45,92.8,105.52,113.78,76.01,87.89,95.01,106.89,116.39,69.92
2015-02-18,108.0,94.0,128.43,69.92,76.01,2.865,2.783,0.0300000000000002,0.0340000000000002,-0.0679999999999996,0.0105820105820106,-0.0231844527787247,2.84925,2.966625,3.131083333333333,0.0188392321149384,0.1485606537988871,0.0219999999999997,0.0139999999999997,-0.06,0.0079681274900398,-0.0211044671122054,2.77475,2.884,3.0425,0.0117862914721375,0.1405753483774391,-0.0820000000000003,-0.0080000000000004,0.0079999999999995,107.0,107.0,111.0,124.0,137.0,95.0,92.0,93.0,97.0,95.0,125.37,134.55,152.9,136.69,168.19,71.19,71.19,88.99,101.7,110.6,76.01,76.01,92.64,102.14,114.01,72.46
2015-02-25,109.0,94.0,137.61,72.46,80.76,2.9,2.795,0.0349999999999997,0.0649999999999999,0.0339999999999998,0.0122164048865618,0.0118632240055827,2.85775,2.9275,3.0723333333333334,0.0319934889211386,0.1108306301138734,0.012,0.0339999999999998,0.0089999999999998,0.0043118936399568,0.0032304379038046,2.777,2.84325,2.9836666666666667,0.0150554530541642,0.1047428824721816,-0.1049999999999999,-0.0229999999999996,-0.0249999999999999,108.0,107.0,108.0,121.0,136.0,94.0,95.0,93.0,96.0,95.0,128.43,125.37,143.72,119.26,175.83,69.92,71.19,86.45,101.7,110.6,76.01,76.01,87.89,102.14,114.01,78.82
2015-03-04,111.0,90.0,120.18,78.82,80.76,2.936,2.796,0.036,0.0709999999999997,0.1049999999999999,0.0124137931034482,0.0370893677145884,2.8840000000000003,2.902375,3.0224166666666665,0.043673027526684,0.0728166729338298,0.0009999999999998,0.0129999999999999,0.0269999999999996,0.0003577817531306,0.0097508125677139,2.78375,2.812125,2.9305,0.0162762608318381,0.0660917922287621,-0.1400000000000001,-0.0350000000000001,-0.0780000000000002,109.0,108.0,107.0,118.0,133.0,94.0,94.0,92.0,93.0,97.0,137.61,128.43,134.55,122.32,153.81,72.46,69.92,71.19,99.16,108.06,80.76,76.01,76.01,99.76,109.26,81.36
2015-03-11,111.0,91.0,111.61,81.36,85.51,2.944,2.795,0.008,0.044,0.1089999999999999,0.0027247956403269,0.0384479717813051,2.91125,2.88875,2.9828333333333337,0.0362893464625541,0.045787552893875,-0.0009999999999998,0.0,0.0339999999999998,-0.0003576537911301,0.0123143788482433,2.79225,2.791,2.886083333333333,0.0061846584383637,0.0245938435968643,-0.149,-0.0089999999999998,-0.0750000000000001,111.0,109.0,107.0,115.0,129.0,90.0,94.0,95.0,88.0,95.0,120.18,137.61,125.37,144.33,151.37,78.82,72.46,71.19,92.8,105.52,80.76,80.76,76.01,95.01,106.89,81.36
2015-03-18,110.0,95.0,121.4,81.36,85.51,2.917,2.763,-0.0270000000000001,-0.0190000000000001,0.0519999999999996,-0.0091711956521739,0.0181500872600348,2.92425,2.88675,2.9525,0.0197378654708584,0.0438886578254983,-0.032,-0.0329999999999999,-0.02,-0.0114490161001789,-0.0071864893999281,2.78725,2.781,2.85175,0.0161735380585895,0.0147066554422004,-0.1539999999999999,-0.0049999999999998,-0.0719999999999996,111.0,111.0,108.0,111.0,124.0,91.0,90.0,94.0,93.0,97.0,111.61,120.18,128.43,152.9,136.69,81.36,78.82,69.92,88.99,101.7,85.51,80.76,76.01,92.64,102.14,81.36
2015-03-25,108.0,92.0,133.02,81.36,85.51,2.864,2.715,-0.0529999999999999,-0.08,-0.036,-0.0181693520740486,-0.0124137931034482,2.91525,2.8865,2.9234166666666668,0.0359942124979264,0.0440292110828802,-0.048,-0.08,-0.08,-0.017372421281216,-0.0286225402504473,2.76725,2.772125,2.817916666666666,0.0380558799661715,0.0272943610085862,-0.149,0.0049999999999998,-0.044,110.0,111.0,109.0,108.0,121.0,95.0,91.0,94.0,93.0,96.0,121.4,111.61,137.61,143.72,119.26,81.36,81.36,72.46,86.45,101.7,85.51,85.51,80.76,87.89,102.14,81.36
2015-04-01,107.0,92.0,129.35,81.36,85.51,2.824,2.675,-0.04,-0.0929999999999999,-0.1120000000000001,-0.0139664804469273,-0.0381471389645776,2.88725,2.885625,2.897333333333333,0.053686590504642,0.0453397885811218,-0.04,-0.088,-0.121,-0.014732965009208,-0.0432761087267524,2.737,2.760375,2.7870833333333334,0.052814139520904,0.0439705664541135,-0.149,0.0,-0.0089999999999998,108.0,110.0,111.0,107.0,118.0,92.0,95.0,90.0,92.0,93.0,133.02,121.4,120.18,134.55,122.32,81.36,81.36,78.82,71.19,99.16,85.51,85.51,80.76,76.01,99.76,78.82
2015-04-08,105.0,91.0,134.55,78.82,80.76,2.784,2.643,-0.04,-0.08,-0.1600000000000001,-0.0141643059490085,-0.0543478260869565,2.84725,2.8792500000000003,2.874916666666667,0.056823557321595,0.0558435314070427,-0.032,-0.072,-0.1520000000000001,-0.0119626168224299,-0.0543828264758498,2.699,2.745625,2.760333333333333,0.0518459255872709,0.0604387233958842,-0.141,0.008,0.008,107.0,108.0,111.0,107.0,115.0,92.0,92.0,91.0,95.0,88.0,129.35,133.02,111.61,125.37,144.33,81.36,81.36,81.36,71.19,92.8,85.51,85.51,85.51,76.01,95.01,78.82
2015-04-15,104.0,89.0,142.81,78.82,80.76,2.754,2.62,-0.0299999999999998,-0.0699999999999998,-0.1629999999999998,-0.0107758620689654,-0.0558793280767911,2.8065,2.865375,2.86,0.047871355387971,0.0714881358788847,-0.0229999999999996,-0.0549999999999997,-0.1429999999999998,-0.0087022323117668,-0.0517553384002894,2.66325,2.72525,2.74175,0.0412179168162107,0.0723419459433258,-0.1339999999999999,0.0070000000000001,0.02,105.0,107.0,110.0,108.0,111.0,91.0,92.0,95.0,94.0,93.0,134.55,129.35,121.4,128.43,152.9,78.82,81.36,81.36,69.92,88.99,80.76,85.51,85.51,76.01,92.64,78.82
2015-04-22,105.0,91.0,123.85,78.82,80.76,2.78,2.659,0.0259999999999998,-0.004,-0.084,0.009440813362382,-0.0293296089385475,2.7855,2.850375,2.852833333333333,0.0289078997279614,0.0756532267275822,0.0389999999999997,0.016,-0.056,0.0148854961832058,-0.0206261510128913,2.64925,2.70825,2.7311666666666667,0.023471614061847,0.0695346778850767,-0.121,0.0129999999999999,0.028,104.0,105.0,108.0,109.0,108.0,89.0,91.0,92.0,94.0,93.0,142.81,134.55,133.02,137.61,143.72,78.82,78.82,81.36,72.46,86.45,80.76,80.76,85.51,80.76,87.89,78.82
2015-04-29,106.0,91.0,123.85,78.82,80.76,2.811,2.683,0.0310000000000001,0.0569999999999999,-0.0129999999999999,0.0111510791366906,-0.0046033994334276,2.78225,2.83475,2.8511666666666664,0.0233291662949038,0.067959546790787,0.024,0.0629999999999997,0.008,0.0090259496051146,0.0029906542056075,2.65125,2.694125,2.724,0.0265377090194614,0.0599843729650479,-0.1280000000000001,-0.0070000000000001,0.0209999999999999,105.0,104.0,107.0,111.0,107.0,91.0,89.0,92.0,90.0,92.0,123.85,142.81,129.35,120.18,134.55,78.82,78.82,81.36,78.82,71.19,80.76,80.76,85.51,80.76,76.01,78.18
2015-05-06,108.0,91.0,120.79,78.18,80.76,2.854,2.751,0.0430000000000001,0.0740000000000002,0.0700000000000002,0.0152970473141231,0.0251436781609195,2.79975,2.8235,2.85275,0.0430222810492606,0.0531198106710049,0.068,0.092,0.1080000000000001,0.0253447633246366,0.0408626560726448,2.67825,2.688625,2.7231666666666663,0.0550113624626876,0.0507147132779741,-0.1030000000000002,0.0249999999999999,0.0379999999999998,106.0,105.0,105.0,111.0,107.0,91.0,91.0,91.0,91.0,95.0,123.85,123.85,134.55,111.61,125.37,78.82,78.82,78.82,81.36,71.19,80.76,80.76,80.76,85.51,76.01,76.28
2015-05-13,109.0,87.0,124.76,76.28,77.2,2.878,2.771,0.024,0.0670000000000001,0.1240000000000001,0.0084092501751926,0.0450254175744371,2.83075,2.818625,2.8538333333333337,0.0437369028016492,0.0443844808786387,0.02,0.088,0.1509999999999998,0.0072700836059613,0.0576335877862594,2.716,2.689625,2.7221666666666664,0.0535038939392947,0.0524402721471497,-0.1070000000000002,-0.004,0.0269999999999996,108.0,106.0,104.0,110.0,108.0,91.0,91.0,89.0,95.0,94.0,120.79,123.85,142.81,121.4,128.43,78.18,78.82,78.82,81.36,69.92,80.76,80.76,80.76,85.51,76.01,76.28
2015-05-20,110.0,88.0,116.2,76.28,77.2,2.904,2.793,0.0259999999999998,0.0499999999999998,0.1240000000000001,0.0090340514246003,0.0446043165467626,2.86175,2.823625,2.8541666666666665,0.0395168740330873,0.0518512639328849,0.0220000000000002,0.0420000000000002,0.1340000000000003,0.0079393720678455,0.0503948852952238,2.7495,2.6993750000000003,2.722,0.0475359513070559,0.0638434189471955,-0.1109999999999997,-0.0039999999999995,0.0100000000000002,109.0,108.0,105.0,108.0,109.0,87.0,91.0,91.0,92.0,94.0,124.76,120.79,123.85,133.02,137.61,76.28,78.18,78.82,81.36,72.46,77.2,80.76,80.76,85.51,80.76,76.91
2015-05-27,110.0,87.0,112.53,76.91,78.38,2.914,2.803,0.0100000000000002,0.036,0.1030000000000002,0.003443526170799,0.0366417644966206,2.8875,2.8348750000000003,2.8523333333333336,0.0270000000002406,0.0609154859504593,0.0099999999999997,0.032,0.1200000000000001,0.0035803795202291,0.0447260529258293,2.7795,2.715375,2.722583333333333,0.0232307267786942,0.0723363917502009,-0.1110000000000002,-4.440892098500626e-16,0.0169999999999999,110.0,109.0,106.0,107.0,111.0,88.0,87.0,91.0,92.0,90.0,116.2,124.76,123.85,129.35,120.18,76.28,76.28,78.82,81.36,78.82,77.2,77.2,80.76,85.51,80.76,76.28
2015-06-03,110.0,86.0,114.06,76.28,78.38,2.909,2.799,-0.0050000000000003,0.0049999999999998,0.0549999999999997,-0.0017158544955389,0.0192711983181499,2.90125,2.8505,2.8494166666666665,0.0160286202362949,0.0620230371947906,-0.004,0.0059999999999997,0.048,-0.0014270424545129,0.0174482006543075,2.7915,2.734875,2.7229166666666664,0.0142711830857209,0.0710541795292956,-0.1099999999999998,0.0010000000000003,-0.0069999999999996,110.0,110.0,108.0,105.0,111.0,87.0,88.0,91.0,91.0,91.0,112.53,116.2,120.79,134.55,111.61,76.91,76.28,78.18,78.82,81.36,78.38,77.2,80.76,80.76,85.51,76.79
2015-06-10,109.0,86.0,113.14,76.79,78.38,2.884,2.783,-0.0249999999999999,-0.0300000000000002,0.0059999999999997,-0.00859401856308,0.0020847810979847,2.90275,2.86675,2.8466666666666662,0.0131497781988646,0.0487347045603104,-0.016,-0.02,0.012,-0.0057163272597355,0.0043305665824611,2.7945,2.75525,2.7245833333333334,0.0086986589004353,0.054953876764415,-0.1009999999999999,0.0089999999999998,0.0060000000000002,110.0,110.0,109.0,104.0,110.0,86.0,87.0,87.0,89.0,95.0,114.06,112.53,124.76,142.81,121.4,76.28,76.91,76.28,78.82,81.36,78.38,78.38,77.2,80.76,85.51,78.82
2015-06-17,108.0,87.0,120.79,78.82,81.95,2.87,2.777,-0.0139999999999997,-0.0389999999999997,-0.0339999999999998,-0.0048543689320387,-0.0117079889807162,2.89425,2.878,2.8471666666666664,0.0208226639349095,0.0340126027064455,-0.0059999999999997,-0.0219999999999997,-0.016,-0.0021559468199783,-0.0057286072323666,2.7905,2.77,2.72975,0.0124766448481225,0.0389285058978444,-0.0929999999999999,0.008,0.0179999999999997,109.0,110.0,110.0,105.0,108.0,86.0,86.0,88.0,91.0,92.0,113.14,114.06,116.2,123.85,133.02,76.79,76.28,76.28,78.82,81.36,78.38,78.38,77.2,80.76,85.51,82.63
2015-08-05,101.0,90.0,100.3,88.99,87.89,2.668,2.536,-0.0549999999999997,-0.1139999999999998,-0.1639999999999997,-0.0201983106867424,-0.0579096045197738,2.74675,2.798875,2.8335000000000004,0.0646290698268405,0.0708286413012452,-0.0750000000000001,-0.1379999999999999,-0.1760000000000001,-0.0287246265798545,-0.0648967551622419,2.63225,2.687875,2.723416666666667,0.0757116239424429,0.0796231077371654,-0.1320000000000001,-0.0200000000000004,-0.0120000000000004,103.0,105.0,107.0,109.0,109.0,91.0,91.0,90.0,86.0,87.0,107.03,114.67,129.96,113.14,124.76,90.26,91.53,81.36,76.79,76.28,90.26,92.64,85.51,78.38,77.2,87.72
2015-08-12,99.0,89.0,103.05,87.72,86.7,2.617,2.487,-0.0510000000000001,-0.1059999999999998,-0.197,-0.0191154422788606,-0.0700071073205401,2.6975,2.76725,2.8095833333333338,0.0710422409557654,0.0887496478866755,-0.0489999999999999,-0.1240000000000001,-0.221,-0.0193217665615141,-0.0816100443131462,2.577,2.651625,2.6979166666666665,0.0823528991596697,0.0973020885108918,-0.1299999999999999,0.0020000000000002,-0.024,101.0,103.0,106.0,108.0,110.0,90.0,91.0,92.0,87.0,88.0,100.3,107.03,116.81,120.79,116.2,88.99,90.26,82.63,78.82,76.28,87.89,90.26,87.89,81.95,77.2,90.26
2015-09-02,95.0,87.0,122.32,91.53,90.26,2.514,2.376,-0.0470000000000001,-0.1010000000000004,-0.1540000000000003,-0.018352206169465,-0.057721139430285,2.57675,2.66175,2.724833333333333,0.0492231314189417,0.1052883794972231,-0.0380000000000002,-0.1020000000000003,-0.1600000000000001,-0.015741507870754,-0.0630914826498423,2.43875,2.5355000000000003,2.6048333333333336,0.052974050251088,0.1198212955077392,-0.1379999999999999,0.0089999999999998,-0.0059999999999997,97.0,99.0,101.0,107.0,109.0,89.0,88.0,90.0,90.0,86.0,103.97,96.94,100.3,129.96,113.14,91.53,90.26,88.99,81.36,76.79,91.45,89.07,87.89,85.51,78.38,91.53
2015-09-09,96.0,89.0,135.47,91.53,90.26,2.534,2.385,0.02,-0.0270000000000001,-0.0830000000000001,0.0079554494828957,-0.0317157050057318,2.556,2.62675,2.6968333333333327,0.0437949768811471,0.0933040345170084,0.0089999999999998,-0.0290000000000003,-0.1020000000000003,0.0037878787878786,-0.0410132689987938,2.41325,2.495125,2.5721666666666665,0.0461112784468743,0.1071400118670297,-0.149,-0.0110000000000001,-0.0190000000000001,95.0,97.0,99.0,106.0,108.0,87.0,89.0,89.0,92.0,87.0,122.32,103.97,103.05,116.81,120.79,91.53,91.53,87.72,82.63,78.82,90.26,91.45,86.7,87.89,81.95,87.72
2015-09-30,93.0,103.0,197.85,84.54,84.32,2.476,2.323,-0.0169999999999999,-0.0409999999999999,-0.0379999999999998,-0.0068190934616927,-0.0151153540175019,2.505,2.540875,2.6095,0.0256255081254595,0.0528270425878566,-0.0169999999999999,-0.0390000000000001,-0.0529999999999999,-0.0072649572649572,-0.0223063973063972,2.3525,2.395625,2.4745000000000004,0.0269134414993574,0.0603204241649437,-0.153,0.0,-0.0150000000000001,94.0,95.0,95.0,101.0,107.0,99.0,89.0,87.0,90.0,90.0,184.39,152.9,122.32,100.3,129.96,86.45,87.72,91.53,88.99,81.36,85.51,85.51,90.26,87.89,85.51,83.91
2015-10-07,94.0,95.0,181.03,83.91,84.32,2.492,2.323,0.016,-0.0009999999999998,-0.0419999999999998,0.0064620355411955,-0.016574585635359,2.4945,2.52525,2.5826666666666664,0.0169016764460872,0.0450007936438806,0.0,-0.0169999999999999,-0.0619999999999998,0.0,-0.0259958071278825,2.337,2.375125,2.4424166666666665,0.018493242009075,0.05214386006873,-0.169,-0.016,-0.02,93.0,94.0,96.0,99.0,106.0,103.0,99.0,89.0,89.0,92.0,197.85,184.39,135.47,103.05,116.81,84.54,86.45,91.53,87.72,82.63,84.32,85.51,90.26,86.7,87.89,83.91
2015-10-14,96.0,94.0,152.9,83.91,84.32,2.556,2.339,0.064,0.08,0.0390000000000001,0.0256821829855538,0.0154946364719905,2.50425,2.517875,2.563833333333333,0.0353683003081575,0.0307777168930788,0.016,0.016,-0.0230000000000001,0.0068876452862678,-0.0097375105842506,2.33125,2.35775,2.4145,0.0095350231605885,0.0323805497175412,-0.217,-0.048,-0.0620000000000002,94.0,93.0,95.0,99.0,105.0,95.0,103.0,89.0,88.0,91.0,181.03,197.85,152.9,96.94,114.67,83.91,84.54,87.72,90.26,91.53,84.32,84.32,85.51,89.07,92.64,84.54
2015-10-21,96.0,86.0,158.09,84.54,84.32,2.531,2.325,-0.0249999999999999,0.0390000000000001,0.0380000000000002,-0.0097809076682315,0.0152426795026074,2.51375,2.514125,2.5478333333333336,0.0364268673740663,0.026270230299859,-0.0139999999999997,0.0020000000000002,-0.0149999999999996,-0.0059854638734501,-0.0064102564102562,2.3275,2.346625,2.3906666666666667,0.0077244201512484,0.0246630869347902,-0.2059999999999999,0.0110000000000001,-0.0529999999999999,96.0,94.0,94.0,97.0,103.0,94.0,95.0,99.0,89.0,91.0,152.9,181.03,184.39,103.97,107.03,83.91,83.91,86.45,91.53,90.26,84.32,84.32,85.51,91.45,90.26,76.91
2015-10-28,94.0,86.0,128.43,76.91,80.76,2.498,2.299,-0.0329999999999999,-0.0579999999999998,0.0220000000000002,-0.013038324772817,0.0088852988691439,2.51925,2.512125,2.5336666666666665,0.029904013108963,0.0268830137555121,-0.0260000000000002,-0.04,-0.024,-0.0111827956989248,-0.0103314679294016,2.3215,2.337,2.3709166666666666,0.0166032125407433,0.0265168410100644,-0.1990000000000003,0.0069999999999996,-0.0460000000000002,96.0,96.0,93.0,95.0,101.0,86.0,94.0,103.0,87.0,90.0,158.09,152.9,197.85,122.32,100.3,84.54,83.91,84.54,91.53,88.99,84.32,84.32,84.32,90.26,87.89,78.18
2015-11-04,94.0,84.0,110.7,78.18,80.76,2.485,2.29,-0.0130000000000003,-0.0460000000000002,-0.0070000000000001,-0.0052041633306646,-0.002808988764045,2.5175,2.506,2.5226666666666664,0.0321506868773863,0.0267688518352773,-0.0089999999999998,-0.0350000000000001,-0.0329999999999999,-0.0039147455415398,-0.0142057684029271,2.31325,2.325125,2.3545,0.0226917753089795,0.0229871858716093,-0.1949999999999998,0.0040000000000004,-0.0259999999999998,94.0,96.0,94.0,96.0,99.0,86.0,86.0,95.0,89.0,89.0,128.43,158.09,181.03,135.47,103.05,76.91,84.54,83.91,91.53,87.72,80.76,84.32,84.32,90.26,86.7,78.18
2015-11-11,94.0,84.0,95.71,78.18,80.76,2.502,2.317,0.0169999999999999,0.0039999999999995,-0.0540000000000002,0.006841046277666,-0.0211267605633803,2.504,2.504125,2.51325,0.0194079021712298,0.02641123949072,0.0270000000000001,0.0180000000000002,-0.0219999999999997,0.0117903930131004,-0.009405728943993,2.30775,2.3195,2.341083333333333,0.0160701586801943,0.0175336411346525,-0.1849999999999996,0.0100000000000002,0.0320000000000004,94.0,94.0,96.0,95.0,99.0,84.0,86.0,94.0,89.0,88.0,110.7,128.43,152.9,152.9,96.94,78.18,76.91,83.91,87.72,90.26,80.76,80.76,84.32,85.51,89.07,77.55
2015-11-18,94.0,84.0,103.97,77.55,78.38,2.482,2.304,-0.0199999999999995,-0.0029999999999996,-0.0489999999999999,-0.007993605115907,-0.0193599367838798,2.49175,2.50275,2.5066666666666664,0.0097425184982265,0.0273430586648686,-0.0130000000000003,0.0139999999999997,-0.0210000000000003,-0.0056107034958999,-0.0090322580645162,2.3025,2.315,2.331916666666667,0.011269427669882,0.0160801563606093,-0.1780000000000003,0.0069999999999992,0.0279999999999995,94.0,94.0,96.0,94.0,97.0,84.0,84.0,86.0,99.0,89.0,95.71,110.7,158.09,184.39,103.97,78.18,78.18,84.54,86.45,91.53,80.76,80.76,84.32,85.51,91.45,75.01
2016-01-20,80.0,88.0,85.62,62.29,64.13,2.112,2.014,-0.0649999999999999,-0.0989999999999997,-0.1719999999999997,-0.0298576022048691,-0.0753064798598948,2.18425,2.269875,2.3394166666666667,0.0540701704580447,0.105346282733286,-0.0660000000000002,-0.1,-0.1670000000000002,-0.0317307692307693,-0.0765703805593766,2.087,2.153375,2.2015,0.0545160526818472,0.0819807250866011,-0.0980000000000003,-0.0010000000000003,0.0049999999999994,82.0,83.0,86.0,92.0,94.0,86.0,85.0,85.0,84.0,86.0,87.15,91.74,84.09,84.09,128.43,64.2,64.2,64.2,75.01,76.91,66.51,66.51,66.51,73.63,80.76,59.12
2016-02-03,77.0,88.0,90.51,57.84,59.38,2.031,1.917,-0.04,-0.0809999999999999,-0.1799999999999997,-0.0193143408981169,-0.0814111261872454,2.09775,2.1826250000000003,2.2656666666666667,0.062329099678219,0.1059985680496609,-0.04,-0.0969999999999997,-0.1969999999999998,-0.0204394481349003,-0.0931882686849573,1.992,2.076875,2.140416666666667,0.0708942874991444,0.105800941799802,-0.1140000000000001,0.0,-0.0170000000000001,78.0,80.0,83.0,90.0,94.0,88.0,88.0,85.0,85.0,84.0,93.27,85.62,91.74,85.62,95.71,59.12,62.29,64.2,67.38,78.18,61.76,64.13,66.51,68.88,80.76,57.21
2016-02-10,76.0,87.0,84.7,57.21,59.38,2.008,1.896,-0.0230000000000001,-0.0630000000000001,-0.169,-0.0113244707040867,-0.0776297657326596,2.0555000000000003,2.141375,2.2261666666666664,0.045785732858228,0.1009878882412923,-0.0210000000000001,-0.0610000000000001,-0.1840000000000001,-0.0109546165884194,-0.0884615384615385,1.946,2.037375,2.1064166666666666,0.0519165997860545,0.1071260105803816,-0.1120000000000001,0.002,-0.0150000000000001,77.0,78.0,82.0,88.0,94.0,88.0,88.0,86.0,86.0,84.0,90.51,93.27,87.15,88.68,103.97,57.84,59.12,64.2,64.84,77.55,59.38,61.76,66.51,66.51,78.38,57.84
2016-02-17,75.0,89.0,78.89,57.84,60.57,1.98,1.858,-0.028,-0.0510000000000001,-0.1320000000000001,-0.0139442231075697,-0.0625,2.0225,2.103375,2.1874166666666666,0.038475100173564,0.0967602892277392,-0.0379999999999998,-0.0589999999999999,-0.1559999999999997,-0.0200421940928269,-0.077457795431976,1.907,1.997,2.07125,0.0413198902871963,0.1061252629140789,-0.1219999999999998,-0.0099999999999997,-0.0239999999999995,76.0,77.0,80.0,86.0,92.0,87.0,88.0,88.0,85.0,84.0,84.7,90.51,85.62,84.09,84.09,57.21,57.84,62.29,64.2,75.01,59.38,59.38,64.13,66.51,73.63,57.21
2016-03-02,75.0,86.0,70.33,57.21,61.76,1.989,1.874,0.006,0.0090000000000001,-0.042,0.0030257186081694,-0.0206794682422452,1.99,2.043875,2.1184166666666666,0.0125698050912971,0.0710622212270448,0.0010000000000001,0.016,-0.0429999999999999,0.0005339028296851,-0.022430881585811,1.87525,1.933625,2.0096666666666665,0.0156498136308308,0.0784436786127269,-0.1149999999999999,-0.0049999999999998,-0.0009999999999998,75.0,75.0,77.0,83.0,90.0,87.0,89.0,88.0,85.0,85.0,77.98,78.89,90.51,91.74,85.62,57.21,57.84,57.84,64.2,67.38,61.76,60.57,59.38,66.51,68.88,57.84
2016-03-09,76.0,85.0,68.8,57.84,62.95,2.021,1.907,0.0319999999999998,0.0379999999999998,0.0129999999999999,0.0160884866767219,0.0064741035856572,1.99325,2.024375,2.092,0.0188745860890543,0.0464571615270458,0.0329999999999999,0.034,0.0110000000000001,0.0176093916755601,0.005801687763713,1.878,1.912,1.98425,0.0206720423119335,0.0515696477730814,-0.1139999999999998,0.0010000000000001,-0.0019999999999997,75.0,75.0,76.0,82.0,88.0,86.0,87.0,87.0,86.0,86.0,70.33,77.98,84.7,87.15,88.68,57.21,57.21,57.21,64.2,64.84,61.76,61.76,59.38,66.51,66.51,59.75
2016-03-16,79.0,85.0,71.25,59.75,66.51,2.099,1.99,0.0780000000000002,0.1100000000000001,0.1190000000000002,0.0385947550717467,0.0601010101010102,2.023,2.0227500000000003,2.076583333333333,0.0533416660160308,0.0430572708312514,0.0829999999999999,0.1159999999999998,0.1319999999999999,0.0435238594651283,0.0710441334768567,1.911,1.909,1.9683333333333333,0.054984846397402,0.045077710678462,-0.1090000000000002,0.0049999999999996,0.0129999999999996,76.0,75.0,75.0,80.0,86.0,85.0,86.0,89.0,88.0,85.0,68.8,70.33,78.89,85.62,84.09,57.84,57.21,57.84,62.29,64.2,62.95,61.76,60.57,64.13,66.51,58.48
2016-03-30,80.0,85.0,85.62,58.48,66.51,2.121,2.001,0.0019999999999997,0.0219999999999997,0.1319999999999999,0.0009438414346387,0.0663650075414781,2.09,2.04,2.05925,0.0470602450768966,0.0622414652784393,0.0099999999999997,0.0109999999999998,0.1269999999999997,0.0050226017076844,0.0677694770544288,1.97225,1.92375,1.9465,0.0437826068967844,0.0601230880302801,-0.1200000000000001,0.008,-0.0050000000000001,80.0,79.0,75.0,77.0,83.0,87.0,85.0,86.0,88.0,85.0,75.84,71.25,70.33,90.51,91.74,58.48,59.75,57.21,57.84,64.2,66.51,66.51,61.76,59.38,66.51,59.75
2016-04-06,80.0,85.0,85.62,59.75,66.51,2.115,1.983,-0.0059999999999997,-0.004,0.0940000000000003,-0.0028288543140027,0.0465116279069768,2.1135,2.053375,2.0540833333333333,0.0099833194227684,0.0657787145338175,-0.0179999999999997,-0.008,0.076,-0.0089955022488754,0.0398531725222863,1.99125,1.934625,1.938416666666667,0.0074105780259091,0.0622183654559574,-0.1320000000000001,-0.012,-0.0180000000000002,80.0,80.0,76.0,76.0,82.0,85.0,87.0,85.0,87.0,86.0,85.62,75.84,68.8,84.7,87.15,58.48,58.48,57.84,57.21,64.2,66.51,66.51,62.95,59.38,66.51,61.02
2016-04-13,80.0,85.0,85.01,61.02,68.88,2.128,1.992,0.0129999999999999,0.0070000000000001,0.0289999999999999,0.0061465721040188,0.0138161029061456,2.12075,2.071875,2.055416666666667,0.0054390562934694,0.0629454128591368,0.0089999999999998,-0.0089999999999998,0.002,0.0045385779122542,0.0010050251256281,1.99175,1.951375,1.936583333333333,0.0073654599321029,0.0564090608224262,-0.1360000000000001,-0.004,-0.0269999999999999,80.0,80.0,79.0,75.0,80.0,85.0,85.0,85.0,89.0,88.0,85.62,85.62,71.25,78.89,85.62,59.75,58.48,59.75,57.84,62.29,66.51,66.51,66.51,60.57,64.13,62.29
2016-04-20,82.0,85.0,88.07,62.29,70.07,2.165,2.046,0.0369999999999999,0.0499999999999998,0.0459999999999998,0.0173872180451126,0.0217083529966963,2.13225,2.094625,2.06325,0.0224703508360816,0.0590010593125851,0.0539999999999998,0.0629999999999997,0.0549999999999997,0.0271084337349396,0.027624309392265,2.0055,1.973,1.944,0.0279821371594667,0.0552190443339419,-0.1190000000000002,0.0169999999999999,0.0089999999999998,80.0,80.0,80.0,75.0,78.0,85.0,85.0,87.0,87.0,88.0,85.01,85.62,75.84,77.98,93.27,61.02,59.75,58.48,57.21,59.12,68.88,66.51,66.51,61.76,61.76,63.56
2016-04-27,83.0,86.0,81.95,63.56,71.26,2.198,2.074,0.0329999999999999,0.0699999999999998,0.0769999999999999,0.0152424942263278,0.0363036303630361,2.1515,2.12075,2.077166666666667,0.0375455279187301,0.0513218137972128,0.028,0.0819999999999998,0.0729999999999999,0.013685239491691,0.0364817591204398,2.02375,1.998,1.9570833333333333,0.0435459527397315,0.0489080770426617,-0.1240000000000001,-0.0049999999999998,-0.004,82.0,80.0,80.0,75.0,77.0,85.0,85.0,85.0,86.0,88.0,88.07,85.01,85.62,70.33,90.51,62.29,61.02,58.48,57.21,57.84,70.07,68.88,66.51,61.76,59.38,63.56
2016-05-04,86.0,85.0,80.42,63.56,71.26,2.266,2.137,0.068,0.1009999999999999,0.1509999999999998,0.0309372156505913,0.0713947990543735,2.18925,2.151375,2.098666666666667,0.0586138493306993,0.0561654125902747,0.0630000000000001,0.0910000000000001,0.1539999999999999,0.0303760848601737,0.0776601109430155,2.06225,2.02675,1.9771666666666663,0.0603455328366873,0.0549954543577092,-0.129,-0.0049999999999998,0.0030000000000001,83.0,82.0,80.0,76.0,76.0,86.0,85.0,85.0,85.0,87.0,81.95,88.07,85.62,68.8,84.7,63.56,62.29,59.75,57.84,57.21,71.26,70.07,66.51,62.95,59.38,63.56
2016-05-11,86.0,85.0,79.51,63.56,71.26,2.271,2.131,0.0049999999999998,0.0729999999999999,0.1429999999999998,0.0022065313327448,0.0671992481203007,2.225,2.172875,2.122916666666667,0.0520448524514618,0.0654117453411744,-0.0060000000000002,0.0569999999999999,0.1389999999999998,-0.0028076743097801,0.0697791164658634,2.097,2.044375,1.9999166666666668,0.0442944691808114,0.0634753889315444,-0.1400000000000001,-0.0110000000000001,-0.004,86.0,83.0,80.0,79.0,75.0,85.0,86.0,85.0,85.0,89.0,80.42,81.95,85.01,71.25,78.89,63.56,63.56,61.02,59.75,57.84,71.26,71.26,68.88,66.51,60.57,64.84
2016-05-18,87.0,85.0,78.89,64.84,73.63,2.297,2.157,0.0260000000000002,0.0310000000000001,0.1320000000000001,0.0114487010127697,0.0609699769053118,2.258,2.195125,2.149083333333333,0.0422453153224555,0.0741570486005888,0.0260000000000002,0.02,0.1110000000000002,0.0122008446738621,0.0542521994134899,2.12475,2.065125,2.0235833333333333,0.0356124978063798,0.0703002489327797,-0.1400000000000001,0.0,-0.0209999999999999,86.0,86.0,82.0,80.0,75.0,85.0,85.0,85.0,87.0,87.0,79.51,80.42,88.07,75.84,77.98,63.56,63.56,62.29,58.48,57.21,71.26,71.26,70.07,66.51,61.76,67.38
2016-05-25,89.0,88.0,71.86,67.38,76.01,2.357,2.233,0.06,0.0860000000000003,0.1590000000000002,0.0261210274270788,0.0723384895359418,2.29775,2.224625,2.17975,0.0417721996870264,0.086389380134408,0.076,0.1020000000000003,0.1590000000000002,0.0352341214649976,0.0766634522661524,2.1645000000000003,2.094125,2.0535,0.0470000000000933,0.0861368305165641,-0.1240000000000001,0.016,0.0,87.0,86.0,83.0,80.0,75.0,85.0,85.0,86.0,85.0,86.0,78.89,79.51,81.95,85.62,70.33,64.84,63.56,63.56,58.48,57.21,73.63,71.26,71.26,66.51,61.76,69.29
2016-06-01,90.0,87.0,74.0,69.29,78.38,2.382,2.254,0.0249999999999999,0.0849999999999999,0.1160000000000001,0.0106067034365717,0.0511915269196823,2.32675,2.258,2.209833333333333,0.0515129433575565,0.0895065839557955,0.0209999999999999,0.0969999999999999,0.1169999999999999,0.0094043887147334,0.0547496490407113,2.19375,2.128,2.0824166666666666,0.0590444747627439,0.0894171603856842,-0.1280000000000001,-0.004,0.0009999999999998,89.0,87.0,86.0,80.0,76.0,88.0,85.0,85.0,85.0,85.0,71.86,78.89,80.42,85.62,68.8,67.38,64.84,63.56,59.75,57.84,76.01,73.63,71.26,66.51,62.95,71.19
2016-06-08,91.0,88.0,83.48,71.19,77.2,2.407,2.278,0.0249999999999999,0.0499999999999998,0.1360000000000001,0.010495382031906,0.0598855129898723,2.3607500000000003,2.292875,2.2355,0.0471478171996476,0.0858993389298122,0.024,0.0449999999999999,0.1470000000000002,0.0106477373558118,0.0689816987329894,2.2305,2.16375,2.1064166666666666,0.0523354564325918,0.0843017539218266,-0.129,-0.0009999999999998,0.0110000000000001,90.0,89.0,86.0,80.0,79.0,87.0,88.0,85.0,85.0,85.0,74.0,71.86,79.51,85.01,71.25,69.29,67.38,63.56,61.02,59.75,78.38,76.01,71.26,68.88,66.51,71.83
2016-06-15,92.0,89.0,95.71,71.83,76.01,2.431,2.307,0.024,0.0489999999999999,0.1339999999999999,0.0099709181553802,0.0583369612538091,2.39425,2.326125,2.2615000000000003,0.0318891308550523,0.0806516982374135,0.0289999999999999,0.0529999999999999,0.1499999999999999,0.0127304653204565,0.0695410292072322,2.268,2.196375,2.13275,0.0318433666562932,0.0827110935728116,-0.1240000000000001,0.0049999999999998,0.016,91.0,90.0,87.0,82.0,80.0,88.0,87.0,85.0,85.0,87.0,83.48,74.0,78.89,88.07,75.84,71.19,69.29,64.84,62.29,58.48,77.2,78.38,73.63,70.07,66.51,71.83
2016-06-22,92.0,89.0,123.85,71.83,73.63,2.426,2.296,-0.0049999999999998,0.0190000000000001,0.0689999999999999,-0.002056766762649,0.0292745014849384,2.4115,2.354625,2.286916666666667,0.0222186108181918,0.0682368511667286,-0.0110000000000001,0.0179999999999997,0.0629999999999997,-0.0047680970957955,0.0282131661442004,2.28375,2.224125,2.1573333333333333,0.0231570723539674,0.0723847606298376,-0.1300000000000003,-0.0060000000000002,-0.0060000000000002,92.0,91.0,89.0,83.0,80.0,89.0,88.0,88.0,86.0,85.0,95.71,83.48,71.86,81.95,85.62,71.83,71.19,67.38,63.56,58.48,76.01,77.2,76.01,71.26,66.51,73.1
2016-06-29,92.0,89.0,122.32,73.1,76.01,2.426,2.285,0.0,-0.0049999999999998,0.044,0.0,0.0184718723761545,2.4225000000000003,2.3746250000000004,2.3128333333333333,0.0105987420648255,0.0616833793312407,-0.0109999999999996,-0.0219999999999997,0.0310000000000001,-0.0047909407665504,0.0137533274179237,2.2915,2.242625,2.1825,0.0127148207487731,0.0655241231478604,-0.141,-0.0109999999999996,-0.0129999999999999,92.0,92.0,90.0,86.0,80.0,89.0,89.0,87.0,85.0,85.0,123.85,95.71,74.0,80.42,85.62,71.83,71.83,69.29,63.56,59.75,73.63,76.01,78.38,71.26,66.51,74.37
2016-07-06,91.0,91.0,138.52,74.37,76.01,2.423,2.282,-0.0030000000000001,-0.0030000000000001,0.016,-0.0012366034624897,0.0066472787702533,2.4265000000000003,2.393625,2.3374166666666665,0.0033166247938651,0.0468247111196218,-0.0030000000000001,-0.0139999999999997,0.004,-0.0013129102844638,0.0017559262510975,2.2925,2.2615,2.2066666666666666,0.0113871272353221,0.048246391426971,-0.141,0.0,-0.012,92.0,92.0,91.0,86.0,80.0,89.0,89.0,88.0,85.0,85.0,122.32,123.85,83.48,79.51,85.01,73.1,71.83,71.19,63.56,61.02,76.01,73.63,77.2,71.26,68.88,79.46
2016-07-13,91.0,91.0,118.49,79.46,80.76,2.414,2.261,-0.0089999999999998,-0.012,-0.0169999999999999,-0.0037144036318612,-0.0069930069930069,2.42225,2.40825,2.358166666666667,0.005678908347858,0.0259546307457909,-0.0209999999999999,-0.024,-0.0459999999999998,-0.00920245398773,-0.0199393151278716,2.281,2.2745,2.2245833333333334,0.0146287388385645,0.0239702196189691,-0.153,-0.012,-0.0289999999999999,91.0,92.0,92.0,87.0,82.0,91.0,89.0,89.0,85.0,85.0,138.52,122.32,95.71,78.89,88.07,74.37,73.1,71.83,64.84,62.29,76.01,76.01,76.01,73.63,70.07,79.46
2016-07-20,91.0,94.0,129.04,79.46,83.14,2.402,2.262,-0.012,-0.0209999999999999,-0.024,-0.0049710024855011,-0.0098928276999176,2.41625,2.413875,2.375166666666667,0.0107819293275135,0.0163657962141106,0.0009999999999998,-0.02,-0.0339999999999998,0.0004422821760281,-0.0148083623693379,2.2725,2.278125,2.24025,0.0127671453350802,0.0183259184142149,-0.1400000000000001,0.0129999999999999,-0.0099999999999997,91.0,91.0,92.0,89.0,83.0,91.0,91.0,89.0,88.0,86.0,118.49,138.52,123.85,71.86,81.95,79.46,74.37,71.83,67.38,63.56,80.76,76.01,73.63,76.01,71.26,79.46
2016-07-27,90.0,95.0,120.79,79.46,83.14,2.379,2.242,-0.0230000000000001,-0.0350000000000001,-0.0470000000000001,-0.0095753538717735,-0.0193734542456719,2.4045,2.4135,2.384583333333333,0.0190525588838806,0.0172129519343204,-0.02,-0.0190000000000001,-0.0430000000000001,-0.008841732979664,-0.0188183807439825,2.26175,2.276625,2.249,0.0163375844810025,0.0208938644448257,-0.137,0.0030000000000001,0.004,91.0,91.0,92.0,90.0,86.0,94.0,91.0,89.0,87.0,85.0,129.04,118.49,122.32,74.0,80.42,79.46,79.46,73.1,69.29,63.56,83.14,80.76,76.01,78.38,71.26,75.01
2016-08-03,89.0,97.0,120.18,75.01,78.38,2.348,2.224,-0.0310000000000001,-0.0540000000000002,-0.0750000000000001,-0.0130306851618328,-0.0309533635988444,2.38575,2.406125,2.391,0.0290559804519504,0.0289996921167215,-0.0179999999999997,-0.0379999999999998,-0.0579999999999998,-0.0080285459411238,-0.025416301489921,2.24725,2.269875,2.25675,0.0180254449785329,0.0279256026922335,-0.1239999999999996,0.0130000000000003,0.0170000000000003,90.0,91.0,91.0,91.0,86.0,95.0,94.0,91.0,88.0,85.0,120.79,129.04,138.52,83.48,79.51,79.46,79.46,74.37,71.19,63.56,83.14,83.14,76.01,77.2,71.26,71.83
2016-08-10,87.0,101.0,111.0,71.83,76.01,2.316,2.184,-0.032,-0.0630000000000001,-0.0980000000000003,-0.0136286201022146,-0.0405965202982603,2.36125,2.39175,2.392583333333333,0.0374110055111859,0.0409485740202656,-0.04,-0.0579999999999998,-0.0769999999999999,-0.0179856115107913,-0.0340557275541795,2.228,2.2545,2.259,0.0331863425725264,0.0369633022644885,-0.1319999999999996,-0.008,0.0210000000000003,89.0,90.0,91.0,92.0,87.0,97.0,95.0,91.0,89.0,85.0,120.18,120.79,118.49,95.71,78.89,75.01,79.46,79.46,71.83,64.84,78.38,83.14,80.76,76.01,73.63,71.83
2016-08-17,87.0,103.0,119.26,71.83,76.01,2.31,2.179,-0.0059999999999997,-0.0379999999999998,-0.092,-0.0025906735751294,-0.038301415487094,2.33825,2.37725,2.388666666666667,0.0318786762589843,0.0471555177805341,-0.0050000000000003,-0.0450000000000003,-0.0830000000000001,-0.0022893772893773,-0.0366931918656057,2.20725,2.239875,2.2545,0.0306960909564733,0.0411111298800006,-0.1310000000000002,0.0009999999999994,0.0089999999999998,87.0,89.0,91.0,92.0,89.0,101.0,97.0,94.0,89.0,88.0,111.0,120.18,129.04,123.85,71.86,71.83,75.01,79.46,71.83,67.38,76.01,78.38,83.14,73.63,76.01,74.37
2016-08-24,89.0,106.0,119.26,74.37,78.38,2.37,2.249,0.06,0.0540000000000002,-0.0089999999999998,0.0259740259740259,-0.0037831021437578,2.3360000000000003,2.37025,2.3876666666666666,0.0281424945593879,0.0428444028684056,0.0700000000000002,0.0649999999999999,0.0070000000000001,0.0321248279027077,0.003122212310437,2.209,2.235375,2.254083333333333,0.0334165627597263,0.0372556323643477,-0.121,0.0100000000000002,0.016,87.0,87.0,90.0,92.0,90.0,103.0,101.0,95.0,89.0,87.0,119.26,111.0,120.79,122.32,74.0,71.83,71.83,79.46,73.1,69.29,76.01,76.01,83.14,76.01,78.38,75.01
2016-08-31,91.0,109.0,117.73,75.01,78.38,2.409,2.269,0.0389999999999997,0.0989999999999997,0.0609999999999999,0.0164556962025315,0.0259795570698466,2.35125,2.3685,2.387833333333333,0.0470132959919303,0.0406096399534671,0.02,0.0900000000000003,0.0449999999999999,0.0088928412627835,0.0202338129496402,2.22025,2.23375,2.2533333333333334,0.0455292945989124,0.035155775790599,-0.1399999999999996,-0.0189999999999996,-0.016,89.0,87.0,89.0,91.0,91.0,106.0,103.0,97.0,91.0,88.0,119.26,119.26,120.18,138.52,83.48,74.37,71.83,75.01,74.37,71.19,78.38,76.01,78.38,76.01,77.2,76.28
2016-09-07,91.0,107.0,123.85,76.28,78.38,2.407,2.264,-0.0019999999999997,0.0369999999999999,0.0910000000000001,-0.0008302200083021,0.0392918825561312,2.374,2.367625,2.3858333333333333,0.0462817458618878,0.0395508262511699,-0.0050000000000003,0.0149999999999996,0.0799999999999996,-0.0022036139268402,0.0366300366300365,2.24025,2.234125,2.24975,0.0417083125208982,0.0355022635094723,-0.1430000000000002,-0.0030000000000005,-0.0110000000000005,91.0,89.0,87.0,91.0,92.0,109.0,106.0,101.0,91.0,89.0,117.73,119.26,111.0,118.49,95.71,75.01,74.37,71.83,79.46,71.83,78.38,78.38,76.01,80.76,76.01,77.55
2016-09-14,91.0,94.0,132.41,77.55,78.38,2.399,2.256,-0.008,-0.0099999999999997,0.0889999999999999,-0.0033236393851266,0.0385281385281384,2.39625,2.3672500000000003,2.3835833333333336,0.018025444978989,0.039190924605525,-0.008,-0.0130000000000003,0.0769999999999999,-0.0035335689045936,0.0353373106929784,2.2595,2.233375,2.2464166666666667,0.0088128693780144,0.0348873186130762,-0.1430000000000002,0.0,-0.012,91.0,91.0,87.0,91.0,92.0,107.0,109.0,103.0,94.0,89.0,123.85,117.73,119.26,129.04,123.85,76.28,75.01,71.83,79.46,71.83,78.38,78.38,76.01,83.14,73.63,76.28
2016-09-21,90.0,116.0,127.82,76.28,77.2,2.389,2.242,-0.0100000000000002,-0.0180000000000002,0.0189999999999996,-0.004168403501459,0.0080168776371307,2.401,2.3685,2.3805,0.0090921211326324,0.0397743636027954,-0.0139999999999997,-0.0219999999999997,-0.0070000000000001,-0.0062056737588651,-0.0031124944419742,2.25775,2.233375,2.242833333333333,0.011786291472468,0.0348873186130762,-0.1469999999999998,-0.0039999999999995,-0.0259999999999998,91.0,91.0,89.0,90.0,92.0,94.0,107.0,106.0,95.0,89.0,132.41,123.85,119.26,120.79,122.32,77.55,76.28,74.37,79.46,73.1,78.38,78.38,78.38,83.14,76.01,76.91
2016-09-28,90.0,112.0,163.6,76.91,78.38,2.382,2.23,-0.0069999999999996,-0.0169999999999999,-0.0269999999999996,-0.0029300962745917,-0.0112079701120795,2.39425,2.37275,2.377083333333333,0.0109962114698932,0.0390814168482226,-0.012,-0.0259999999999998,-0.0390000000000001,-0.0053523639607493,-0.0171881886293522,2.248,2.234125,2.2385,0.0150554530544294,0.0347210825211263,-0.1520000000000001,-0.0050000000000003,-0.0120000000000004,90.0,91.0,91.0,89.0,91.0,116.0,94.0,109.0,97.0,91.0,127.82,132.41,117.73,120.18,138.52,76.28,77.55,75.01,75.01,74.37,77.2,78.38,78.38,78.38,76.01,76.28
2016-10-05,90.0,114.0,133.94,76.28,78.38,2.389,2.25,0.0069999999999996,0.0,-0.0180000000000002,0.0029387069689335,-0.0074781886165351,2.38975,2.381875,2.375,0.0069940450878381,0.0317779685587626,0.02,0.008,-0.0139999999999997,0.0089686098654708,-0.0061837455830388,2.2445,2.242375,2.2375833333333333,0.0112398102003927,0.0283696895598905,-0.1389999999999998,0.0130000000000003,0.0040000000000004,90.0,90.0,91.0,87.0,91.0,112.0,116.0,107.0,101.0,91.0,163.6,127.82,123.85,111.0,118.49,76.91,76.28,76.28,71.83,79.46,78.38,77.2,78.38,76.01,80.76,75.64
2016-10-12,92.0,110.0,105.5,75.64,77.2,2.445,2.317,0.056,0.0629999999999997,0.0459999999999998,0.0234407701967349,0.0191746561067109,2.40125,2.39875,2.3785833333333333,0.0293527397930265,0.022707770853836,0.0670000000000001,0.0870000000000001,0.0610000000000003,0.0297777777777779,0.0270390070921988,2.25975,2.259625,2.2421666666666664,0.0390416444326733,0.026202167304229,-0.1279999999999996,0.0110000000000001,0.0150000000000005,90.0,90.0,91.0,87.0,91.0,114.0,112.0,94.0,103.0,94.0,133.94,163.6,132.41,119.26,129.04,76.28,76.91,77.55,71.83,79.46,78.38,78.38,78.38,76.01,83.14,76.91
2016-10-19,94.0,109.0,112.53,76.91,83.14,2.481,2.357,0.036,0.092,0.092,0.014723926380368,0.0385098367517791,2.42425,2.412625,2.387083333333333,0.047183153773601,0.033822805070908,0.04,0.1070000000000002,0.1150000000000002,0.0172637030643072,0.0512934879571811,2.2885,2.273125,2.25175,0.058903876499544,0.0426227219752755,-0.1239999999999996,0.004,0.0230000000000001,92.0,90.0,90.0,89.0,90.0,110.0,114.0,116.0,106.0,95.0,105.5,133.94,127.82,119.26,120.79,75.64,76.28,76.28,74.37,79.46,77.2,78.38,77.2,78.38,83.14,80.73
2016-10-26,94.0,100.0,156.87,80.73,85.51,2.478,2.353,-0.0029999999999996,0.0330000000000003,0.096,-0.0012091898428051,0.0403022670025188,2.44825,2.42125,2.3979166666666667,0.0427346463659495,0.0408367831391061,-0.004,0.036,0.1230000000000002,-0.0016970725498515,0.0551569506726459,2.3192500000000003,2.283625,2.2625,0.0495471156241517,0.0509872182863667,-0.125,-0.0010000000000003,0.0270000000000001,94.0,92.0,90.0,91.0,89.0,109.0,110.0,112.0,109.0,97.0,112.53,105.5,163.6,117.73,120.18,76.91,75.64,76.91,75.01,75.01,83.14,77.2,78.38,78.38,78.38,80.73
2016-11-02,94.0,94.0,137.61,80.73,85.51,2.479,2.353,0.0009999999999998,-0.0019999999999997,0.0900000000000003,0.0004035512510087,0.0376726663876099,2.47075,2.43025,2.4115,0.0172119144787051,0.0449722136436217,0.0,-0.004,0.1030000000000002,0.0,0.0457777777777779,2.345,2.29475,2.2765833333333334,0.018761663039453,0.0555948353203413,-0.1259999999999999,-0.0009999999999998,0.0129999999999999,94.0,94.0,90.0,91.0,87.0,100.0,109.0,114.0,107.0,101.0,156.87,112.53,133.94,123.85,111.0,80.73,76.91,76.28,76.28,71.83,85.51,83.14,78.38,78.38,76.01,80.73
2016-11-09,93.0,94.0,91.74,80.73,84.32,2.47,2.34,-0.0089999999999998,-0.008,0.0250000000000003,-0.0036304961678095,0.0102249488752557,2.4770000000000003,2.439125,2.4248333333333334,0.0048304589176858,0.0449299057263534,-0.0130000000000003,-0.0130000000000003,0.0229999999999996,-0.0055248618784531,0.0099266292619766,2.35075,2.30525,2.29,0.0074105780255361,0.0551614513432689,-0.1300000000000003,-0.0040000000000004,-0.0020000000000006,94.0,94.0,92.0,91.0,87.0,94.0,100.0,110.0,94.0,103.0,137.61,156.87,105.5,132.41,119.26,80.73,80.73,75.64,77.55,71.83,85.51,85.51,77.2,78.38,76.01,81.36
2016-11-16,92.0,94.0,78.89,81.36,84.32,2.443,2.316,-0.0270000000000001,-0.036,-0.0379999999999998,-0.0109311740890688,-0.0153164046755339,2.4675,2.445875,2.4309166666666666,0.0168226038419243,0.0401228025656469,-0.024,-0.0370000000000003,-0.0410000000000003,-0.0102564102564102,-0.017394993635978,2.3405,2.3145,2.295583333333333,0.0174451521443462,0.0488876262464244,-0.1270000000000002,0.0030000000000001,-0.0030000000000005,93.0,94.0,94.0,90.0,89.0,94.0,94.0,109.0,116.0,106.0,91.74,137.61,112.53,127.82,119.26,80.73,80.73,76.91,76.28,74.37,84.32,85.51,83.14,77.2,78.38,90.26
2016-11-23,91.0,93.0,74.92,90.26,95.01,2.421,2.296,-0.0220000000000002,-0.0490000000000003,-0.0570000000000003,-0.0090053213262383,-0.0230024213075061,2.45325,2.45075,2.4319166666666665,0.0263865496043465,0.0329880930901121,-0.02,-0.044,-0.0570000000000003,-0.008635578583765,-0.0242243943901404,2.32625,2.32275,2.297833333333333,0.0253294953234289,0.0366206421104476,-0.125,0.0020000000000002,0.0,92.0,93.0,94.0,90.0,91.0,94.0,94.0,100.0,112.0,109.0,78.89,91.74,156.87,163.6,117.73,81.36,80.73,80.73,76.91,75.01,84.32,84.32,85.51,78.38,78.38,90.26
2016-11-30,91.0,93.0,73.39,90.26,91.45,2.42,2.29,-0.0009999999999998,-0.0230000000000001,-0.0590000000000001,-0.000413052457662,-0.0237999193223074,2.4385,2.454625,2.433,0.0235301225387721,0.0257179064912628,-0.0059999999999997,-0.0259999999999998,-0.0630000000000001,-0.0026132404181183,-0.026774330641734,2.3105,2.3277500000000004,2.3000000000000003,0.022590558499954,0.026639122679865,-0.1299999999999999,-0.0049999999999998,-0.004,91.0,92.0,94.0,90.0,91.0,93.0,94.0,94.0,114.0,107.0,74.92,78.89,137.61,133.94,123.85,90.26,81.36,80.73,76.28,76.28,95.01,84.32,85.51,78.38,78.38,94.08
2016-12-07,94.0,93.0,71.25,94.08,95.01,2.48,2.361,0.06,0.0590000000000001,0.0099999999999997,0.0247933884297519,0.0040485829959513,2.441,2.459,2.43975,0.0280832096935085,0.0268008528650369,0.0710000000000001,0.0650000000000003,0.0210000000000003,0.031004366812227,0.0089743589743591,2.31575,2.33325,2.30875,0.0321493908704313,0.0285744641246344,-0.1189999999999997,0.0110000000000001,0.0110000000000005,91.0,91.0,93.0,92.0,91.0,93.0,93.0,94.0,110.0,94.0,73.39,74.92,91.74,105.5,132.41,90.26,90.26,80.73,75.64,77.55,91.45,95.01,84.32,77.2,78.38,95.35
2016-12-14,94.0,93.0,79.51,95.35,95.01,2.493,2.371,0.0129999999999999,0.0729999999999999,0.0499999999999998,0.0052419354838708,0.0204666393778141,2.4535,2.4605,2.4484166666666667,0.0384751001734363,0.0284905999537029,0.0099999999999997,0.0809999999999999,0.0550000000000001,0.004235493434985,0.0237478411053542,2.3295,2.335,2.3195,0.0424146201209704,0.0305941170817203,-0.1219999999999998,-0.0030000000000001,0.0050000000000003,94.0,91.0,92.0,94.0,90.0,93.0,93.0,94.0,109.0,116.0,71.25,73.39,78.89,112.53,127.82,94.08,90.26,81.36,76.91,76.28,95.01,91.45,84.32,83.14,77.2,93.44
2016-12-21,95.0,96.0,85.01,93.44,91.45,2.527,2.41,0.0340000000000002,0.0470000000000001,0.1060000000000003,0.0136381869233854,0.0437835605121852,2.48,2.466625,2.4605,0.0446392950962348,0.0368352994520469,0.0390000000000001,0.0489999999999999,0.1140000000000003,0.0164487557992409,0.049651567944251,2.358,2.342125,2.3345,0.050019996001657,0.0404384452860497,-0.1169999999999999,0.0049999999999998,0.008,94.0,94.0,91.0,94.0,90.0,93.0,93.0,93.0,100.0,112.0,79.51,71.25,74.92,156.87,163.6,95.35,94.08,90.26,80.73,76.91,95.01,95.01,95.01,85.51,78.38,90.26
2016-12-28,96.0,104.0,83.48,90.26,86.7,2.54,2.421,0.0129999999999999,0.0470000000000001,0.1200000000000001,0.0051444400474871,0.0495867768595041,2.51,2.47425,2.4730833333333333,0.0281543365520854,0.0451402576105916,0.0109999999999996,0.0499999999999998,0.1309999999999997,0.0045643153526968,0.0572052401746723,2.39075,2.350625,2.3487500000000003,0.0292161485028161,0.0492397560050667,-0.1190000000000002,-0.0020000000000002,0.0109999999999996,95.0,94.0,91.0,94.0,90.0,96.0,93.0,93.0,94.0,114.0,85.01,79.51,73.39,137.61,133.94,93.44,95.35,90.26,80.73,76.28,91.45,95.01,91.45,85.51,78.38,90.26
2017-01-04,98.0,107.0,81.95,90.26,86.7,2.586,2.451,0.0459999999999998,0.0589999999999997,0.1059999999999998,0.0181102362204723,0.0427419354838709,2.5365,2.48875,2.484833333333333,0.0384924234971967,0.0598229530723242,0.0300000000000002,0.0409999999999999,0.0899999999999998,0.0123915737298638,0.0381194409148664,2.41325,2.3645,2.359916666666667,0.0330693715292301,0.0602305095921008,-0.1349999999999998,-0.0159999999999995,-0.016,96.0,95.0,94.0,93.0,92.0,104.0,96.0,93.0,94.0,110.0,83.48,85.01,71.25,91.74,105.5,90.26,93.44,94.08,80.73,75.64,86.7,91.45,95.01,84.32,77.2,88.99
2017-01-11,98.0,109.0,97.85,88.99,84.32,2.597,2.448,0.0110000000000001,0.0569999999999999,0.104,0.0042536736272236,0.0417168070597673,2.5625,2.508,2.4945,0.0342003898616229,0.0673073971736658,-0.0030000000000001,0.0270000000000001,0.0769999999999999,-0.0012239902080783,0.0324757486292703,2.4325,2.381,2.3675,0.0201742410019465,0.0630600620724496,-0.149,-0.0140000000000002,-0.0270000000000001,98.0,96.0,94.0,92.0,94.0,107.0,104.0,93.0,94.0,109.0,81.95,83.48,79.51,78.89,112.53,90.26,90.26,95.35,81.36,76.91,86.7,86.7,95.01,84.32,83.14,88.99
2017-01-18,98.0,114.0,105.5,88.99,85.51,2.585,2.429,-0.012,-0.0009999999999998,0.0579999999999998,-0.0046207162110126,0.0229521171349424,2.577,2.5285,2.5034166666666664,0.0252586618810266,0.061771468217311,-0.0190000000000001,-0.0220000000000002,0.0189999999999996,-0.0077614379084968,0.0078838174273858,2.43725,2.397625,2.373833333333333,0.0145688022844895,0.0543847076721122,-0.1560000000000001,-0.0070000000000001,-0.0390000000000001,98.0,98.0,95.0,91.0,94.0,109.0,107.0,96.0,93.0,100.0,97.85,81.95,85.01,74.92,156.87,88.99,90.26,93.44,90.26,80.73,84.32,86.7,91.45,95.01,85.51,89.63
2017-01-25,97.0,110.0,114.67,89.63,85.51,2.569,2.414,-0.016,-0.028,0.0289999999999999,-0.0061895551257253,0.0114173228346456,2.58425,2.547125,2.5109166666666667,0.0115289490712095,0.0444053970337207,-0.0149999999999996,-0.0339999999999998,-0.0069999999999996,-0.0061753808151501,-0.0028913672036346,2.4355,2.413125,2.3789166666666666,0.0173301279088732,0.0326603188683305,-0.1549999999999998,0.0010000000000003,-0.0359999999999995,98.0,98.0,96.0,91.0,94.0,114.0,109.0,104.0,93.0,94.0,105.5,97.85,83.48,73.39,137.61,88.99,88.99,90.26,90.26,80.73,85.51,84.32,86.7,91.45,85.51,90.26
2017-02-01,97.0,116.0,94.18,90.26,85.51,2.562,2.408,-0.0070000000000001,-0.0230000000000001,-0.024,-0.002724795640327,-0.0092807424593968,2.57825,2.557375,2.5185833333333334,0.0157770931000192,0.0352093230349515,-0.0060000000000002,-0.0209999999999999,-0.0430000000000001,-0.0024855012427507,-0.0175438596491228,2.42475,2.419,2.384583333333333,0.0178395627750443,0.0253546276420443,-0.1539999999999999,0.0009999999999998,-0.0190000000000001,97.0,98.0,98.0,94.0,93.0,110.0,114.0,107.0,93.0,94.0,114.67,105.5,81.95,71.25,91.74,89.63,88.99,90.26,94.08,80.73,85.51,85.51,86.7,95.01,84.32,89.63
2017-02-08,97.0,119.0,105.5,89.63,84.32,2.558,2.403,-0.004,-0.0110000000000001,-0.0390000000000001,-0.0015612802498048,-0.0150173276857913,2.5685,2.5655,2.5281666666666665,0.0119023807150875,0.0239224938978757,-0.0049999999999998,-0.0110000000000001,-0.0449999999999999,-0.0020764119601328,-0.0183823529411764,2.4135,2.423,2.391833333333333,0.0112694276698035,0.0182208671585508,-0.1549999999999998,-0.0009999999999998,-0.0059999999999997,97.0,97.0,98.0,94.0,92.0,116.0,110.0,109.0,93.0,94.0,94.18,114.67,97.85,79.51,78.89,90.26,89.63,88.99,95.35,81.36,85.51,85.51,84.32,95.01,84.32,90.9
2017-02-15,97.0,137.0,96.32,90.9,86.7,2.565,2.424,0.0070000000000001,0.0030000000000001,-0.02,0.0027365129007037,-0.0077369439071567,2.5635,2.57025,2.5401666666666665,0.0046547466834402,0.0182971504419112,0.0209999999999999,0.016,-0.0049999999999998,0.0087390761548065,-0.0020584602717167,2.41225,2.42475,2.4025000000000003,0.0090323492701671,0.0174499283668887,-0.141,0.0139999999999997,0.0150000000000001,97.0,97.0,98.0,95.0,91.0,119.0,116.0,114.0,96.0,93.0,105.5,94.18,105.5,85.01,74.92,89.63,90.26,88.99,93.44,90.26,84.32,85.51,85.51,91.45,95.01,90.9
2017-02-22,97.0,119.0,88.68,90.9,87.89,2.572,2.433,0.0070000000000001,0.0140000000000002,0.0030000000000001,0.002729044834308,0.0011677695601401,2.56425,2.57425,2.552833333333333,0.0059090326354642,0.0136460355313376,0.0089999999999998,0.0299999999999998,0.0189999999999996,0.0037128712871286,0.0078707539353768,2.417,2.42625,2.4144166666666664,0.0139283882773591,0.017596671763501,-0.1390000000000002,0.0019999999999997,0.0159999999999995,97.0,97.0,97.0,96.0,91.0,137.0,119.0,110.0,104.0,93.0,96.32,105.5,114.67,83.48,73.39,90.9,89.63,89.63,90.26,90.26,86.7,84.32,85.51,86.7,91.45,92.8
2017-03-01,97.0,130.0,94.18,92.8,90.26,2.577,2.433,0.0049999999999998,0.012,0.0150000000000001,0.0019440124416796,0.0058548009367682,2.568,2.573125,2.560916666666667,0.0082865352643247,0.0128889487549697,0.0,0.0089999999999998,0.0249999999999999,0.0,0.0103820598006643,2.42325,2.424,2.4204166666666667,0.0141509716982536,0.0149284005461634,-0.1440000000000001,-0.0049999999999998,0.0099999999999997,97.0,97.0,97.0,98.0,94.0,119.0,137.0,116.0,107.0,93.0,88.68,96.32,94.18,81.95,71.25,90.9,90.9,90.26,90.26,94.08,87.89,86.7,85.51,86.7,95.01,94.71
2017-03-08,97.0,142.0,93.88,94.71,93.82,2.579,2.429,0.0020000000000002,0.0070000000000001,0.0210000000000003,0.0007760962359333,0.008209538702111,2.5732500000000003,2.570875,2.568083333333333,0.0062383224256828,0.0091563795095283,-0.004,-0.004,0.0259999999999998,-0.0016440608302507,0.0108198085726174,2.42975,2.421625,2.42525,0.004272001873206,0.0117344121531924,-0.1500000000000003,-0.0060000000000002,0.0049999999999994,97.0,97.0,97.0,98.0,94.0,130.0,119.0,119.0,109.0,93.0,94.18,88.68,105.5,97.85,79.51,92.8,90.9,89.63,88.99,95.35,90.26,87.89,84.32,84.32,95.01,99.16
2017-03-15,97.0,104.0,94.8,99.16,100.95,2.564,2.419,-0.0150000000000001,-0.0129999999999999,-0.0009999999999998,-0.0058162078324932,-0.0003898635477582,2.573,2.56825,2.5711666666666666,0.0066833125534261,0.007363035089044,-0.0099999999999997,-0.0139999999999997,-0.0049999999999998,-0.0041169205434333,-0.0020627062706269,2.4285,2.420375,2.426,0.0066080758675549,0.0113633181777845,-0.145,0.0050000000000003,-0.004,97.0,97.0,97.0,98.0,95.0,142.0,130.0,137.0,114.0,96.0,93.88,94.18,96.32,105.5,85.01,94.71,92.8,90.9,88.99,93.44,93.82,90.26,86.7,85.51,91.45,97.89
2017-03-22,96.0,92.0,81.95,97.89,99.76,2.539,2.38,-0.0249999999999999,-0.04,-0.0329999999999999,-0.0097503900156006,-0.0128304821150855,2.56475,2.5645,2.571083333333333,0.0184096894782877,0.0126603994523829,-0.0390000000000001,-0.0489999999999999,-0.0529999999999999,-0.0161223646134767,-0.0217838060008219,2.41525,2.416125,2.4225833333333333,0.0242263630508497,0.0183181213948965,-0.1590000000000002,-0.0140000000000002,-0.02,97.0,97.0,97.0,97.0,96.0,104.0,142.0,119.0,110.0,104.0,94.8,93.88,88.68,114.67,83.48,99.16,94.71,90.9,89.63,90.26,100.95,93.82,87.89,85.51,86.7,96.62
2017-03-29,96.0,97.0,77.98,96.62,97.39,2.532,2.378,-0.0070000000000001,-0.032,-0.0449999999999999,-0.0027569909413155,-0.0174621653084982,2.5535,2.56075,2.566583333333333,0.0218555866241848,0.0171526757598469,-0.0019999999999997,-0.0409999999999999,-0.0549999999999997,-0.0008403361344536,-0.0226058364159472,2.4015,2.412375,2.4165,0.0263122278292521,0.0227529432949024,-0.1539999999999999,0.0050000000000003,-0.0099999999999997,96.0,97.0,97.0,97.0,98.0,92.0,104.0,130.0,116.0,107.0,81.95,94.8,94.18,94.18,81.95,97.89,99.16,92.8,90.26,90.26,99.76,100.95,90.26,85.51,86.7,99.16
2017-04-05,96.0,89.0,77.98,99.16,100.95,2.556,2.414,0.024,0.0169999999999999,-0.0230000000000001,0.009478672985782,-0.0089181853431563,2.54775,2.5605,2.5631666666666666,0.0147958327473441,0.0172129519343391,0.036,0.0340000000000002,-0.0149999999999996,0.0151387720773759,-0.0061753808151501,2.3977500000000003,2.41375,2.4136666666666664,0.0217619698864449,0.0224356221858622,-0.1419999999999999,0.012,0.0080000000000004,96.0,96.0,97.0,97.0,98.0,97.0,92.0,142.0,119.0,109.0,77.98,81.95,93.88,105.5,97.85,96.62,97.89,94.71,89.63,88.99,97.39,99.76,93.82,84.32,84.32,99.16
2017-04-12,97.0,89.0,74.31,99.16,99.76,2.582,2.446,0.0259999999999998,0.0499999999999998,0.0179999999999997,0.0101721439749606,0.0070202808112322,2.55225,2.562625,2.5629166666666667,0.0222467226055269,0.0188220045996972,0.032,0.068,0.0270000000000001,0.0132560066280034,0.0111616370400993,2.4045,2.4165,2.415083333333333,0.032223180062471,0.0250656281448382,-0.1359999999999996,0.0060000000000002,0.0090000000000003,96.0,96.0,97.0,97.0,98.0,89.0,97.0,104.0,137.0,114.0,77.98,77.98,94.8,96.32,105.5,99.16,96.62,99.16,90.9,88.99,100.95,97.39,100.95,86.7,85.51,102.34
2017-04-19,98.0,91.0,74.92,102.34,105.7,2.597,2.458,0.0150000000000001,0.0409999999999999,0.0579999999999998,0.0058094500387297,0.0228436392280424,2.56675,2.56575,2.56525,0.0286981416358895,0.0223463004290493,0.012,0.044,0.0780000000000002,0.0049059689288635,0.0327731092436975,2.4240000000000004,2.419625,2.41875,0.0358515457593966,0.0287100654327439,-0.1389999999999998,-0.0030000000000001,0.0200000000000004,97.0,96.0,96.0,97.0,97.0,89.0,89.0,92.0,119.0,110.0,74.31,77.98,81.95,88.68,114.67,99.16,99.16,97.89,90.9,89.63,99.76,100.95,99.76,87.89,85.51,102.97
2017-04-26,98.0,90.0,72.78,102.97,104.51,2.595,2.458,-0.0019999999999997,0.0130000000000003,0.0630000000000001,-0.000770119368502,0.0248815165876779,2.5825,2.568,2.568,0.0188767935135496,0.0244481959604894,0.0,0.012,0.08,0.0,0.0336417157275021,2.4440000000000004,2.42275,2.422916666666667,0.0207846096909337,0.0315900074618245,-0.137,0.0019999999999997,0.0169999999999999,98.0,97.0,96.0,97.0,97.0,91.0,89.0,97.0,130.0,116.0,74.92,74.31,77.98,94.18,94.18,102.34,99.16,96.62,92.8,90.26,105.7,99.76,97.39,90.26,85.51,101.07
2017-05-03,97.0,90.0,81.03,101.07,99.76,2.583,2.435,-0.012,-0.0139999999999997,0.0270000000000001,-0.0046242774566473,0.0105633802816902,2.58925,2.5685,2.5700833333333333,0.0078475049125835,0.0247444077377884,-0.0230000000000001,-0.0230000000000001,0.0209999999999999,-0.0093572009764035,0.0086992543496271,2.44925,2.4235,2.425583333333333,0.0110566721939459,0.0318299050760823,-0.1480000000000001,-0.0110000000000001,-0.0060000000000002,98.0,98.0,96.0,97.0,97.0,90.0,91.0,89.0,142.0,119.0,72.78,74.92,77.98,93.88,105.5,102.97,102.34,99.16,94.71,89.63,104.51,105.7,100.95,93.82,84.32,98.53
2017-05-10,97.0,92.0,93.27,98.53,96.2,2.565,2.41,-0.0180000000000002,-0.0300000000000002,-0.0169999999999999,-0.0069686411149826,-0.0065840433772269,2.585,2.568625,2.5700833333333333,0.0146969384573726,0.0247209425388316,-0.0249999999999999,-0.048,-0.036,-0.0102669404517453,-0.0147179067865903,2.4402500000000003,2.422375,2.4244166666666667,0.0228965062838095,0.032168918006732,-0.1549999999999998,-0.0069999999999996,-0.0190000000000001,97.0,98.0,97.0,97.0,97.0,90.0,90.0,89.0,104.0,137.0,81.03,72.78,74.31,94.8,96.32,101.07,102.97,99.16,99.16,90.9,99.76,104.51,99.76,100.95,86.7,97.25
2017-05-17,96.0,93.0,81.03,97.25,93.82,2.544,2.382,-0.0209999999999999,-0.0390000000000001,-0.0529999999999999,-0.0081871345029239,-0.0204081632653061,2.57175,2.5692500000000003,2.56775,0.0222317340758686,0.0239150281504494,-0.028,-0.0529999999999999,-0.076,-0.0116182572614107,-0.0309194467046379,2.42125,2.4226250000000005,2.420166666666667,0.0326942910409678,0.0317981917726395,-0.1619999999999999,-0.0070000000000001,-0.0230000000000001,97.0,97.0,98.0,96.0,97.0,92.0,90.0,91.0,92.0,119.0,93.27,81.03,74.92,81.95,88.68,98.53,101.07,102.34,97.89,90.9,96.2,99.76,105.7,99.76,87.89,94.71
2017-05-24,96.0,97.0,80.42,94.71,92.64,2.539,2.384,-0.0049999999999998,-0.0259999999999998,-0.056,-0.0019654088050313,-0.0215799614643545,2.55775,2.570125,2.564583333333333,0.0202546291010347,0.0224399993635649,0.0019999999999997,-0.0260000000000002,-0.0740000000000002,0.0008396305625524,-0.030105777054516,2.40275,2.423375,2.4160833333333334,0.0249983332778771,0.0306451464347873,-0.1550000000000002,0.0069999999999996,-0.0180000000000002,96.0,97.0,98.0,96.0,97.0,93.0,92.0,90.0,97.0,130.0,81.03,93.27,72.78,77.98,94.18,97.25,98.53,102.97,96.62,92.8,93.82,96.2,104.51,97.39,90.26,94.08
2017-05-31,97.0,103.0,85.01,94.08,90.26,2.571,2.423,0.032,0.0270000000000001,-0.012,0.0126033871602992,-0.0046457607433216,2.5547500000000003,2.572,2.5639166666666666,0.0156284996087454,0.0217058254197138,0.0390000000000001,0.0409999999999999,-0.012,0.0163590604026846,-0.0049281314168377,2.39975,2.4245,2.4155833333333336,0.0200727842281998,0.0304161611179387,-0.1480000000000001,0.0070000000000001,0.0,96.0,96.0,97.0,96.0,97.0,97.0,93.0,90.0,89.0,142.0,80.42,81.03,81.03,77.98,93.88,94.71,97.25,101.07,99.16,94.71,92.64,93.82,99.76,100.95,93.82,92.8
2017-06-07,97.0,95.0,81.95,92.8,87.89,2.564,2.417,-0.0070000000000001,0.0249999999999999,-0.0009999999999998,-0.0027226760015558,-0.0003898635477582,2.5545,2.56975,2.5639166666666666,0.0154164414404632,0.0214526055695458,-0.0060000000000002,0.0329999999999999,0.0069999999999996,-0.0024762690879076,0.0029045643153524,2.4015,2.420875,2.4154166666666668,0.0215174347914701,0.0291911801750044,-0.1470000000000002,0.0009999999999998,0.0079999999999995,97.0,96.0,97.0,97.0,97.0,103.0,97.0,92.0,89.0,104.0,85.01,80.42,93.27,74.31,94.8,94.08,94.71,98.53,99.16,99.16,90.26,92.64,96.2,99.76,100.95,91.53
2017-06-14,95.0,92.0,77.98,91.53,85.51,2.524,2.368,-0.04,-0.0470000000000001,-0.02,-0.0156006240249609,-0.0078616352201258,2.5495,2.5606250000000004,2.562666666666667,0.0218555866241872,0.0236216456426155,-0.0489999999999999,-0.0550000000000001,-0.0140000000000002,-0.0202730657840297,-0.0058774139378674,2.398,2.409625,2.414416666666667,0.0263438797447383,0.0301659102774435,-0.1560000000000001,-0.0089999999999998,0.0059999999999997,97.0,97.0,96.0,98.0,96.0,95.0,103.0,93.0,91.0,92.0,81.95,85.01,81.03,74.92,81.95,92.8,94.08,97.25,102.34,97.89,87.89,90.26,93.82,105.7,99.76,92.17
2017-06-21,94.0,93.0,90.21,92.17,87.89,2.489,2.329,-0.0350000000000001,-0.0750000000000001,-0.0500000000000002,-0.0138668779714739,-0.0196927924379678,2.537,2.547375,2.5590833333333336,0.038113864494271,0.0303547478048125,-0.0389999999999997,-0.0879999999999996,-0.0549999999999997,-0.0164695945945945,-0.0230704697986575,2.38425,2.3935,2.410333333333333,0.044312338387167,0.0347439614487548,-0.1599999999999997,-0.0039999999999995,-0.0049999999999994,95.0,97.0,96.0,98.0,96.0,92.0,95.0,97.0,90.0,97.0,77.98,81.95,80.42,72.78,77.98,91.53,92.8,94.71,102.97,96.62,85.51,87.89,92.64,104.51,97.39,93.44
2017-06-28,93.0,93.0,97.24,93.44,90.26,2.465,2.305,-0.024,-0.0590000000000001,-0.1060000000000003,-0.0096424266773804,-0.0412290937378453,2.5105,2.5326250000000003,2.5515000000000003,0.0431161222748708,0.0382209273268222,-0.024,-0.0629999999999997,-0.1179999999999998,-0.0103048518677544,-0.0486999587288484,2.35475,2.37725,2.40125,0.0489515066163029,0.0421688781653492,-0.1599999999999997,0.0,-0.0119999999999995,94.0,95.0,97.0,97.0,96.0,93.0,92.0,103.0,90.0,89.0,90.21,77.98,85.01,81.03,77.98,92.17,91.53,94.08,101.07,99.16,87.89,85.51,90.26,99.76,100.95,94.71
2017-07-05,93.0,91.0,88.07,94.71,90.26,2.472,2.307,0.0070000000000001,-0.0169999999999999,-0.092,0.0028397565922921,-0.0358814352574102,2.4875,2.521,2.542333333333333,0.0263375524050512,0.0410087098763437,0.0019999999999997,-0.0220000000000002,-0.1099999999999998,0.0008676789587851,-0.0455109640049647,2.3272500000000003,2.364375,2.3896666666666664,0.0292617497769089,0.0462661168830756,-0.165,-0.0050000000000003,-0.0179999999999997,93.0,94.0,97.0,97.0,97.0,93.0,93.0,95.0,92.0,89.0,97.24,90.21,81.95,93.27,74.31,93.44,92.17,92.8,98.53,99.16,90.26,87.89,87.89,96.2,99.76,94.08
2017-07-12,94.0,90.0,95.41,94.08,90.26,2.481,2.311,0.0089999999999998,0.016,-0.0430000000000001,0.0036407766990291,-0.0170364500792393,2.47675,2.513125,2.532666666666667,0.010468205832698,0.0419980866912061,0.004,0.0059999999999997,-0.0569999999999999,0.00173385348938,-0.0240709459459459,2.313,2.3555,2.3774166666666665,0.0109544511504081,0.0491237504385887,-0.1699999999999999,-0.0049999999999998,-0.0139999999999997,93.0,93.0,95.0,96.0,98.0,91.0,93.0,92.0,93.0,91.0,88.07,97.24,77.98,81.03,74.92,94.71,93.44,91.53,97.25,102.34,90.26,90.26,85.51,93.82,105.7,95.35
2017-07-19,94.0,92.0,94.18,95.35,91.45,2.491,2.324,0.0100000000000002,0.0190000000000001,0.0020000000000002,0.0040306328093511,0.0008035355564484,2.47725,2.5071250000000003,2.524,0.0112657297450745,0.0411944431066238,0.0129999999999999,0.0169999999999999,-0.0050000000000003,0.0056252704456944,-0.0021468441391157,2.31175,2.3480000000000003,2.36625,0.0085391256386918,0.0487295744756852,-0.1670000000000002,0.0029999999999996,-0.0070000000000005,94.0,93.0,94.0,96.0,98.0,90.0,91.0,93.0,97.0,90.0,95.41,88.07,90.21,80.42,72.78,94.08,94.71,92.17,94.71,102.97,90.26,90.26,87.89,92.64,104.51,97.25
2017-07-26,95.0,92.0,91.13,97.25,93.82,2.507,2.342,0.016,0.0260000000000002,0.0420000000000002,0.0064231232436773,0.0170385395537526,2.48775,2.499125,2.5176666666666665,0.0149972219657109,0.0322642548784996,0.0180000000000002,0.0310000000000001,0.0369999999999999,0.0077452667814115,0.0160520607375271,2.321,2.337875,2.3585,0.0157691682302275,0.0381966247575242,-0.165,0.0020000000000002,-0.0050000000000003,94.0,94.0,93.0,97.0,97.0,92.0,90.0,93.0,103.0,90.0,94.18,95.41,97.24,85.01,81.03,95.35,94.08,93.44,94.08,101.07,91.45,90.26,90.26,90.26,99.76,95.35
2017-08-02,96.0,92.0,91.13,95.35,91.45,2.531,2.359,0.024,0.04,0.0590000000000001,0.0095731950538491,0.0238673139158576,2.5025000000000004,2.495,2.5148333333333333,0.0218097837377736,0.0237787420070149,0.0169999999999999,0.0350000000000001,0.052,0.0072587532023911,0.0225400953619419,2.334,2.3306250000000004,2.35425,0.0209602798965013,0.0238383694315041,-0.1720000000000001,-0.0070000000000001,-0.0070000000000001,95.0,94.0,93.0,97.0,97.0,92.0,92.0,91.0,95.0,92.0,91.13,94.18,88.07,81.95,93.27,97.25,95.35,94.71,92.8,98.53,93.82,91.45,90.26,87.89,96.2,94.08
2017-08-09,97.0,91.0,90.21,94.08,90.26,2.581,2.41,0.0499999999999998,0.0739999999999998,0.1,0.0197550375345711,0.0403063280935107,2.5275000000000003,2.502125,2.517916666666667,0.0392725519078469,0.0379978852796042,0.0510000000000001,0.068,0.0990000000000002,0.0216193302246714,0.0428385980095198,2.35875,2.335875,2.356583333333333,0.0370348934565673,0.0351748185091671,-0.1709999999999998,0.0010000000000003,-0.0009999999999998,96.0,95.0,94.0,95.0,96.0,92.0,92.0,90.0,92.0,93.0,91.13,91.13,95.41,77.98,81.03,95.35,97.25,94.08,91.53,97.25,91.45,93.82,90.26,85.51,93.82,94.08
2017-08-16,211.0,92.0,94.18,94.08,90.26,2.598,2.41,0.0169999999999999,0.0669999999999997,0.1069999999999997,0.0065865943432776,0.0429546366920914,2.55425,2.51575,2.5228333333333333,0.0424372085166689,0.0502017358835539,0.0,0.0510000000000001,0.0860000000000003,0.0,0.0370051635111876,2.38025,2.346,2.35875,0.0350463978178302,0.0435693207922232,-0.1879999999999997,-0.0169999999999999,-0.0209999999999994,97.0,96.0,94.0,94.0,96.0,91.0,92.0,92.0,93.0,97.0,90.21,91.13,94.18,90.21,80.42,94.08,95.35,95.35,92.17,94.71,90.26,91.45,91.45,87.89,92.64,99.16
2017-08-23,98.0,93.0,104.58,99.16,95.01,2.596,2.408,-0.0019999999999997,0.0150000000000001,0.0889999999999999,-0.0007698229407235,0.0355005983246907,2.5765,2.532125,2.5249166666666665,0.031267661676031,0.052591247234899,-0.0020000000000002,-0.0020000000000002,0.0659999999999998,-0.0008298755186723,0.0281810418445771,2.39675,2.358875,2.3575,0.0251843205190325,0.0449203660461951,-0.1880000000000001,-4.440892098500626e-16,-0.0230000000000001,211.0,97.0,95.0,93.0,97.0,92.0,91.0,92.0,93.0,103.0,94.18,90.21,91.13,97.24,85.01,94.08,94.08,97.25,93.44,94.08,90.26,90.26,93.82,90.26,90.26,100.43
2017-08-30,98.0,99.0,102.44,100.43,97.39,2.605,2.428,0.0089999999999998,0.0070000000000001,0.0739999999999998,0.0034668721109398,0.0292374555511654,2.595,2.54875,2.5283333333333333,0.0100995049393348,0.0518865520700928,0.02,0.0179999999999997,0.0689999999999999,0.0083056478405316,0.0292496820686731,2.414,2.374,2.3584166666666664,0.0093808315199184,0.0453273805616562,-0.177,0.0110000000000001,-0.0049999999999998,98.0,211.0,96.0,93.0,97.0,93.0,92.0,92.0,91.0,95.0,104.58,94.18,91.13,88.07,81.95,99.16,94.08,95.35,94.71,92.8,95.01,90.26,91.45,90.26,87.89,98.53
2017-09-06,104.0,101.0,103.36,98.53,95.01,2.758,2.615,0.153,0.1619999999999999,0.177,0.0587332053742801,0.068578070515304,2.63925,2.583375,2.547833333333333,0.0792606459727564,0.0831950161625939,0.1870000000000002,0.2070000000000003,0.205,0.0770181219110379,0.0850622406639003,2.46525,2.412,2.379,0.1002376343163466,0.0901918589928216,-0.1429999999999998,0.0340000000000002,0.028,98.0,98.0,97.0,94.0,95.0,99.0,93.0,91.0,90.0,92.0,102.44,104.58,90.21,95.41,77.98,100.43,99.16,94.08,94.08,91.53,97.39,95.01,90.26,90.26,85.51,101.7
2017-09-13,106.0,97.0,105.5,101.7,102.14,2.802,2.647,0.044,0.197,0.2040000000000001,0.0159535895576505,0.0785219399538106,2.69025,2.62225,2.573916666666667,0.1052437646609881,0.10393919926027,0.0319999999999995,0.2189999999999998,0.2369999999999996,0.0122370936902485,0.0983402489626554,2.5245,2.452375,2.4055,0.1239368118572391,0.1142565252904091,-0.1550000000000002,-0.0120000000000004,0.0329999999999994,104.0,98.0,211.0,94.0,94.0,101.0,99.0,92.0,92.0,93.0,103.36,102.44,94.18,94.18,90.21,98.53,100.43,94.08,95.35,92.17,95.01,97.39,90.26,91.45,87.89,108.06
2017-09-20,105.0,99.0,133.02,108.06,111.64,2.791,2.639,-0.0110000000000001,0.0329999999999999,0.1949999999999998,-0.003925767309065,0.0751155624036978,2.739,2.65775,2.601083333333333,0.0912688336729265,0.1073947990228214,-0.008,0.0239999999999995,0.2309999999999998,-0.0030222893842085,0.0959302325581394,2.58225,2.4895,2.433333333333333,0.1037284114085226,0.1213036332043707,-0.1520000000000001,0.0030000000000001,0.036,106.0,104.0,98.0,95.0,93.0,97.0,101.0,93.0,92.0,93.0,105.5,103.36,104.58,91.13,97.24,101.7,98.53,99.16,97.25,93.44,102.14,95.01,95.01,93.82,90.26,108.7
2017-09-27,105.0,103.0,187.45,108.7,114.01,2.788,2.624,-0.0030000000000001,-0.0140000000000002,0.1829999999999998,-0.0010748835542816,0.0702495201535509,2.78475,2.689875,2.6274166666666665,0.0188215302251236,0.102385040062409,-0.0149999999999996,-0.0229999999999996,0.1960000000000001,-0.0056839712012124,0.0807248764415158,2.63125,2.522625,2.45975,0.0144308696897179,0.1166703996001815,-0.1639999999999997,-0.0119999999999995,0.0130000000000003,105.0,106.0,98.0,96.0,93.0,99.0,97.0,99.0,92.0,91.0,133.02,105.5,102.44,91.13,88.07,108.06,101.7,100.43,95.35,94.71,111.64,102.14,97.39,91.45,90.26,107.42
2017-10-04,105.0,101.0,236.99,107.42,111.64,2.792,2.615,0.004,0.0009999999999998,0.0339999999999998,0.0014347202295552,0.0123277737490934,2.79325,2.71625,2.6533333333333333,0.0060759087124243,0.0973869307747411,-0.0089999999999998,-0.0239999999999995,0.0,-0.0034298780487804,0.0,2.63125,2.54825,2.4850833333333333,0.0144308696897179,0.1107632610571246,-0.1769999999999996,-0.0129999999999999,-0.0339999999999998,105.0,105.0,104.0,97.0,94.0,103.0,99.0,101.0,91.0,90.0,187.45,133.02,103.36,90.21,95.41,108.7,108.06,98.53,94.08,94.08,114.01,111.64,95.01,90.26,90.26,105.52
2017-10-11,105.0,102.0,126.29,105.52,109.26,2.776,2.599,-0.016,-0.012,-0.0260000000000002,-0.0057306590257879,-0.0092790863668809,2.78675,2.7385,2.677083333333333,0.0073654599323595,0.0862024195882419,-0.016,-0.0249999999999999,-0.0479999999999996,-0.0061185468451242,-0.018133736305251,2.61925,2.571875,2.508,0.0167406690428372,0.0962711015830224,-0.1769999999999996,0.0,-0.0219999999999993,105.0,105.0,106.0,211.0,94.0,101.0,103.0,97.0,92.0,92.0,236.99,187.45,105.5,94.18,94.18,107.42,108.7,101.7,94.08,95.35,111.64,114.01,102.14,90.26,91.45,108.06
2017-10-18,105.0,104.0,129.96,108.06,114.01,2.787,2.612,0.0110000000000001,-0.0049999999999998,-0.004,0.0039625360230548,-0.0014331780723755,2.78575,2.762375,2.700416666666667,0.0068495741971222,0.0649195931244105,0.0129999999999999,-0.0030000000000001,-0.0269999999999996,0.0050019238168526,-0.0102311481621825,2.6125000000000003,2.597375,2.5305,0.0103440804328813,0.0701324002971311,-0.1749999999999998,0.0019999999999997,-0.0229999999999996,105.0,105.0,105.0,98.0,95.0,102.0,101.0,99.0,93.0,92.0,126.29,236.99,133.02,104.58,91.13,105.52,107.42,108.06,99.16,97.25,109.26,111.64,111.64,95.01,93.82,111.87
2017-10-25,106.0,96.0,122.32,111.87,121.14,2.797,2.614,0.0100000000000002,0.0210000000000003,0.0090000000000003,0.0035880875493363,0.0032281205164994,2.788,2.786375,2.722583333333333,0.0089814623910494,0.0137626565130579,0.0019999999999997,0.0149999999999996,-0.0100000000000002,0.0007656967840734,-0.0038109756097561,2.61,2.620625,2.55175,0.0074386378682719,0.0155557752254739,-0.1830000000000002,-0.0080000000000004,-0.0190000000000005,105.0,105.0,105.0,98.0,96.0,104.0,102.0,103.0,99.0,92.0,129.96,126.29,187.45,102.44,91.13,108.06,105.52,108.7,100.43,95.35,114.01,109.26,114.01,97.39,91.45,110.6
2017-11-01,106.0,94.0,135.47,110.6,117.58,2.819,2.639,0.0219999999999997,0.032,0.0270000000000001,0.0078655702538432,0.0096704871060171,2.79475,2.794,2.7424166666666667,0.0183007285833565,0.0126491106410999,0.0249999999999999,0.0269999999999996,0.0239999999999995,0.0095638867635807,0.0091778202676862,2.616,2.623625,2.5708333333333333,0.0167132681823511,0.016595502833419,-0.1800000000000001,0.0030000000000001,-0.0030000000000005,106.0,105.0,105.0,104.0,97.0,96.0,104.0,101.0,101.0,91.0,122.32,129.96,236.99,103.36,90.21,111.87,108.06,107.42,98.53,94.08,121.14,114.01,111.64,95.01,90.26,109.33
2017-11-08,109.0,93.0,122.32,109.33,116.39,2.882,2.668,0.0630000000000001,0.0849999999999999,0.1060000000000003,0.0223483504788932,0.0381844380403459,2.82125,2.8040000000000003,2.766083333333333,0.0426487592630909,0.0338061701893018,0.0290000000000003,0.0540000000000002,0.0689999999999999,0.0109890109890111,0.0265486725663717,2.63325,2.62625,2.592333333333333,0.0262218102604477,0.0216975969704943,-0.2139999999999999,-0.0339999999999998,-0.0370000000000003,106.0,106.0,105.0,106.0,211.0,94.0,96.0,102.0,97.0,92.0,135.47,122.32,126.29,105.5,94.18,110.6,111.87,105.52,101.7,94.08,117.58,121.14,109.26,102.14,90.26,109.33
2017-11-15,110.0,95.0,116.2,109.33,116.39,2.915,2.697,0.0329999999999999,0.096,0.1280000000000001,0.0114503816793893,0.0459275206315035,2.85325,2.8195,2.792666666666667,0.0547014625034257,0.0510322027184479,0.0289999999999999,0.0580000000000002,0.0849999999999999,0.0108695652173913,0.032542113323124,2.6545,2.6335,2.616416666666667,0.0359119293086283,0.0332049910191175,-0.2179999999999999,-0.004,-0.0430000000000001,109.0,106.0,105.0,105.0,98.0,93.0,94.0,104.0,99.0,93.0,122.32,135.47,129.96,133.02,104.58,109.33,110.6,108.06,108.06,99.16,116.39,117.58,114.01,111.64,95.01,107.42
2017-12-20,109.0,95.0,85.01,115.69,119.95,2.901,2.697,-0.0090000000000003,-0.0210000000000003,-0.0110000000000001,-0.0030927835051547,-0.0037774725274725,2.91475,2.898375,2.8615833333333334,0.0114127122110519,0.0348340453335177,-0.008,-0.016,0.008,-0.0029574861367837,0.0029750836742283,2.70675,2.69,2.6633333333333336,0.0074105780251686,0.0251339269856947,-0.2039999999999997,0.0010000000000003,0.0190000000000001,110.0,110.0,110.0,106.0,105.0,96.0,97.0,97.0,96.0,103.0,85.01,87.15,95.71,122.32,187.45,112.51,112.51,107.42,111.87,108.7,117.58,117.58,114.01,121.14,114.01,112.51
2018-02-07,116.0,98.0,111.0,112.51,116.39,3.086,2.874,0.016,0.0609999999999999,0.0899999999999998,0.0052117263843647,0.0300400534045393,3.05225,2.99775,2.971,0.0304671954733096,0.069302133547956,0.0060000000000002,0.0590000000000001,0.0889999999999999,0.0020920502092049,0.0319569120287253,2.8455000000000004,2.79325,2.76375,0.029827280577769,0.0660730115641044,-0.2119999999999997,-0.0099999999999997,-0.0009999999999998,113.0,114.0,113.0,110.0,110.0,100.0,99.0,98.0,96.0,95.0,109.47,100.61,109.47,85.01,116.2,113.78,113.15,109.33,112.51,109.33,118.76,116.39,114.01,117.58,116.39,109.33
2018-02-14,116.0,103.0,114.06,109.33,110.45,3.063,2.851,-0.0229999999999996,-0.0069999999999996,0.0350000000000001,-0.0074530136098508,0.011558784676354,3.061,3.018,2.9835833333333333,0.0258585898044597,0.0600428418477683,-0.0230000000000001,-0.0169999999999999,0.0259999999999998,-0.0080027835768963,0.0092035398230088,2.852,2.8125,2.77725,0.0265204323745208,0.0556340080989153,-0.2120000000000002,-4.440892098500626e-16,-0.0090000000000003,116.0,113.0,114.0,109.0,110.0,98.0,100.0,102.0,95.0,97.0,111.0,109.47,122.32,85.01,95.71,112.51,113.78,113.78,115.69,107.42,116.39,118.76,116.39,119.95,114.01,109.33
2018-03-07,113.0,112.0,144.95,113.15,114.01,2.992,2.793,-0.0150000000000001,-0.0350000000000001,-0.0939999999999998,-0.0049883604921849,-0.0304601425793907,3.0222500000000005,3.03725,3.0059166666666663,0.0307178015707988,0.0325477670950043,-0.004,-0.0249999999999999,-0.0809999999999999,-0.0014301036825169,-0.0281837160751565,2.81475,2.830125,2.800416666666667,0.0265377090194077,0.0308750361481585,-0.1989999999999998,0.0110000000000001,0.0129999999999999,113.0,114.0,116.0,113.0,110.0,117.0,107.0,98.0,98.0,96.0,119.26,116.2,111.0,109.47,85.01,111.87,109.33,112.51,109.33,112.51,112.83,110.45,116.39,114.01,117.58,114.42
2018-03-14,112.0,112.0,174.3,114.42,114.01,2.976,2.782,-0.016,-0.0310000000000001,-0.0870000000000001,-0.0053475935828877,-0.0284035259549462,3.0005,3.03075,3.012166666666667,0.0217332310838381,0.0391763412571813,-0.0110000000000001,-0.0150000000000001,-0.0689999999999999,-0.003938417472252,-0.0242020343739038,2.7975000000000003,2.82475,2.807500000000001,0.015066519173287,0.0353179436386719,-0.1939999999999999,0.0049999999999998,0.0180000000000002,113.0,113.0,116.0,114.0,109.0,112.0,117.0,103.0,102.0,95.0,144.95,119.26,114.06,122.32,85.01,113.15,111.87,109.33,113.78,115.69,114.01,112.83,110.45,116.39,119.95,115.05
2018-03-21,112.0,100.0,145.25,115.05,116.39,2.972,2.786,-0.004,-0.02,-0.0550000000000001,-0.0013440860215053,-0.0181698050875455,2.98675,3.024125,3.0179166666666664,0.0160286202362269,0.0444182636183639,0.004,-0.0070000000000001,-0.032,0.0014378145219267,-0.0113555713271824,2.7895000000000003,2.8211250000000003,2.814,0.0067577116441751,0.0378585242336536,-0.1859999999999999,0.008,0.0230000000000001,112.0,113.0,114.0,114.0,110.0,112.0,112.0,107.0,99.0,98.0,174.3,144.95,116.2,100.61,89.6,114.42,113.15,109.33,113.15,112.51,114.01,114.01,110.45,116.39,117.58,115.05
2018-04-04,115.0,106.0,170.63,114.42,116.39,3.042,2.851,0.032,0.0699999999999998,0.0499999999999998,0.0106312292358803,0.0167112299465239,3.0,3.011125,3.024833333333333,0.0327821089418731,0.0317239769622107,0.028,0.0649999999999999,0.0579999999999998,0.0099185263903649,0.020766201217329,2.8105,2.812625,2.823583333333333,0.0327057589220229,0.0276660570789014,-0.1909999999999998,-0.004,0.008,114.0,112.0,113.0,116.0,113.0,103.0,100.0,112.0,98.0,98.0,149.23,145.25,144.95,111.0,109.47,115.05,115.05,113.15,112.51,109.33,116.39,116.39,114.01,116.39,114.01,111.87
2018-04-11,115.0,105.0,181.03,111.87,115.2,3.043,2.844,0.0010000000000003,0.0330000000000003,0.0670000000000001,0.000328731097962,0.022513440860215,3.01675,3.008625,3.0260833333333337,0.0335397773796491,0.0275677736291901,-0.0070000000000001,0.0209999999999999,0.0619999999999998,-0.0024552788495265,0.0222861250898633,2.826,2.81175,2.8251666666666666,0.0292004566174098,0.0263587881795244,-0.1990000000000003,-0.0080000000000004,-0.0050000000000003,115.0,114.0,112.0,116.0,114.0,106.0,103.0,112.0,103.0,102.0,170.63,149.23,174.3,114.06,122.32,114.42,115.05,114.42,109.33,113.78,116.39,116.39,114.01,110.45,116.39,111.87
2018-04-18,117.0,108.0,197.24,111.87,115.2,3.104,2.91,0.0609999999999999,0.0620000000000002,0.1320000000000001,0.0200460072297075,0.044414535666218,3.04975,3.01825,3.032666666666667,0.0392799779362922,0.0436503968237449,0.0660000000000002,0.0590000000000001,0.1240000000000001,0.0232067510548523,0.0445082555635318,2.857,2.8232500000000003,2.833083333333333,0.0372827037645888,0.0437843742513092,-0.1939999999999999,0.0050000000000003,-0.008,115.0,115.0,112.0,114.0,114.0,105.0,106.0,100.0,107.0,99.0,181.03,170.63,145.25,116.2,100.61,111.87,114.42,115.05,109.33,113.15,115.2,116.39,116.39,110.45,116.39,111.87
2018-04-25,118.0,111.0,162.07,111.87,114.01,3.133,2.936,0.0289999999999999,0.0899999999999998,0.1230000000000002,0.0093427835051547,0.0408637873754154,3.0805,3.0340000000000003,3.0379166666666664,0.0454496057922929,0.0590326786015222,0.0259999999999998,0.092,0.1129999999999999,0.00893470790378,0.0400283386468296,2.88525,2.840625,2.83875,0.0449546067346195,0.0573558752751507,-0.197,-0.0030000000000001,-0.0100000000000002,117.0,115.0,114.0,113.0,113.0,108.0,105.0,103.0,117.0,100.0,197.24,181.03,149.23,119.26,109.47,111.87,111.87,115.05,111.87,113.78,115.2,115.2,116.39,112.83,118.76,112.51
2018-05-02,119.0,109.0,133.94,112.51,114.01,3.157,2.946,0.024,0.0529999999999999,0.1150000000000002,0.0076603894031279,0.0378040762656148,3.1092500000000003,3.054625,3.0438333333333336,0.0491960364257875,0.0700569921055057,0.0100000000000002,0.036,0.0950000000000002,0.0034059945504087,0.033321641529288,2.909,2.85975,2.84475,0.0459129611329662,0.0642956341553276,-0.2109999999999998,-0.0139999999999997,-0.02,118.0,117.0,115.0,113.0,116.0,111.0,108.0,106.0,112.0,98.0,162.07,197.24,170.63,144.95,111.0,111.87,111.87,114.42,113.15,112.51,114.01,115.2,116.39,114.01,116.39,112.51
2018-05-09,120.0,102.0,141.58,112.51,114.01,3.171,2.955,0.0139999999999997,0.0379999999999998,0.1279999999999996,0.0044345898004434,0.0420637528754517,3.14125,3.079,3.052833333333333,0.0293754432591795,0.0726675404055035,0.0089999999999998,0.0190000000000001,0.1110000000000002,0.0030549898167004,0.039029535864979,2.93675,2.881375,2.8534166666666665,0.0194486503386948,0.0634978908536671,-0.2159999999999997,-0.0049999999999998,-0.0169999999999994,119.0,118.0,115.0,112.0,116.0,109.0,111.0,105.0,112.0,103.0,133.94,162.07,181.03,174.3,114.06,112.51,111.87,111.87,114.42,109.33,114.01,114.01,115.2,114.01,110.45,111.87
2018-05-16,122.0,106.0,145.25,111.87,116.39,3.239,3.012,0.068,0.0819999999999998,0.1349999999999998,0.021444339325134,0.043492268041237,3.175,3.112375,3.0705,0.045460605656683,0.0776474403957687,0.0569999999999999,0.0659999999999998,0.1019999999999998,0.0192893401015228,0.0350515463917524,2.96225,2.909625,2.8695833333333334,0.0340624426604492,0.0652532155748981,-0.2269999999999998,-0.0110000000000001,-0.0329999999999999,120.0,119.0,117.0,112.0,114.0,102.0,109.0,108.0,100.0,107.0,141.58,133.94,197.24,145.25,116.2,112.51,112.51,111.87,115.05,109.33,114.01,114.01,115.2,116.39,110.45,111.87
2018-05-23,124.0,103.0,147.39,111.87,116.39,3.277,3.055,0.0380000000000002,0.1060000000000003,0.1440000000000001,0.0117320160543379,0.045962336418768,3.211,3.14575,3.093,0.0567332941637587,0.0844422879842491,0.0430000000000001,0.1,0.1190000000000002,0.0142762284196547,0.0405313351498637,2.992,2.938625,2.891083333333333,0.051166395221824,0.0724153446644013,-0.2219999999999999,0.0049999999999998,-0.0249999999999999,122.0,120.0,118.0,114.0,113.0,106.0,102.0,111.0,103.0,117.0,145.25,141.58,162.07,149.23,119.26,111.87,112.51,111.87,115.05,111.87,116.39,114.01,114.01,116.39,112.83,110.6
2018-05-30,124.0,104.0,149.84,110.6,115.2,3.288,3.054,0.0109999999999996,0.0489999999999999,0.1309999999999997,0.0033567287152882,0.0414950902755779,3.24375,3.1765,3.1176666666666666,0.0528480526289358,0.0860398578733854,-0.0010000000000003,0.0419999999999998,0.1079999999999996,-0.0003273322422259,0.0366598778004072,3.019,2.964,2.9128333333333334,0.0471380949975226,0.0728893486242259,-0.2339999999999999,-0.012,-0.0230000000000001,124.0,122.0,119.0,115.0,113.0,103.0,106.0,109.0,106.0,112.0,147.39,145.25,133.94,170.63,144.95,111.87,111.87,112.51,114.42,113.15,116.39,116.39,114.01,116.39,114.01,106.79
2018-06-06,124.0,106.0,163.6,106.79,115.2,3.285,3.055,-0.0029999999999996,0.008,0.1140000000000003,-0.000912408759124,0.0359508041627247,3.27225,3.20675,3.1434166666666665,0.0226476636028987,0.0741133302065244,0.0010000000000003,0.0,0.1,0.0003274394237067,0.0338409475465313,3.044,2.990375,2.935583333333333,0.0213385410309235,0.0603630385962979,-0.2299999999999999,0.004,-0.0140000000000002,124.0,124.0,120.0,115.0,112.0,104.0,103.0,102.0,105.0,112.0,149.84,147.39,141.58,181.03,174.3,110.6,111.87,112.51,111.87,114.42,115.2,116.39,114.01,115.2,114.01,109.33
2018-06-13,123.0,102.0,173.69,109.33,116.39,3.266,3.037,-0.0190000000000001,-0.0219999999999997,0.0270000000000001,-0.0057838660578386,0.0083359061438716,3.2790000000000004,3.2270000000000003,3.1679166666666667,0.0098319208026658,0.0633831883975903,-0.0180000000000002,-0.0169999999999999,0.0249999999999999,-0.0058919803600655,0.0083001328021248,3.05025,3.00625,2.9565,0.0088459030061933,0.0523770669555277,-0.2290000000000001,0.0009999999999998,-0.0020000000000002,124.0,124.0,122.0,117.0,112.0,106.0,104.0,106.0,108.0,100.0,163.6,149.84,145.25,197.24,145.25,106.79,110.6,111.87,111.87,115.05,115.2,115.2,116.39,115.2,116.39,111.87
2018-06-20,122.0,106.0,139.44,111.87,118.76,3.244,3.016,-0.0219999999999997,-0.0409999999999999,-0.0329999999999999,-0.0067360685854255,-0.010070186145865,3.27075,3.240875,3.187416666666666,0.0203203510469208,0.0507583561032245,-0.0209999999999999,-0.0390000000000001,-0.0390000000000001,-0.0069147184721765,-0.0127659574468085,3.0405,3.01625,2.972583333333334,0.0183030052175902,0.0440186648724098,-0.2280000000000002,0.0009999999999998,-0.0060000000000002,123.0,124.0,124.0,118.0,114.0,102.0,106.0,103.0,111.0,103.0,173.69,163.6,147.39,162.07,149.23,109.33,106.79,111.87,111.87,115.05,116.39,115.2,116.39,114.01,116.39,110.6
2018-06-27,121.0,105.0,136.69,110.6,117.58,3.216,2.978,-0.028,-0.0499999999999998,-0.0719999999999996,-0.0086313193588163,-0.0218978102189779,3.25275,3.24825,3.201916666666667,0.0296802403405118,0.0399705248546849,-0.0379999999999998,-0.0589999999999997,-0.0759999999999996,-0.0125994694960211,-0.0248853962017026,3.0215,3.0202500000000003,2.983166666666667,0.0330907842154795,0.0377274057266572,-0.238,-0.0099999999999997,-0.004,122.0,123.0,124.0,119.0,115.0,106.0,102.0,104.0,109.0,106.0,139.44,173.69,149.84,133.94,170.63,111.87,109.33,110.6,112.51,114.42,118.76,116.39,115.2,114.01,116.39,109.97
2018-07-04,122.0,108.0,128.13,109.97,116.39,3.236,3.002,0.02,-0.008,-0.0489999999999999,0.0062189054726369,-0.0149162861491628,3.2405,3.256375,3.218,0.0206801031590961,0.0262892563610349,0.0239999999999995,-0.0140000000000002,-0.0530000000000003,0.008059100067159,-0.0173486088379706,3.00825,3.026125,2.9963333333333337,0.0247706143106901,0.0286926446524107,-0.2340000000000004,0.0039999999999995,-0.0040000000000004,121.0,122.0,124.0,120.0,115.0,105.0,106.0,106.0,102.0,105.0,136.69,139.44,163.6,141.58,181.03,110.6,111.87,106.79,112.51,111.87,117.58,118.76,115.2,114.01,115.2,110.6
2018-07-11,122.0,105.0,127.21,110.6,117.58,3.243,3.004,0.0069999999999996,0.0269999999999996,-0.0230000000000001,0.0021631644004942,-0.0070422535211267,3.23475,3.256875,3.229583333333333,0.0129967944767549,0.0259474055959181,0.0020000000000002,0.0259999999999998,-0.0329999999999999,0.0006662225183211,-0.010865986170563,3.0,3.025125,3.0041666666666664,0.0159164485149512,0.0293862820281033,-0.2389999999999998,-0.0049999999999994,-0.0099999999999997,122.0,121.0,123.0,122.0,117.0,108.0,105.0,102.0,106.0,108.0,128.13,136.69,173.69,145.25,197.24,109.97,110.6,109.33,111.87,111.87,116.39,117.58,116.39,116.39,115.2,111.87
2018-07-18,122.0,105.0,126.29,111.87,117.58,3.239,3.004,-0.004,0.0029999999999996,-0.0050000000000003,-0.0012334258402713,-0.0015413070283601,3.2335000000000003,3.2521250000000004,3.238416666666667,0.0120138808608086,0.0252045205699101,0.0,0.0020000000000002,-0.012,0.0,-0.0039787798408488,2.997,3.01875,3.0098333333333334,0.0127017059220066,0.0274473522013289,-0.2349999999999998,0.004,-0.0069999999999996,122.0,122.0,122.0,124.0,118.0,105.0,108.0,106.0,103.0,111.0,127.21,128.13,139.44,147.39,162.07,110.6,109.97,111.87,111.87,111.87,117.58,116.39,118.76,116.39,114.01,111.87
2018-07-25,122.0,99.0,136.08,111.87,117.58,3.22,2.993,-0.0189999999999996,-0.0229999999999996,0.004,-0.0058660080271687,0.0012437810945273,3.2345,3.243625,3.2436666666666665,0.0100829889750515,0.022721528495216,-0.0110000000000001,-0.0110000000000001,0.0149999999999996,-0.0036617842876165,0.0050369375419743,3.00075,3.011125,3.01375,0.0052519837517919,0.0245789544123962,-0.2270000000000003,0.0079999999999995,0.0109999999999996,122.0,122.0,121.0,124.0,119.0,105.0,105.0,105.0,104.0,109.0,126.29,127.21,136.69,149.84,133.94,111.87,110.6,110.6,110.6,112.51,117.58,117.58,117.58,115.2,114.01,111.87
2018-08-01,122.0,98.0,165.74,111.87,117.58,3.226,2.997,0.0059999999999997,-0.0129999999999999,-0.0100000000000002,0.001863354037267,-0.0030902348578493,3.232,3.23625,3.24825,0.0108012344975505,0.0159351363798536,0.004,-0.0070000000000001,-0.0049999999999998,0.0013364517206815,-0.0016655562958027,2.9995,3.003875,3.01725,0.0054467115457347,0.0172497411990794,-0.2290000000000001,-0.0019999999999997,0.0050000000000003,122.0,122.0,122.0,124.0,120.0,99.0,105.0,108.0,106.0,102.0,136.08,126.29,128.13,163.6,141.58,111.87,111.87,109.97,106.79,112.51,117.58,117.58,116.39,115.2,114.01,111.24
2018-08-08,122.0,97.0,181.95,111.24,115.2,3.223,2.995,-0.0030000000000001,0.0029999999999996,-0.02,-0.0009299442033477,-0.0061671292013567,3.227,3.230875,3.246916666666667,0.0083666002656124,0.0109340555808202,-0.0019999999999997,0.0020000000000002,-0.0089999999999998,-0.0006673340006672,-0.0029960053262316,2.99725,2.998625,3.0158333333333336,0.0047871355383441,0.0109796890409163,-0.2279999999999997,0.0010000000000003,0.0110000000000001,122.0,122.0,122.0,123.0,122.0,98.0,99.0,105.0,102.0,106.0,165.74,136.08,127.21,173.69,145.25,111.87,111.87,110.6,109.33,111.87,117.58,117.58,117.58,116.39,116.39,111.87
2018-08-15,121.0,99.0,160.54,111.87,115.2,3.217,2.99,-0.0059999999999997,-0.0089999999999998,-0.0219999999999997,-0.0018616196090598,-0.0067922198209323,3.2215000000000003,3.2275,3.2419166666666666,0.0038729833468137,0.0104608112230563,-0.0049999999999998,-0.0069999999999996,-0.0139999999999997,-0.0016694490818029,-0.0046604527296936,2.9937500000000004,2.995375,3.0104166666666665,0.0029860788105033,0.0087167736499114,-0.2269999999999998,0.0009999999999998,0.008,122.0,122.0,122.0,122.0,124.0,97.0,98.0,105.0,106.0,103.0,181.95,165.74,126.29,139.44,147.39,111.24,111.87,111.87,111.87,111.87,115.2,117.58,117.58,118.76,116.39,114.42
2018-08-22,121.0,101.0,142.19,114.42,117.58,3.207,2.981,-0.0100000000000002,-0.016,-0.0130000000000003,-0.0031084861672365,-0.0040372670807454,3.2182500000000003,3.226375,3.2351666666666663,0.0083815273074056,0.0122116747424682,-0.0090000000000003,-0.0140000000000002,-0.012,-0.0030100334448162,-0.0040093551620448,2.99075,2.99575,3.0043333333333333,0.0071355915425835,0.0078876032938361,-0.2259999999999999,0.0009999999999998,0.0010000000000003,121.0,122.0,122.0,121.0,124.0,99.0,97.0,99.0,105.0,104.0,160.54,181.95,136.08,136.69,149.84,111.87,111.24,111.87,110.6,110.6,115.2,115.2,117.58,117.58,115.2,116.96
2018-08-29,122.0,98.0,181.33,116.96,118.76,3.226,3.004,0.0190000000000001,0.0089999999999998,0.0,0.0059245400685998,0.0,3.21825,3.225125,3.23025,0.0083815273074056,0.0115812348225834,0.0230000000000001,0.0139999999999997,0.0070000000000001,0.0077155317007715,0.0023356690023357,2.9925,2.996,3.000083333333333,0.0096090235367192,0.008141603913994,-0.2219999999999999,0.004,0.0070000000000001,121.0,121.0,122.0,122.0,124.0,101.0,99.0,98.0,108.0,106.0,142.19,160.54,165.74,128.13,163.6,114.42,111.87,111.87,109.97,106.79,117.58,115.2,117.58,116.39,115.2,116.96
2018-09-05,123.0,99.0,164.52,116.96,118.76,3.252,3.035,0.0259999999999998,0.0449999999999999,0.0289999999999999,0.0080595164290142,0.0089978281104561,3.2255000000000003,3.22625,3.229083333333333,0.0192959408513272,0.0137918195220978,0.0310000000000001,0.0540000000000002,0.04,0.0103195739014647,0.0133555926544239,3.0025000000000004,2.999875,2.999916666666667,0.0236431808349832,0.0160395716011837,-0.2169999999999996,0.0050000000000003,0.0110000000000001,122.0,121.0,122.0,122.0,123.0,98.0,101.0,97.0,105.0,102.0,181.33,142.19,181.95,127.21,173.69,116.96,114.42,111.24,110.6,109.33,118.76,117.58,115.2,117.58,116.39,116.96
2018-09-12,123.0,96.0,149.23,116.96,118.76,3.258,3.039,0.0060000000000002,0.032,0.0409999999999999,0.0018450184501845,0.0127447932856699,3.23575,3.228625,3.2302500000000003,0.0236696007571803,0.017451463303816,0.004,0.0350000000000001,0.0489999999999999,0.0013179571663921,0.0163879598662206,3.01475,3.00425,3.001833333333334,0.0274028587315662,0.0212518906723495,-0.2189999999999998,-0.0020000000000002,0.008,123.0,122.0,121.0,122.0,122.0,99.0,98.0,99.0,105.0,106.0,164.52,181.33,160.54,126.29,139.44,116.96,116.96,111.87,111.87,111.87,118.76,118.76,115.2,117.58,118.76,117.59
2018-09-19,123.0,97.0,158.4,117.59,118.76,3.268,3.056,0.0099999999999997,0.016,0.0609999999999999,0.0030693677102515,0.0190208917991892,3.2510000000000003,3.234625,3.234583333333333,0.0179257728797736,0.0217776917316506,0.0169999999999999,0.0209999999999999,0.0750000000000001,0.0055939453767686,0.025159342502516,3.0335,3.012125,3.0083333333333333,0.0216717942649392,0.0272995944502749,-0.2119999999999997,0.0070000000000001,0.0140000000000002,123.0,123.0,121.0,122.0,121.0,96.0,99.0,101.0,99.0,105.0,149.23,164.52,142.19,136.08,136.69,116.96,116.96,114.42,111.87,110.6,118.76,118.76,117.58,117.58,117.58,118.87
2018-09-26,123.0,99.0,147.7,118.87,121.14,3.271,3.052,0.0030000000000001,0.0129999999999999,0.0449999999999999,0.0009179926560587,0.0139491630502168,3.26225,3.24025,3.2374999999999994,0.0088081401746863,0.0248294180361929,-0.004,0.0129999999999999,0.048,-0.0013089005235602,0.0159786950732356,3.0455,3.019,3.0125,0.0100829889745872,0.0297609523658249,-0.2189999999999998,-0.0070000000000001,0.0030000000000001,123.0,123.0,122.0,122.0,122.0,97.0,96.0,98.0,98.0,108.0,158.4,149.23,181.33,165.74,128.13,117.59,116.96,116.96,111.87,109.97,118.76,118.76,118.76,117.58,116.39,120.14
2018-10-03,125.0,102.0,159.93,120.14,125.89,3.313,3.079,0.0420000000000002,0.0450000000000003,0.0610000000000003,0.0128401100580863,0.0187576875768757,3.2775000000000003,3.2515,3.2433333333333336,0.0243104915623519,0.0344300533174833,0.0270000000000001,0.0230000000000001,0.044,0.0088466579292267,0.014497528830313,3.0565,3.0295,3.0187500000000003,0.0166633329997773,0.0345212150093372,-0.2339999999999999,-0.0150000000000001,-0.0170000000000003,123.0,123.0,123.0,122.0,122.0,99.0,97.0,99.0,97.0,105.0,147.7,158.4,164.52,181.95,127.21,118.87,117.59,116.96,111.24,110.6,121.14,118.76,118.76,115.2,117.58,120.77
2018-10-10,128.0,100.0,152.9,120.77,127.08,3.385,3.169,0.0719999999999996,0.1139999999999998,0.1269999999999997,0.02173256866888,0.0389809699201963,3.30925,3.2725,3.2555,0.0545183455361799,0.0552940193099128,0.0899999999999998,0.1169999999999999,0.1299999999999999,0.0292302695680415,0.0427772293517603,3.089,3.051875,3.0325,0.0546443043692042,0.0563621897070901,-0.2159999999999997,0.0180000000000002,0.0030000000000001,125.0,123.0,123.0,121.0,122.0,102.0,99.0,96.0,99.0,105.0,159.93,147.7,149.23,160.54,126.29,120.14,118.87,116.96,111.87,111.87,125.89,121.14,118.76,115.2,117.58,125.86
2018-10-17,128.0,98.0,155.34,125.86,131.83,3.394,3.172,0.0090000000000003,0.0809999999999999,0.1260000000000003,0.002658788774003,0.0385556915544675,3.3407500000000003,3.295875,3.27,0.0589597320211128,0.0626815933338798,0.0030000000000001,0.0929999999999999,0.1160000000000001,0.0009466708740928,0.0379581151832462,3.1180000000000003,3.07575,3.047416666666667,0.0616279157524715,0.0622018603305239,-0.2219999999999999,-0.0060000000000002,-0.0100000000000002,128.0,125.0,123.0,121.0,122.0,100.0,102.0,97.0,101.0,99.0,152.9,159.93,158.4,142.19,136.08,120.77,120.14,117.59,114.42,111.87,127.08,125.89,118.76,117.58,117.58,126.49
2018-10-24,128.0,102.0,155.34,126.49,131.83,3.38,3.152,-0.0140000000000002,-0.0049999999999998,0.1089999999999999,-0.0041249263406011,0.033323142769795,3.368,3.315125,3.282833333333333,0.0371214223865501,0.0617979137420846,-0.02,-0.0169999999999999,0.1,-0.0063051702395964,0.0327653997378767,3.143,3.09425,3.060333333333334,0.043566041821507,0.0597751740154556,-0.2279999999999997,-0.0059999999999997,-0.0089999999999998,128.0,128.0,123.0,122.0,122.0,98.0,100.0,99.0,98.0,98.0,155.34,152.9,147.7,181.33,165.74,125.86,120.77,118.87,116.96,111.87,131.83,127.08,121.14,118.76,117.58,125.22
2018-10-31,127.0,100.0,145.25,125.22,130.64,3.355,3.117,-0.0249999999999999,-0.0390000000000001,0.0419999999999998,-0.0073964497041419,0.0126773317235133,3.3785,3.328,3.2938333333333336,0.0167032930885014,0.0573361018159215,-0.0350000000000001,-0.0550000000000001,0.0379999999999998,-0.0111040609137056,0.012341669373173,3.1525,3.1045,3.0705,0.0252520626218892,0.055003895965969,-0.238,-0.0100000000000002,-0.004,128.0,128.0,125.0,123.0,122.0,102.0,98.0,102.0,99.0,97.0,155.34,155.34,159.93,164.52,181.95,126.49,125.86,120.14,116.96,111.24,131.83,131.83,125.89,118.76,115.2,124.59
2018-11-07,126.0,97.0,109.47,124.59,129.45,3.338,3.106,-0.0169999999999999,-0.0419999999999998,-0.0469999999999997,-0.0050670640834574,-0.0138847858197931,3.36675,3.338,3.3039166666666677,0.0250516133878446,0.0498741272750296,-0.0110000000000001,-0.0460000000000002,-0.0630000000000001,-0.0035290343278794,-0.0198800883559483,3.13675,3.112875,3.080166666666667,0.0306090945089868,0.0482979961134829,-0.2320000000000002,0.0059999999999997,-0.0160000000000004,127.0,128.0,128.0,123.0,121.0,100.0,102.0,100.0,96.0,99.0,145.25,155.34,152.9,149.23,160.54,125.22,126.49,120.77,116.96,111.87,130.64,131.83,127.08,118.76,115.2,123.32
2018-11-14,125.0,96.0,102.44,123.32,128.27,3.317,3.085,-0.0209999999999999,-0.0379999999999998,-0.0769999999999999,-0.0062911923307369,-0.0226870948733057,3.3475,3.344125,3.3130833333333336,0.0266645832519698,0.0425153333686322,-0.0209999999999999,-0.032,-0.0870000000000001,-0.0067611075338055,-0.0274274905422446,3.115,3.1165000000000003,3.088833333333333,0.0280119022320951,0.044346041859201,-0.2320000000000002,0.0,-0.0100000000000002,126.0,127.0,128.0,123.0,121.0,97.0,100.0,98.0,97.0,101.0,109.47,145.25,155.34,158.4,142.19,124.59,125.22,125.86,117.59,114.42,129.45,130.64,131.83,118.76,117.58,122.04
2018-12-19,118.0,97.0,137.61,122.04,122.33,3.121,2.9,-0.04,-0.0859999999999998,-0.161,-0.0126542233470421,-0.0490554539914686,3.1875,3.25525,3.2928333333333337,0.0602964896712273,0.0850155447971674,-0.0340000000000002,-0.0889999999999999,-0.145,-0.0115882753919565,-0.0476190476190476,2.9645,3.026375,3.0652500000000003,0.0596126384809714,0.079562980444107,-0.221,0.0059999999999997,0.016,119.0,121.0,124.0,128.0,123.0,99.0,99.0,96.0,102.0,99.0,126.29,103.97,97.85,155.34,147.7,122.04,122.04,122.04,126.49,118.87,123.52,124.7,127.08,131.83,121.14,122.04
2019-02-06,112.0,107.0,137.61,99.16,104.51,2.966,2.779,0.0010000000000003,0.0010000000000003,-0.0469999999999997,0.0003372681281619,-0.0155990706936607,2.968,3.016375,3.086833333333333,0.0053541261358589,0.0598568232178072,-0.0100000000000002,-0.0110000000000001,-0.0420000000000002,-0.0035855145213339,-0.0148883374689827,2.7865,2.822125,2.8816666666666664,0.0050662280511246,0.044357114101743,-0.1870000000000002,-0.0110000000000005,0.0049999999999994,112.0,112.0,114.0,119.0,125.0,101.0,101.0,97.0,99.0,96.0,141.58,137.61,122.32,126.29,102.44,104.25,109.33,119.5,122.04,123.32,109.26,111.64,118.76,123.52,128.27,96.62
2019-02-13,112.0,111.0,164.52,96.62,102.14,2.966,2.776,0.0,0.0010000000000003,-0.0099999999999997,0.0,-0.0033602150537633,2.9655,2.997,3.0605,0.0005773502796651,0.0441879104346962,-0.0030000000000001,-0.0130000000000003,-0.012,-0.0010795250089961,-0.0043041606886656,2.7835,2.806625,2.85925,0.0070474581705789,0.0336237054982798,-0.1900000000000004,-0.0030000000000001,-0.0020000000000002,112.0,112.0,112.0,118.0,124.0,107.0,101.0,97.0,97.0,96.0,137.61,141.58,133.94,137.61,97.85,99.16,104.25,114.42,122.04,122.04,104.51,109.26,114.01,122.33,127.08,99.16
2019-03-06,116.0,142.0,160.54,100.43,108.08,3.076,2.87,0.028,0.0700000000000002,0.1099999999999998,0.0091863517060366,0.0370869858395144,3.024,2.9960000000000004,3.018916666666667,0.0481940521919148,0.0436315744126611,0.0209999999999999,0.0609999999999999,0.0910000000000001,0.0073710073710073,0.0327455919395467,2.826,2.80625,2.8234166666666667,0.0418489346737992,0.0347470450954267,-0.2059999999999999,-0.0070000000000001,-0.0189999999999996,115.0,113.0,112.0,114.0,119.0,127.0,126.0,107.0,97.0,99.0,183.48,160.54,137.61,122.32,126.29,99.8,99.16,99.16,119.5,122.04,105.7,104.51,104.51,118.76,123.52,101.7
2019-03-13,116.0,138.0,151.37,101.7,109.26,3.079,2.881,0.0030000000000001,0.0310000000000001,0.1129999999999999,0.0009752925877763,0.0380984490896829,3.05225,3.008875,3.015416666666667,0.0338464670732834,0.0513932666519292,0.0109999999999996,0.0319999999999995,0.1049999999999999,0.0038327526132402,0.0378242074927954,2.85225,2.817875,2.8218333333333336,0.0317424531712877,0.0424682654629907,-0.1980000000000004,0.0079999999999995,-0.008,116.0,115.0,112.0,112.0,118.0,142.0,127.0,111.0,97.0,97.0,160.54,183.48,164.52,133.94,137.61,100.43,99.8,96.62,114.42,122.04,108.08,105.7,102.14,114.01,122.33,101.7
2019-03-20,116.0,134.0,143.72,101.7,109.26,3.07,2.869,-0.0090000000000003,-0.0060000000000002,0.064,-0.0029230269568042,0.0212907518296741,3.06825,3.022,3.0148333333333337,0.0140089257264448,0.0519917575886451,-0.0119999999999995,-0.0009999999999998,0.06,-0.0041652204095798,0.0213599145603418,2.8672500000000003,2.82775,2.8218333333333336,0.0133260396716769,0.0442097274364645,-0.2009999999999996,-0.0029999999999992,-0.004,116.0,116.0,113.0,112.0,116.0,138.0,142.0,126.0,101.0,102.0,151.37,160.54,160.54,137.61,117.12,101.7,100.43,99.16,109.33,122.04,109.26,108.08,104.51,111.64,122.33,104.25
2019-04-03,116.0,108.0,137.61,105.52,112.83,3.078,2.872,-0.0020000000000002,0.008,0.0019999999999997,-0.0006493506493506,0.0006501950585173,3.07675,3.0503750000000003,3.0229166666666667,0.0045734742456326,0.0424194615041207,-0.004,0.0029999999999996,0.0019999999999997,-0.0013908205841446,0.0006968641114981,2.8745,2.85025,2.829,0.0051961524224789,0.0378710217147725,-0.2059999999999999,-0.0019999999999997,0.0,116.0,116.0,116.0,112.0,114.0,115.0,134.0,142.0,107.0,97.0,160.54,143.72,160.54,137.61,122.32,104.25,101.7,100.43,99.16,119.5,111.64,109.26,108.08,104.51,118.76,106.79
2019-04-10,117.0,114.0,123.23,106.79,112.83,3.093,2.879,0.0150000000000001,0.0129999999999999,0.0139999999999997,0.0048732943469786,0.0045469308216952,3.08025,3.06625,3.032666666666667,0.0095350231607144,0.0274577597673702,0.0070000000000001,0.0030000000000001,-0.0019999999999997,0.0024373259052925,-0.0006942034015965,2.874,2.863125,2.836583333333333,0.0043969686524897,0.0239847421739183,-0.2139999999999999,-0.008,-0.0159999999999995,116.0,116.0,116.0,112.0,112.0,108.0,115.0,138.0,111.0,97.0,137.61,160.54,151.37,164.52,133.94,105.52,104.25,101.7,96.62,114.42,112.83,111.64,109.26,102.14,114.01,106.79
2019-04-17,118.0,106.0,116.2,106.79,111.64,3.118,2.899,0.0249999999999999,0.04,0.048,0.0080827675396055,0.0156351791530944,3.09225,3.08025,3.0454166666666667,0.0184096894779625,0.0198476339003611,0.02,0.0270000000000001,0.0299999999999998,0.0069468565474122,0.010456605088881,2.8815,2.874375,2.8456666666666663,0.0120138808605224,0.0139993622306026,-0.2189999999999998,-0.0049999999999998,-0.0180000000000002,117.0,116.0,116.0,113.0,112.0,114.0,108.0,134.0,126.0,101.0,123.23,137.61,143.72,160.54,137.61,106.79,105.52,101.7,99.16,109.33,112.83,112.83,109.26,104.51,111.64,106.79
2019-04-24,119.0,99.0,115.59,106.79,109.26,3.147,2.917,0.0289999999999999,0.0539999999999998,0.0669999999999997,0.0093008338678639,0.0217532467532466,3.109,3.092625,3.0605833333333337,0.0302324329157915,0.026586449287722,0.0179999999999997,0.0379999999999998,0.0409999999999999,0.0062090375991721,0.0142559109874826,2.89175,2.882875,2.8563333333333336,0.0203531324369808,0.0167625219720548,-0.2299999999999999,-0.0110000000000001,-0.0259999999999998,118.0,117.0,116.0,115.0,112.0,106.0,114.0,115.0,127.0,101.0,116.2,123.23,160.54,183.48,141.58,106.79,106.79,104.25,99.8,104.25,111.64,112.83,111.64,105.7,109.26,107.42
2019-05-01,120.0,103.0,117.73,107.42,109.26,3.169,2.939,0.0220000000000002,0.0510000000000001,0.0910000000000001,0.0069907848744836,0.0295646523716699,3.1317500000000003,3.1042499999999995,3.0775,0.0332202247635457,0.036690792928591,0.0220000000000002,0.04,0.0670000000000001,0.0075419952005486,0.0233286908077994,2.9085,2.8915,2.869666666666667,0.0255799400572063,0.0249456552187386,-0.2299999999999999,0.0,-0.024,119.0,118.0,116.0,116.0,112.0,99.0,106.0,108.0,142.0,107.0,115.59,116.2,137.61,160.54,137.61,106.79,106.79,105.52,100.43,99.16,109.26,111.64,112.83,108.08,104.51,108.06
2019-07-17,115.0,101.0,152.9,118.23,121.14,3.051,2.805,-0.004,0.0090000000000003,-0.0189999999999996,-0.0013093289689034,-0.006188925081433,3.04775,3.081625,3.109666666666666,0.0062915286968276,0.0433587608548877,0.0010000000000003,0.0020000000000002,-0.0149999999999996,0.0003566333808846,-0.0053191489361701,2.80225,2.83,2.859833333333333,0.0035939764420249,0.0366099127872805,-0.246,0.0050000000000003,0.004,115.0,115.0,116.0,119.0,119.0,101.0,99.0,105.0,98.0,99.0,138.52,149.23,161.46,126.29,115.59,113.15,109.33,109.97,109.33,106.79,115.2,112.83,112.83,111.64,109.26,125.86
2019-08-14,114.0,99.0,158.71,124.59,128.27,3.011,2.763,-0.0209999999999999,-0.0229999999999996,-0.04,-0.0069261213720316,-0.0131104555883316,3.03025,3.039,3.0645,0.0138654246242291,0.0136695699592512,-0.024,-0.0300000000000002,-0.0420000000000002,-0.0086114101184069,-0.0149732620320856,2.78675,2.7945,2.815583333333333,0.0173277234511488,0.0142427926637928,-0.2480000000000002,-0.0030000000000001,-0.0020000000000002,114.0,114.0,115.0,116.0,119.0,98.0,98.0,101.0,105.0,98.0,164.52,157.79,152.9,161.46,126.29,125.86,128.4,118.23,109.97,109.33,130.64,133.02,121.14,112.83,111.64,128.4
2019-09-11,112.0,96.0,120.18,133.49,142.52,2.971,2.745,-0.0049999999999998,-0.012,-0.04,-0.0016801075268816,-0.013284623048821,2.981,3.005625,3.0196666666666663,0.0099666109257342,0.0286003871105005,0.0049999999999998,0.0009999999999998,-0.0179999999999997,0.001824817518248,-0.0065146579804559,2.745,2.765875,2.778,0.0045460605657077,0.0252101878500598,-0.2259999999999999,0.0099999999999997,0.0220000000000002,112.0,113.0,114.0,115.0,116.0,96.0,98.0,99.0,101.0,105.0,134.24,143.11,158.71,152.9,161.46,131.58,129.67,124.59,118.23,109.97,138.95,135.39,128.27,121.14,112.83,132.21
2019-09-18,113.0,98.0,115.9,132.21,141.33,2.987,2.761,0.016,0.0110000000000001,-0.0070000000000001,0.005385392123864,-0.0023380093520374,2.9792500000000004,2.9985,3.015,0.007135591543688,0.0244773948196313,0.016,0.0209999999999999,0.0100000000000002,0.0058287795992713,0.0036350418029809,2.7475,2.7605000000000004,2.775,0.0092556289179627,0.0199570968402837,-0.2259999999999999,0.0,0.0170000000000003,112.0,112.0,113.0,115.0,115.0,96.0,96.0,99.0,100.0,105.0,120.18,134.24,144.03,162.99,141.58,133.49,131.58,128.4,125.86,108.7,142.52,138.95,131.83,128.27,112.83,132.85
2019-09-25,116.0,97.0,113.75,132.85,140.14,3.081,2.858,0.0939999999999998,0.1099999999999998,0.0979999999999998,0.0314697020421828,0.0328528327187394,3.00375,3.004375,3.01825,0.051931846363071,0.0367693097959491,0.0969999999999999,0.1129999999999999,0.1139999999999998,0.0351321984788119,0.041545189504373,2.776,2.768625,2.779583333333333,0.0553955473541546,0.0391149861672463,-0.2229999999999998,0.0030000000000001,0.016,113.0,112.0,113.0,114.0,115.0,98.0,96.0,98.0,98.0,99.0,115.9,120.18,143.11,157.79,149.23,132.21,133.49,129.67,128.4,109.33,141.33,142.52,135.39,133.02,112.83,130.94
2019-10-02,116.0,97.0,110.09,130.94,136.58,3.066,2.827,-0.0150000000000001,0.0789999999999997,0.0899999999999998,-0.0048685491723466,0.0302419354838709,3.02625,3.008625,3.0191666666666666,0.0552893901818146,0.0420099903085882,-0.0310000000000001,0.0659999999999998,0.0869999999999997,-0.0108467459762071,0.0317518248175181,2.79775,2.773625,2.7815,0.0535995957696127,0.0440452283779283,-0.2389999999999998,-0.016,-0.0030000000000001,116.0,113.0,112.0,114.0,115.0,97.0,98.0,96.0,98.0,101.0,113.75,115.9,134.24,164.52,138.52,132.85,132.21,131.58,125.86,113.15,140.14,141.33,138.95,130.64,115.2,130.31
2019-10-09,115.0,103.0,117.42,130.31,135.39,3.047,2.804,-0.0189999999999996,-0.0339999999999998,0.076,-0.0061969993476841,0.0255806125883542,3.04525,3.013125,3.0188333333333337,0.0412502525245972,0.0441731576543528,-0.0230000000000001,-0.0540000000000002,0.0589999999999997,-0.0081358330385568,0.0214936247723132,2.8125,2.77875,2.781416666666667,0.0408452363603422,0.0450071422904138,-0.2430000000000003,-0.0040000000000004,-0.0170000000000003,116.0,116.0,112.0,114.0,115.0,97.0,97.0,96.0,99.0,101.0,110.09,113.75,120.18,158.71,152.9,130.94,132.85,133.49,124.59,118.23,136.58,140.14,142.52,128.27,121.14,130.94
2019-10-16,115.0,103.0,113.14,130.94,135.39,3.051,2.805,0.004,-0.0149999999999996,0.064,0.0013127666557268,0.0214261801138266,3.06125,3.0202500000000003,3.0194166666666664,0.0155000000002975,0.0452319419375525,0.0010000000000003,-0.0219999999999997,0.044,0.0003566333808846,0.0159362549800796,2.8235,2.7855,2.7815,0.0253311402559244,0.0442944691807756,-0.246,-0.0029999999999996,-0.02,115.0,116.0,113.0,113.0,115.0,103.0,97.0,98.0,99.0,100.0,117.42,110.09,115.9,144.03,162.99,130.31,130.94,132.21,128.4,125.86,135.39,136.58,141.33,131.83,128.27,130.94
2019-10-23,115.0,105.0,120.48,130.94,135.39,3.05,2.802,-0.0010000000000003,0.0029999999999996,-0.0310000000000001,-0.0003277613897083,-0.0100616682895164,3.0535,3.028625,3.02075,0.0085049005486716,0.0435199051339822,-0.0030000000000001,-0.0019999999999997,-0.056,-0.0010695187165775,-0.0195941217634709,2.8095,2.79275,2.78225,0.0117331439378212,0.0411677751924047,-0.2479999999999997,-0.0019999999999997,-0.0249999999999999,115.0,115.0,116.0,113.0,114.0,103.0,103.0,97.0,98.0,98.0,113.14,117.42,113.75,143.11,157.79,130.94,130.31,132.85,129.67,128.4,135.39,135.39,140.14,135.39,133.02,128.4
2019-10-30,116.0,101.0,112.23,128.4,133.02,3.064,2.806,0.0140000000000002,0.0129999999999999,-0.0019999999999997,0.0045901639344263,-0.0006523157208088,3.053,3.039625,3.0234166666666664,0.0075277265277203,0.0392280420837964,0.004,0.0009999999999998,-0.0209999999999999,0.0014275517487509,-0.0074283692960734,2.80425,2.801,2.7838333333333334,0.0017078251273931,0.0352784839325342,-0.258,-0.0100000000000002,-0.0190000000000001,115.0,115.0,116.0,112.0,114.0,105.0,103.0,97.0,96.0,98.0,120.48,113.14,110.09,134.24,164.52,130.94,130.94,130.94,131.58,125.86,135.39,135.39,136.58,138.95,130.64,125.86
2019-11-06,116.0,105.0,105.19,125.86,128.27,3.062,2.795,-0.0020000000000002,0.012,0.0149999999999996,-0.0006527415143603,0.004922874958976,3.05675,3.051,3.0276666666666667,0.0072743842815752,0.0281018555566755,-0.0110000000000001,-0.0070000000000001,-0.0089999999999998,-0.00392017106201,-0.0032097004279599,2.8020000000000005,2.80725,2.7865,0.0049665548084976,0.02751493101169,-0.2669999999999999,-0.0089999999999998,-0.0239999999999995,116.0,115.0,115.0,112.0,114.0,101.0,105.0,103.0,96.0,99.0,112.23,120.48,117.42,120.18,158.71,128.4,130.94,130.31,133.49,124.59,133.02,135.39,135.39,142.52,128.27,123.32
2019-11-13,116.0,105.0,123.23,123.32,124.7,3.073,2.795,0.0110000000000001,0.0089999999999998,0.0219999999999997,0.0035924232527759,0.0072107505735823,3.06225,3.06175,3.03425,0.0094648472434862,0.0119013804727425,0.0,-0.0110000000000001,-0.0100000000000002,0.0,-0.0035650623885918,2.7995,2.8115,2.7901666666666665,0.0054467115460499,0.0212670099988771,-0.278,-0.0110000000000001,-0.032,116.0,116.0,115.0,113.0,113.0,105.0,101.0,103.0,98.0,99.0,105.19,112.23,113.14,115.9,144.03,125.86,128.4,130.94,132.21,128.4,128.27,133.02,135.39,141.33,131.83,118.23
2019-11-20,116.0,101.0,121.09,118.23,117.58,3.074,2.792,0.0009999999999998,0.012,0.024,0.0003254149040026,0.0078688524590164,3.06825,3.060875,3.041833333333333,0.006130524719985,0.0104531266689429,-0.0030000000000001,-0.0030000000000001,-0.0100000000000002,-0.0010733452593918,-0.0035688793718773,2.797,2.80325,2.794166666666667,0.0061644140029098,0.0109511904117867,-0.282,-0.004,-0.0340000000000002,116.0,116.0,115.0,116.0,113.0,105.0,105.0,105.0,97.0,98.0,123.23,105.19,120.48,113.75,143.11,123.32,125.86,130.94,132.85,129.67,124.7,128.27,135.39,140.14,135.39,117.59
2020-01-22,115.0,103.0,101.83,116.96,117.58,3.037,2.797,-0.0270000000000001,-0.0420000000000002,-0.004,-0.0088120104438642,-0.0013153567905294,3.06225,3.056875,3.060833333333333,0.0179513230712723,0.0155235995462135,-0.0129999999999999,-0.0309999999999996,0.0340000000000002,-0.0046263345195729,0.0123054650741947,2.81075,2.788375,2.7887500000000003,0.0128419884233542,0.0260106434260139,-0.2399999999999997,0.0140000000000002,0.0380000000000002,116.0,116.0,115.0,116.0,116.0,94.0,95.0,96.0,102.0,101.0,102.13,94.8,97.24,113.45,112.23,114.42,116.32,118.23,117.59,128.4,115.2,118.76,121.14,117.58,133.02,115.69
2020-02-05,112.0,100.0,93.88,114.42,115.2,2.956,2.71,-0.0539999999999998,-0.0809999999999999,-0.1230000000000002,-0.0179401993355481,-0.0399480350763234,3.01675,3.03775,3.04675,0.0461112784469328,0.0394597444059793,-0.0630000000000001,-0.0870000000000001,-0.1179999999999998,-0.0227190768121169,-0.0417256011315416,2.7725,2.7815,2.779833333333333,0.0443959457608446,0.037389838191769,-0.246,-0.0090000000000003,0.0050000000000003,114.0,115.0,116.0,115.0,116.0,103.0,103.0,95.0,92.0,105.0,99.69,101.83,94.8,104.89,123.23,115.69,116.96,116.32,118.87,123.32,117.58,117.58,118.76,119.95,124.7,106.79
2020-02-12,110.0,97.0,90.51,106.79,104.51,2.91,2.675,-0.0459999999999998,-0.0999999999999996,-0.1539999999999999,-0.0155615696887685,-0.050261096605744,2.97825,3.02075,3.0330833333333334,0.0566060950782838,0.0595692873888343,-0.0350000000000001,-0.0980000000000003,-0.1350000000000002,-0.0129151291512915,-0.0480427046263346,2.73875,2.7705,2.770083333333333,0.0561449018166449,0.0532084848229072,-0.2350000000000003,0.0109999999999996,0.0189999999999996,112.0,114.0,116.0,115.0,116.0,100.0,103.0,94.0,96.0,101.0,93.88,99.69,102.13,103.36,121.09,114.42,115.69,114.42,120.14,118.23,115.2,117.58,115.2,122.33,117.58,108.7
2020-02-19,109.0,97.0,89.29,108.7,105.7,2.89,2.658,-0.02,-0.0659999999999998,-0.1469999999999998,-0.0068728522336769,-0.0484030293052353,2.9415,3.001875,3.0184166666666665,0.0533760245804499,0.0743302236164429,-0.0169999999999999,-0.052,-0.1390000000000002,-0.0063551401869158,-0.0496961029674651,2.704,2.757375,2.76025,0.05083961709797,0.0665902985212528,-0.2320000000000002,0.0030000000000001,0.0079999999999995,110.0,112.0,115.0,115.0,116.0,97.0,100.0,103.0,96.0,102.0,90.51,93.88,101.83,97.24,113.45,106.79,114.42,116.96,118.23,117.59,104.51,115.2,117.58,121.14,117.58,109.97
2020-03-04,108.0,100.0,88.07,110.6,111.64,2.851,2.627,-0.0310000000000001,-0.0390000000000001,-0.1049999999999999,-0.0107564191533657,-0.0355209742895804,2.8832500000000003,2.95,2.98625,0.0245136016668541,0.0791255783098594,-0.0270000000000001,-0.0310000000000001,-0.0830000000000001,-0.0101733232856067,-0.0306273062730627,2.6535,2.713,2.738833333333333,0.0198746069144214,0.0711336769751626,-0.2240000000000002,0.004,0.0219999999999997,109.0,109.0,112.0,116.0,115.0,102.0,97.0,100.0,95.0,92.0,86.85,89.29,93.88,94.8,104.89,109.97,108.7,114.42,116.32,118.87,108.08,105.7,115.2,118.76,119.95,111.24
2020-03-11,106.0,103.0,84.09,111.24,112.83,2.814,2.577,-0.0369999999999999,-0.068,-0.096,-0.0129779024903542,-0.0329896907216494,2.8592500000000003,2.91875,2.966916666666666,0.0345386257208055,0.0770097396438406,-0.0499999999999998,-0.0769999999999999,-0.0979999999999998,-0.0190331176246668,-0.0366355140186915,2.629,2.683875,2.723333333333333,0.0373005808713043,0.0734077409309007,-0.2370000000000001,-0.0129999999999999,-0.0019999999999997,108.0,109.0,110.0,116.0,115.0,100.0,102.0,97.0,94.0,96.0,88.07,86.85,90.51,102.13,103.36,110.6,109.97,106.79,114.42,120.14,111.64,108.08,104.51,115.2,122.33,109.97
2020-03-18,103.0,100.0,85.01,109.97,110.45,2.733,2.504,-0.0809999999999999,-0.1179999999999998,-0.157,-0.0287846481876332,-0.0543252595155709,2.82,2.88075,2.94125,0.0643169236413171,0.0849213922233641,-0.0729999999999999,-0.1229999999999997,-0.1539999999999999,-0.0283275126115638,-0.0579382994732881,2.5905,2.64725,2.70175,0.0659014415624145,0.0815453423387854,-0.2290000000000001,0.008,0.0030000000000001,106.0,108.0,109.0,115.0,115.0,103.0,100.0,97.0,103.0,96.0,84.09,88.07,89.29,101.83,97.24,111.24,110.6,108.7,116.96,118.23,112.83,111.64,105.7,117.58,121.14,104.88
2020-04-01,98.0,102.0,100.91,99.16,95.01,2.586,2.363,-0.0729999999999999,-0.1470000000000002,-0.2650000000000001,-0.0274539300488905,-0.0929498421606453,2.6979999999999995,2.790625,2.866,0.0978876907482239,0.1190341337600705,-0.0750000000000001,-0.141,-0.2639999999999998,-0.0307629204265792,-0.1004948610582412,2.4705,2.562,2.6321666666666665,0.0914275669588078,0.115412304370058,-0.2229999999999998,-0.0020000000000002,0.0010000000000003,100.0,103.0,108.0,112.0,116.0,103.0,100.0,100.0,100.0,95.0,92.96,85.01,88.07,93.88,94.8,104.88,109.97,110.6,114.42,116.32,100.95,110.45,111.64,115.2,118.76,98.53
2020-04-08,96.0,102.0,100.91,98.53,93.82,2.548,2.325,-0.0379999999999998,-0.1109999999999997,-0.266,-0.0146945088940447,-0.0945273631840796,2.6315,2.745375,2.823,0.0818555638509393,0.134917898314953,-0.0379999999999998,-0.1129999999999999,-0.2519999999999998,-0.0160812526449427,-0.0977881257275901,2.4075,2.51825,2.59175,0.0796429532351033,0.1316529528723414,-0.2229999999999998,0.0,0.0140000000000002,98.0,100.0,106.0,110.0,116.0,102.0,103.0,103.0,97.0,94.0,100.91,92.96,84.09,90.51,102.13,99.16,104.88,111.24,106.79,114.42,95.01,100.95,112.83,104.51,115.2,98.53
2020-04-15,95.0,102.0,94.18,98.53,93.82,2.507,2.289,-0.0409999999999999,-0.0789999999999997,-0.2259999999999999,-0.0160910518053375,-0.0826930113428466,2.575,2.6975,2.778833333333333,0.0646271356837836,0.1439196204235758,-0.036,-0.0739999999999998,-0.2149999999999998,-0.0154838709677419,-0.0858626198083066,2.35375,2.472125,2.5494166666666667,0.0637776084009392,0.1400677769612417,-0.2179999999999999,0.0049999999999998,0.0110000000000001,96.0,98.0,103.0,109.0,115.0,102.0,102.0,100.0,97.0,103.0,100.91,100.91,85.01,89.29,101.83,98.53,99.16,109.97,108.7,116.96,93.82,95.01,110.45,105.7,117.58,97.25
2020-04-22,94.0,102.0,86.54,97.25,93.82,2.48,2.272,-0.0270000000000001,-0.068,-0.1789999999999998,-0.0107698444355803,-0.0673185408048138,2.53025,2.64725,2.734666666666667,0.046507167906587,0.1404358012962597,-0.0170000000000003,-0.0530000000000003,-0.1660000000000003,-0.0074268239405855,-0.0680885972108287,2.31225,2.424375,2.5076666666666667,0.0404093636014963,0.1341980812083655,-0.2080000000000001,0.0099999999999997,0.0129999999999994,95.0,96.0,100.0,109.0,114.0,102.0,102.0,103.0,102.0,103.0,94.18,100.91,92.96,86.85,99.69,98.53,98.53,104.88,109.97,115.69,93.82,93.82,100.95,108.08,117.58,94.71
2020-04-29,92.0,101.0,82.87,94.71,91.45,2.437,2.208,-0.0430000000000001,-0.0700000000000002,-0.149,-0.0173387096774194,-0.0576179427687548,2.493,2.5955,2.6914166666666666,0.0466404688372578,0.1305603308819624,-0.0639999999999996,-0.0809999999999999,-0.1549999999999998,-0.0281690140845068,-0.0655945831570037,2.2735000000000003,2.3720000000000003,2.4658333333333333,0.0489387372130937,0.1252882391014814,-0.2289999999999996,-0.0209999999999994,-0.0059999999999997,94.0,95.0,98.0,108.0,112.0,102.0,102.0,102.0,100.0,100.0,86.54,94.18,100.91,88.07,93.88,97.25,98.53,99.16,110.6,114.42,93.82,93.82,95.01,111.64,115.2,91.53
2020-05-06,91.0,100.0,78.59,91.53,89.07,2.399,2.169,-0.0379999999999998,-0.0809999999999999,-0.149,-0.0155929421419778,-0.0584772370486655,2.45575,2.543625,2.648833333333333,0.0475631159621289,0.1125445150025073,-0.0390000000000001,-0.1029999999999997,-0.1560000000000001,-0.0176630434782609,-0.0670967741935484,2.2345,2.321,2.423666666666666,0.0558838080307098,0.1122853507809774,-0.2299999999999999,-0.0010000000000003,-0.0070000000000001,92.0,94.0,96.0,106.0,110.0,101.0,102.0,102.0,103.0,97.0,82.87,86.54,100.91,84.09,90.51,94.71,97.25,98.53,111.24,106.79,91.45,93.82,93.82,112.83,104.51,88.99
2020-05-13,90.0,98.0,79.2,88.99,86.7,2.394,2.178,-0.0049999999999998,-0.0429999999999997,-0.1129999999999999,-0.0020842017507294,-0.0450737933785401,2.4275,2.50125,2.6075,0.0399207548362297,0.093215188829812,0.0089999999999998,-0.0300000000000002,-0.1110000000000002,0.0041493775933609,-0.0484927916120577,2.20675,2.28025,2.3836666666666666,0.0465859420857185,0.0940603909351025,-0.2160000000000002,0.0139999999999997,0.0019999999999997,91.0,92.0,95.0,103.0,109.0,100.0,101.0,102.0,100.0,97.0,78.59,82.87,94.18,85.01,89.29,91.53,94.71,98.53,109.97,108.7,89.07,91.45,93.82,110.45,105.7,86.45
2020-05-20,90.0,100.0,85.32,86.45,84.32,2.386,2.175,-0.008,-0.0129999999999999,-0.0939999999999998,-0.0033416875522138,-0.0379032258064515,2.404,2.467125,2.5661666666666667,0.022642143597615,0.0755029564227588,-0.0030000000000001,0.0059999999999997,-0.0969999999999999,-0.0013774104683196,-0.042693661971831,2.1825,2.247375,2.34375,0.0174068951859467,0.0750979122784289,-0.2110000000000003,0.0049999999999998,-0.0030000000000001,90.0,91.0,94.0,100.0,109.0,98.0,100.0,102.0,103.0,102.0,79.2,78.59,86.54,92.96,86.85,88.99,91.53,97.25,104.88,109.97,86.7,89.07,93.82,100.95,108.08,86.45
2020-05-27,90.0,101.0,88.07,86.45,84.32,2.39,2.175,0.004,-0.004,-0.0469999999999997,0.0016764459346185,-0.0192860073861304,2.39225,2.442625,2.52775,0.0055602757751169,0.0620136793665451,0.0,-0.0030000000000001,-0.0330000000000003,0.0,-0.0149456521739131,2.17425,2.223875,2.306083333333333,0.0037749172195874,0.0620240448766794,-0.2150000000000003,-0.004,0.0139999999999993,90.0,90.0,92.0,98.0,108.0,100.0,98.0,101.0,102.0,100.0,85.32,79.2,82.87,100.91,88.07,86.45,88.99,94.71,99.16,110.6,84.32,86.7,91.45,95.01,111.64,87.08
2020-06-03,90.0,101.0,86.54,87.08,85.51,2.386,2.171,-0.004,0.0,-0.0129999999999999,-0.001673640167364,-0.0054189245518966,2.389,2.422375,2.492083333333333,0.0038297084347822,0.0474219283213916,-0.004,-0.004,0.0019999999999997,-0.0018390804597701,0.0009220839096357,2.17475,2.204625,2.27225,0.0028722813258325,0.0486002278067126,-0.2150000000000003,0.0,0.0149999999999996,90.0,90.0,91.0,96.0,106.0,101.0,100.0,100.0,102.0,103.0,88.07,85.32,78.59,100.91,84.09,86.45,86.45,91.53,98.53,111.24,84.32,84.32,89.07,93.82,112.83,88.99
2020-06-10,90.0,102.0,89.9,88.99,87.89,2.396,2.172,0.0099999999999997,0.0059999999999997,0.0019999999999997,0.0041911148365463,0.0008354218880533,2.3895,2.4085,2.464,0.0047258156292956,0.033243688982235,0.0010000000000003,-0.0029999999999996,-0.0059999999999997,0.0004606172270844,-0.002754820936639,2.17325,2.19,2.2445833333333334,0.0020615528163895,0.0353916858679925,-0.2239999999999997,-0.0089999999999994,-0.0079999999999995,90.0,90.0,90.0,95.0,103.0,101.0,101.0,98.0,102.0,100.0,86.54,88.07,79.2,94.18,85.01,87.08,86.45,88.99,98.53,109.97,85.51,84.32,86.7,93.82,110.45,90.26
2020-06-17,91.0,104.0,81.95,90.26,89.07,2.403,2.174,0.0070000000000001,0.0169999999999999,0.0169999999999999,0.0029215358931553,0.007124895222129,2.3937500000000003,2.398875,2.4426666666666663,0.0074105780270714,0.0165308153805988,0.0019999999999997,0.0030000000000001,-0.0009999999999998,0.0009208103130753,-0.0004597701149424,2.173,2.17775,2.222583333333333,0.0018257418623954,0.0125328140726127,-0.2290000000000001,-0.0050000000000003,-0.0179999999999997,90.0,90.0,90.0,94.0,100.0,102.0,101.0,100.0,102.0,103.0,89.9,86.54,85.32,86.54,92.96,88.99,87.08,86.45,97.25,104.88,87.89,85.51,84.32,93.82,100.95,95.98
2020-06-24,92.0,101.0,86.54,95.98,95.01,2.425,2.197,0.0219999999999997,0.0289999999999999,0.0349999999999997,0.0091552226383686,0.0146443514644349,2.4025,2.397375,2.42925,0.0165428735924287,0.0126709735787404,0.0230000000000001,0.0249999999999999,0.0220000000000002,0.0105795768169274,0.0101149425287356,2.1785,2.176375,2.20875,0.0123962359884482,0.0087820840355379,-0.2279999999999997,0.0010000000000003,-0.0129999999999994,91.0,90.0,90.0,92.0,98.0,104.0,102.0,101.0,101.0,102.0,81.95,89.9,88.07,82.87,100.91,90.26,88.99,86.45,94.71,99.16,89.07,87.89,84.32,91.45,95.01,99.8
2020-07-01,92.0,102.0,88.07,99.8,97.39,2.43,2.194,0.0050000000000003,0.0270000000000001,0.044,0.0020618556701033,0.0184409052808047,2.4135,2.40125,2.4194166666666668,0.01654287359242,0.017177643277704,-0.0030000000000001,0.02,0.0230000000000001,-0.0013654984069185,0.0105941962229387,2.18425,2.1795,2.197833333333333,0.0130735101132463,0.0101277553573669,-0.2360000000000002,-0.0080000000000004,-0.0209999999999999,92.0,91.0,90.0,91.0,96.0,101.0,104.0,101.0,100.0,102.0,86.54,81.95,86.54,78.59,100.91,95.98,90.26,87.08,91.53,98.53,95.01,89.07,85.51,89.07,93.82,100.43
2020-07-08,92.0,101.0,90.21,100.43,97.39,2.437,2.204,0.0069999999999996,0.012,0.0409999999999999,0.0028806584362137,0.0171118530884808,2.42375,2.406625,2.4135833333333334,0.0146827563271065,0.0209075345271674,0.0100000000000002,0.0070000000000001,0.032,0.0045578851412946,0.014732965009208,2.19225,2.18275,2.19075,0.0128679187651936,0.0132638068229229,-0.2329999999999996,0.0030000000000005,-0.0089999999999998,92.0,92.0,90.0,90.0,95.0,102.0,101.0,102.0,98.0,102.0,88.07,86.54,89.9,79.2,94.18,99.8,95.98,88.99,88.99,98.53,97.39,95.01,87.89,86.7,93.82,100.43
2020-07-15,92.0,102.0,88.99,100.43,99.76,2.438,2.198,0.0010000000000003,0.008,0.0350000000000001,0.0004103405826838,0.0145651269246775,2.4325,2.413125,2.410083333333333,0.0061373175487581,0.0216493978802233,-0.0060000000000002,0.004,0.024,-0.0027223230490018,0.0110395584176632,2.1982500000000003,2.185625,2.1845833333333333,0.0041932485434891,0.0138247965629604,-0.2400000000000002,-0.0070000000000005,-0.0110000000000001,92.0,92.0,91.0,90.0,94.0,101.0,102.0,104.0,100.0,102.0,90.21,88.07,81.95,85.32,86.54,100.43,99.8,90.26,86.45,97.25,97.39,97.39,89.07,84.32,93.82,108.06
2020-07-22,92.0,105.0,104.89,108.06,102.14,2.433,2.198,-0.0050000000000003,-0.004,0.008,-0.0020508613617721,0.0032989690721649,2.4345,2.4185,2.40975,0.0036968455058658,0.0203890727037585,0.0,-0.0060000000000002,0.0009999999999998,0.0,0.0004551661356395,2.1985,2.1885,2.18375,0.0041231056273317,0.0136904554867911,-0.2349999999999998,0.0050000000000003,-0.0070000000000001,92.0,92.0,92.0,90.0,92.0,102.0,101.0,101.0,101.0,101.0,88.99,90.21,86.54,88.07,82.87,100.43,100.43,95.98,86.45,94.71,99.76,97.39,95.01,84.32,91.45,105.52
2020-07-29,92.0,106.0,114.67,105.52,98.57,2.427,2.183,-0.0059999999999997,-0.0110000000000001,-0.0030000000000001,-0.002466091245376,-0.0012345679012346,2.43375,2.423625,2.4120833333333334,0.0049916597133879,0.015656468312009,-0.0150000000000001,-0.0150000000000001,-0.0110000000000001,-0.0068243858052775,-0.0050136736554239,2.1957500000000003,2.19,2.1849166666666666,0.0089582364343772,0.012059376909103,-0.2440000000000002,-0.0090000000000003,-0.008,92.0,92.0,92.0,90.0,91.0,105.0,102.0,102.0,101.0,100.0,104.89,88.99,88.07,86.54,78.59,108.06,100.43,99.8,87.08,91.53,102.14,99.76,97.39,85.51,89.07,105.52
2020-08-05,91.0,111.0,111.31,105.52,103.33,2.424,2.175,-0.0030000000000001,-0.0089999999999998,-0.0129999999999999,-0.0012360939431397,-0.0053344275748871,2.4305000000000003,2.427125,2.4145833333333333,0.0062449980006147,0.011051018052876,-0.008,-0.0230000000000001,-0.0290000000000003,-0.0036646816307833,-0.0131578947368422,2.1885,2.190375,2.1846666666666663,0.0114455231428878,0.0114509824909148,-0.2490000000000001,-0.0049999999999998,-0.0160000000000004,92.0,92.0,92.0,90.0,90.0,106.0,105.0,101.0,102.0,98.0,114.67,104.89,90.21,89.9,79.2,105.52,108.06,100.43,88.99,88.99,98.57,102.14,97.39,87.89,86.7,108.06
2020-08-12,92.0,106.0,105.19,108.06,108.08,2.428,2.183,0.004,0.0009999999999998,-0.0100000000000002,0.0016501650165017,-0.004101722723544,2.428,2.43025,2.418083333333333,0.003741657390482,0.005284748947075,0.008,0.0,-0.0150000000000001,0.0036781609195402,-0.0068243858052775,2.18475,2.1915,2.1853333333333333,0.0096046863569027,0.0099570506250643,-0.2450000000000001,0.004,-0.0049999999999998,91.0,92.0,92.0,91.0,90.0,111.0,106.0,102.0,104.0,100.0,111.31,114.67,88.99,81.95,85.32,105.52,105.52,100.43,90.26,86.45,103.33,98.57,99.76,89.07,84.32,113.15
2020-08-19,92.0,106.0,113.14,113.15,115.2,2.427,2.177,-0.0009999999999998,0.0030000000000001,-0.0059999999999997,-0.0004118616144974,-0.002466091245376,2.4265,2.4305,2.4211666666666667,0.0017320508155906,0.0050426750275636,-0.0059999999999997,0.0020000000000002,-0.0209999999999999,-0.0027485112230873,-0.0095541401273885,2.1795,2.189,2.1855,0.0041231056273883,0.0108496214552179,-0.25,-0.0049999999999998,-0.0150000000000001,92.0,91.0,92.0,92.0,90.0,106.0,111.0,105.0,101.0,101.0,105.19,111.31,104.89,86.54,88.07,108.06,105.52,108.06,95.98,86.45,108.08,103.33,102.14,95.01,84.32,113.15
2020-08-26,92.0,112.0,111.0,113.15,115.2,2.426,2.174,-0.0009999999999998,-0.0019999999999997,-0.0009999999999998,-0.0004120313143798,-0.0004120313143798,2.42625,2.43,2.4245,0.0017078251357973,0.0052915026226049,-0.0030000000000001,-0.0089999999999998,-0.0089999999999998,-0.0013780431786862,-0.0041227668346311,2.17725,2.1865,2.18575,0.004031128875967,0.0117958830593602,-0.2520000000000002,-0.0020000000000002,-0.008,92.0,92.0,92.0,92.0,90.0,106.0,106.0,106.0,102.0,101.0,113.14,105.19,114.67,88.07,86.54,113.15,108.06,105.52,99.8,87.08,115.2,108.08,98.57,97.39,85.51,114.42
2020-09-02,92.0,117.0,111.61,114.42,117.58,2.441,2.188,0.0149999999999996,0.0139999999999997,0.0169999999999999,0.0061830173124484,0.007013201320132,2.4305,2.4305,2.42825,0.007047458172586,0.0061644140033779,0.0140000000000002,0.0110000000000001,0.0130000000000003,0.0064397424103037,0.005977011494253,2.1805,2.1845,2.1870833333333333,0.0062449979995655,0.0095468768270101,-0.2529999999999996,-0.0009999999999994,-0.0039999999999995,92.0,92.0,91.0,92.0,90.0,112.0,106.0,111.0,101.0,102.0,111.0,113.14,111.31,90.21,89.9,113.15,113.15,105.52,100.43,88.99,115.2,115.2,103.33,97.39,87.89,114.42
2020-09-09,92.0,109.0,109.47,114.42,117.58,2.435,2.184,-0.0059999999999997,0.0089999999999998,0.0070000000000001,-0.0024580090126996,0.0028830313014827,2.43225,2.4301250000000003,2.4309166666666666,0.0070887234413283,0.0057180790984792,-0.004,0.0100000000000002,0.0010000000000003,-0.0018281535648994,0.000458085203848,2.18075,2.18275,2.1879166666666667,0.0063966136886042,0.0078512965266958,-0.2509999999999999,0.0019999999999997,-0.0059999999999997,92.0,92.0,92.0,92.0,91.0,117.0,112.0,106.0,102.0,104.0,111.61,111.0,105.19,88.99,81.95,114.42,113.15,108.06,100.43,90.26,117.58,115.2,108.08,99.76,89.07,111.87
2020-09-16,91.0,115.0,118.65,111.87,114.01,2.422,2.172,-0.0129999999999999,-0.0189999999999996,-0.0049999999999998,-0.0053388090349075,-0.0020601565718993,2.431,2.42875,2.4306666666666668,0.0086023252686508,0.0062278177791847,-0.012,-0.016,-0.0049999999999998,-0.0054945054945054,-0.0022967386311437,2.1795,2.1795,2.185833333333333,0.0077244201517827,0.0057321150428436,-0.25,0.0009999999999998,0.0,92.0,92.0,92.0,92.0,92.0,109.0,117.0,106.0,105.0,101.0,109.47,111.61,113.14,104.89,86.54,114.42,114.42,113.15,108.06,95.98,117.58,117.58,115.2,102.14,95.01,110.6
2020-09-23,91.0,122.0,138.22,110.6,112.83,2.404,2.157,-0.0180000000000002,-0.0310000000000001,-0.0220000000000002,-0.0074318744838977,-0.0090684253915912,2.4255,2.425875,2.4285,0.0163808831679228,0.0107893796990691,-0.0150000000000001,-0.0270000000000001,-0.0169999999999999,-0.0069060773480663,-0.0078196872125114,2.17525,2.17625,2.18275,0.0139373598652938,0.0095580930558558,-0.2469999999999999,0.0030000000000001,0.0050000000000003,91.0,92.0,92.0,92.0,92.0,115.0,109.0,112.0,106.0,102.0,118.65,109.47,111.0,114.67,88.07,111.87,114.42,113.15,105.52,99.8,114.01,117.58,115.2,98.57,97.39,109.97
2020-09-30,90.0,126.0,145.86,109.97,112.83,2.394,2.154,-0.0099999999999997,-0.028,-0.0469999999999997,-0.0041597337770381,-0.0192544039328143,2.41375,2.422125,2.424916666666667,0.0183007285837138,0.0156519054067565,-0.0030000000000001,-0.0180000000000002,-0.0340000000000002,-0.0013908205841447,-0.0155393053016454,2.16675,2.173625,2.178583333333333,0.013937359865301,0.0124089541406357,-0.2400000000000002,0.0069999999999996,0.0129999999999994,91.0,91.0,92.0,91.0,92.0,122.0,115.0,117.0,111.0,101.0,138.22,118.65,111.61,111.31,90.21,110.6,111.87,114.42,105.52,100.43,112.83,114.01,117.58,103.33,97.39,109.97
2020-10-07,90.0,116.0,156.87,109.97,112.83,2.387,2.141,-0.0070000000000001,-0.0169999999999999,-0.048,-0.0029239766081872,-0.0197125256673511,2.40175,2.4170000000000003,2.420666666666667,0.0151959424418182,0.0196541525966028,-0.0129999999999999,-0.016,-0.0430000000000001,-0.0060352831940575,-0.0196886446886447,2.156,2.168375,2.173833333333333,0.012727922061953,0.0161858624380786,-0.246,-0.0059999999999997,0.0049999999999998,90.0,91.0,92.0,92.0,92.0,126.0,122.0,109.0,106.0,102.0,145.86,138.22,109.47,105.19,88.99,109.97,110.6,114.42,108.06,100.43,112.83,112.83,117.58,108.08,99.76,109.97
2020-10-14,90.0,114.0,193.87,109.97,112.83,2.395,2.148,0.008,0.0009999999999998,-0.0270000000000001,0.0033514872224549,-0.0111478117258464,2.395,2.4130000000000003,2.4175,0.0069761498475315,0.0205634905320551,0.0070000000000001,-0.0059999999999997,-0.024,0.0032695002335358,-0.011049723756906,2.15,2.16475,2.169666666666666,0.0070710678129462,0.0171942681481393,-0.2469999999999999,-0.0009999999999998,0.0030000000000001,90.0,90.0,91.0,92.0,92.0,116.0,126.0,115.0,106.0,105.0,156.87,145.86,118.65,113.14,104.89,109.97,109.97,111.87,113.15,108.06,112.83,112.83,114.01,115.2,102.14,109.33
2020-10-21,90.0,113.0,192.34,109.33,112.83,2.388,2.143,-0.0070000000000001,0.0009999999999998,-0.016,-0.0029227557411274,-0.0066555740432612,2.391,2.40825,2.41425,0.0040824829081466,0.0214991694192821,-0.0050000000000003,0.0019999999999997,-0.0140000000000002,-0.0023277467411547,-0.0064904960593418,2.1465,2.1608750000000003,2.1663333333333337,0.0058022983965003,0.0182712694064083,-0.2450000000000001,0.0019999999999997,0.0019999999999997,90.0,90.0,91.0,92.0,92.0,114.0,116.0,122.0,112.0,106.0,193.87,156.87,138.22,111.0,114.67,109.97,109.97,110.6,113.15,105.52,112.83,112.83,112.83,115.2,98.57,108.06
2020-10-28,90.0,108.0,157.79,108.06,112.83,2.385,2.146,-0.0030000000000001,-0.0100000000000002,-0.0090000000000003,-0.0012562814070352,-0.0037593984962407,2.38875,2.40125,2.411,0.0043493294535322,0.018171799187722,0.0030000000000001,-0.0020000000000002,-0.008,0.0013999066728884,-0.0037140204271123,2.1445,2.155625,2.1639166666666667,0.0031091263535077,0.015127434869189,-0.2389999999999998,0.0060000000000002,0.0010000000000003,90.0,90.0,90.0,92.0,91.0,113.0,114.0,126.0,117.0,111.0,192.34,193.87,145.86,111.61,111.31,109.33,109.97,109.97,114.42,105.52,112.83,112.83,112.83,117.58,103.33,108.06
2020-11-04,90.0,109.0,182.25,108.06,111.64,2.372,2.131,-0.0129999999999999,-0.016,-0.0150000000000001,-0.0054507337526205,-0.0062840385421031,2.385,2.393375,2.406333333333333,0.0096263527202908,0.0147932175580156,-0.0150000000000001,-0.012,-0.0100000000000002,-0.0069897483690587,-0.0046707146193368,2.142,2.149,2.1595833333333334,0.0076157731068793,0.0122591074019682,-0.2410000000000001,-0.0020000000000002,0.0049999999999998,90.0,90.0,90.0,92.0,92.0,108.0,113.0,116.0,109.0,106.0,157.79,192.34,156.87,109.47,105.19,108.06,109.33,109.97,114.42,108.06,112.83,112.83,112.83,117.58,108.08,107.42
2020-11-11,90.0,107.0,203.35,107.42,110.45,2.383,2.132,0.0110000000000001,-0.0019999999999997,-0.012,0.0046374367622259,-0.0050104384133611,2.382,2.3885,2.4026666666666667,0.0069761498475535,0.0094868329807384,0.0010000000000003,-0.0139999999999997,-0.016,0.0004692632566871,-0.0074487895716945,2.138,2.144,2.1558333333333333,0.0076157731068851,0.0093503246700771,-0.2509999999999999,-0.0099999999999997,-0.004,90.0,90.0,90.0,91.0,92.0,109.0,108.0,114.0,115.0,106.0,182.25,157.79,193.87,118.65,113.14,108.06,108.06,109.97,111.87,113.15,111.64,112.83,112.83,114.01,115.2,104.88
2020-11-18,92.0,101.0,157.48,104.88,108.08,2.441,2.18,0.0579999999999998,0.0689999999999999,0.0529999999999999,0.0243390684011748,0.0221943048576214,2.39525,2.393125,2.4039166666666665,0.0310308985802088,0.0206150950243172,0.048,0.0490000000000003,0.0370000000000003,0.022514071294559,0.0172655156322913,2.14725,2.146875,2.156333333333333,0.0228819433909946,0.015459047281913,-0.2609999999999997,-0.0099999999999997,-0.0159999999999995,90.0,90.0,90.0,91.0,92.0,107.0,109.0,113.0,122.0,112.0,203.35,182.25,192.34,138.22,111.0,107.42,108.06,109.33,110.6,113.15,110.45,111.64,112.83,112.83,115.2,105.52
2021-01-20,102.0,109.0,140.66,116.96,125.89,2.696,2.461,0.0260000000000002,0.056,0.0769999999999999,0.0097378277153559,0.0294005345551737,2.66025,2.605875,2.5420833333333333,0.0284062786490718,0.0694744300342124,0.032,0.0629999999999997,0.0819999999999998,0.0131741457389873,0.0344682639764606,2.42025,2.362125,2.2958333333333334,0.031489416211517,0.0745662457148495,-0.2350000000000003,0.0059999999999997,0.0049999999999998,101.0,100.0,99.0,93.0,90.0,104.0,108.0,108.0,100.0,108.0,136.08,127.82,126.29,141.58,157.79,109.97,106.79,106.79,105.52,108.06,116.39,112.83,112.83,109.26,112.83,117.59
2021-02-03,103.0,103.0,128.43,118.23,127.08,2.738,2.5,0.0219999999999997,0.0419999999999998,0.0979999999999998,0.0081001472754049,0.0371212121212121,2.705,2.659125,2.6003333333333334,0.0289597421723261,0.0579616560446341,0.0169999999999999,0.0390000000000001,0.1019999999999998,0.0068465565847763,0.042535446205171,2.46825,2.41875,2.355833333333333,0.030652623596374,0.0629982992968311,-0.238,-0.0049999999999998,0.004,102.0,102.0,100.0,95.0,90.0,109.0,109.0,108.0,100.0,107.0,120.79,140.66,127.82,127.52,203.35,117.59,116.96,106.79,105.52,107.42,125.89,125.89,112.83,110.45,110.45,118.87
2021-02-10,106.0,100.0,127.21,118.87,127.08,2.801,2.566,0.0630000000000001,0.0849999999999999,0.1310000000000002,0.0230094959824689,0.0490636704119851,2.73775,2.689375,2.630333333333333,0.0455219727167015,0.0612953913439524,0.0659999999999998,0.0829999999999997,0.137,0.0263999999999999,0.056401811445039,2.5025,2.451125,2.388,0.0452437841035296,0.0639093945699157,-0.2350000000000003,0.0029999999999996,0.0059999999999997,103.0,102.0,101.0,97.0,92.0,103.0,109.0,104.0,106.0,101.0,128.43,120.79,136.08,131.8,157.48,118.23,117.59,109.97,105.52,104.88,127.08,125.89,116.39,110.45,108.08,124.59
2021-02-17,109.0,107.0,132.71,124.59,128.27,2.876,2.627,0.0749999999999997,0.1379999999999999,0.1799999999999997,0.026776151374509,0.0667655786350147,2.78275,2.7215,2.664833333333333,0.0718487995725675,0.0827388317884833,0.0609999999999999,0.1269999999999997,0.1659999999999999,0.0237724084177708,0.0674522551808207,2.544,2.482125,2.42275,0.065903970543049,0.0816200911891292,-0.2490000000000001,-0.0139999999999997,-0.0139999999999997,106.0,103.0,102.0,99.0,93.0,100.0,103.0,109.0,108.0,100.0,127.21,128.43,140.66,126.29,141.58,118.87,118.23,116.96,106.79,105.52,127.08,127.08,125.89,112.83,109.26,137.3
2021-03-03,116.0,101.0,116.51,146.2,153.21,3.072,2.837,0.0990000000000002,0.1960000000000001,0.3340000000000001,0.0332996972754793,0.1219868517165814,2.9305,2.81775,2.7495833333333333,0.1177129276390178,0.1443138939950334,0.1150000000000002,0.2100000000000004,0.3370000000000002,0.0422483468038208,0.1348,2.688,2.578125,2.5085,0.1182680571132182,0.1421070396366532,-0.2349999999999998,0.016,0.0030000000000001,112.0,109.0,103.0,100.0,95.0,105.0,107.0,103.0,108.0,100.0,132.71,132.71,128.43,127.82,127.52,137.3,124.59,118.23,106.79,105.52,153.21,128.27,127.08,112.83,110.45,146.2
2021-03-10,119.0,108.0,113.75,146.2,153.21,3.143,2.929,0.0709999999999997,0.1699999999999999,0.3419999999999996,0.0231119791666665,0.1220992502677613,3.016,2.876875,2.79825,0.1164960657419235,0.169780057301066,0.0919999999999996,0.2069999999999998,0.363,0.032428621783574,0.1414653156664069,2.77875,2.640625,2.560333333333333,0.1319302214556359,0.1736111726984238,-0.2139999999999999,0.0209999999999999,0.0210000000000003,116.0,112.0,106.0,101.0,97.0,101.0,105.0,100.0,104.0,106.0,116.51,132.71,127.21,136.08,131.8,146.2,137.3,118.87,109.97,105.52,153.21,153.21,127.08,116.39,110.45,146.83
2021-03-17,120.0,106.0,116.51,146.83,154.39,3.191,2.988,0.048,0.1189999999999997,0.3149999999999999,0.0152720330894049,0.1095271210013908,3.09475,2.93875,2.845916666666666,0.0947501099384306,0.1840448314949677,0.0590000000000001,0.1509999999999998,0.3610000000000002,0.0201433936497099,0.1374191092500951,2.869,2.7065,2.6110833333333336,0.1160373503087009,0.1944494058324147,-0.2029999999999998,0.0110000000000001,0.0460000000000002,119.0,116.0,109.0,102.0,99.0,108.0,101.0,107.0,109.0,108.0,113.75,116.51,132.71,140.66,126.29,146.2,146.2,124.59,116.96,106.79,153.21,153.21,128.27,125.89,112.83,153.19
2021-03-31,119.0,101.0,113.75,156.37,171.02,3.161,2.955,-0.0329999999999999,-0.0299999999999998,0.0889999999999999,-0.0103318722604883,0.0289713541666667,3.17225,3.051375,2.935916666666667,0.0245407823838101,0.1513094629276067,-0.036,-0.0329999999999999,0.1179999999999998,-0.0120361083249749,0.0415932322876277,2.96575,2.826875,2.707333333333333,0.0294321253054391,0.1685445574830308,-0.2059999999999999,-0.0030000000000001,0.0289999999999999,121.0,120.0,116.0,103.0,100.0,105.0,106.0,101.0,103.0,108.0,115.59,116.51,116.51,128.43,127.82,153.19,146.83,146.2,118.23,106.79,166.27,154.39,153.21,127.08,112.83,156.37
2021-04-07,119.0,104.0,109.78,156.37,171.02,3.144,2.934,-0.0169999999999999,-0.0499999999999998,0.0010000000000003,-0.0053780449224928,0.0003181673560292,3.1725,3.09425,2.9754166666666664,0.0241453929354963,0.1142975440306624,-0.0209999999999999,-0.0569999999999999,0.0050000000000003,-0.0071065989847715,0.00170706725845,2.967,2.872875,2.7494166666666664,0.0273861278751676,0.1338137698445411,-0.2099999999999999,-0.004,0.004,119.0,121.0,119.0,106.0,101.0,101.0,105.0,108.0,100.0,104.0,113.75,115.59,113.75,127.21,136.08,156.37,153.19,146.2,118.87,109.97,171.02,166.27,153.21,127.08,116.39,155.1
2021-04-14,118.0,109.0,103.36,155.1,168.65,3.129,2.924,-0.0150000000000001,-0.032,-0.0619999999999998,-0.0047709923664122,-0.0194296458790347,3.157,3.125875,3.0115,0.0279165422884575,0.0727234242083277,-0.0100000000000002,-0.0310000000000001,-0.064,-0.0034083162917519,-0.0214190093708166,2.951,2.91,2.7880000000000003,0.0296310647799814,0.0898220462915861,-0.205,0.0049999999999998,-0.0020000000000002,119.0,119.0,120.0,109.0,102.0,104.0,101.0,106.0,107.0,109.0,109.78,113.75,116.51,132.71,140.66,156.37,156.37,146.83,124.59,116.96,171.02,171.02,154.39,128.27,125.89,147.47
2021-04-21,118.0,102.0,105.5,147.47,161.52,3.124,2.923,-0.0049999999999998,-0.02,-0.0699999999999998,-0.0015979546180887,-0.0219160926737632,3.1395,3.14475,3.0455,0.0166633330002435,0.0392855844155369,-0.0009999999999998,-0.0110000000000001,-0.068,-0.0003419972640218,-0.0227348712805082,2.934,2.935125,2.824666666666667,0.0148548533033001,0.0481825027518957,-0.201,0.004,0.0019999999999997,118.0,119.0,121.0,112.0,102.0,109.0,104.0,105.0,105.0,109.0,103.36,109.78,115.59,132.71,120.79,155.1,156.37,153.19,137.3,117.59,168.65,171.02,166.27,153.21,125.89,158.91
2021-04-28,118.0,101.0,105.8,158.91,173.4,3.124,2.917,0.0,-0.0049999999999998,-0.0369999999999999,0.0,-0.0117051565960139,3.13025,3.15125,3.077666666666667,0.0094648472435587,0.0282931087018235,-0.0060000000000002,-0.0070000000000001,-0.0380000000000002,-0.0020526855969894,-0.0128595600676819,2.9245,2.945125,2.8594166666666667,0.0070474581703491,0.0296428141136989,-0.2070000000000003,-0.0060000000000002,-0.0010000000000003,118.0,118.0,119.0,116.0,103.0,102.0,109.0,101.0,101.0,103.0,105.5,103.36,113.75,116.51,128.43,147.47,155.1,156.37,146.2,118.23,161.52,168.65,171.02,153.21,127.08,160.18
2021-05-05,119.0,99.0,103.97,160.18,173.4,3.142,2.924,0.0179999999999997,0.0179999999999997,-0.0020000000000002,0.0057618437900126,-0.0006361323155217,3.12975,3.1511250000000004,3.106083333333333,0.0085000000006223,0.0283369395466472,0.0070000000000001,0.0009999999999998,-0.0100000000000002,0.0023997257456291,-0.0034083162917519,2.922,2.9445,2.88925,0.003366501645559,0.0300808434533511,-0.2179999999999999,-0.0109999999999996,-0.008,118.0,118.0,119.0,119.0,106.0,101.0,102.0,104.0,108.0,100.0,105.8,105.5,109.78,113.75,127.21,158.91,147.47,156.37,146.2,118.87,173.4,161.52,171.02,153.21,127.08,165.27
2021-05-12,120.0,100.0,118.65,165.27,180.52,3.186,2.968,0.044,0.0619999999999998,0.0569999999999999,0.0140038192234246,0.0182166826462129,3.144,3.1505,3.1319166666666667,0.0292574776768304,0.0273704741858092,0.044,0.0510000000000001,0.044,0.015047879616963,0.015047879616963,2.933,2.942,2.917666666666667,0.0235372045917932,0.0265760364669676,-0.2179999999999999,0.0,-0.0129999999999999,119.0,118.0,118.0,120.0,109.0,99.0,101.0,109.0,106.0,107.0,103.97,105.8,103.36,116.51,132.71,160.18,158.91,155.1,146.83,124.59,173.4,173.4,168.65,154.39,128.27,170.35
2021-05-19,123.0,100.0,114.37,170.35,187.65,3.249,3.029,0.0630000000000001,0.1070000000000002,0.125,0.0197740112994351,0.0400128040973111,3.17525,3.157375,3.154916666666667,0.0556379666535615,0.0425539573450877,0.0609999999999999,0.1049999999999999,0.1059999999999998,0.0205525606469001,0.0362641122134792,2.9595,2.94675,2.9432500000000004,0.0515396287659174,0.0376667720184992,-0.2200000000000002,-0.0020000000000002,-0.0190000000000001,120.0,119.0,118.0,121.0,112.0,100.0,99.0,102.0,105.0,105.0,118.65,103.97,105.5,115.59,132.71,165.27,160.18,147.47,153.19,137.3,180.52,173.4,161.52,166.27,153.21,167.81
2021-05-26,123.0,97.0,115.59,167.81,182.9,3.253,3.029,0.004,0.0670000000000001,0.129,0.0012311480455524,0.0412932138284249,3.2075,3.168875,3.17,0.0533697792139151,0.0544437783407192,0.0,0.0609999999999999,0.1120000000000001,0.0,0.0383956119300652,2.9875,2.956,2.9592500000000004,0.0511761663276425,0.0477254050346581,-0.2240000000000002,-0.004,-0.0169999999999999,123.0,120.0,118.0,119.0,116.0,100.0,100.0,101.0,101.0,101.0,114.37,118.65,105.8,113.75,116.51,170.35,165.27,158.91,156.37,146.2,187.65,180.52,173.4,171.02,153.21,167.81
2021-06-02,123.0,96.0,101.83,167.81,182.9,3.255,3.027,0.0019999999999997,0.0059999999999997,0.1129999999999999,0.0006148170919151,0.035964353914704,3.23575,3.18275,3.1793333333333336,0.0332603367392455,0.0609537295238826,-0.0019999999999997,-0.0019999999999997,0.1030000000000002,-0.0006602839220863,0.0352257181942545,3.01325,2.967625,2.9674166666666664,0.0301813960356464,0.0526713191134488,-0.2279999999999997,-0.0039999999999995,-0.0099999999999997,123.0,123.0,119.0,119.0,119.0,97.0,100.0,99.0,104.0,108.0,115.59,114.37,103.97,109.78,113.75,167.81,170.35,160.18,156.37,146.2,182.9,187.65,173.4,171.02,153.21,167.81
2021-06-09,124.0,96.0,94.18,167.81,181.71,3.274,3.034,0.0190000000000001,0.0209999999999999,0.088,0.0058371735791091,0.0276208411801632,3.25775,3.200875,3.18625,0.0111168040974374,0.0641614871132605,0.0069999999999996,0.0049999999999998,0.0659999999999998,0.0023125206475056,0.0222371967654986,3.02975,2.981375,2.97125,0.0029860788100973,0.0539971890803525,-0.2400000000000002,-0.0120000000000004,-0.0220000000000002,123.0,123.0,120.0,118.0,120.0,96.0,97.0,100.0,109.0,106.0,101.83,115.59,118.65,103.36,116.51,167.81,167.81,165.27,155.1,146.83,182.9,182.9,180.52,168.65,154.39,172.9
2021-06-16,124.0,96.0,92.96,172.9,185.27,3.286,3.04,0.012,0.0310000000000001,0.0369999999999999,0.0036652412950519,0.0113881194213603,3.267,3.221125,3.1939166666666665,0.0158113883010709,0.0619595201956164,0.0060000000000002,0.0129999999999999,0.0110000000000001,0.0019775873434411,0.0036315615714757,3.0325,2.996,2.9753333333333334,0.0058022983946053,0.0517245451544671,-0.246,-0.0059999999999997,-0.0259999999999998,124.0,123.0,123.0,118.0,121.0,96.0,96.0,100.0,102.0,105.0,94.18,101.83,114.37,105.5,115.59,167.81,167.81,170.35,147.47,153.19,181.71,182.9,187.65,161.52,166.27,186.88
2021-06-23,124.0,96.0,90.21,186.88,201.9,3.287,3.042,0.0009999999999998,0.0129999999999999,0.0339999999999998,0.0003043213633597,0.0104518905625576,3.2755,3.2415000000000003,3.2044166666666665,0.0148884742896545,0.0513503373199355,0.0019999999999997,0.008,0.0129999999999999,0.000657894736842,0.004291845493562,3.03575,3.011625,2.982583333333333,0.0067515430330124,0.0425102928713502,-0.2450000000000001,0.0009999999999998,-0.0209999999999999,124.0,124.0,123.0,118.0,119.0,96.0,96.0,97.0,101.0,101.0,92.96,94.18,115.59,105.8,113.75,172.9,167.81,167.81,158.91,156.37,185.27,181.71,182.9,173.4,171.02,190.69
2021-06-30,125.0,96.0,85.93,190.69,204.28,3.3,3.044,0.0129999999999999,0.0139999999999997,0.0449999999999999,0.0039549741405535,0.0138248847926267,3.28675,3.2612499999999995,3.217416666666667,0.0106262254198483,0.0355758746506259,0.0020000000000002,0.004,0.0169999999999999,0.0006574621959238,0.0056161215725138,3.04,3.026625,2.99175,0.0043204937981488,0.0245527857018767,-0.2559999999999998,-0.0109999999999996,-0.028,124.0,124.0,123.0,119.0,119.0,96.0,96.0,96.0,99.0,104.0,90.21,92.96,101.83,103.97,109.78,186.88,172.9,167.81,160.18,156.37,201.9,185.27,182.9,173.4,171.02,208.49
2021-07-07,126.0,97.0,84.09,208.49,218.53,3.331,3.076,0.0310000000000001,0.044,0.0569999999999999,0.0093939393939395,0.0174098961514965,3.301,3.279375,3.23425,0.0209920619919313,0.0278615838953426,0.032,0.0340000000000002,0.0420000000000002,0.0105124835742445,0.0138431114040871,3.0505000000000004,3.040125,3.0044166666666663,0.0170782512763915,0.0158694450351077,-0.2549999999999999,0.0009999999999998,-0.0149999999999996,125.0,124.0,124.0,120.0,118.0,96.0,96.0,96.0,100.0,109.0,85.93,90.21,94.18,118.65,103.36,190.69,186.88,167.81,165.27,155.1,204.28,201.9,181.71,180.52,168.65,216.12
2021-07-14,126.0,97.0,84.09,216.12,219.71,3.338,3.083,0.0070000000000001,0.0380000000000002,0.052,0.0021014710297209,0.0158247108947047,3.314,3.2905,3.252083333333333,0.0244267612808734,0.0315277655410983,0.0070000000000001,0.0390000000000001,0.0430000000000001,0.0022756827048113,0.0141447368421052,3.06125,3.046875,3.01775,0.0212818388928045,0.0210878265494446,-0.2549999999999999,0.0,-0.0089999999999998,126.0,125.0,124.0,123.0,118.0,97.0,96.0,96.0,100.0,102.0,84.09,85.93,92.96,114.37,105.5,208.49,190.69,172.9,170.35,147.47,218.53,204.28,185.27,187.65,161.52,213.58
2021-07-21,126.0,98.0,84.4,213.58,213.78,3.344,3.083,0.0059999999999997,0.0129999999999999,0.0569999999999999,0.0017974835230676,0.0173410404624276,3.32825,3.301875,3.2704166666666663,0.0195682566078952,0.0324672912330946,0.0,0.0070000000000001,0.0410000000000003,0.0,0.0134779750164366,3.0715000000000003,3.0536250000000003,3.0315833333333333,0.0186279360099916,0.0230956860537581,-0.2609999999999997,-0.0059999999999997,-0.0159999999999995,126.0,126.0,124.0,123.0,118.0,97.0,97.0,96.0,97.0,101.0,84.09,84.09,90.21,115.59,105.8,216.12,208.49,186.88,167.81,158.91,219.71,218.53,201.9,182.9,173.4,205.95
2021-07-28,126.0,99.0,85.62,205.95,209.03,3.342,3.079,-0.0019999999999997,0.004,0.0420000000000002,-0.0005980861244018,0.0127272727272726,3.33875,3.31275,3.2870833333333334,0.0057373048264997,0.0288976024712453,-0.004,-0.004,0.0350000000000001,-0.0012974375608173,0.0114980289093298,3.08025,3.060125,3.0445,0.003403429641618,0.0218137407549082,-0.2629999999999999,-0.0020000000000002,-0.0070000000000001,126.0,126.0,125.0,123.0,119.0,98.0,97.0,96.0,96.0,99.0,84.4,84.09,85.93,101.83,103.97,213.58,216.12,190.69,167.81,160.18,213.78,219.71,204.28,182.9,173.4,205.95
2021-08-04,127.0,101.0,103.05,205.95,204.28,3.367,3.097,0.0249999999999999,0.0230000000000001,0.036,0.0074805505685218,0.0108075652957069,3.34775,3.324375,3.302166666666667,0.0130735101128946,0.0297750494784372,0.0179999999999997,0.0139999999999997,0.0209999999999999,0.0058460539136082,0.0068270481144343,3.085500000000001,3.068,3.05525,0.0078951461877093,0.0223989795687739,-0.27,-0.0070000000000001,-0.0150000000000001,126.0,126.0,126.0,124.0,120.0,99.0,98.0,97.0,96.0,100.0,85.62,84.4,84.09,94.18,118.65,205.95,213.58,208.49,167.81,165.27,209.03,213.78,218.53,181.71,180.52,200.86
2021-08-11,127.0,100.0,106.42,200.86,204.28,3.364,3.083,-0.0030000000000001,0.0219999999999997,0.0259999999999998,-0.0008910008910009,0.0077890952666266,3.35425,3.334125,3.31175,0.0130735101128884,0.0281396390475997,-0.0139999999999997,0.004,0.0,-0.0045205037132708,0.0,3.0855,3.073375,3.05975,0.0078951461877093,0.0197190082337413,-0.2809999999999997,-0.0109999999999996,-0.0259999999999998,127.0,126.0,126.0,124.0,123.0,101.0,99.0,97.0,96.0,100.0,103.05,85.62,84.09,92.96,114.37,205.95,205.95,216.12,172.9,170.35,204.28,209.03,219.71,185.27,187.65,200.86
2021-08-18,127.0,100.0,113.14,200.86,204.28,3.356,3.073,-0.008,-0.0110000000000001,0.012,-0.0023781212841854,0.0035885167464115,3.35725,3.34275,3.3203333333333336,0.0111766124864253,0.0213992656753351,-0.0100000000000002,-0.024,-0.0100000000000002,-0.0032435939020435,-0.0032435939020435,3.083,3.0772500000000003,3.0634166666666665,0.010198039026795,0.0152010337996961,-0.2829999999999999,-0.0020000000000002,-0.0220000000000002,127.0,127.0,126.0,124.0,123.0,100.0,101.0,98.0,96.0,97.0,106.42,103.05,84.4,90.21,115.59,200.86,205.95,213.58,186.88,167.81,204.28,204.28,213.78,201.9,182.9,207.22
2021-08-25,125.0,102.0,115.59,207.22,209.03,3.324,3.038,-0.032,-0.04,-0.0180000000000002,-0.0095351609058402,-0.0053859964093357,3.35275,3.34575,3.326083333333333,0.0197209702264324,0.015387843068499,-0.0350000000000001,-0.0450000000000003,-0.0410000000000003,-0.0113895216400912,-0.0133160116921079,3.07275,3.0765,3.0643333333333334,0.0251710812903547,0.0171047194826312,-0.286,-0.0030000000000001,-0.0230000000000001,127.0,127.0,126.0,125.0,123.0,100.0,100.0,99.0,96.0,96.0,113.14,106.42,85.62,85.93,101.83,200.86,200.86,205.95,190.69,167.81,204.28,204.28,209.03,204.28,182.9,208.49
2021-09-01,126.0,102.0,131.49,208.49,211.4,3.339,3.06,0.0150000000000001,-0.0169999999999999,-0.028,0.0045126353790614,-0.0083160083160083,3.34575,3.34675,3.3315,0.0178582380618023,0.0145282975116314,0.0220000000000002,-0.0129999999999999,-0.0369999999999999,0.0072416063199474,-0.0119470455279302,3.0635,3.0745,3.0665,0.0194336477960063,0.0180791908797162,-0.2789999999999999,0.0070000000000001,-0.0089999999999998,125.0,127.0,127.0,126.0,124.0,102.0,100.0,101.0,97.0,96.0,115.59,113.14,103.05,84.09,94.18,207.22,200.86,205.95,208.49,167.81,209.03,204.28,204.28,218.53,181.71,209.13
2021-09-08,127.0,104.0,172.16,209.13,212.59,3.373,3.104,0.0340000000000002,0.0490000000000003,0.0090000000000003,0.0101826894279726,0.0026753864447088,3.348,3.351125,3.33875,0.0211817531538812,0.0166341945577935,0.044,0.0660000000000002,0.0209999999999999,0.0143790849673202,0.0068115471942913,3.06875,3.077125,3.0718333333333336,0.0275847179912916,0.0208082229626948,-0.2690000000000001,0.0099999999999997,0.0119999999999995,126.0,125.0,127.0,126.0,124.0,102.0,102.0,100.0,97.0,96.0,131.49,115.59,106.42,84.09,92.96,208.49,207.22,200.86,216.12,172.9,211.4,209.03,204.28,219.71,185.27,204.04
2021-09-15,127.0,108.0,183.17,204.04,210.21,3.372,3.099,-0.0010000000000003,0.0329999999999999,0.016,-0.0002964719833976,0.0047675804529201,3.352,3.354625,3.3458333333333337,0.0244540385213811,0.0178240407480056,-0.0049999999999998,0.0390000000000001,0.0260000000000002,-0.001610824742268,0.0084607875040678,3.07525,3.079125,3.0765833333333337,0.0316793834113858,0.0221774499373208,-0.2729999999999997,-0.0039999999999995,0.0100000000000002,127.0,126.0,127.0,126.0,124.0,104.0,102.0,100.0,98.0,96.0,172.16,131.49,113.14,84.4,90.21,209.13,208.49,200.86,213.58,186.88,212.59,211.4,204.28,213.78,201.9,207.22
2021-09-22,128.0,120.0,216.81,207.22,213.78,3.385,3.119,0.0129999999999999,0.0119999999999995,0.0609999999999999,0.0038552787663108,0.0183513838748494,3.36725,3.3600000000000003,3.3529166666666668,0.0197378654706669,0.0198422348975482,0.02,0.0150000000000001,0.0810000000000004,0.0064536947402387,0.0266622778143517,3.0955000000000004,3.084125,3.0828333333333333,0.0251462389498919,0.0262756677230821,-0.2659999999999995,0.0070000000000001,0.0200000000000004,127.0,127.0,125.0,126.0,125.0,108.0,104.0,102.0,99.0,96.0,183.17,172.16,115.59,85.62,85.93,204.04,209.13,207.22,205.95,190.69,210.21,212.59,209.03,209.03,204.28,209.76
2021-09-29,129.0,117.0,238.21,209.76,216.15,3.406,3.142,0.0210000000000003,0.0340000000000002,0.0670000000000001,0.0062038404726736,0.0200658879904163,3.384,3.364875,3.359166666666667,0.0158113883009811,0.0257262373022083,0.0229999999999996,0.0429999999999997,0.0819999999999998,0.0073741583840973,0.0267973856209149,3.116,3.08975,3.0883333333333334,0.0193045763138655,0.0333027240414286,-0.2640000000000002,0.0019999999999993,0.0149999999999996,128.0,127.0,126.0,127.0,126.0,120.0,108.0,102.0,101.0,97.0,216.81,183.17,131.49,103.05,84.09,207.22,204.04,208.49,205.95,208.49,213.78,210.21,211.4,204.28,218.53,214.21
2021-10-06,131.0,110.0,211.61,214.21,220.9,3.477,3.203,0.0709999999999997,0.092,0.1039999999999996,0.0208455666470932,0.030833086273347,3.41,3.379,3.37075,0.046811679454353,0.0472198505475154,0.0609999999999999,0.0839999999999996,0.0989999999999997,0.0194143857415658,0.0318943298969072,3.14075,3.10475,3.098333333333333,0.0450656927901615,0.0517459453208754,-0.274,-0.0099999999999997,-0.0049999999999998,129.0,128.0,127.0,127.0,126.0,117.0,120.0,104.0,100.0,97.0,238.21,216.81,172.16,106.42,84.09,209.76,207.22,209.13,200.86,216.12,216.15,213.78,212.59,204.28,219.71,214.21
2021-10-13,135.0,106.0,151.37,214.21,220.9,3.586,3.335,0.1089999999999999,0.1799999999999997,0.2139999999999999,0.0313488639631867,0.0634638196915777,3.4635,3.40775,3.390916666666667,0.0906587006304549,0.0856200076752007,0.1320000000000001,0.193,0.2359999999999997,0.0412113643459257,0.0761535979348175,3.19975,3.1375,3.119333333333333,0.0968826609873461,0.0942413315453303,-0.2509999999999999,0.0230000000000001,0.0219999999999997,131.0,129.0,127.0,127.0,126.0,110.0,117.0,108.0,100.0,98.0,211.61,238.21,183.17,113.14,84.4,214.21,209.76,204.04,200.86,213.58,220.9,216.15,210.21,204.28,213.78,215.48
2021-10-20,139.0,107.0,192.65,215.48,223.28,3.671,3.422,0.0849999999999999,0.1939999999999999,0.286,0.0237032905744563,0.0844903988183161,3.535,3.451125,3.418333333333333,0.1170498469314135,0.1186536827434682,0.0870000000000001,0.2190000000000003,0.3029999999999999,0.0260869565217392,0.0971465213209361,3.2755,3.1855,3.147916666666667,0.1265977882902664,0.1280502133651702,-0.2489999999999996,0.0020000000000002,0.0169999999999999,135.0,131.0,128.0,125.0,126.0,106.0,110.0,120.0,102.0,99.0,151.37,211.61,216.81,115.59,85.62,214.21,214.21,207.22,207.22,205.95,220.9,220.9,213.78,209.03,209.03,231.38
2021-10-27,140.0,109.0,179.81,231.38,237.53,3.713,3.483,0.0420000000000002,0.1270000000000002,0.3069999999999999,0.0114410242440752,0.0901350557839106,3.61175,3.497875,3.4471666666666665,0.1042157217825868,0.1399351252750039,0.0609999999999999,0.1480000000000001,0.3410000000000002,0.0178258328462888,0.1085295989815404,3.36075,3.238375,3.1800833333333336,0.1214423731651554,0.1536079773784369,-0.2299999999999999,0.0189999999999996,0.0340000000000002,139.0,135.0,129.0,126.0,127.0,107.0,106.0,117.0,102.0,101.0,192.65,151.37,238.21,131.49,103.05,215.48,214.21,209.76,208.49,205.95,223.28,220.9,216.15,211.4,204.28,227.56
2021-11-03,141.0,110.0,144.64,227.56,232.78,3.727,3.486,0.0139999999999997,0.056,0.25,0.0037705359547535,0.0719010641357491,3.67425,3.542125,3.4774166666666666,0.0634632439553065,0.1503865851730708,0.0030000000000001,0.064,0.2830000000000003,0.0008613264427217,0.0883546674992195,3.4315,3.286125,3.2136666666666667,0.0707695791517532,0.1648327615667565,-0.2409999999999996,-0.0109999999999996,0.0330000000000003,140.0,139.0,131.0,127.0,127.0,109.0,107.0,110.0,104.0,100.0,179.81,192.65,211.61,172.16,106.42,231.38,215.48,214.21,209.13,200.86,237.53,223.28,220.9,212.59,204.28,214.85
2021-11-10,141.0,112.0,155.34,214.85,214.96,3.73,3.482,0.0030000000000001,0.0169999999999999,0.1440000000000001,0.0008049369466058,0.0401561628555493,3.71025,3.586875,3.5085833333333327,0.0271952814534047,0.145723257777064,-0.004,-0.0009999999999998,0.1470000000000002,-0.0011474469305794,0.0440779610194903,3.4682500000000003,3.334,3.2477500000000004,0.0308801446453096,0.1582060139727691,-0.2479999999999997,-0.0070000000000001,0.0030000000000001,141.0,140.0,135.0,127.0,127.0,110.0,109.0,106.0,108.0,100.0,144.64,179.81,151.37,183.17,113.14,227.56,231.38,214.21,204.04,200.86,232.78,237.53,220.9,210.21,204.28,198.32
2021-11-17,141.0,113.0,139.75,198.32,199.52,3.734,3.474,0.004,0.0070000000000001,0.0630000000000001,0.0010723860589811,0.0171615363661128,3.726,3.6305,3.54275,0.009128709291544,0.1277911242167848,-0.008,-0.012,0.052,-0.0022975301550832,0.0151957919345411,3.48125,3.378375,3.284083333333333,0.00512347538118,0.1377502268601014,-0.2599999999999998,-0.012,-0.0110000000000001,141.0,141.0,139.0,128.0,125.0,112.0,110.0,107.0,120.0,102.0,155.34,144.64,192.65,216.81,115.59,214.85,227.56,215.48,207.22,207.22,214.96,232.78,223.28,213.78,209.03,177.98
2022-01-19,141.0,136.0,259.92,174.17,178.15,3.725,3.463,0.068,0.1120000000000001,0.0990000000000002,0.0185944763467322,0.0273028130170986,3.6525,3.659875,3.682833333333333,0.0524181902269113,0.0439819362273238,0.0790000000000001,0.1350000000000002,0.1240000000000001,0.0233451536643025,0.0371368673255465,3.37625,3.384,3.4142500000000005,0.0633844092290653,0.0530309882455073,-0.262,0.0110000000000001,0.0249999999999999,138.0,136.0,137.0,141.0,140.0,153.0,140.0,124.0,113.0,109.0,214.05,172.47,225.67,143.11,179.81,179.25,175.44,177.98,177.98,231.38,184.09,176.96,176.96,178.15,237.53,164.0
2022-02-02,145.0,130.0,266.35,158.91,163.9,3.846,3.608,0.0660000000000002,0.121,0.2330000000000001,0.0174603174603176,0.0644893440354277,3.752,3.688875,3.696916666666666,0.0803616824114311,0.0862478778207926,0.0769999999999999,0.145,0.2800000000000002,0.0218068535825544,0.0841346153846154,3.4965,3.419375,3.4285,0.0955702185131317,0.1043591840027692,-0.238,0.0109999999999996,0.0470000000000001,143.0,141.0,136.0,139.0,141.0,132.0,136.0,140.0,113.0,112.0,262.98,259.92,172.47,174.91,155.34,164.0,174.17,175.44,180.52,214.85,166.27,178.15,176.96,178.15,214.96,155.1
2022-02-09,149.0,122.0,220.48,155.1,161.52,3.951,3.73,0.1049999999999999,0.1710000000000002,0.294,0.0273010920436818,0.0803937653814601,3.8255,3.726625,3.715,0.0971956789162668,0.1240909084963434,0.1219999999999998,0.1989999999999998,0.3460000000000001,0.0338137472283812,0.1022458628841607,3.583,3.464125,3.4498333333333338,0.1145105526431754,0.1485447864162128,-0.221,0.0169999999999999,0.052,145.0,143.0,138.0,138.0,141.0,130.0,132.0,153.0,126.0,113.0,266.35,262.98,214.05,200.29,139.75,158.91,164.0,179.25,184.34,198.32,163.9,166.27,184.09,185.27,199.52,165.27
2022-02-16,152.0,108.0,211.91,165.27,171.02,4.019,3.785,0.068,0.173,0.294,0.0172108327005822,0.0789261744966443,3.899,3.77575,3.7395833333333335,0.1065739180099537,0.1529899623225273,0.0550000000000001,0.177,0.322,0.014745308310992,0.0929829627490614,3.6635,3.519875,3.4771666666666667,0.1152113998988093,0.1760271387355896,-0.2339999999999999,-0.0129999999999999,0.028,149.0,145.0,141.0,137.0,141.0,122.0,130.0,136.0,124.0,113.0,220.48,266.35,259.92,225.67,143.11,155.1,158.91,174.17,177.98,177.98,161.52,163.9,178.15,176.96,178.15,167.81
2022-03-02,155.0,110.0,188.67,174.17,181.71,4.104,3.872,0.0490000000000003,0.0849999999999999,0.258,0.0120838471023427,0.0670826833073323,4.03225,3.892125,3.803333333333333,0.0644017339310243,0.164271932651819,0.0419999999999998,0.0869999999999997,0.2639999999999998,0.0109660574412531,0.0731707317073169,3.80425,3.650375,3.5476666666666663,0.0609282364751605,0.1804588892637218,-0.2320000000000002,-0.0070000000000005,0.0059999999999997,153.0,152.0,145.0,136.0,139.0,108.0,108.0,130.0,140.0,113.0,170.02,211.91,266.35,172.47,174.91,167.81,165.27,158.91,175.44,180.52,172.21,171.02,163.9,176.96,178.15,180.52
2022-03-09,183.0,118.0,273.07,180.52,186.46,4.849,4.703,0.7450000000000001,0.7940000000000005,0.8980000000000001,0.1815302144249513,0.2272842318400405,4.25675,4.041125,3.903333333333333,0.3963671488237268,0.3528688293322436,0.8310000000000004,0.8730000000000002,0.9730000000000004,0.2146177685950414,0.2608579088471849,4.047499999999999,3.81525,3.658583333333333,0.4384415582491778,0.3868464996425915,-0.1459999999999999,0.0860000000000003,0.0750000000000001,155.0,153.0,149.0,138.0,138.0,110.0,108.0,122.0,153.0,126.0,188.67,170.02,220.48,214.05,200.29,174.17,167.81,155.1,179.25,184.34,181.71,172.21,161.52,184.09,185.27,200.86
2022-03-16,198.0,134.0,302.73,200.86,210.21,5.25,5.11,0.4009999999999998,1.146,1.231,0.0826974633945143,0.3062950982831549,4.5645,4.23175,4.038666666666667,0.5838096150858113,0.5267630939453537,0.407,1.2380000000000004,1.3250000000000002,0.0865405060599617,0.3500660501981507,4.37875,4.0211250000000005,3.8061666666666665,0.6318720202698956,0.5683023434505975,-0.1399999999999996,0.0060000000000002,0.0940000000000003,183.0,155.0,152.0,141.0,137.0,118.0,110.0,108.0,136.0,124.0,273.07,188.67,211.91,259.92,225.67,180.52,174.17,165.27,174.17,177.98,186.46,181.71,171.02,178.15,176.96,189.42
2022-03-30,196.0,154.0,248.92,199.59,209.03,5.185,4.972,0.0509999999999992,-0.0650000000000003,1.0809999999999995,0.009933774834437,0.2634015594541909,5.1045,4.568375,4.29625,0.17682477202011,0.5862329954890187,0.008,-0.1379999999999999,1.1000000000000003,0.0016116035455278,0.2840909090909091,4.937250000000001,4.37075,4.0793333333333335,0.1699399403709414,0.617038259985334,-0.2129999999999992,-0.0429999999999992,0.019000000000001,194.0,198.0,155.0,145.0,136.0,148.0,134.0,110.0,130.0,140.0,258.7,302.73,188.67,266.35,172.47,189.42,200.86,174.17,158.91,175.44,203.09,210.21,181.71,163.9,176.96,199.59
2022-04-06,194.0,130.0,273.38,199.59,209.03,5.144,4.929,-0.0409999999999994,0.0099999999999997,0.2949999999999999,-0.0079074252651879,0.0608372860383583,5.17825,4.7175,4.420166666666667,0.0526774777929705,0.5577979664973699,-0.0430000000000001,-0.0350000000000001,0.2259999999999999,-0.0086484312148029,0.0480544333404209,4.99375,4.520625000000001,4.208083333333334,0.079717731193324,0.5838952786489944,-0.2149999999999998,-0.0020000000000006,-0.0689999999999999,196.0,194.0,183.0,149.0,138.0,154.0,148.0,118.0,122.0,153.0,248.92,258.7,273.07,220.48,214.05,199.59,189.42,180.52,155.1,179.25,209.03,203.09,186.46,161.52,184.09,197.05
2022-04-13,191.0,147.0,246.16,197.05,207.84,5.073,4.84,-0.0709999999999997,-0.1119999999999992,-0.1769999999999996,-0.0138024883359253,-0.0337142857142855,5.134,4.8492500000000005,4.5325,0.0462673390917389,0.4895454889122322,-0.0890000000000004,-0.1320000000000005,-0.2700000000000004,-0.0180564008926761,-0.0528375733855186,4.9262500000000005,4.6525,4.322833333333333,0.060455906796712,0.5082552789410502,-0.2330000000000005,-0.0180000000000006,-0.0930000000000008,194.0,196.0,198.0,152.0,141.0,130.0,154.0,134.0,108.0,136.0,273.38,248.92,302.73,211.91,259.92,199.59,199.59,200.86,165.27,174.17,209.03,209.03,210.21,171.02,178.15,199.59
2022-04-20,192.0,152.0,186.84,199.59,210.21,5.101,4.855,0.0279999999999995,-0.0430000000000001,-0.0330000000000003,0.005519416518825,-0.006427736657577,5.12575,4.98,4.6425833333333335,0.0491214481324619,0.3728967685567037,0.0150000000000005,-0.0739999999999998,-0.1089999999999999,0.0030991735537191,-0.0219580983078162,4.899,4.780625000000001,4.433166666666667,0.0623056979733533,0.3857156382251639,-0.2459999999999995,-0.012999999999999,-0.0759999999999996,191.0,194.0,194.0,153.0,143.0,147.0,130.0,148.0,108.0,132.0,246.16,273.38,258.7,170.02,262.98,197.05,199.59,189.42,167.81,164.0,207.84,209.03,203.09,172.21,166.27,200.86
2022-04-27,195.0,144.0,173.38,200.86,212.59,5.16,4.916,0.0590000000000001,0.0869999999999997,-0.0249999999999994,0.0115663595373456,-0.0048216007714559,5.1195,5.112,4.752083333333333,0.0397701730777013,0.1189213425517831,0.0609999999999999,0.0760000000000005,-0.056,0.0125643666323378,-0.0112630732099758,4.885,4.911125,4.542166666666667,0.044052998383921,0.1182738197091362,-0.2439999999999997,0.0019999999999997,-0.0310000000000005,192.0,191.0,196.0,155.0,145.0,152.0,147.0,154.0,110.0,130.0,186.84,246.16,248.92,188.67,266.35,199.59,197.05,199.59,174.17,158.91,210.21,207.84,209.03,181.71,163.9,200.86
2022-05-04,208.0,133.0,168.8,200.86,210.21,5.509,5.21,0.3490000000000002,0.4080000000000003,0.3650000000000002,0.0676356589147286,0.0709564541213063,5.21075,5.1945,4.881916666666667,0.20211279853907,0.137833232567598,0.2939999999999996,0.3549999999999995,0.2809999999999997,0.0598047192839705,0.0570095354027184,4.95525,4.9745,4.6655,0.1729843441854739,0.1263781174549096,-0.2990000000000004,-0.0550000000000006,-0.0840000000000005,195.0,192.0,194.0,183.0,149.0,144.0,152.0,130.0,118.0,122.0,173.38,186.84,273.38,273.07,220.48,200.86,199.59,199.59,180.52,155.1,212.59,210.21,209.03,186.46,161.52,202.14
2022-05-11,212.0,152.0,159.93,202.14,211.4,5.623,5.339,0.1139999999999998,0.4630000000000001,0.5499999999999998,0.0206934107823562,0.1084171101912083,5.34825,5.241125,5.015583333333333,0.2568389573253209,0.2056789714233039,0.1290000000000004,0.423,0.4990000000000005,0.0247600767754319,0.1030991735537192,5.08,5.003125,4.795000000000001,0.2320215507230779,0.1771782294753467,-0.2839999999999998,0.0150000000000005,-0.0509999999999992,208.0,195.0,191.0,198.0,152.0,133.0,144.0,147.0,134.0,108.0,168.8,173.38,246.16,302.73,211.91,200.86,200.86,197.05,200.86,165.27,210.21,212.59,207.84,210.21,171.02,208.49
2022-05-18,212.0,138.0,142.81,208.49,220.9,5.613,5.295,-0.0099999999999997,0.104,0.5120000000000005,-0.0017784101013693,0.100372475985101,5.47625,5.301,5.145416666666667,0.2170428145166024,0.2373249731005512,-0.0440000000000004,0.0849999999999999,0.4399999999999995,-0.0082412436785915,0.0906282183316167,5.19,5.0445,4.917083333333333,0.1903523049504226,0.2034383023355284,-0.3180000000000005,-0.0340000000000006,-0.0720000000000009,212.0,208.0,192.0,194.0,153.0,152.0,133.0,152.0,148.0,108.0,159.93,168.8,186.84,258.7,170.02,202.14,200.86,199.59,189.42,167.81,211.4,210.21,210.21,203.09,172.21,209.76
2022-05-25,210.0,125.0,133.02,209.76,223.28,5.571,5.216,-0.0420000000000007,-0.0520000000000004,0.4109999999999996,-0.0074826296098344,0.0796511627906975,5.579000000000001,5.34925,5.267666666666667,0.0518202019803654,0.2493080423894,-0.0789999999999997,-0.1230000000000002,0.2999999999999998,-0.0149197355996222,0.0610252237591537,5.265000000000001,5.075,5.029083333333333,0.0627216071217615,0.2092244181324839,-0.3549999999999995,-0.036999999999999,-0.1109999999999997,212.0,212.0,195.0,196.0,155.0,138.0,152.0,144.0,154.0,110.0,142.81,159.93,173.38,248.92,188.67,208.49,202.14,200.86,199.59,174.17,220.9,211.4,212.59,209.03,181.71,207.22
2022-06-01,209.0,129.0,134.85,207.22,223.28,5.539,5.18,-0.032,-0.0740000000000007,0.0299999999999993,-0.0057440315921737,0.0054456344164093,5.5865,5.398625,5.325166666666667,0.0388630072599344,0.2418547010678245,-0.0360000000000004,-0.1150000000000002,-0.0300000000000002,-0.0069018404907976,-0.0057581573896353,5.2575,5.106375000000001,5.068833333333333,0.072518963036828,0.2029278108801035,-0.359,-0.0040000000000004,-0.0599999999999996,210.0,212.0,208.0,194.0,183.0,125.0,138.0,133.0,130.0,118.0,133.02,142.81,168.8,273.38,273.07,209.76,208.49,200.86,199.59,180.52,223.28,220.9,210.21,209.03,186.46,204.04
2022-06-08,215.0,132.0,133.02,204.04,218.53,5.703,5.309,0.1640000000000006,0.1320000000000005,0.08,0.0296082325329483,0.0142272808109549,5.6065000000000005,5.477375,5.362916666666667,0.0711125867899062,0.2224717879386228,0.1290000000000004,0.0929999999999999,-0.0300000000000002,0.0249034749034748,-0.0056190297808579,5.25,5.165,5.085416666666667,0.0620805927801679,0.1816055379898739,-0.3940000000000001,-0.0350000000000001,-0.1100000000000003,209.0,210.0,212.0,191.0,198.0,129.0,125.0,152.0,147.0,134.0,134.85,133.02,159.93,246.16,302.73,207.22,209.76,202.14,197.05,200.86,223.28,223.28,211.4,207.84,210.21,202.14
2022-06-15,216.0,117.0,143.42,202.14,214.96,5.718,5.37,0.0149999999999996,0.1790000000000002,0.1049999999999995,0.0026301946344029,0.0187065740245857,5.63275,5.5545,5.411583333333334,0.0909299180685397,0.1753005582259297,0.0609999999999999,0.1900000000000004,0.0750000000000001,0.0114899227726501,0.0141643059490086,5.26875,5.229375000000001,5.11925,0.0866616985751864,0.1432459797491937,-0.3479999999999998,0.0460000000000002,-0.0299999999999993,215.0,209.0,212.0,192.0,194.0,132.0,129.0,138.0,152.0,148.0,133.02,134.85,142.81,186.84,258.7,204.04,207.22,208.49,199.59,189.42,218.53,223.28,220.9,210.21,203.09,202.14
2022-06-22,219.0,110.0,149.53,202.14,214.96,5.81,5.453,0.0919999999999996,0.1069999999999993,0.2389999999999998,0.0160895417978312,0.0429007359540476,5.6925,5.635750000000001,5.463666666666668,0.1127371574354107,0.1013829374206405,0.0830000000000001,0.1440000000000001,0.2370000000000001,0.0154562383612664,0.0454371165644171,5.328,5.2965,5.1593333333333335,0.1149695611887541,0.0921132842910209,-0.3569999999999993,-0.0089999999999994,-0.0019999999999997,216.0,215.0,210.0,195.0,196.0,117.0,132.0,125.0,144.0,154.0,143.42,133.02,133.02,173.38,248.92,202.14,204.04,209.76,200.86,199.59,214.96,218.53,223.28,212.59,209.03,200.86
2022-06-29,218.0,109.0,129.66,200.86,213.78,5.783,5.441,-0.0269999999999992,0.0650000000000003,0.2440000000000006,-0.0046471600688466,0.0440512727929229,5.753500000000001,5.67,5.516916666666667,0.0512282474156767,0.0986928858344082,-0.0120000000000004,0.0709999999999997,0.2610000000000001,-0.0022006235099946,0.0503861003861003,5.39325,5.325375,5.202,0.0670540826492507,0.0971904426519328,-0.3420000000000005,0.0149999999999987,0.0169999999999994,219.0,216.0,209.0,208.0,194.0,110.0,117.0,129.0,133.0,130.0,149.53,143.42,134.85,168.8,273.38,202.14,202.14,207.22,200.86,199.59,214.96,214.96,223.28,210.21,209.03,194.51
2022-07-06,214.0,112.0,123.54,194.51,209.03,5.675,5.33,-0.1080000000000005,-0.1349999999999998,-0.0280000000000004,-0.0186754279785579,-0.0049096966508855,5.746499999999999,5.6765,5.567083333333334,0.0613432962918412,0.0968504001026215,-0.1109999999999997,-0.1230000000000002,0.0209999999999999,-0.0204006616430802,0.0039555471840271,5.3985,5.32425,5.2428333333333335,0.0585405842124281,0.0970622039137424,-0.3449999999999997,-0.0029999999999992,0.0490000000000003,218.0,219.0,215.0,212.0,191.0,109.0,110.0,132.0,152.0,147.0,129.66,149.53,133.02,159.93,246.16,200.86,202.14,204.04,202.14,197.05,213.78,214.96,218.53,211.4,207.84,190.69
2022-07-13,210.0,113.0,124.76,190.69,205.46,5.568,5.217,-0.1070000000000002,-0.2150000000000007,-0.1500000000000003,-0.0188546255506608,-0.0262329485834208,5.7090000000000005,5.670875,5.606000000000001,0.1106254943489497,0.1022230579246503,-0.1130000000000004,-0.2240000000000002,-0.1530000000000004,-0.0212007504690432,-0.0284916201117318,5.360250000000001,5.3145,5.273000000000001,0.1103913492984562,0.1040837574814149,-0.351,-0.0060000000000002,-0.0030000000000001,214.0,218.0,216.0,212.0,192.0,112.0,109.0,117.0,138.0,152.0,123.54,129.66,143.42,142.81,186.84,194.51,200.86,202.14,208.49,199.59,209.03,213.78,214.96,220.9,210.21,180.52
2022-07-20,205.0,114.0,140.36,180.52,194.77,5.432,5.083,-0.1359999999999992,-0.2429999999999994,-0.3779999999999992,-0.0244252873563216,-0.0650602409638553,5.6145,5.6535,5.628666666666667,0.1500233315186396,0.1297348945241044,-0.1339999999999994,-0.2469999999999999,-0.3700000000000001,-0.0256852597278127,-0.0678525582248303,5.26775,5.297875,5.2869166666666665,0.1534044219264997,0.1295667919316127,-0.3490000000000002,0.0019999999999997,0.0079999999999991,210.0,214.0,219.0,210.0,195.0,113.0,112.0,110.0,125.0,144.0,124.76,123.54,149.53,133.02,173.38,190.69,194.51,202.14,209.76,200.86,205.46,209.03,214.96,223.28,212.59,175.44
2022-07-27,199.0,114.0,151.37,175.44,192.4,5.268,4.911,-0.1640000000000006,-0.2999999999999998,-0.5150000000000006,-0.0301914580265096,-0.0890541241570119,5.48575,5.619625,5.608583333333333,0.1759590387939415,0.1867534184044608,-0.1720000000000006,-0.306,-0.5300000000000002,-0.0338382844776707,-0.0974085646020952,5.13525,5.26425,5.2620000000000005,0.1803965539210993,0.1867945777739152,-0.3570000000000002,-0.008,-0.0149999999999996,205.0,210.0,218.0,209.0,208.0,114.0,113.0,109.0,129.0,133.0,140.36,124.76,129.66,134.85,168.8,180.52,190.69,200.86,207.22,200.86,194.77,205.46,213.78,223.28,210.21,174.17
2022-08-03,194.0,113.0,138.83,174.17,192.4,5.138,4.801,-0.1299999999999999,-0.2940000000000005,-0.5369999999999999,-0.024677296886864,-0.0946255506607929,5.3515,5.549,5.5681666666666665,0.1878891517179501,0.2476304850839122,-0.1099999999999994,-0.282,-0.5289999999999999,-0.022398696803095,-0.0992495309568479,5.003,5.20075,5.2171666666666665,0.1839057729743119,0.2462825032936602,-0.3369999999999997,0.0200000000000004,0.008,199.0,205.0,214.0,215.0,212.0,114.0,114.0,112.0,132.0,152.0,151.37,140.36,123.54,133.02,159.93,175.44,180.52,194.51,204.04,202.14,192.4,194.77,209.03,218.53,211.4,169.08
2022-08-10,188.0,116.0,136.69,169.08,187.65,4.993,4.677,-0.1449999999999995,-0.2749999999999994,-0.5749999999999993,-0.0282210977033864,-0.1032686781609194,5.20775,5.458375,5.516500000000001,0.1869944295069444,0.3033427752324915,-0.1240000000000005,-0.2339999999999999,-0.54,-0.0258279525098938,-0.1035077630822312,4.868,5.1141250000000005,5.165666666666667,0.1722827133907631,0.2952536137434917,-0.3160000000000007,0.020999999999999,0.0349999999999992,194.0,199.0,210.0,216.0,212.0,113.0,114.0,113.0,117.0,138.0,138.83,151.37,124.76,143.42,142.81,174.17,175.44,190.69,202.14,208.49,192.4,192.4,205.46,214.96,220.9,166.54
2022-08-17,185.0,117.0,137.0,166.54,180.52,4.911,4.614,-0.0820000000000007,-0.2270000000000003,-0.5210000000000008,-0.0164229921890648,-0.0959131075110457,5.077500000000001,5.346,5.4615,0.157916644678864,0.3205067416273892,-0.0629999999999997,-0.1870000000000002,-0.4690000000000003,-0.0134701731879409,-0.0922683454652765,4.75075,5.00925,5.1155,0.1320918241222915,0.3064826958527373,-0.2969999999999997,0.019000000000001,0.0520000000000004,188.0,194.0,205.0,219.0,210.0,116.0,113.0,114.0,110.0,125.0,136.69,138.83,140.36,149.53,133.02,169.08,174.17,180.52,202.14,209.76,187.65,192.4,194.77,214.96,223.28,160.18
2022-08-24,185.0,125.0,141.89,160.18,173.4,4.909,4.619,-0.0019999999999997,-0.0840000000000005,-0.359,-0.0004072490327835,-0.0681473044798784,4.98775,5.23675,5.409,0.1075403025225089,0.2984693092622122,0.0049999999999998,-0.0579999999999998,-0.2919999999999998,0.0010836584308626,-0.0594583587863978,4.67775,4.906499999999999,5.0687500000000005,0.0869995210712308,0.2774753528308222,-0.29,0.0069999999999996,0.0670000000000001,185.0,188.0,199.0,218.0,209.0,117.0,116.0,114.0,109.0,129.0,137.0,136.69,151.37,129.66,134.85,166.54,169.08,175.44,200.86,207.22,180.52,187.65,192.4,213.78,223.28,156.37
2022-08-31,193.0,118.0,156.87,156.37,168.65,5.115,4.821,0.2060000000000004,0.2040000000000006,-0.0229999999999996,0.0419637400692607,-0.004476449980537,4.982,5.16675,5.359999999999999,0.0969192103419109,0.241171989607959,0.2019999999999999,0.2069999999999998,0.0199999999999995,0.0437324096124702,0.0041657987919183,4.68275,4.842874999999999,5.028083333333333,0.0964999999997755,0.2186062588961917,-0.2940000000000005,-0.0040000000000004,0.0429999999999992,185.0,185.0,194.0,214.0,215.0,125.0,117.0,113.0,112.0,132.0,141.89,137.0,138.83,123.54,133.02,160.18,166.54,174.17,194.51,204.04,173.4,180.52,192.4,209.03,218.53,144.93
2022-09-07,192.0,117.0,197.85,144.93,159.14,5.084,4.796,-0.0310000000000005,0.1749999999999998,0.0909999999999993,-0.0060606060606062,0.0182255157220105,5.00475,5.10625,5.307166666666666,0.110140440650255,0.1787702036535119,-0.0249999999999994,0.1770000000000005,0.1190000000000006,-0.0051856461315078,0.0254436604661107,4.7125,4.79025,4.98025,0.1113388222197858,0.157930138261972,-0.2879999999999993,0.0060000000000011,0.0280000000000013,193.0,185.0,188.0,210.0,216.0,118.0,125.0,116.0,113.0,117.0,156.87,141.89,136.69,124.76,143.42,156.37,160.18,169.08,190.69,202.14,168.65,173.4,187.65,205.46,214.96,147.47
2022-09-14,190.0,120.0,249.83,147.47,159.14,5.033,4.76,-0.0509999999999992,-0.0819999999999998,0.1220000000000007,-0.0100314712824546,0.0248421909997964,5.03525,5.056375,5.242416666666666,0.0907023520457526,0.1213400622808379,-0.0360000000000004,-0.0609999999999999,0.1459999999999999,-0.0075062552126773,0.0316428261811876,4.749,4.749875,4.922499999999999,0.0902108640904995,0.1047206317508753,-0.2730000000000006,0.0149999999999987,0.0239999999999991,192.0,193.0,185.0,205.0,219.0,117.0,118.0,117.0,114.0,110.0,197.85,156.87,137.0,140.36,149.53,144.93,156.37,166.54,180.52,202.14,159.14,168.65,180.52,194.77,214.96,156.37
2022-09-21,187.0,147.0,291.11,156.37,173.4,4.964,4.69,-0.0689999999999999,-0.1199999999999992,0.0550000000000006,-0.0137095171865686,0.0112039111835404,5.049,5.018375,5.174166666666667,0.0659848467450264,0.0888496924990423,-0.0699999999999994,-0.1059999999999998,0.0710000000000006,-0.014705882352941,0.0153712924875515,4.76675,4.72225,4.859916666666667,0.0569641700248558,0.0830520490846517,-0.274,-0.0009999999999994,0.016,190.0,192.0,185.0,199.0,218.0,120.0,117.0,125.0,114.0,109.0,249.83,197.85,141.89,151.37,129.66,147.47,144.93,160.18,175.44,200.86,159.14,159.14,173.4,192.4,213.78,155.1
2022-09-28,184.0,136.0,353.8,155.1,171.02,4.889,4.623,-0.0750000000000001,-0.1440000000000001,-0.2259999999999999,-0.0151087832393231,-0.0441837732160312,4.9925,4.98725,5.108666666666667,0.0847289796938794,0.0844625868148718,-0.0670000000000001,-0.1369999999999995,-0.1979999999999995,-0.0142857142857143,-0.041070317361543,4.71725,4.7,4.801,0.0767132105091567,0.0827837113033672,-0.266,0.008,0.0280000000000004,187.0,190.0,193.0,194.0,214.0,147.0,120.0,118.0,113.0,112.0,291.11,249.83,156.87,138.83,123.54,156.37,147.47,156.37,174.17,194.51,173.4,159.14,168.65,192.4,209.03,155.1
2022-10-05,182.0,153.0,575.2,155.1,171.02,4.836,4.557,-0.0529999999999999,-0.1280000000000001,-0.2479999999999993,-0.010840662712211,-0.0487804878048778,4.9305,4.967625,5.047666666666666,0.0861800440935559,0.0997853947230303,-0.0659999999999998,-0.133,-0.2389999999999998,-0.0142764438676183,-0.0498331943286071,4.657500000000001,4.685,4.746,0.0872792453371587,0.0971684840147801,-0.2789999999999999,-0.0129999999999999,0.0089999999999994,184.0,187.0,192.0,188.0,210.0,136.0,147.0,117.0,116.0,113.0,353.8,291.11,197.85,136.69,124.76,155.1,156.37,144.93,169.08,190.69,171.02,173.4,159.14,187.65,205.46,155.73
2022-10-12,197.0,160.0,634.52,155.73,171.02,5.224,4.897,0.3879999999999999,0.3349999999999999,0.1909999999999998,0.0802315963606286,0.037949533081661,4.97825,5.006749999999999,5.030333333333334,0.1720433569383976,0.1309173676136535,0.3399999999999998,0.274,0.1370000000000004,0.0746104893570331,0.0287815126050421,4.69175,4.720375000000001,4.7305,0.1472127145775446,0.1170981730979335,-0.3269999999999999,-0.048,-0.0539999999999993,182.0,184.0,190.0,185.0,205.0,153.0,136.0,120.0,117.0,114.0,575.2,353.8,249.83,137.0,140.36,155.1,155.1,147.47,166.54,180.52,171.02,171.02,159.14,180.52,194.77,162.09
2022-10-19,201.0,167.0,592.63,162.09,175.77,5.339,5.018,0.1150000000000002,0.5030000000000001,0.375,0.0220137825421133,0.0755439161966156,5.072,5.0605,5.03625,0.2473715154714281,0.1680552630196488,0.1209999999999995,0.4609999999999994,0.3279999999999994,0.0247090055135796,0.0699360341151384,4.77375,4.770250000000001,4.739416666666666,0.2195106299626979,0.1485104613920308,-0.3210000000000006,0.0059999999999993,-0.0470000000000006,197.0,182.0,187.0,185.0,199.0,160.0,153.0,147.0,125.0,114.0,634.52,575.2,291.11,141.89,151.37,155.73,155.1,156.37,160.18,175.44,171.02,171.02,173.4,173.4,192.4,160.82
2022-10-26,202.0,153.0,632.07,160.82,175.77,5.341,4.987,0.0019999999999997,0.1169999999999999,0.4519999999999999,0.0003746019853905,0.0924524442626304,5.1850000000000005,5.088750000000001,5.053166666666667,0.2390076707275912,0.1953105585618619,-0.0309999999999996,0.0899999999999998,0.3639999999999999,-0.0061777600637703,0.0787367510274712,4.86475,4.791,4.754916666666667,0.2114873912710112,0.1670534559441198,-0.3540000000000001,-0.0329999999999994,-0.088,201.0,197.0,184.0,193.0,194.0,167.0,160.0,136.0,118.0,113.0,592.63,634.52,353.8,156.87,138.83,162.09,155.73,155.1,156.37,174.17,175.77,171.02,171.02,168.65,192.4,157.64
2022-11-02,201.0,159.0,588.65,157.64,168.65,5.317,4.965,-0.024,-0.0220000000000002,0.4809999999999998,-0.0044935405354802,0.0994623655913977,5.30525,5.117875,5.080166666666667,0.0552471718729533,0.2112252944134118,-0.0220000000000002,-0.0529999999999999,0.4079999999999995,-0.004411469821536,0.0895325872284396,4.96675,4.812125,4.7789166666666665,0.0513314393584942,0.1780966330796365,-0.3520000000000003,0.0019999999999997,-0.0730000000000004,202.0,201.0,182.0,192.0,188.0,153.0,167.0,153.0,117.0,116.0,632.07,592.63,575.2,197.85,136.69,160.82,162.09,155.1,144.93,169.08,175.77,175.77,171.02,159.14,187.65,147.47
2022-11-09,201.0,136.0,372.15,147.47,161.52,5.333,4.937,0.016,-0.008,0.1089999999999999,0.003009215723152,0.0208652373660029,5.3325,5.155375,5.115333333333333,0.0108781125795056,0.2204339470227597,-0.0279999999999995,-0.0499999999999998,0.04,-0.0056394763343402,0.0081682662854809,4.97675,4.83425,4.805833333333333,0.0342770574380949,0.1816548925848602,-0.3959999999999999,-0.0439999999999995,-0.0689999999999999,201.0,202.0,197.0,190.0,185.0,159.0,153.0,160.0,120.0,117.0,588.65,632.07,634.52,249.83,137.0,157.64,160.82,155.73,147.47,166.54,168.65,175.77,171.02,159.14,180.52,146.2
2022-11-16,200.0,136.0,368.79,146.2,161.52,5.313,4.886,-0.0200000000000004,-0.0040000000000004,-0.0260000000000006,-0.0037502343896493,-0.0048698258100768,5.3260000000000005,5.199,5.149,0.0132161517328562,0.211502786202598,-0.0510000000000001,-0.0789999999999997,-0.1319999999999996,-0.0103301600162042,-0.0263053009166998,4.94375,4.858750000000001,4.828083333333333,0.0435995030546847,0.1724021461583854,-0.4269999999999996,-0.0309999999999996,-0.1059999999999989,201.0,201.0,201.0,187.0,185.0,136.0,159.0,167.0,147.0,125.0,372.15,588.65,592.63,291.11,141.89,147.47,157.64,162.09,156.37,160.18,161.52,168.65,175.77,173.4,173.4,147.47
2023-01-18,171.0,132.0,192.65,132.85,134.2,4.524,4.224,-0.0250000000000003,-0.0590000000000001,-0.072,-0.0054957133435921,-0.0156657963446474,4.54825,4.706375,4.9039166666666665,0.0253163320140129,0.2309025381906508,0.0010000000000003,-0.0430000000000001,0.0190000000000001,0.0002367984844897,0.0045184304399523,4.2195,4.331250000000001,4.5183333333333335,0.0423044520900044,0.1866300771963067,-0.2999999999999998,0.0260000000000006,0.0910000000000001,172.0,173.0,173.0,197.0,202.0,137.0,147.0,138.0,125.0,153.0,198.15,270.93,286.22,288.67,632.07,137.3,142.38,144.93,147.47,160.82,144.89,149.64,152.02,157.96,175.77,130.94
2023-02-01,174.0,120.0,204.88,130.94,134.2,4.622,4.351,0.0179999999999997,0.0979999999999998,0.0389999999999997,0.0039096437880103,0.0085097097970761,4.57475,4.596125,4.78525,0.0459229427045248,0.0724538030158198,0.0309999999999996,0.1269999999999997,0.0839999999999996,0.0071759259259258,0.019685962034216,4.2795000000000005,4.26225,4.41575,0.0658913246689887,0.0695408410320295,-0.2709999999999999,0.0129999999999999,0.0449999999999999,174.0,171.0,173.0,187.0,201.0,126.0,132.0,147.0,132.0,136.0,200.6,192.65,270.93,268.49,372.15,130.94,132.85,142.38,144.93,147.47,134.2,134.2,149.64,153.21,161.52,127.13
2023-02-08,171.0,116.0,183.17,127.13,134.2,4.539,4.249,-0.0830000000000001,-0.0650000000000003,-0.0100000000000006,-0.0179575941151017,-0.0021982853374369,4.57225,4.56925,4.72075,0.048016490222733,0.0364642682247874,-0.1020000000000003,-0.0710000000000006,0.0259999999999998,-0.0234428866927144,0.006156760596732,4.286,4.250375,4.362666666666667,0.059425022787548,0.0611974264165852,-0.29,-0.0190000000000001,0.0360000000000004,174.0,174.0,172.0,179.0,200.0,120.0,126.0,137.0,131.0,136.0,204.88,200.6,198.15,280.11,368.79,130.94,130.94,137.3,145.56,146.2,134.2,134.2,144.89,152.02,161.52,122.04
2023-02-15,168.0,114.0,156.87,122.04,130.64,4.444,4.15,-0.0949999999999997,-0.1779999999999999,-0.08,-0.0209297202026877,-0.017683465959328,4.55225,4.55025,4.655,0.0804917180003235,0.0552804537920478,-0.0989999999999993,-0.2009999999999996,-0.0739999999999998,-0.02329959990586,-0.0175189393939393,4.2675,4.2435,4.31,0.0892132277185827,0.0695434088487114,-0.2939999999999996,-0.0039999999999995,0.0060000000000002,171.0,174.0,171.0,173.0,197.0,116.0,120.0,132.0,138.0,125.0,183.17,204.88,192.65,286.22,288.67,127.13,130.94,132.85,144.93,147.47,134.2,134.2,134.2,152.02,157.96,121.41
2023-03-01,162.0,116.0,145.56,123.32,125.89,4.294,4.027,-0.0820000000000007,-0.1500000000000003,-0.3280000000000003,-0.0187385740402195,-0.0709649502379923,4.41325,4.494,4.535166666666666,0.1038697100537354,0.1139285490372792,-0.0729999999999995,-0.1230000000000002,-0.3239999999999998,-0.0178048780487803,-0.0744656400827395,4.1315,4.2055,4.218666666666667,0.0932040771638817,0.108820953864654,-0.2669999999999994,0.0090000000000012,0.0040000000000004,165.0,168.0,174.0,173.0,187.0,116.0,114.0,120.0,147.0,132.0,153.51,156.87,204.88,270.93,268.49,121.41,122.04,130.94,142.38,144.93,123.52,130.64,134.2,149.64,153.21,133.49
2023-03-08,162.0,114.0,148.92,133.49,137.77,4.282,4.027,-0.0119999999999995,-0.0940000000000003,-0.2569999999999997,-0.0027945971122494,-0.0566204009693764,4.349,4.460625,4.495833333333334,0.0758683069534441,0.1330230243229533,0.0,-0.0729999999999995,-0.2219999999999995,0.0,-0.0522475876676864,4.0760000000000005,4.181,4.1922500000000005,0.0601498129670585,0.1251559027773482,-0.2549999999999999,0.0119999999999995,0.0350000000000001,162.0,165.0,171.0,172.0,179.0,116.0,116.0,116.0,137.0,131.0,145.56,153.51,183.17,198.15,280.11,123.32,121.41,127.13,137.3,145.56,125.89,123.52,134.2,144.89,152.02,133.49
2023-03-15,160.0,117.0,152.28,133.49,140.14,4.247,3.998,-0.0350000000000001,-0.0469999999999997,-0.197,-0.0081737505838394,-0.0443294329432943,4.29975,4.426,4.46675,0.0546038765411079,0.1492332785560784,-0.0289999999999999,-0.0289999999999999,-0.1520000000000001,-0.0072013906133597,-0.0366265060240964,4.038,4.15275,4.175,0.0435354261872591,0.1388233718486966,-0.2489999999999996,0.0060000000000002,0.0449999999999999,162.0,162.0,168.0,171.0,173.0,114.0,116.0,114.0,132.0,138.0,148.92,145.56,156.87,192.65,286.22,133.49,123.32,122.04,132.85,144.93,137.77,125.89,130.64,134.2,152.02,136.03
2023-03-29,156.0,116.0,174.61,132.21,137.77,4.128,3.882,-0.0569999999999994,-0.1189999999999997,-0.1659999999999994,-0.0136200716845876,-0.0386585933861201,4.2105,4.311875,4.3995,0.0680710413219308,0.1354795055666901,-0.048,-0.1160000000000001,-0.145,-0.0122137404580152,-0.0360069530667991,3.95925,4.045375,4.1234166666666665,0.0656118637644246,0.1185121301808913,-0.246,0.0089999999999994,0.0209999999999994,158.0,160.0,162.0,174.0,173.0,116.0,117.0,116.0,120.0,147.0,162.07,152.28,145.56,204.88,270.93,136.03,133.49,123.32,130.94,142.38,144.89,140.14,125.89,134.2,149.64,132.21
2023-04-05,155.0,114.0,171.55,132.21,137.77,4.105,3.887,-0.0229999999999996,-0.0799999999999991,-0.1769999999999996,-0.0055717054263565,-0.0413358243811302,4.16625,4.257625,4.3625,0.0634737478541562,0.1171993874924022,0.0049999999999998,-0.0430000000000001,-0.1400000000000001,0.0012879958784131,-0.0347653339955301,3.92425,4.000125,4.095416666666666,0.0536803812701522,0.0967728378361903,-0.2180000000000004,0.0279999999999995,0.0369999999999994,156.0,158.0,162.0,171.0,172.0,116.0,116.0,114.0,116.0,137.0,174.61,162.07,148.92,183.17,198.15,132.21,136.03,133.49,127.13,137.3,137.77,144.89,137.77,134.2,144.89,141.11
2023-04-12,155.0,115.0,162.38,141.11,142.52,4.098,3.883,-0.0070000000000005,-0.0300000000000002,-0.149,-0.0017052375152254,-0.0350835884153519,4.129,4.214375,4.327,0.0394715087118189,0.1013691098342773,-0.004,0.0009999999999998,-0.1150000000000002,-0.0010290712631849,-0.0287643821910955,3.8955,3.96675,4.067,0.0231012265181503,0.0827211322111711,-0.2149999999999998,0.0030000000000005,0.0339999999999998,155.0,156.0,160.0,168.0,171.0,114.0,116.0,117.0,114.0,132.0,171.55,174.61,152.28,156.87,192.65,132.21,132.21,133.49,122.04,132.85,137.77,137.77,140.14,130.64,134.2,141.75
2023-04-19,155.0,116.0,142.81,141.75,142.52,4.116,3.876,0.0179999999999997,0.0109999999999992,-0.0689999999999999,0.0043923865300146,-0.0164874551971325,4.111750000000001,4.181875,4.286333333333333,0.0131244047479344,0.0819711403919991,-0.0070000000000001,-0.0110000000000001,-0.0540000000000002,-0.0018027298480556,-0.0137404580152672,3.882,3.93875,4.03,0.0045460605630806,0.067725812762181,-0.2399999999999997,-0.0249999999999999,0.0149999999999996,155.0,155.0,158.0,165.0,174.0,115.0,114.0,116.0,116.0,126.0,162.38,171.55,162.07,153.51,200.6,141.11,132.21,136.03,121.41,130.94,142.52,137.77,144.89,123.52,134.2,139.21
2023-04-26,154.0,115.0,125.68,139.21,142.52,4.077,3.823,-0.0389999999999997,-0.0209999999999999,-0.0510000000000001,-0.009475218658892,-0.0123546511627907,4.099,4.15475,4.240916666666666,0.0164316767247869,0.0751907099126248,-0.0529999999999999,-0.06,-0.0590000000000001,-0.0136738906088751,-0.0151983513652756,3.86725,3.91325,3.986,0.0298482271943163,0.0681547608651344,-0.254,-0.0140000000000002,-0.008,155.0,155.0,156.0,162.0,174.0,116.0,115.0,116.0,116.0,120.0,142.81,162.38,174.61,145.56,204.88,141.75,141.11,132.21,123.32,130.94,142.52,142.52,137.77,125.89,134.2,139.21
2023-05-03,152.0,113.0,107.03,139.21,142.52,4.018,3.754,-0.0590000000000001,-0.0979999999999998,-0.0870000000000006,-0.0144714250674515,-0.0211936662606578,4.07725,4.12175,4.1975,0.0425940136637584,0.0690460508854663,-0.0689999999999999,-0.1219999999999998,-0.133,-0.0180486528904002,-0.0342166195009004,3.834,3.879125,3.94475,0.0596824932453192,0.0713350995554331,-0.2639999999999998,-0.0099999999999997,-0.0459999999999993,154.0,155.0,155.0,162.0,171.0,115.0,116.0,114.0,114.0,116.0,125.68,142.81,171.55,148.92,183.17,139.21,141.75,132.21,133.49,127.13,142.52,142.52,137.77,137.77,134.2,135.39
2023-05-10,148.0,113.0,87.76,135.39,142.52,3.922,3.613,-0.0959999999999996,-0.1549999999999998,-0.1759999999999997,-0.0238924838227972,-0.0429477794045874,4.03325,4.081125,4.154,0.0844013230543387,0.0796249018839006,-0.141,-0.2099999999999999,-0.27,-0.0375599360681939,-0.0695338655678599,3.7665,3.831,3.9,0.1138727359817926,0.1026672850940522,-0.3090000000000001,-0.0450000000000003,-0.0940000000000003,152.0,154.0,155.0,160.0,168.0,113.0,115.0,115.0,117.0,114.0,107.03,125.68,162.38,152.28,156.87,139.21,139.21,141.11,133.49,122.04,142.52,142.52,142.52,140.14,130.64,130.31
2023-05-17,147.0,112.0,88.07,130.31,135.39,3.897,3.593,-0.0250000000000003,-0.121,-0.2189999999999998,-0.0063742988271291,-0.0532069970845481,3.9785,4.0451250000000005,4.114083333333333,0.0838590086593224,0.0903365730398925,-0.02,-0.161,-0.2829999999999999,-0.0055355660116247,-0.0730134158926728,3.69575,3.788875,3.85775,0.1110416588491932,0.1233061665704419,-0.3039999999999998,0.0050000000000003,-0.064,148.0,152.0,155.0,158.0,165.0,113.0,113.0,116.0,116.0,116.0,87.76,107.03,142.81,162.07,153.51,135.39,139.21,141.75,136.03,121.41,142.52,142.52,142.52,144.89,123.52,129.67
2023-05-24,147.0,112.0,83.48,129.67,134.2,3.883,3.579,-0.0139999999999997,-0.0390000000000001,-0.1939999999999999,-0.0035925070567102,-0.0475840078489084,3.93,4.0145,4.079833333333333,0.0608440629806413,0.0993104799534848,-0.0139999999999997,-0.0339999999999998,-0.2439999999999997,-0.0038964653492902,-0.0638242218153282,3.63475,3.751,3.8204166666666666,0.0807150337090224,0.1364498861435331,-0.3039999999999998,0.0,-0.0499999999999998,147.0,148.0,154.0,156.0,162.0,112.0,113.0,115.0,116.0,116.0,88.07,87.76,125.68,174.61,145.56,130.31,135.39,139.21,132.21,123.32,135.39,142.52,142.52,137.77,125.89,127.13
2023-05-31,145.0,112.0,77.98,127.13,130.64,3.855,3.555,-0.028,-0.0419999999999998,-0.1629999999999998,-0.0072109193922225,-0.0405674464907913,3.88925,3.98325,4.044250000000001,0.0279568119306667,0.105880997890582,-0.024,-0.0379999999999998,-0.1989999999999998,-0.0067057837384744,-0.0530101225359616,3.585,3.7095,3.781083333333333,0.0243857882105489,0.1396280774056979,-0.2999999999999998,0.004,-0.036,147.0,147.0,152.0,155.0,162.0,112.0,112.0,113.0,114.0,114.0,83.48,88.07,107.03,171.55,148.92,129.67,130.31,139.21,132.21,133.49,134.2,135.39,142.52,137.77,137.77,122.04
2023-06-07,143.0,112.0,74.92,122.04,125.89,3.797,3.469,-0.0579999999999998,-0.0859999999999998,-0.125,-0.0150453955901426,-0.031871494135645,3.858,3.945625,4.00675,0.0442568262154078,0.1125495922440638,-0.0860000000000003,-0.1100000000000003,-0.1440000000000001,-0.0241912798874824,-0.0398560752836978,3.549,3.65775,3.737,0.0555937646382268,0.1428213169363731,-0.3280000000000003,-0.0280000000000004,-0.0190000000000001,145.0,147.0,148.0,155.0,160.0,112.0,112.0,113.0,115.0,117.0,77.98,83.48,87.76,162.38,152.28,127.13,129.67,135.39,141.11,133.49,130.64,134.2,142.52,142.52,140.14,122.04
2023-06-14,143.0,112.0,72.17,122.04,125.89,3.794,3.489,-0.0030000000000001,-0.0609999999999999,-0.1029999999999997,-0.0007900974453516,-0.0264305876315114,3.83225,3.905375,3.974166666666666,0.0439649481594314,0.0997667816174533,0.02,-0.0660000000000002,-0.104,0.0057653502450274,-0.0289451711661564,3.523,3.609375,3.70025,0.0523832034146871,0.1224207469578808,-0.3050000000000001,0.0230000000000001,-0.0010000000000003,143.0,145.0,147.0,155.0,158.0,112.0,112.0,112.0,116.0,116.0,74.92,77.98,88.07,142.81,162.07,122.04,127.13,130.31,141.75,136.03,125.89,130.64,135.39,142.52,144.89,123.32
2023-06-21,144.0,112.0,73.08,123.32,128.27,3.815,3.532,0.0209999999999999,0.0179999999999997,-0.068,0.0055350553505535,-0.0175122328096832,3.81525,3.872625,3.948083333333333,0.0280757902826487,0.0754092406237268,0.0430000000000001,0.0630000000000001,-0.0470000000000001,0.0123244482659787,-0.0131321598211791,3.5112499999999995,3.573,3.6710833333333337,0.0392630020925308,0.0883774373275356,-0.2829999999999999,0.0220000000000002,0.0209999999999999,143.0,143.0,147.0,154.0,156.0,112.0,112.0,112.0,115.0,116.0,72.17,74.92,83.48,125.68,174.61,122.04,122.04,129.67,139.21,132.21,125.89,125.89,134.2,142.52,137.77,123.32
2023-06-28,143.0,112.0,74.0,123.32,125.89,3.801,3.51,-0.0139999999999997,0.0070000000000001,-0.0539999999999998,-0.0036697247706422,-0.0140077821011672,3.80175,3.8455,3.9227499999999993,0.0092870878102684,0.0505907953233277,-0.0220000000000002,0.0209999999999999,-0.0450000000000003,-0.0062287655719139,-0.0126582278481013,3.5,3.5425,3.639666666666667,0.0271170303189403,0.0513252931243129,-0.2910000000000003,-0.0080000000000004,0.0089999999999994,144.0,143.0,145.0,152.0,155.0,112.0,112.0,112.0,113.0,114.0,73.08,72.17,77.98,107.03,171.55,123.32,122.04,127.13,139.21,132.21,128.27,125.89,130.64,142.52,137.77,120.77
2023-07-05,142.0,110.0,79.2,120.77,123.52,3.767,3.468,-0.0340000000000002,-0.048,-0.0300000000000002,-0.0089450144698763,-0.007900974453516,3.79425,3.826125,3.8951666666666656,0.020155644370643,0.0466336405247273,-0.0419999999999998,-0.064,-0.0009999999999998,-0.0119658119658119,-0.0002882675122513,3.49975,3.524375,3.605083333333333,0.0274999999997272,0.0483910779853299,-0.2989999999999999,-0.0079999999999995,0.0290000000000003,143.0,144.0,143.0,148.0,155.0,112.0,112.0,112.0,113.0,115.0,74.0,73.08,74.92,87.76,162.38,123.32,123.32,122.04,135.39,141.11,125.89,128.27,125.89,142.52,142.52,117.59
2023-07-12,144.0,111.0,94.8,117.59,121.14,3.806,3.505,0.0390000000000001,0.0049999999999998,0.012,0.010353066100345,0.0031628887717447,3.79725,3.81475,3.869333333333333,0.0209821352582561,0.0369739290391131,0.0369999999999999,-0.0049999999999998,0.016,0.0106689734717415,0.0045858412152479,3.50375,3.513375,3.5741666666666667,0.0265628186252559,0.0398028624241231,-0.3010000000000001,-0.0020000000000002,0.004,142.0,143.0,143.0,147.0,155.0,110.0,112.0,112.0,112.0,116.0,79.2,74.0,72.17,88.07,142.81,120.77,123.32,122.04,130.31,141.75,123.52,125.89,125.89,135.39,142.52,118.87
2023-07-19,144.0,114.0,112.53,118.87,122.33,3.806,3.506,0.0,0.0390000000000001,-0.0089999999999998,0.0,-0.0023591087811271,3.795,3.805125,3.84675,0.0188148877221156,0.0246312084273035,0.0009999999999998,0.0379999999999998,-0.0260000000000002,0.0002853067047074,-0.007361268403171,3.49725,3.50425,3.54775,0.0196192932250812,0.029692471388445,-0.3000000000000002,0.0009999999999998,-0.0170000000000003,144.0,142.0,144.0,147.0,154.0,111.0,110.0,112.0,112.0,115.0,94.8,79.2,73.08,83.48,125.68,117.59,120.77,123.32,129.67,139.21,121.14,123.52,128.27,134.2,142.52,118.23
2023-07-26,148.0,114.0,116.51,118.23,121.14,3.905,3.64,0.0989999999999997,0.0989999999999997,0.1039999999999996,0.0260115606936415,0.0273612207313864,3.821,3.811375,3.8373333333333335,0.0589406481131242,0.0403942623226286,0.1340000000000003,0.1350000000000002,0.1300000000000003,0.0382201939532231,0.0370370370370372,3.52975,3.514875,3.53825,0.0755970678442689,0.0549296628166756,-0.2649999999999997,0.0350000000000005,0.0260000000000006,144.0,144.0,143.0,145.0,152.0,114.0,111.0,112.0,112.0,113.0,112.53,94.8,74.0,77.98,107.03,118.87,117.59,123.32,127.13,139.21,122.33,121.14,125.89,130.64,142.52,114.42
2023-08-02,156.0,114.0,120.79,114.42,118.76,4.127,3.831,0.2219999999999999,0.3209999999999997,0.3599999999999999,0.0568501920614596,0.0955667640031854,3.911,3.852625,3.854416666666667,0.1513737097384906,0.117850919749201,0.1909999999999998,0.3250000000000002,0.363,0.0524725274725275,0.1046712802768166,3.6205,3.560125,3.556416666666667,0.1539924240560194,0.1210495028608879,-0.2959999999999998,-0.0310000000000001,0.0030000000000001,148.0,144.0,142.0,143.0,148.0,114.0,114.0,110.0,112.0,113.0,116.51,112.53,79.2,74.92,87.76,118.23,118.87,120.77,122.04,135.39,121.14,122.33,123.52,125.89,142.52,118.23
2023-08-09,160.0,113.0,126.29,118.23,123.52,4.239,3.96,0.1120000000000001,0.3340000000000001,0.4329999999999998,0.0271383571601648,0.1137677351550183,4.01925,3.90825,3.8829166666666666,0.1986863105500479,0.1766018524413977,0.129,0.3199999999999998,0.455,0.033672670321065,0.1298145506419401,3.73425,3.619,3.587,0.201084352117827,0.1811400405369433,-0.2789999999999999,0.0169999999999999,0.0220000000000002,156.0,148.0,144.0,143.0,147.0,114.0,114.0,111.0,112.0,112.0,120.79,116.51,94.8,72.17,88.07,114.42,118.23,117.59,122.04,130.31,118.76,121.14,121.14,125.89,135.39,122.04
2023-08-16,165.0,113.0,122.93,122.04,123.52,4.378,4.095,0.1390000000000002,0.2510000000000003,0.5720000000000001,0.0327907525359756,0.1502890173410405,4.16225,3.978625,3.924166666666667,0.1998822570081026,0.23624015474577,0.1349999999999998,0.2639999999999998,0.589,0.0340909090909089,0.1679977181973759,3.8815,3.689375,3.63,0.1937498387095485,0.2417400832653829,-0.2830000000000003,-0.0040000000000004,0.0169999999999999,160.0,156.0,144.0,144.0,147.0,113.0,114.0,114.0,112.0,112.0,126.29,120.79,112.53,73.08,83.48,118.23,114.42,118.87,123.32,129.67,123.52,118.76,122.33,128.27,134.2,132.21
2023-08-23,166.0,115.0,121.71,132.21,130.64,4.389,4.095,0.0110000000000001,0.1500000000000003,0.4840000000000004,0.0025125628140703,0.123943661971831,4.28325,4.052125,3.968666666666666,0.1245428306513478,0.263033098134638,0.0,0.1349999999999998,0.4549999999999996,0.0,0.125,3.99525,3.7625,3.675,0.1266501085667651,0.2668991248714662,-0.2940000000000005,-0.0110000000000001,-0.0290000000000008,165.0,160.0,148.0,143.0,145.0,113.0,113.0,114.0,112.0,112.0,122.93,126.29,116.51,74.0,77.98,122.04,118.23,118.23,123.32,127.13,123.52,123.52,121.14,125.89,130.64,132.21
2023-08-30,169.0,116.0,178.58,132.21,130.64,4.475,4.169,0.0859999999999994,0.0969999999999995,0.3479999999999998,0.019594440647072,0.0843227526047976,4.37025,4.140625,4.025166666666666,0.0976571383291983,0.2723374679117669,0.0739999999999998,0.0739999999999998,0.3379999999999996,0.018070818070818,0.0882276168102322,4.07975,3.850125,3.733333333333333,0.0871220408391092,0.2714334633018043,-0.306,-0.0119999999999995,-0.0100000000000002,166.0,165.0,156.0,142.0,143.0,115.0,113.0,114.0,110.0,112.0,121.71,122.93,120.79,79.2,74.92,132.21,122.04,114.42,120.77,122.04,130.64,123.52,118.76,123.52,125.89,136.03
2023-09-06,170.0,116.0,197.24,136.03,135.39,4.492,4.171,0.0170000000000003,0.1029999999999997,0.2530000000000001,0.0037988826815642,0.0596838877093655,4.4335,4.226375,4.083333333333333,0.0583238087460568,0.2596260703946996,0.0020000000000006,0.0760000000000005,0.2110000000000003,0.0004797313504438,0.0532828282828283,4.1325,3.933375,3.7901666666666665,0.043308967508322,0.2518893960792218,-0.3209999999999997,-0.0149999999999996,-0.0419999999999998,169.0,166.0,160.0,144.0,143.0,116.0,115.0,113.0,111.0,112.0,178.58,121.71,126.29,94.8,72.17,132.21,132.21,118.23,117.59,122.04,130.64,130.64,123.52,121.14,125.89,137.3
2023-09-13,171.0,120.0,233.93,137.3,137.77,4.54,4.212,0.048,0.0650000000000003,0.1619999999999999,0.0106856634016028,0.0370031978072178,4.474,4.318125,4.14375,0.06299735444164,0.215850766900309,0.0409999999999994,0.0430000000000001,0.1169999999999999,0.0098297770318867,0.0285714285714284,4.16175,4.021625,3.846833333333333,0.0487125924852724,0.1988595609972335,-0.3280000000000003,-0.0070000000000005,-0.0449999999999999,170.0,169.0,165.0,144.0,144.0,116.0,116.0,113.0,114.0,112.0,197.24,178.58,122.93,112.53,73.08,136.03,132.21,122.04,118.87,123.32,135.39,130.64,123.52,122.33,128.27,137.3
2023-09-20,175.0,129.0,256.56,137.3,137.77,4.633,4.352,0.0929999999999999,0.141,0.2439999999999997,0.0204845814977974,0.0555935292777396,4.535,4.409125,4.213083333333333,0.0708942874989059,0.1640413166597137,0.1400000000000005,0.181,0.2570000000000005,0.0332383665716999,0.0627594627594629,4.226,4.110625,3.917,0.0863056583697427,0.1589959006659738,-0.2809999999999997,0.0470000000000006,0.0130000000000007,171.0,170.0,166.0,148.0,143.0,120.0,116.0,115.0,114.0,112.0,233.93,197.24,121.71,116.51,74.0,137.3,136.03,132.21,118.23,123.32,137.77,135.39,130.64,121.14,125.89,146.2
2023-09-27,173.0,133.0,305.79,146.2,144.89,4.586,4.281,-0.0469999999999997,0.0460000000000002,0.1110000000000006,-0.0101446147204834,0.0248044692737432,4.56275,4.4665,4.281333333333333,0.0605495664722452,0.1274597975834911,-0.0710000000000006,0.0689999999999999,0.1120000000000001,-0.0163143382352942,0.0268649556248501,4.254,4.166875,3.98475,0.0795529173986351,0.1209975649106155,-0.3050000000000006,-0.0240000000000009,0.0009999999999994,175.0,171.0,169.0,156.0,142.0,129.0,120.0,116.0,114.0,110.0,256.56,233.93,178.58,120.79,79.2,137.3,137.3,132.21,114.42,120.77,137.77,137.77,130.64,118.76,123.52,146.2
2023-10-04,173.0,127.0,302.12,146.2,144.89,4.593,4.279,0.0069999999999996,-0.04,0.1009999999999999,0.0015263846489315,0.0224844167408726,4.588,4.51075,4.346916666666667,0.0381138644936838,0.0943424612781803,-0.0019999999999997,-0.0730000000000004,0.1079999999999996,-0.0004671805652883,0.0258930712059457,4.281000000000001,4.20675,4.04925,0.057172254342762,0.0922244931830483,-0.314,-0.0089999999999994,0.0069999999999996,173.0,175.0,170.0,160.0,144.0,133.0,129.0,116.0,113.0,111.0,305.79,256.56,197.24,126.29,94.8,146.2,137.3,136.03,118.23,117.59,144.89,137.77,135.39,123.52,121.14,146.2
2023-10-11,170.0,126.0,201.21,146.2,144.89,4.498,4.139,-0.0949999999999997,-0.088,-0.0419999999999998,-0.0206836490311342,-0.0092511013215859,4.577500000000001,4.52575,4.404583333333333,0.0569004979472334,0.0784160151282664,-0.1399999999999996,-0.1419999999999994,-0.0729999999999995,-0.032717924748773,-0.0173314339981005,4.2627500000000005,4.21225,4.101999999999999,0.08921276067152,0.0856883889451365,-0.359,-0.0449999999999999,-0.0309999999999996,173.0,173.0,171.0,165.0,144.0,127.0,133.0,120.0,113.0,114.0,302.12,305.79,233.93,122.93,112.53,146.2,146.2,137.3,122.04,118.87,144.89,144.89,137.77,123.52,122.33,144.93
2023-10-18,168.0,119.0,179.19,144.93,142.52,4.444,4.114,-0.0540000000000002,-0.149,-0.189,-0.0120053357047577,-0.0407943017483272,4.5302500000000006,4.532625,4.4495,0.0719368936404972,0.0661684808437371,-0.0250000000000003,-0.165,-0.2380000000000004,-0.006040106305871,-0.0546875000000001,4.203250000000001,4.214625,4.1415,0.0892127606715281,0.0821652298725744,-0.33,0.0289999999999999,-0.0490000000000003,170.0,173.0,175.0,166.0,148.0,126.0,127.0,129.0,115.0,114.0,201.21,302.12,256.56,121.71,116.51,146.2,146.2,137.3,132.21,118.23,144.89,144.89,137.77,130.64,121.14,144.93
2023-10-25,172.0,120.0,194.48,144.93,141.33,4.545,4.186,0.1009999999999999,0.0469999999999997,-0.0410000000000003,0.0227272727272727,-0.0089402529437419,4.52,4.541375,4.484333333333334,0.0638070006606727,0.0619537557954968,0.072,0.0469999999999997,-0.0949999999999997,0.0175012153621778,-0.0221910768512029,4.1795,4.21675,4.171083333333334,0.0727392603754623,0.0810286545436603,-0.359,-0.0289999999999999,-0.0539999999999993,168.0,170.0,173.0,169.0,156.0,119.0,126.0,133.0,116.0,114.0,179.19,201.21,305.79,178.58,120.79,144.93,146.2,146.2,132.21,114.42,142.52,144.89,144.89,130.64,118.76,144.93
2023-11-01,168.0,120.0,172.16,144.93,140.14,4.454,4.115,-0.0910000000000001,0.0099999999999997,-0.1390000000000002,-0.0200220022002201,-0.0302634443718703,4.48525,4.536625,4.50225,0.0462267959807429,0.0674895494557451,-0.0709999999999997,0.0010000000000003,-0.1639999999999997,-0.0169612995699951,-0.0383267118485627,4.1385000000000005,4.20975,4.184,0.0337095436531511,0.0876906087169874,-0.3389999999999995,0.0200000000000004,-0.0249999999999994,172.0,168.0,173.0,170.0,160.0,120.0,119.0,127.0,116.0,113.0,194.48,179.19,302.12,197.24,126.29,144.93,144.93,146.2,136.03,118.23,141.33,142.52,144.89,135.39,123.52,142.38
2023-11-08,165.0,121.0,156.87,142.38,136.58,4.366,4.032,-0.088,-0.1790000000000002,-0.1320000000000005,-0.0197575213291423,-0.0293463761671854,4.452249999999999,4.514875,4.50125,0.0732865380997492,0.0903966457975827,-0.0830000000000001,-0.1539999999999999,-0.1070000000000002,-0.0201701093560146,-0.0258516549891278,4.111750000000001,4.187250000000001,4.17875,0.0629517010623042,0.1078143245187826,-0.3339999999999996,0.0049999999999998,0.0250000000000003,168.0,172.0,170.0,171.0,165.0,120.0,120.0,126.0,120.0,113.0,172.16,194.48,201.21,233.93,122.93,144.93,144.93,146.2,137.3,122.04,140.14,141.33,144.89,137.77,123.52,142.38
2023-11-15,162.0,124.0,151.37,142.38,137.77,4.294,3.927,-0.072,-0.1600000000000001,-0.1500000000000003,-0.016491067338525,-0.0337533753375338,4.41475,4.4725,4.493333333333333,0.1087240390467849,0.1053348402545585,-0.1049999999999999,-0.1880000000000001,-0.1869999999999998,-0.0260416666666666,-0.0454545454545454,4.065,4.134125,4.16475,0.1114659888335404,0.1191498905940908,-0.3669999999999995,-0.0329999999999999,-0.0369999999999994,165.0,168.0,168.0,175.0,166.0,121.0,120.0,119.0,129.0,115.0,156.87,172.16,179.19,256.56,121.71,142.38,144.93,144.93,137.3,132.21,136.58,140.14,142.52,137.77,130.64,144.93
2024-01-17,146.0,121.0,131.8,146.83,144.89,3.863,3.592,0.0350000000000001,-0.0129999999999999,-0.0310000000000001,0.0091431556948797,-0.0079609655880842,3.87025,3.95,4.0769166666666665,0.035518774378146,0.1148352857668841,0.0609999999999999,0.0270000000000001,0.0230000000000001,0.017275559331634,0.0064443821798823,3.5740000000000003,3.629375,3.7458333333333336,0.0337144874890827,0.0908608630191276,-0.2709999999999999,0.0259999999999998,0.0540000000000002,144.0,146.0,147.0,159.0,172.0,121.0,125.0,126.0,125.0,120.0,128.74,123.54,115.59,141.58,194.48,154.46,154.46,154.46,144.93,144.93,150.83,150.83,150.83,140.14,141.33,146.83
2024-01-31,146.0,130.0,132.41,150.01,149.64,3.867,3.644,0.0289999999999999,0.004,-0.0089999999999998,0.0075560187597707,-0.0023219814241486,3.849,3.883375,3.984,0.0189912260441353,0.0502164955825243,0.06,0.052,0.0790000000000001,0.0167410714285713,0.0221598877980364,3.58775,3.591625,3.66925,0.0462484233963838,0.0383701427825316,-0.2229999999999998,0.0310000000000001,0.088,145.0,146.0,146.0,154.0,165.0,125.0,121.0,125.0,124.0,121.0,132.41,131.8,123.54,121.4,156.87,146.83,146.83,154.46,159.55,142.38,144.89,144.89,150.83,154.39,136.58,148.74
2024-02-07,147.0,128.0,137.91,148.74,149.64,3.899,3.702,0.032,0.0609999999999999,0.0710000000000001,0.0082751486940781,0.0185475444096134,3.86675,3.872375,3.951083333333333,0.0250383039892692,0.0297366416590876,0.0579999999999998,0.1179999999999998,0.1709999999999998,0.0159165751920966,0.0484282073067119,3.6305,3.599375,3.650500000000001,0.0545863230731847,0.0530065696737722,-0.197,0.0259999999999998,0.0999999999999996,146.0,145.0,144.0,150.0,162.0,130.0,125.0,121.0,125.0,124.0,132.41,132.41,128.74,114.67,151.37,150.01,146.83,154.46,162.09,142.38,149.64,144.89,150.83,156.77,137.77,148.11
2024-02-14,155.0,131.0,131.49,148.11,147.27,4.109,3.865,0.2099999999999999,0.242,0.246,0.0538599640933572,0.0636810768832514,3.92825,3.89925,3.94275,0.1230484321991048,0.0893911948365395,0.1630000000000002,0.221,0.2730000000000001,0.0440302539168018,0.0760022271714921,3.69875,3.636375,3.6525,0.1208508033347252,0.1057962158383916,-0.2439999999999997,-0.0469999999999997,0.0270000000000001,147.0,146.0,146.0,147.0,159.0,128.0,130.0,121.0,126.0,125.0,137.91,132.41,131.8,115.59,141.58,148.74,150.01,146.83,154.46,144.93,149.64,149.64,144.89,150.83,140.14,149.38
2024-02-28,153.0,133.0,113.14,152.56,152.02,4.058,3.768,-0.0510000000000001,-0.0510000000000001,0.1909999999999998,-0.0124117790216597,0.0493922937677786,4.04375,3.946375,3.936833333333334,0.0994497360478577,0.1234086562141831,-0.076,-0.0970000000000004,0.1239999999999996,-0.019771071800208,0.0340285400658615,3.79475,3.69125,3.659333333333333,0.0745626135091355,0.1246672714526075,-0.29,-0.0249999999999999,-0.0670000000000001,155.0,155.0,146.0,146.0,154.0,124.0,131.0,130.0,125.0,124.0,129.35,131.49,132.41,123.54,121.4,149.38,148.11,150.01,154.46,159.55,147.27,147.27,149.64,150.83,154.39,150.65
2024-03-06,152.0,136.0,107.33,150.65,152.02,4.022,3.731,-0.0359999999999995,-0.0869999999999997,0.1230000000000002,-0.0088713652045341,0.0315465503975378,4.0745000000000005,3.970625,3.93975,0.0424617474909817,0.1156409931025049,-0.0369999999999999,-0.1129999999999999,0.0289999999999999,-0.0098195329087048,0.0078336034575905,3.802,3.71625,3.666916666666667,0.0630608172056617,0.1066995113123552,-0.2910000000000003,-0.0010000000000003,-0.0940000000000003,153.0,155.0,147.0,144.0,150.0,133.0,124.0,128.0,121.0,125.0,113.14,129.35,137.91,128.74,114.67,152.56,149.38,148.74,154.46,162.09,152.02,147.27,149.64,150.83,156.77,153.19
2024-03-13,151.0,147.0,111.0,153.19,156.77,4.004,3.702,-0.0180000000000006,-0.0540000000000002,-0.1050000000000004,-0.0044753853804079,-0.0255536626916526,4.04825,3.98825,3.948916666666667,0.0463060471211752,0.1073415776189907,-0.0289999999999999,-0.0659999999999998,-0.1630000000000002,-0.0077727150897882,-0.0421733505821475,3.76125,3.73,3.678,0.0614240723710736,0.0948276632333388,-0.3019999999999996,-0.0109999999999992,-0.0579999999999998,152.0,153.0,155.0,146.0,147.0,136.0,133.0,131.0,121.0,126.0,107.33,113.14,131.49,131.8,115.59,150.65,152.56,148.11,146.83,154.46,152.02,152.02,147.27,144.89,150.83,155.73
2024-03-27,152.0,132.0,108.86,160.18,160.33,4.034,3.717,0.0060000000000002,0.0300000000000002,-0.024,0.0014895729890764,-0.0059142434696894,4.022,4.032875,3.9715833333333337,0.0129614813963948,0.0666771271556774,-0.028,0.0150000000000001,-0.0509999999999997,-0.0074766355140186,-0.0135350318471336,3.72375,3.75925,3.702083333333334,0.0184639287977353,0.0630005668909527,-0.3169999999999997,-0.0340000000000002,-0.0269999999999996,152.0,151.0,153.0,146.0,146.0,130.0,147.0,133.0,130.0,125.0,115.28,111.0,113.14,132.41,123.54,155.73,153.19,152.56,150.01,154.46,159.14,156.77,152.02,149.64,150.83,158.28
2024-04-03,151.0,123.0,102.75,158.28,156.77,3.996,3.67,-0.0379999999999998,-0.0319999999999995,-0.0260000000000002,-0.009419930589985,-0.0064644455494778,4.015499999999999,4.045,3.985583333333333,0.0183575597503925,0.0437231550295097,-0.0470000000000001,-0.0750000000000001,-0.0609999999999999,-0.0126446058649448,-0.0163495041543821,3.7085,3.75525,3.7136666666666662,0.0312463331179018,0.0679742598342193,-0.326,-0.0090000000000003,-0.0349999999999997,152.0,152.0,152.0,147.0,144.0,132.0,130.0,136.0,128.0,121.0,108.86,115.28,107.33,137.91,128.74,160.18,155.73,150.65,148.74,154.46,160.33,159.14,152.02,149.64,150.83,155.73
2024-04-10,153.0,118.0,96.63,155.73,155.58,4.061,3.76,0.0649999999999999,0.0270000000000001,0.0570000000000003,0.0162662662662662,0.0142357642357642,4.02975,4.039,4.002083333333333,0.0266880122899571,0.0363593179256732,0.0899999999999998,0.0429999999999997,0.0579999999999998,0.0245231607629428,0.0156672069151808,3.723,3.742125,3.7276666666666665,0.0395727178745811,0.052020428679605,-0.3010000000000001,0.0249999999999999,0.0009999999999994,151.0,152.0,151.0,155.0,146.0,123.0,132.0,147.0,131.0,121.0,102.75,108.86,111.0,131.49,131.8,158.28,160.18,153.19,148.11,146.83,156.77,160.33,156.77,147.27,144.89,151.92
2024-04-17,152.0,116.0,90.21,151.92,148.46,4.015,3.71,-0.0460000000000002,0.0189999999999996,-0.0129999999999999,-0.01132725929574,-0.0032274081429989,4.0265,4.02725,4.0168333333333335,0.0277428669509056,0.0233773394555503,-0.0499999999999998,0.04,-0.0350000000000001,-0.0132978723404254,-0.0093457943925233,3.71425,3.725375,3.7381666666666655,0.0368634869030056,0.0324078363540771,-0.3049999999999997,-0.0039999999999995,-0.0220000000000002,153.0,151.0,152.0,155.0,145.0,118.0,123.0,130.0,124.0,125.0,96.63,102.75,115.28,129.35,132.41,155.73,158.28,155.73,149.38,146.83,155.58,156.77,159.14,147.27,144.89,157.0
2024-04-24,151.0,116.0,83.18,157.0,157.96,3.992,3.707,-0.0229999999999996,-0.0689999999999999,-0.0419999999999998,-0.0057285180572851,-0.0104115022310361,4.016,4.019,4.02725,0.0316333157708121,0.0226084687045093,-0.0030000000000001,-0.0529999999999999,-0.0100000000000002,-0.0008086253369272,-0.0026903416733925,3.71175,3.71775,3.7434166666666666,0.0369537999847755,0.0277938842195498,-0.2850000000000001,0.0199999999999995,0.0319999999999995,152.0,153.0,152.0,153.0,146.0,116.0,118.0,132.0,133.0,130.0,90.21,96.63,108.86,113.14,132.41,151.92,155.73,160.18,152.56,150.01,148.46,155.58,160.33,152.02,149.64,157.64
2024-05-01,149.0,115.0,90.51,157.64,157.96,3.947,3.657,-0.0449999999999999,-0.0679999999999996,-0.0489999999999999,-0.0112725450901803,-0.0122622622622622,4.00375,4.009625,4.03125,0.0474789427008387,0.0339113866256885,-0.0499999999999998,-0.0529999999999999,-0.0129999999999999,-0.0134879956838412,-0.003542234332425,3.7085,3.7085,3.7396666666666665,0.0420674062267714,0.0343053515193597,-0.29,-0.0049999999999998,0.036,151.0,152.0,151.0,152.0,147.0,116.0,116.0,123.0,136.0,128.0,83.18,90.21,102.75,107.33,137.91,157.0,151.92,158.28,150.65,148.74,157.96,148.46,156.77,152.02,149.64,157.64
2024-05-08,147.0,116.0,96.32,157.64,157.96,3.894,3.617,-0.0529999999999999,-0.0979999999999998,-0.1669999999999998,-0.0134279199391943,-0.0411228761388819,3.962,3.995875,4.013333333333333,0.053410361042191,0.0532847807273562,-0.04,-0.0899999999999998,-0.1429999999999998,-0.0109379272627837,-0.038031914893617,3.67275,3.697875,3.719,0.0444100213913754,0.0473058060466569,-0.2770000000000001,0.0129999999999999,0.024,149.0,151.0,153.0,151.0,155.0,115.0,116.0,118.0,147.0,131.0,90.51,83.18,96.63,111.0,131.49,157.64,157.0,155.73,153.19,148.11,157.96,157.96,155.58,156.77,147.27,161.45
2024-05-15,145.0,118.0,102.13,161.45,161.52,3.848,3.559,-0.0460000000000002,-0.0990000000000002,-0.1669999999999998,-0.0118130457113508,-0.0415940224159402,3.92025,3.973375,3.991583333333333,0.0626438344930414,0.0723679832523973,-0.0579999999999998,-0.0979999999999998,-0.1509999999999998,-0.0160353884434614,-0.0407008086253368,3.635,3.674625,3.69525,0.0626311956348431,0.0637022930738497,-0.2889999999999997,-0.0119999999999995,0.016,147.0,149.0,152.0,152.0,155.0,116.0,115.0,116.0,130.0,124.0,96.32,90.51,90.21,115.28,129.35,157.64,157.64,151.92,155.73,149.38,157.96,157.96,148.46,159.14,147.27,157.64
2024-05-22,143.0,119.0,97.85,157.64,156.77,3.789,3.49,-0.0589999999999997,-0.1049999999999999,-0.2029999999999998,-0.0153326403326402,-0.0508517034068135,3.8695,3.94275,3.9691666666666654,0.0672036705346229,0.0921764612036001,-0.0689999999999999,-0.1269999999999997,-0.2169999999999996,-0.0193874683899971,-0.0585379012678715,3.58075,3.64625,3.672083333333333,0.0726561536736655,0.0880385467525165,-0.2989999999999999,-0.0100000000000002,-0.0139999999999997,145.0,147.0,151.0,152.0,153.0,118.0,116.0,116.0,132.0,133.0,102.13,96.32,83.18,108.86,113.14,161.45,157.64,157.0,160.18,152.56,161.52,157.96,157.96,160.33,152.02,156.37
2024-05-29,142.0,117.0,96.32,156.37,156.77,3.758,3.478,-0.0310000000000001,-0.0899999999999998,-0.189,-0.0081815782528371,-0.0478844692171269,3.82225,3.913,3.9471666666666665,0.0606760523874724,0.1093434954627771,-0.012,-0.0809999999999999,-0.1789999999999998,-0.0034383954154727,-0.048947224500957,3.5360000000000005,3.62225,3.651,0.0647302093306187,0.1051471757653897,-0.2799999999999998,0.0190000000000001,0.0100000000000002,143.0,145.0,149.0,151.0,152.0,119.0,118.0,115.0,123.0,136.0,97.85,102.13,90.51,102.75,107.33,157.64,161.45,157.64,158.28,150.65,156.77,161.52,157.96,156.77,152.02,152.56
2024-06-05,141.0,117.0,96.32,152.56,153.21,3.726,3.45,-0.032,-0.0630000000000001,-0.1680000000000001,-0.0085151676423629,-0.0431432973805855,3.78025,3.871125,3.924,0.0519767576261577,0.108712514064865,-0.028,-0.04,-0.1669999999999998,-0.0080506037952846,-0.0461708598285871,3.49425,3.5835,3.63,0.0463060471211562,0.1042483298941678,-0.2759999999999998,0.004,0.0010000000000003,142.0,143.0,147.0,153.0,151.0,117.0,119.0,116.0,118.0,147.0,96.32,97.85,96.32,96.63,111.0,156.37,157.64,157.64,155.73,153.19,156.77,156.77,157.96,155.58,156.77,151.28
2024-06-12,138.0,117.0,96.94,151.28,152.02,3.658,3.384,-0.068,-0.1,-0.1899999999999999,-0.0182501341921631,-0.0493762993762993,3.73275,3.8265,3.893166666666667,0.0560795565840428,0.114342842864356,-0.0660000000000002,-0.0940000000000003,-0.1750000000000002,-0.0191304347826087,-0.049171115481877,3.4505000000000003,3.54275,3.599916666666667,0.047395499082942,0.1112188961334879,-0.274,0.0019999999999997,0.0149999999999996,141.0,142.0,145.0,152.0,152.0,117.0,117.0,118.0,116.0,130.0,96.32,96.32,102.13,90.21,115.28,152.56,156.37,161.45,151.92,155.73,153.21,156.77,161.52,148.46,159.14,152.56
2024-06-19,141.0,118.0,96.63,152.56,154.39,3.735,3.472,0.0769999999999999,0.0089999999999998,-0.0540000000000002,0.0210497539639147,-0.0142517814726841,3.71925,3.794375,3.86825,0.0429990309967932,0.0958017856977297,0.088,0.0219999999999997,-0.0180000000000002,0.0260047281323876,-0.0051575931232092,3.446,3.513375,3.5794999999999995,0.0430503581090943,0.0907995240705429,-0.2629999999999999,0.0110000000000001,0.036,138.0,141.0,143.0,151.0,152.0,117.0,117.0,119.0,116.0,132.0,96.94,96.32,97.85,83.18,108.86,151.28,152.56,157.64,157.0,160.18,152.02,153.21,156.77,157.96,160.33,153.19
2024-06-26,142.0,118.0,94.8,153.19,154.39,3.769,3.506,0.0340000000000002,0.1110000000000002,0.0110000000000001,0.0091030789825972,0.0029270888770622,3.722,3.772125,3.8493333333333335,0.0465116472867796,0.0733240118535663,0.0339999999999998,0.1219999999999998,0.0279999999999995,0.0097926267281105,0.0080506037952845,3.4530000000000003,3.4945,3.5658333333333334,0.0514457643218021,0.0699877540309311,-0.2630000000000003,-4.440892098500626e-16,0.0169999999999994,141.0,138.0,142.0,149.0,151.0,118.0,117.0,117.0,115.0,123.0,96.63,96.94,96.32,90.51,102.75,152.56,151.28,156.37,157.64,158.28,154.39,152.02,156.77,157.96,156.77,153.19
2024-07-03,144.0,122.0,97.24,153.19,152.02,3.813,3.549,0.044,0.0780000000000002,0.0870000000000001,0.0116741841337224,0.0233494363929147,3.74375,3.762,3.828666666666667,0.0654796406017114,0.0581033561854741,0.0430000000000001,0.0769999999999999,0.0989999999999997,0.0122646891043924,0.028695652173913,3.47775,3.486,3.5482499999999995,0.0699922614769218,0.0556442783607988,-0.2640000000000002,-0.0009999999999998,0.0119999999999995,142.0,141.0,141.0,147.0,153.0,118.0,118.0,117.0,116.0,118.0,94.8,96.63,96.32,96.32,96.63,153.19,152.56,152.56,157.64,155.73,154.39,154.39,153.21,157.96,155.58,152.56
2024-07-10,146.0,127.0,97.55,152.56,150.83,3.865,3.598,0.052,0.096,0.2070000000000003,0.013637555730396,0.0565882996172772,3.7955,3.764125,3.816166666666667,0.0562701815647335,0.0618856953239632,0.0489999999999999,0.092,0.2139999999999999,0.0138067061143984,0.0632387706855792,3.53125,3.490875,3.538916666666667,0.054524459343055,0.0640299873943659,-0.2670000000000003,-0.0030000000000001,0.0069999999999996,144.0,142.0,138.0,145.0,152.0,122.0,118.0,117.0,118.0,116.0,97.24,94.8,96.94,102.13,90.21,153.19,153.19,151.28,161.45,151.92,152.02,154.39,152.02,161.52,148.46,150.01
2024-07-17,144.0,123.0,110.09,150.01,149.64,3.826,3.551,-0.0390000000000001,0.0129999999999999,0.0910000000000001,-0.0100905562742561,0.0243641231593039,3.81825,3.76875,3.802333333333334,0.0395758764905365,0.0652987639350452,-0.0469999999999997,0.0020000000000002,0.0790000000000001,-0.0130628126737075,0.0227534562211981,3.551,3.4985,3.525916666666667,0.0375854581806843,0.0674515699277838,-0.2749999999999999,-0.0079999999999995,-0.012,146.0,144.0,141.0,143.0,151.0,127.0,122.0,118.0,119.0,116.0,97.55,97.24,96.63,97.85,83.18,152.56,153.19,152.56,157.64,157.0,150.83,152.02,154.39,156.77,157.96,152.56
2024-07-24,143.0,122.0,130.27,152.56,150.83,3.779,3.461,-0.0470000000000001,-0.0860000000000003,0.0099999999999997,-0.0122843700993204,0.0026532236667551,3.82075,3.771375,3.7883333333333336,0.0355375388379783,0.0652269390010354,-0.0900000000000003,-0.137,-0.0449999999999999,-0.0253449732469727,-0.0128351397604107,3.53975,3.496375,3.509583333333333,0.0571744406763394,0.0684500600021222,-0.318,-0.0430000000000001,-0.0549999999999997,144.0,146.0,142.0,142.0,149.0,123.0,127.0,118.0,117.0,115.0,110.09,97.55,94.8,96.32,90.51,150.01,152.56,153.19,156.37,157.64,149.64,150.83,154.39,156.77,157.96,152.56
2024-07-31,142.0,121.0,133.02,152.56,150.83,3.768,3.468,-0.0110000000000001,-0.0580000000000002,-0.0450000000000003,-0.0029108229690394,-0.0118017309205351,3.8095,3.776625,3.7778333333333336,0.0447399895693001,0.0626941270889457,0.0070000000000001,-0.0830000000000001,-0.0809999999999999,0.0020225368390638,-0.0228233305156382,3.5195,3.498625,3.4971666666666668,0.0664053210718296,0.0669881386089668,-0.2999999999999998,0.0180000000000002,-0.0359999999999995,143.0,144.0,144.0,141.0,147.0,122.0,123.0,122.0,117.0,116.0,130.27,110.09,97.24,96.32,96.32,152.56,150.01,153.19,152.56,157.64,150.83,149.64,152.02,153.21,157.96,153.83
2024-08-07,142.0,117.0,135.47,153.83,150.83,3.755,3.436,-0.0129999999999999,-0.024,-0.1100000000000003,-0.0034501061571124,-0.0284605433376455,3.782,3.78875,3.770083333333334,0.0309300285590186,0.0426505736020974,-0.032,-0.0249999999999999,-0.1619999999999999,-0.0092272202998846,-0.0450250138966091,3.479,3.505125,3.486916666666666,0.0499266128097412,0.0558785353628223,-0.3189999999999999,-0.0190000000000001,-0.0519999999999996,142.0,143.0,146.0,138.0,145.0,121.0,122.0,127.0,117.0,118.0,133.02,130.27,97.55,96.94,102.13,152.56,152.56,152.56,151.28,161.45,150.83,150.83,150.83,152.02,161.52,152.56
2024-08-14,140.0,120.0,137.91,152.56,148.46,3.704,3.371,-0.0509999999999997,-0.0639999999999996,-0.1219999999999998,-0.0135818908122502,-0.0318870883429168,3.7515,3.784875,3.763,0.0331511689084371,0.0491453747280382,-0.0649999999999999,-0.0969999999999999,-0.1800000000000001,-0.0189173457508731,-0.0506899464939454,3.434,3.4925,3.4770000000000003,0.0441889880700491,0.0731671276697189,-0.3330000000000002,-0.0140000000000002,-0.0580000000000002,142.0,142.0,144.0,141.0,143.0,117.0,121.0,123.0,118.0,119.0,135.47,133.02,110.09,96.63,97.85,153.83,152.56,150.01,152.56,157.64,150.83,150.83,149.64,154.39,156.77,151.28
2024-08-21,139.0,118.0,161.76,151.28,147.27,3.688,3.355,-0.016,-0.0669999999999997,-0.0909999999999997,-0.0043196544276458,-0.0240804445620533,3.72875,3.77475,3.7571666666666665,0.0387416657703681,0.0600232097967277,-0.016,-0.0809999999999999,-0.1059999999999998,-0.0047463660634826,-0.0306269864201097,3.4075,3.473625,3.46675,0.0534197217014055,0.0872990549777502,-0.3330000000000002,0.0,-0.0150000000000001,140.0,142.0,143.0,142.0,142.0,120.0,117.0,122.0,118.0,117.0,137.91,135.47,130.27,94.8,96.32,152.56,153.83,152.56,153.19,156.37,148.46,150.83,150.83,154.39,156.77,145.56
2024-08-28,138.0,116.0,187.76,145.56,144.89,3.651,3.317,-0.0370000000000003,-0.0530000000000003,-0.1169999999999999,-0.0100325379609544,-0.0310509554140127,3.6995,3.7545,3.750916666666667,0.0431470354330817,0.0715042456283059,-0.0379999999999998,-0.0539999999999998,-0.1509999999999998,-0.0113263785394932,-0.0435409457900807,3.36975,3.444625,3.455666666666666,0.0496344974118127,0.0967100785116129,-0.3339999999999996,-0.0009999999999994,-0.0339999999999998,139.0,140.0,142.0,144.0,141.0,118.0,120.0,121.0,122.0,117.0,161.76,137.91,133.02,97.24,96.32,151.28,152.56,152.56,153.19,152.56,147.27,148.46,150.83,152.02,153.21,142.38
2024-09-04,137.0,120.0,205.49,142.38,142.52,3.625,3.265,-0.0259999999999998,-0.0630000000000001,-0.1299999999999999,-0.007121336620104,-0.0346205059920106,3.667,3.7245,3.748166666666666,0.0357304725222659,0.0688165262544527,-0.052,-0.0899999999999998,-0.1709999999999998,-0.0156768164003617,-0.04976717112922,3.327,3.403,3.44575,0.0471310230455942,0.0928516481891213,-0.3599999999999999,-0.0260000000000002,-0.0409999999999999,138.0,139.0,142.0,146.0,138.0,116.0,118.0,117.0,127.0,117.0,187.76,161.76,135.47,97.55,96.94,145.56,151.28,153.83,152.56,151.28,144.89,147.27,150.83,150.83,152.02,142.38
2024-09-11,134.0,124.0,233.63,142.38,142.52,3.555,3.19,-0.0699999999999998,-0.0959999999999996,-0.149,-0.0193103448275862,-0.0402267818574514,3.62975,3.690625,3.733166666666667,0.0561389644839657,0.0778256981062763,-0.0750000000000001,-0.1270000000000002,-0.181,-0.0229709035222052,-0.0536932660931473,3.28175,3.357875,3.42225,0.0714300356992224,0.098216142839623,-0.3650000000000002,-0.0050000000000003,-0.032,137.0,138.0,140.0,144.0,141.0,120.0,116.0,120.0,123.0,118.0,205.49,187.76,137.91,110.09,96.63,142.38,145.56,152.56,150.01,152.56,142.52,144.89,148.46,149.64,154.39,139.21
2024-09-18,133.0,129.0,242.49,139.21,140.14,3.526,3.172,-0.0290000000000003,-0.0990000000000002,-0.1620000000000003,-0.0081575246132209,-0.0439262472885033,3.58925,3.659,3.712916666666666,0.0584943017167738,0.0875769049791599,-0.0179999999999997,-0.0929999999999999,-0.1829999999999998,-0.00564263322884,-0.0545454545454544,3.236,3.32175,3.394416666666667,0.0673646791723482,0.1075702428316699,-0.3539999999999996,0.0110000000000005,-0.0209999999999994,134.0,137.0,139.0,143.0,142.0,124.0,120.0,118.0,122.0,118.0,233.63,205.49,161.76,130.27,94.8,142.38,142.38,151.28,152.56,153.19,142.52,142.52,147.27,150.83,154.39,141.11
2024-09-25,134.0,132.0,241.27,141.11,144.89,3.539,3.191,0.0130000000000003,-0.016,-0.1119999999999996,0.0036868973340897,-0.0306765269789097,3.56125,3.630375,3.690083333333333,0.0441238786448675,0.0842206922318625,0.0189999999999996,0.0009999999999998,-0.1260000000000003,0.0059899117276165,-0.0379861320470304,3.2045,3.287125,3.364583333333333,0.0412674205638569,0.0979175126610217,-0.3480000000000003,0.0059999999999993,-0.0140000000000006,133.0,134.0,138.0,142.0,144.0,129.0,124.0,116.0,121.0,122.0,242.49,233.63,187.76,133.02,97.24,139.21,142.38,145.56,152.56,153.19,140.14,142.52,144.89,150.83,152.02,142.38
2024-10-02,134.0,148.0,247.39,142.38,144.89,3.544,3.212,0.0049999999999998,0.0180000000000002,-0.0809999999999999,0.0014128284826222,-0.0223448275862069,3.541,3.604,3.6633333333333327,0.0120277457018133,0.0717296511713015,0.0210000000000003,0.04,-0.0529999999999999,0.0065810090880602,-0.0162327718223582,3.19125,3.259125,3.3324166666666666,0.0163579746095883,0.0795728552065411,-0.3319999999999998,0.0160000000000004,0.028,134.0,133.0,137.0,142.0,146.0,132.0,129.0,120.0,117.0,127.0,241.27,242.49,205.49,135.47,97.55,141.11,139.21,142.38,153.83,152.56,144.89,140.14,142.52,150.83,150.83,140.48
2024-10-09,135.0,142.0,249.53,140.48,143.71,3.584,3.266,0.04,0.0449999999999999,0.0289999999999999,0.0112866817155756,0.0081575246132208,3.54825,3.589,3.643166666666666,0.0250116639457269,0.059300686577686,0.0539999999999998,0.0750000000000001,0.076,0.0168119551681193,0.0238244514106582,3.21025,3.246,3.308666666666667,0.0405986452975231,0.0659826817105903,-0.318,0.0139999999999997,0.0470000000000001,134.0,134.0,134.0,140.0,144.0,148.0,132.0,124.0,120.0,123.0,247.39,241.27,233.63,137.91,110.09,142.38,141.11,142.38,152.56,150.01,144.89,144.89,142.52,148.46,149.64,140.48
2024-10-16,137.0,143.0,241.58,140.48,143.71,3.631,3.337,0.0469999999999997,0.0869999999999997,0.1049999999999999,0.0131138392857141,0.0297787861599545,3.5745,3.581875,3.630833333333333,0.0427122152707315,0.0480667318870248,0.0710000000000001,0.125,0.165,0.0217391304347827,0.0520176544766708,3.2515,3.2437500000000004,3.2983333333333333,0.0651690110404709,0.0619164183165469,-0.2939999999999996,0.0240000000000004,0.06,135.0,134.0,133.0,139.0,143.0,142.0,148.0,129.0,118.0,122.0,249.53,247.39,242.49,161.76,130.27,140.48,142.38,139.21,151.28,152.56,143.71,144.89,140.14,147.27,150.83,137.94
2024-10-23,134.0,144.0,241.88,137.94,142.52,3.553,3.199,-0.0779999999999998,-0.0310000000000001,0.0139999999999997,-0.0214816854860919,0.0039559197513421,3.5780000000000003,3.5696250000000003,3.6129166666666666,0.0392683078321423,0.0396914438424574,-0.1380000000000003,-0.0670000000000001,0.008,-0.0413545100389572,0.0025070510811657,3.2535,3.229,3.275916666666667,0.0627720744704705,0.0557186811453581,-0.3540000000000001,-0.0600000000000005,-0.0059999999999997,137.0,135.0,134.0,138.0,142.0,143.0,142.0,132.0,116.0,121.0,241.58,249.53,241.27,187.76,133.02,140.48,140.48,141.11,145.56,152.56,143.71,143.71,144.89,144.89,150.83,132.85
2024-10-30,135.0,140.0,266.35,132.85,142.52,3.573,3.23,0.02,-0.0579999999999998,0.0289999999999999,0.0056290458767238,0.0081828442437923,3.58525,3.5631250000000003,3.59775,0.0330895250293258,0.0330256934610701,0.0310000000000001,-0.1070000000000002,0.0179999999999997,0.0096905282900907,0.0056039850560398,3.258,3.224625,3.2587500000000005,0.0593576729103003,0.0538302556986129,-0.3429999999999999,0.0110000000000001,-0.0110000000000001,134.0,137.0,134.0,137.0,142.0,144.0,143.0,148.0,120.0,117.0,241.88,241.58,247.39,205.49,135.47,137.94,140.48,142.38,142.38,153.83,142.52,143.71,144.89,142.52,150.83,130.31
2024-11-06,133.0,130.0,196.93,130.31,141.33,3.536,3.184,-0.0369999999999999,-0.0169999999999999,-0.048,-0.0103554436048138,-0.0133928571428572,3.57325,3.56075,3.58375,0.041363228436217,0.0343500883760388,-0.0459999999999998,-0.0149999999999996,-0.0819999999999998,-0.0142414860681113,-0.0251071647274954,3.2375000000000003,3.223875,3.2431666666666668,0.0690434645711916,0.0544201577674595,-0.3519999999999998,-0.0089999999999998,-0.0339999999999998,135.0,134.0,135.0,134.0,140.0,140.0,144.0,142.0,124.0,120.0,266.35,241.88,249.53,233.63,137.91,132.85,137.94,140.48,142.38,152.56,142.52,142.52,143.71,142.52,148.46,127.77
2024-11-13,133.0,120.0,171.55,127.77,140.14,3.521,3.17,-0.0150000000000001,-0.052,-0.1099999999999998,-0.0042420814479637,-0.0302946846598732,3.54575,3.560125,3.5698333333333334,0.0223811676788178,0.0351097768233368,-0.0140000000000002,-0.06,-0.1670000000000002,-0.0043969849246231,-0.0500449505543902,3.19575,3.223625,3.2277500000000003,0.025721262280997,0.0546964023366989,-0.351,0.0009999999999998,-0.0570000000000003,133.0,135.0,137.0,133.0,139.0,130.0,140.0,143.0,129.0,118.0,196.93,266.35,241.58,242.49,161.76,130.31,132.85,140.48,139.21,151.28,141.33,142.52,143.71,140.14,147.27,126.49
2024-11-20,132.0,116.0,164.21,126.49,140.14,3.491,3.153,-0.0299999999999998,-0.0449999999999999,-0.0619999999999998,-0.0085203067310423,-0.017450042217844,3.53025,3.554125,3.5565,0.0340917878674774,0.0425489214234475,-0.0169999999999999,-0.0310000000000001,-0.0459999999999998,-0.0053627760252366,-0.0143794935917473,3.18425,3.218875,3.2140833333333334,0.0330290276372388,0.0593835896043031,-0.3380000000000001,0.0129999999999999,0.016,133.0,133.0,134.0,134.0,138.0,120.0,130.0,144.0,132.0,116.0,171.55,196.93,241.88,241.27,187.76,127.77,130.31,137.94,141.11,145.56,140.14,141.33,142.52,144.89,144.89,123.32
2025-01-22,140.0,119.0,154.73,116.32,124.7,3.715,3.455,0.1129999999999999,0.1539999999999999,0.2389999999999998,0.0313714602998334,0.0687571921749137,3.59525,3.543625,3.5363333333333333,0.0895707355483151,0.0837597542294883,0.1339999999999999,0.1859999999999999,0.3010000000000001,0.0403492923818127,0.095434369055168,3.3102500000000004,3.24275,3.221,0.1092745014477659,0.1053345011991034,-0.2599999999999998,0.0209999999999999,0.0620000000000002,136.0,134.0,131.0,134.0,135.0,115.0,119.0,116.0,118.0,140.0,155.95,155.95,155.34,163.6,266.35,117.59,116.32,116.32,123.32,132.85,123.52,125.89,129.45,136.58,142.52,115.05
2025-02-05,138.0,118.0,165.74,113.78,122.33,3.66,3.395,0.0010000000000003,-0.0549999999999997,0.0990000000000002,0.000273298715496,0.0278011794439765,3.659,3.58375,3.5581666666666667,0.0461374757292238,0.0892344424216298,0.0169999999999999,-0.06,0.1259999999999999,0.0050325636471284,0.0385438972162741,3.38725,3.29475,3.2559166666666663,0.0551505515232823,0.1099009294124553,-0.2650000000000001,0.0159999999999995,0.0269999999999996,138.0,140.0,134.0,130.0,133.0,121.0,119.0,119.0,119.0,120.0,158.4,154.73,155.95,151.37,171.55,115.05,116.32,116.32,116.96,127.77,124.7,124.7,125.89,131.83,140.14,115.69
2025-02-12,138.0,124.0,165.13,115.69,127.08,3.665,3.393,0.0049999999999998,0.0060000000000002,0.0630000000000001,0.0013661202185792,0.0174902831760133,3.67475,3.605125,3.5726666666666667,0.0269613921499677,0.0850469408201784,-0.0020000000000002,0.0149999999999996,0.0719999999999996,-0.0005891016200295,0.0216802168021679,3.40525,3.320125,3.275916666666667,0.0340232763460793,0.105611738389829,-0.2720000000000002,-0.0070000000000001,0.0089999999999994,138.0,138.0,136.0,132.0,132.0,118.0,121.0,115.0,115.0,116.0,165.74,158.4,155.95,155.34,164.21,113.78,115.05,117.59,118.23,126.49,122.33,124.7,123.52,131.83,140.14,117.59
2025-02-19,139.0,139.0,166.05,117.59,128.27,3.677,3.382,0.012,0.0169999999999999,-0.0379999999999998,0.0032742155525238,-0.010228802153432,3.66525,3.63025,3.5841666666666665,0.0082613558208017,0.0697684947319133,-0.0109999999999996,-0.0129999999999999,-0.0729999999999999,-0.00324196875921,-0.0211287988422576,3.387,3.348625,3.290833333333333,0.0082865352624336,0.0826437060087746,-0.2949999999999999,-0.0229999999999996,-0.0350000000000001,138.0,138.0,140.0,131.0,134.0,124.0,118.0,119.0,116.0,118.0,165.13,165.74,154.73,155.34,163.6,115.69,113.78,116.32,116.32,123.32,127.08,122.33,124.7,129.45,136.58,117.59
2025-03-05,137.0,128.0,169.71,118.23,130.64,3.635,3.343,-0.0620000000000002,-0.0420000000000002,-0.0250000000000003,-0.0167703543413579,-0.0068306010928962,3.6685,3.66375,3.612,0.0259422435421038,0.0350214220158843,-0.0769999999999999,-0.0390000000000001,-0.052,-0.0225146198830409,-0.0153166421207658,3.3845,3.385875,3.324666666666666,0.0319426569546476,0.041749037628011,-0.2919999999999998,-0.0149999999999996,-0.0269999999999996,140.0,139.0,138.0,134.0,130.0,136.0,139.0,118.0,119.0,119.0,166.35,166.05,165.74,155.95,151.37,117.59,117.59,113.78,116.32,116.96,129.45,128.27,122.33,125.89,131.83,117.59
2025-03-12,135.0,139.0,176.44,117.59,128.27,3.582,3.284,-0.0529999999999999,-0.1150000000000002,-0.0830000000000001,-0.0145804676753782,-0.0226466575716235,3.64775,3.66125,3.6193333333333335,0.0508813980415727,0.0403652962688467,-0.0590000000000001,-0.1360000000000001,-0.1089999999999999,-0.0176488184265629,-0.0321249631594459,3.35725,3.38125,3.3325,0.0580768169466651,0.0509894947164264,-0.298,-0.0060000000000002,-0.0259999999999998,137.0,140.0,138.0,136.0,132.0,128.0,136.0,124.0,115.0,115.0,169.71,166.35,165.13,155.95,155.34,118.23,117.59,115.69,117.59,118.23,130.64,129.45,127.08,123.52,131.83,117.59
2025-03-19,134.0,132.0,175.83,117.59,128.27,3.549,3.245,-0.0329999999999999,-0.0859999999999998,-0.1280000000000001,-0.0092127303182579,-0.0348109872178407,3.61575,3.6405,3.6254166666666663,0.0647218407237129,0.050245113479678,-0.0389999999999997,-0.0979999999999998,-0.137,-0.0118757612667478,-0.040508574807806,3.323,3.355,3.3400833333333337,0.0761883630658741,0.0607242008711214,-0.3039999999999998,-0.0059999999999997,-0.0089999999999998,135.0,137.0,139.0,140.0,131.0,139.0,128.0,139.0,119.0,116.0,176.44,169.71,166.05,154.73,155.34,117.59,118.23,117.59,116.32,116.32,128.27,130.64,128.27,124.7,129.45,120.77
2025-04-02,136.0,122.0,186.53,121.41,133.02,3.592,3.282,0.0249999999999999,0.0430000000000001,-0.0429999999999997,0.0070086907765629,-0.0118294360385143,3.5725,3.6205,3.633333333333333,0.0187349939951942,0.0554256258423299,0.0169999999999999,0.0369999999999999,-0.0609999999999999,0.0052067381316998,-0.0182470834579718,3.269,3.32675,3.3469166666666665,0.0181291661876391,0.0662543799091835,-0.31,-0.008,-0.0180000000000002,135.0,134.0,137.0,138.0,134.0,126.0,132.0,128.0,118.0,119.0,182.86,175.83,169.71,165.74,155.95,120.77,117.59,118.23,113.78,116.32,130.64,128.27,130.64,122.33,125.89,121.41
2025-04-09,137.0,118.0,177.67,121.41,135.39,3.639,3.338,0.0469999999999997,0.0719999999999996,0.0569999999999999,0.0130846325167037,0.0159128978224456,3.58675,3.61725,3.636416666666667,0.0390416444325752,0.0531594636113125,0.056,0.0729999999999999,0.0540000000000002,0.0170627666057281,0.0164433617539587,3.2825,3.319875,3.348333333333333,0.0399708226917917,0.0610466741811456,-0.3009999999999997,0.0090000000000003,-0.0029999999999996,136.0,135.0,135.0,138.0,136.0,122.0,126.0,139.0,124.0,115.0,186.53,182.86,176.44,165.13,155.95,121.41,120.77,117.59,115.69,117.59,133.02,130.64,128.27,127.08,123.52,116.96
2025-04-16,135.0,118.0,164.52,116.96,128.27,3.579,3.267,-0.0599999999999996,-0.0129999999999999,0.0300000000000002,-0.0164880461665292,0.0084530853761624,3.59425,3.605,3.625083333333334,0.0315317300508466,0.0485121486994985,-0.0710000000000001,-0.0150000000000001,0.0219999999999997,-0.0212702216896345,0.006779661016949,3.288,3.3055000000000003,3.332666666666667,0.0341857670187243,0.0577803723471809,-0.3120000000000003,-0.0110000000000005,-0.0080000000000004,137.0,136.0,134.0,139.0,140.0,118.0,122.0,132.0,139.0,119.0,177.67,186.53,175.83,166.05,154.73,121.41,121.41,117.59,117.59,116.32,135.39,133.02,128.27,128.27,124.7,115.05
2025-04-23,133.0,116.0,141.89,115.05,127.08,3.534,3.195,-0.0450000000000003,-0.1049999999999999,-0.0330000000000003,-0.0125733445096396,-0.0092514718250631,3.586,3.584625,3.6146666666666665,0.0431972221329064,0.0372824642810866,-0.072,-0.1430000000000002,-0.0700000000000002,-0.0220385674931129,-0.0214395099540583,3.2705,3.277375,3.317416666666667,0.0588812363999971,0.048020642882665,-0.3389999999999999,-0.0269999999999996,-0.0369999999999999,135.0,137.0,135.0,140.0,138.0,118.0,118.0,126.0,136.0,121.0,164.52,177.67,182.86,166.35,158.4,116.96,121.41,120.77,117.59,115.05,128.27,135.39,130.64,129.45,124.7,116.32
2025-04-30,133.0,115.0,141.89,116.32,128.27,3.514,3.183,-0.02,-0.0650000000000003,-0.0780000000000002,-0.0056593095642332,-0.0217149220489978,3.5665,3.5695,3.6025,0.055452682532048,0.0384521966678699,-0.012,-0.084,-0.0990000000000002,-0.0037558685446009,-0.030164533820841,3.24575,3.257375,3.29975,0.0718209579439948,0.0500597856853616,-0.3309999999999999,0.008,-0.0209999999999999,133.0,135.0,136.0,137.0,138.0,116.0,118.0,122.0,128.0,118.0,141.89,164.52,186.53,169.71,165.74,115.05,116.96,121.41,118.23,113.78,127.08,128.27,133.02,130.64,122.33,117.59
2025-05-07,132.0,114.0,146.17,117.59,129.45,3.497,3.174,-0.0169999999999999,-0.0369999999999999,-0.1419999999999999,-0.0048377916903813,-0.0390217092607858,3.531,3.558875,3.5885,0.0353930313291697,0.0455864563221682,-0.0089999999999998,-0.0209999999999999,-0.1640000000000001,-0.002827521206409,-0.0491312162971839,3.20475,3.243625,3.2815,0.0423821896554939,0.0564065282443313,-0.3229999999999999,0.008,-0.0220000000000002,133.0,133.0,137.0,135.0,138.0,115.0,116.0,118.0,139.0,124.0,141.89,141.89,177.67,176.44,165.13,116.32,115.05,121.41,117.59,115.69,128.27,127.08,135.39,128.27,127.08,117.59
2025-05-14,131.0,115.0,137.3,117.59,129.45,3.476,3.143,-0.0209999999999999,-0.0379999999999998,-0.1030000000000002,-0.0060051472690877,-0.0287789885442861,3.50525,3.54975,3.57175,0.0246762368822347,0.0543158750801926,-0.0310000000000001,-0.04,-0.1240000000000001,-0.0097668557025835,-0.0379553106825834,3.17375,3.230875,3.2615833333333337,0.0222317340753068,0.0666492685631812,-0.3330000000000002,-0.0100000000000002,-0.0209999999999999,132.0,133.0,135.0,134.0,139.0,114.0,115.0,118.0,132.0,139.0,146.17,141.89,164.52,175.83,166.05,117.59,116.32,116.96,117.59,117.59,129.45,128.27,128.27,128.27,128.27,117.59
2025-05-21,133.0,114.0,134.85,117.59,128.27,3.536,3.201,0.06,0.0390000000000001,0.0020000000000002,0.0172612197928654,0.0005659309564234,3.50575,3.545875,3.558333333333333,0.0254607541129772,0.0540143830052821,0.0580000000000002,0.0270000000000001,0.0060000000000002,0.0184537066496979,0.0018779342723005,3.17525,3.222875,3.2433333333333336,0.0242538656711691,0.0658036853071847,-0.3349999999999999,-0.0019999999999997,0.004,131.0,132.0,133.0,135.0,140.0,115.0,114.0,116.0,126.0,136.0,137.3,146.17,141.89,182.86,166.35,117.59,117.59,115.05,120.77,117.59,129.45,129.45,127.08,130.64,129.45,117.59
2025-05-28,132.0,115.0,135.16,117.59,128.27,3.487,3.136,-0.0489999999999999,0.0110000000000001,-0.0269999999999996,-0.0138574660633483,-0.0076835515082526,3.499,3.53275,3.546,0.0261151297144325,0.0539622884192386,-0.0649999999999999,-0.0069999999999996,-0.0469999999999997,-0.0203061543267728,-0.0147659440779138,3.1635,3.204625,3.2260833333333334,0.0299610858725467,0.0672924056424628,-0.351,-0.016,-0.02,133.0,131.0,133.0,136.0,137.0,114.0,115.0,115.0,122.0,128.0,134.85,137.3,141.89,186.53,169.71,117.59,117.59,116.32,121.41,118.23,128.27,129.45,128.27,133.02,130.64,116.96
2025-06-04,130.0,112.0,133.63,116.96,127.08,3.451,3.097,-0.036,-0.0849999999999999,-0.0459999999999998,-0.0103240607972469,-0.0131541321132399,3.4875,3.50925,3.535083333333333,0.0356697817954531,0.0402838145450236,-0.0390000000000001,-0.104,-0.0769999999999999,-0.0124362244897959,-0.0242596093257718,3.14425,3.1745,3.2105,0.0429059047994873,0.0510350019944957,-0.3540000000000001,-0.0030000000000001,-0.0310000000000001,132.0,133.0,132.0,137.0,135.0,115.0,114.0,114.0,118.0,139.0,135.16,134.85,146.17,177.67,176.44,117.59,117.59,117.59,121.41,117.59,128.27,128.27,129.45,135.39,128.27,116.32
2025-06-11,131.0,113.0,131.18,116.32,125.89,3.471,3.109,0.02,-0.016,-0.0049999999999998,0.0057954216169227,-0.0014384349827387,3.48625,3.49575,3.5285833333333336,0.0362893464624068,0.0304712979705806,0.012,-0.0270000000000001,-0.0339999999999998,0.0038747174685178,-0.0108176901049951,3.13575,3.15475,3.1991666666666667,0.046456969337186,0.0393618742295613,-0.3620000000000001,-0.008,-0.0289999999999999,130.0,132.0,131.0,135.0,134.0,112.0,115.0,115.0,118.0,132.0,133.63,135.16,137.3,164.52,175.83,116.96,117.59,117.59,116.96,117.59,127.08,128.27,129.45,128.27,128.27,117.59
2025-06-18,135.0,113.0,130.88,117.59,128.27,3.571,3.212,0.1,0.1200000000000001,0.0350000000000001,0.0288101411696917,0.0098981900452488,3.495,3.500375,3.528916666666667,0.0527636238331081,0.0387812086308451,0.1030000000000002,0.1150000000000002,0.0110000000000001,0.0331296236732068,0.0034364261168384,3.1385,3.156875,3.1947499999999995,0.0516430053346643,0.0422016841235492,-0.359,0.0030000000000001,-0.024,131.0,130.0,133.0,133.0,135.0,113.0,112.0,114.0,116.0,126.0,131.18,133.63,134.85,141.89,182.86,116.32,116.96,117.59,115.05,120.77,125.89,127.08,128.27,127.08,130.64,121.41
2025-06-25,142.0,112.0,127.82,121.41,129.45,3.775,3.436,0.2039999999999997,0.3039999999999998,0.2879999999999998,0.0571268552226267,0.0825924863779752,3.567,3.533,3.544166666666667,0.1482700239428051,0.1050482882162075,0.2239999999999997,0.3269999999999999,0.2999999999999998,0.0697384806973846,0.0956632653061224,3.2135,3.1885000000000003,3.207583333333333,0.157057314379159,0.1080304189965876,-0.3389999999999999,0.02,0.012,135.0,131.0,132.0,133.0,136.0,113.0,113.0,115.0,115.0,122.0,130.88,131.18,135.16,141.89,186.53,117.59,116.32,117.59,116.32,121.41,128.27,125.89,128.27,128.27,133.02,121.41
2025-07-02,141.0,113.0,134.55,121.41,129.45,3.727,3.369,-0.048,0.1559999999999997,0.2759999999999998,-0.0127152317880794,0.0799768183135323,3.636,3.56175,3.5514999999999994,0.1402996792583587,0.1236200977650544,-0.0669999999999997,0.157,0.2720000000000002,-0.0194994179278229,0.0878269292864062,3.2815000000000003,3.212875,3.2101666666666664,0.1484508897469418,0.1249633517705142,-0.3579999999999996,-0.0189999999999996,-0.0039999999999995,142.0,135.0,130.0,132.0,137.0,112.0,113.0,112.0,114.0,118.0,127.82,130.88,133.63,146.17,177.67,121.41,117.59,116.96,117.59,121.41,129.45,128.27,127.08,129.45,135.39,122.68
2025-07-09,141.0,114.0,144.33,122.68,133.02,3.739,3.383,0.012,-0.036,0.2679999999999998,0.0032197477864233,0.0772111783347737,3.703,3.594625,3.564833333333333,0.0903327183250717,0.1322291706524781,0.0139999999999997,-0.0529999999999999,0.274,0.0041555357672899,0.0881312319073657,3.35,3.242875,3.2198333333333333,0.096419223532741,0.1342550211883819,-0.3559999999999998,0.0019999999999997,0.0060000000000002,141.0,142.0,131.0,131.0,135.0,113.0,112.0,113.0,115.0,118.0,134.55,127.82,131.18,137.3,164.52,121.41,121.41,116.32,117.59,116.96,129.45,129.45,125.89,129.45,128.27,123.95
2025-07-16,142.0,114.0,168.19,123.95,134.2,3.758,3.403,0.0190000000000001,0.0310000000000001,0.1869999999999998,0.0050815726129982,0.0523662839540743,3.74975,3.622375,3.5834999999999995,0.0211246301741757,0.1411614450600539,0.02,0.0339999999999998,0.1909999999999998,0.005911912503695,0.0594645080946449,3.39775,3.2681250000000004,3.2371666666666665,0.0290674502950512,0.1439031792560793,-0.355,0.0009999999999998,0.004,141.0,141.0,135.0,133.0,133.0,114.0,113.0,113.0,114.0,116.0,144.33,134.55,130.88,134.85,141.89,122.68,121.41,117.59,117.59,115.05,133.02,129.45,128.27,128.27,127.08,134.12
2025-07-23,144.0,114.0,182.56,134.12,140.14,3.812,3.476,0.0539999999999998,0.0729999999999999,0.0369999999999999,0.0143693453964874,0.0098013245033112,3.759,3.663,3.608333333333334,0.0375677166371448,0.1433845976984891,0.0729999999999999,0.0929999999999999,0.04,0.0214516602997354,0.0116414435389988,3.40775,3.310625,3.261583333333333,0.0475911406320017,0.1494092533948534,-0.3359999999999998,0.0190000000000001,0.0030000000000001,142.0,141.0,142.0,132.0,133.0,114.0,114.0,112.0,115.0,115.0,168.19,144.33,127.82,135.16,141.89,123.95,122.68,121.41,117.59,116.32,134.2,133.02,129.45,128.27,128.27,138.57
2025-07-30,144.0,113.0,183.17,138.57,140.14,3.805,3.454,-0.0069999999999996,0.0470000000000001,0.0780000000000002,-0.0018363064008393,0.020928360611752,3.7785,3.70725,3.634,0.0356136677882011,0.1215786047907797,-0.0219999999999997,0.0510000000000001,0.0849999999999999,-0.0063291139240505,0.0252300385871178,3.429,3.3552500000000003,3.2849166666666663,0.0433051190198224,0.1283140678180213,-0.351,-0.0150000000000001,0.0069999999999996,144.0,142.0,141.0,130.0,132.0,114.0,114.0,113.0,112.0,114.0,182.56,168.19,134.55,133.63,146.17,134.12,123.95,121.41,116.96,117.59,140.14,134.2,129.45,127.08,129.45,138.57
2025-08-06,143.0,113.0,172.16,138.57,136.58,3.8,3.442,-0.0050000000000003,-0.012,0.0609999999999999,-0.0013140604467806,0.0163145225996255,3.79375,3.748375,3.661,0.0243361870471663,0.0781279856573383,-0.012,-0.0339999999999998,0.0590000000000001,-0.0034742327735958,0.0174401418859,3.44375,3.396875,3.309833333333333,0.030598202561379,0.0830463510852789,-0.3579999999999996,-0.0069999999999996,-0.0019999999999997,144.0,144.0,141.0,131.0,131.0,113.0,114.0,114.0,113.0,115.0,183.17,182.56,144.33,131.18,137.3,138.57,134.12,122.68,116.32,117.59,140.14,140.14,133.02,125.89,129.45,137.3
2025-08-13,142.0,112.0,170.63,137.3,136.58,3.754,3.397,-0.0459999999999998,-0.0510000000000001,-0.004,-0.0121052631578947,-0.0010643959552953,3.79275,3.77125,3.679166666666667,0.0262979720383155,0.0318736344247884,-0.0450000000000003,-0.0570000000000003,-0.0060000000000002,-0.0130737943056363,-0.0017631501616222,3.44225,3.42,3.326166666666667,0.0332903890032429,0.0374547345854332,-0.3570000000000002,0.0009999999999994,-0.0020000000000002,143.0,144.0,142.0,135.0,133.0,113.0,113.0,114.0,113.0,114.0,172.16,183.17,168.19,130.88,134.85,138.57,138.57,123.95,117.59,117.59,136.58,140.14,134.2,128.27,128.27,136.03
2025-08-20,140.0,111.0,176.14,136.03,136.58,3.713,3.34,-0.0409999999999999,-0.0869999999999997,-0.0989999999999997,-0.0109216835375599,-0.0259706190975864,3.768,3.7635,3.698,0.0432589104500864,0.0378153408025944,-0.0569999999999999,-0.1020000000000003,-0.1360000000000001,-0.0167795113335296,-0.0391254315304948,3.40825,3.408,3.343166666666667,0.0516938100742085,0.0460000000000874,-0.3730000000000002,-0.016,-0.0370000000000003,142.0,143.0,144.0,142.0,132.0,112.0,113.0,114.0,112.0,115.0,170.63,172.16,182.56,127.82,135.16,137.3,138.57,134.12,121.41,117.59,136.58,136.58,140.14,129.45,128.27,135.39
2025-08-27,140.0,110.0,178.28,135.39,135.39,3.708,3.328,-0.0049999999999998,-0.0459999999999998,-0.0969999999999999,-0.0013466199838405,-0.0254927726675426,3.74375,3.761125,3.719416666666667,0.0427892120360082,0.0409055968928358,-0.012,-0.0689999999999999,-0.1260000000000003,-0.0035928143712574,-0.0364794441227562,3.37675,3.402875,3.362416666666667,0.0528984876909478,0.0527539775075317,-0.3800000000000003,-0.0070000000000001,-0.0290000000000003,140.0,142.0,144.0,141.0,130.0,111.0,112.0,113.0,113.0,112.0,176.14,170.63,183.17,134.55,133.63,136.03,137.3,138.57,121.41,116.96,136.58,136.58,140.14,129.45,127.08,142.38
2025-09-03,141.0,111.0,187.45,142.38,138.95,3.734,3.367,0.0259999999999998,0.0209999999999999,-0.0659999999999998,0.0070118662351672,-0.0173684210526315,3.72725,3.7605,3.741333333333333,0.0210930478277286,0.041327956639741,0.0390000000000001,0.0270000000000001,-0.0750000000000001,0.01171875,-0.0217896571760605,3.358,3.400875,3.3839166666666665,0.0306920185062818,0.0539058372138147,-0.367,0.0130000000000003,-0.0090000000000003,140.0,140.0,143.0,141.0,131.0,110.0,111.0,113.0,114.0,113.0,178.28,176.14,172.16,144.33,131.18,135.39,136.03,138.57,122.68,116.32,135.39,136.58,136.58,133.02,125.89,142.38
2025-09-10,142.0,113.0,203.66,142.38,138.95,3.766,3.404,0.032,0.0579999999999998,0.012,0.0085698982324584,0.0031965903036761,3.73025,3.7615,3.757583333333333,0.0263612720987204,0.0413556007609857,0.0369999999999999,0.076,0.0070000000000001,0.0109890109890109,0.0020606417427142,3.35975,3.401,3.3999166666666665,0.0337083075812164,0.0539126277283851,-0.3620000000000001,0.0049999999999998,-0.0049999999999998,141.0,140.0,142.0,142.0,135.0,111.0,110.0,112.0,114.0,113.0,187.45,178.28,170.63,168.19,130.88,142.38,135.39,137.3,123.95,117.59,138.95,135.39,136.58,134.2,128.27,145.56
2025-09-17,141.0,114.0,219.25,145.56,141.33,3.739,3.389,-0.0270000000000001,0.0049999999999998,0.0259999999999998,-0.0071694105151354,0.0070024239159709,3.73675,3.752375,3.754583333333333,0.0237679756534423,0.0363747852229563,-0.0150000000000001,0.0219999999999997,0.0489999999999999,-0.004406580493537,0.0146706586826346,3.372,3.390125,3.3960000000000004,0.033035334617994,0.0445915991448352,-0.3500000000000001,0.012,0.0230000000000001,142.0,141.0,140.0,144.0,142.0,113.0,111.0,111.0,114.0,112.0,203.66,187.45,176.14,182.56,127.82,142.38,142.38,136.03,134.12,121.41,138.95,138.95,136.58,140.14,129.45,147.47
2025-09-24,141.0,121.0,213.14,147.47,141.33,3.749,3.4,0.0100000000000002,-0.0169999999999999,0.0409999999999999,0.002674511901578,0.0110571736785329,3.747,3.745375,3.756416666666667,0.0141185457228802,0.0295486886344571,0.0110000000000001,-0.004,0.072,0.0032457952198288,0.0216346153846154,3.39,3.383375,3.3985833333333333,0.0165931712858709,0.0369785169293419,-0.3490000000000002,0.0009999999999998,0.0310000000000001,141.0,142.0,140.0,144.0,141.0,114.0,113.0,110.0,113.0,113.0,219.25,203.66,178.28,183.17,134.55,145.56,142.38,135.39,138.57,121.41,141.33,138.95,135.39,140.14,129.45,145.56
2025-10-01,142.0,122.0,203.05,145.56,141.33,3.754,3.413,0.0049999999999998,0.0150000000000001,0.02,0.0013336889837289,0.0053561863952864,3.752,3.739625,3.7576666666666663,0.0112249721601262,0.0204864938090304,0.0129999999999999,0.024,0.0459999999999998,0.0038235294117647,0.0136620136620135,3.4014999999999995,3.37975,3.4010833333333337,0.0099498743704906,0.031413145565091,-0.3410000000000002,0.008,0.0259999999999998,141.0,141.0,141.0,143.0,141.0,121.0,114.0,111.0,113.0,114.0,213.14,219.25,187.45,172.16,144.33,147.47,145.56,142.38,138.57,122.68,141.33,141.33,138.95,136.58,133.02,143.66
2025-10-08,140.0,124.0,185.92,143.66,140.14,3.711,3.364,-0.0430000000000001,-0.0380000000000002,-0.0550000000000001,-0.0114544485881726,-0.0146043547530536,3.73825,3.73425,3.75375,0.0192072035096886,0.0217764617357875,-0.0489999999999999,-0.036,-0.04,-0.0143568707881628,-0.0117508813160986,3.3915,3.375625,3.3978333333333333,0.0207926268980664,0.0309881889943687,-0.347,-0.0059999999999997,0.0150000000000001,142.0,141.0,142.0,142.0,142.0,122.0,121.0,113.0,112.0,114.0,203.05,213.14,203.66,170.63,168.19,145.56,147.47,142.38,137.3,123.95,141.33,141.33,138.95,136.58,134.2,143.02
2025-10-15,138.0,124.0,196.01,143.02,138.95,3.665,3.299,-0.0459999999999998,-0.0889999999999999,-0.0739999999999998,-0.0123955807060091,-0.0197913880716769,3.71975,3.72825,3.7415,0.0412421709741742,0.0324598653287209,-0.0649999999999999,-0.1139999999999998,-0.0899999999999998,-0.0193222354340071,-0.0265565063440542,3.369,3.3705,3.383083333333333,0.0510620537515179,0.0398461326319395,-0.3660000000000001,-0.0190000000000001,-0.016,140.0,142.0,141.0,140.0,144.0,124.0,122.0,114.0,111.0,114.0,185.92,203.05,219.25,176.14,182.56,143.66,145.56,145.56,136.03,134.12,140.14,141.33,141.33,136.58,140.14,144.93
2025-10-22,137.0,126.0,193.87,144.93,141.33,3.62,3.256,-0.0449999999999999,-0.0909999999999997,-0.129,-0.0122783083219645,-0.034409175780208,3.6875,3.71725,3.726083333333333,0.0578417381020294,0.050306915173775,-0.0430000000000001,-0.1080000000000001,-0.1440000000000001,-0.01303425280388,-0.0423529411764705,3.333,3.3615,3.3665833333333333,0.069392602871805,0.0557673739744643,-0.3640000000000003,0.0019999999999997,-0.0150000000000001,138.0,140.0,141.0,140.0,144.0,124.0,124.0,121.0,110.0,113.0,196.01,185.92,213.14,178.28,183.17,143.02,143.66,147.47,135.39,138.57,138.95,140.14,141.33,135.39,140.14,145.56
2025-10-29,140.0,130.0,184.7,145.56,142.52,3.718,3.35,0.0979999999999998,0.0529999999999999,-0.036,0.0270718232044198,-0.0095897709110281,3.6785,3.71525,3.71925,0.0455375303092293,0.0498619522855848,0.0940000000000003,0.0510000000000001,-0.0629999999999997,0.0288697788697789,-0.018458833870495,3.31725,3.359375,3.358916666666667,0.0494730566402012,0.0558516849727335,-0.3679999999999999,-0.0039999999999995,-0.0269999999999996,137.0,138.0,142.0,141.0,143.0,126.0,124.0,122.0,111.0,113.0,193.87,196.01,203.05,187.45,172.16,144.93,143.02,145.56,142.38,138.57,141.33,138.95,141.33,138.95,136.58,144.93
2025-11-05,142.0,130.0,184.7,144.93,141.33,3.753,3.374,0.0350000000000001,0.133,0.0420000000000002,0.0094136632598171,0.011317704122878,3.689,3.713625,3.7191666666666654,0.0585206516254196,0.0481543277985469,0.024,0.1180000000000003,0.0100000000000002,0.0071641791044776,0.0029726516052319,3.31975,3.355625,3.3569999999999998,0.0527659928362118,0.0533798718085145,-0.379,-0.0110000000000001,-0.032,140.0,137.0,140.0,142.0,142.0,130.0,126.0,124.0,113.0,112.0,184.7,193.87,185.92,203.66,170.63,145.56,144.93,143.66,142.38,137.3,142.52,141.33,140.14,138.95,136.58,142.38
2025-11-12,145.0,137.0,171.55,142.38,135.39,3.837,3.436,0.084,0.1190000000000002,0.1720000000000001,0.0223820943245403,0.0469304229195088,3.732,3.725875,3.7295,0.089825757256272,0.065037214621554,0.0619999999999998,0.0859999999999998,0.137,0.0183758150563129,0.0415277356774779,3.354,3.3615,3.365,0.074708321714006,0.0597805510657274,-0.4010000000000002,-0.0220000000000002,-0.0350000000000001,142.0,140.0,138.0,141.0,140.0,130.0,130.0,124.0,114.0,111.0,184.7,184.7,196.01,219.25,176.14,144.93,145.56,143.02,145.56,136.03,141.33,142.52,138.95,141.33,136.58,143.66
2025-11-19,146.0,121.0,164.82,143.66,138.95,3.868,3.49,0.0309999999999996,0.1149999999999997,0.2479999999999997,0.0080792285639821,0.0685082872928175,3.794,3.74075,3.742833333333333,0.0701949665811437,0.0823784819338781,0.0540000000000002,0.1160000000000001,0.2340000000000004,0.0157159487776485,0.071867321867322,3.4125,3.37275,3.3784999999999994,0.0631057313825107,0.0746740536312455,-0.3779999999999996,0.0230000000000005,-0.0139999999999993,145.0,142.0,137.0,141.0,140.0,137.0,130.0,126.0,121.0,110.0,171.55,184.7,193.87,213.14,178.28,142.38,144.93,144.93,147.47,135.39,135.39,141.33,141.33,141.33,135.39,144.93
2026-01-21,133.0,122.0,201.21,125.22,130.64,3.53,3.248,0.0709999999999997,0.0529999999999999,-0.0140000000000002,0.0205261636311071,-0.0039503386004515,3.4915000000000003,3.5675,3.652416666666667,0.0306648550189837,0.1027020656351562,0.088,0.076,0.0340000000000002,0.0278481012658227,0.0105787181082763,3.191,3.248375,3.3121666666666667,0.0392428337406339,0.087228660918995,-0.2819999999999996,0.0170000000000003,0.0480000000000004,131.0,131.0,134.0,145.0,140.0,120.0,124.0,129.0,122.0,130.0,195.71,187.76,182.25,164.52,184.7,124.59,127.13,137.94,144.93,145.56,130.64,125.89,133.02,141.33,142.52,129.04
2026-02-04,139.0,124.0,225.06,131.58,137.77,3.681,3.379,0.0569999999999999,0.1510000000000002,0.2040000000000001,0.015728476821192,0.0586712683347714,3.5735,3.55275,3.628666666666666,0.0985038070330276,0.0778014873160203,0.0539999999999998,0.1309999999999997,0.2069999999999998,0.0162406015037592,0.0652585119798234,3.278,3.243625,3.303333333333333,0.09527853903158,0.0775240746017895,-0.302,-0.0030000000000001,0.0029999999999996,137.0,133.0,131.0,138.0,145.0,125.0,122.0,124.0,125.0,137.0,218.03,201.21,187.76,167.27,171.55,129.04,125.22,127.13,144.93,142.38,135.39,130.64,125.89,141.33,135.39,136.66
2026-02-11,139.0,118.0,217.42,136.66,142.52,3.688,3.377,0.0070000000000001,0.064,0.2290000000000001,0.0019016571583809,0.0662041052327262,3.63075,3.562875,3.613666666666667,0.0730268215566393,0.0901592836516852,-0.0020000000000002,0.0519999999999996,0.2169999999999996,-0.0005918910920391,0.0686708860759492,3.33225,3.257375,3.2939166666666666,0.0614783159603767,0.0908687239923991,-0.3110000000000004,-0.0090000000000003,-0.0120000000000004,139.0,137.0,131.0,136.0,146.0,124.0,125.0,120.0,122.0,121.0,225.06,218.03,195.71,184.39,164.82,131.58,129.04,124.59,142.38,143.66,137.77,135.39,130.64,140.14,138.95,137.94
2026-02-18,140.0,116.0,225.98,137.94,143.71,3.711,3.412,0.0229999999999996,0.0299999999999998,0.181,0.0062364425162688,0.0512747875354107,3.676,3.58375,3.603666666666667,0.0369594372251179,0.1035094888680656,0.0350000000000001,0.0329999999999999,0.1639999999999997,0.0103642286052709,0.0504926108374383,3.37325,3.282125,3.29,0.0359478789358879,0.1034593605514808,-0.2989999999999999,0.0120000000000004,-0.0170000000000003,139.0,139.0,133.0,134.0,145.0,118.0,124.0,122.0,129.0,122.0,217.42,225.06,201.21,182.25,164.52,136.66,131.58,125.22,137.94,144.93,142.52,137.77,130.64,133.02,141.33,137.94
2026-03-04,147.0,119.0,208.86,138.57,148.46,3.897,3.598,0.0879999999999996,0.1859999999999999,0.2159999999999997,0.0231031766867944,0.0586797066014668,3.77625,3.674875,3.62725,0.0960880672438652,0.140926969435595,0.1089999999999999,0.1859999999999999,0.2189999999999998,0.0312410432788765,0.0648120745782776,3.469,3.3735000000000004,3.31875,0.0979013108525766,0.135725563441219,-0.2989999999999999,0.0210000000000003,0.0030000000000001,144.0,140.0,139.0,131.0,138.0,119.0,116.0,124.0,124.0,125.0,230.26,225.98,225.06,187.76,167.27,137.94,137.94,131.58,127.13,144.93,144.89,143.71,137.77,125.89,141.33,147.47
2026-03-11,183.0,120.0,185.92,147.47,156.77,4.859,4.627,0.9620000000000002,1.0499999999999998,1.1709999999999998,0.2468565563253786,0.3175162689804771,4.069,3.849875,3.731583333333333,0.5321177814481685,0.4225049238935614,1.029,1.138,1.25,0.2859922178988328,0.3701510216168198,3.7815,3.556875,3.4320833333333334,0.568808403594722,0.4449107253949244,-0.2320000000000002,0.0669999999999997,0.0790000000000001,147.0,144.0,139.0,131.0,136.0,119.0,119.0,118.0,120.0,122.0,208.86,230.26,217.42,195.71,184.39,138.57,137.94,136.66,124.59,142.38,148.46,144.89,142.52,130.64,140.14,153.22
2026-03-18,191.0,120.0,189.29,153.22,160.33,5.071,4.835,0.2119999999999997,1.174,1.36,0.0436303766207037,0.3664780382646186,4.409,4.0425,3.8588333333333336,0.6488163581990246,0.5783676537092687,0.2080000000000001,1.237,1.423,0.0449535336070887,0.4170574443141852,4.13725,3.75525,3.5671666666666666,0.6922737295800204,0.610503012745588,-0.2359999999999997,-0.0039999999999995,0.0630000000000001,183.0,147.0,140.0,133.0,134.0,120.0,119.0,116.0,122.0,129.0,185.92,208.86,225.98,201.21,182.25,147.47,138.57,137.94,125.22,137.94,156.77,148.46,143.71,130.64,133.02,158.28
2026-04-01,204.0,123.0,186.84,155.73,161.52,5.401,5.105,0.0259999999999998,0.33,1.504,0.0048372093023254,0.3859379009494483,5.1765,4.476375,4.175416666666666,0.2593189798940534,0.7700498940235909,-0.0289999999999999,0.2700000000000004,1.5070000000000006,-0.0056486170627191,0.4188438021122846,4.92525,4.197125,3.89075,0.2401282643365254,0.7966955750383765,-0.2959999999999994,-0.0549999999999997,0.0030000000000005,203.0,191.0,147.0,139.0,131.0,121.0,120.0,119.0,124.0,124.0,188.98,189.29,208.86,225.06,187.76,158.28,153.22,138.57,131.58,127.13,162.71,160.33,148.46,137.77,125.89,161.45
2026-04-08,213.0,127.0,185.31,161.45,161.52,5.643,5.415,0.242,0.2679999999999998,0.7839999999999998,0.044806517311609,0.1613500720312821,5.3725,4.72075,4.3574166666666665,0.2344433122667838,0.7939560531199118,0.3099999999999996,0.2809999999999997,0.7880000000000003,0.0607247796278158,0.1703047330883942,5.12225,4.451875,4.078666666666667,0.2371010684636383,0.8224094283610569,-0.2279999999999997,0.0679999999999996,0.0040000000000004,204.0,203.0,183.0,139.0,131.0,123.0,121.0,120.0,118.0,120.0,186.84,188.98,185.92,217.42,195.71,155.73,158.28,147.47,136.66,124.59,161.52,162.71,156.77,142.52,130.64,164.63
2026-04-15,212.0,125.0,186.84,164.63,165.08,5.608,5.31,-0.0350000000000001,0.2069999999999998,0.5369999999999999,-0.0062023746234273,0.1058962729244725,5.50675,4.957875,4.530583333333333,0.1382711707718472,0.7300053693540566,-0.1050000000000004,0.2049999999999991,0.4749999999999996,-0.0193905817174515,0.0982419855222336,5.241,4.689125000000001,4.2505,0.1471756320407521,0.7501655888630893,-0.298,-0.0700000000000002,-0.0620000000000002,213.0,204.0,191.0,140.0,133.0,127.0,123.0,120.0,116.0,122.0,185.31,186.84,189.29,225.98,201.21,161.45,155.73,153.22,137.94,125.22,161.52,161.52,160.33,143.71,130.64,170.35
2026-04-22,204.0,130.0,186.23,170.35,168.65,5.403,5.069,-0.205,-0.2400000000000002,0.0279999999999995,-0.0365549215406562,0.0052093023255812,5.51375,5.157125000000001,4.678833333333333,0.1298290542724695,0.5720855174584972,-0.2409999999999996,-0.3460000000000001,-0.0650000000000003,-0.0453860640301317,-0.0126606934164394,5.22475,4.886625,4.395833333333333,0.1653891874738553,0.5770855191638353,-0.3339999999999996,-0.0359999999999995,-0.0929999999999999,212.0,213.0,203.0,144.0,137.0,125.0,127.0,121.0,119.0,125.0,186.84,185.31,188.98,230.26,218.03,164.63,161.45,158.28,137.94,129.04,165.08,161.52,162.71,144.89,135.39,169.08
2026-04-29,202.0,128.0,186.53,169.08,166.27,5.351,5.012,-0.0519999999999996,-0.2569999999999997,-0.0499999999999998,-0.0096242828058484,-0.0092575448990926,5.50125,5.338875,4.8180000000000005,0.1457357768930385,0.260872403129061,-0.0570000000000003,-0.298,-0.0930000000000008,-0.0112448214637996,-0.0182174338883449,5.201499999999999,5.063375,4.531916666666667,0.1921986819238438,0.2496952070597175,-0.3390000000000004,-0.0050000000000007,-0.043000000000001,204.0,212.0,204.0,147.0,139.0,130.0,125.0,123.0,119.0,124.0,186.23,186.84,186.84,208.86,225.06,170.35,164.63,155.73,138.57,131.58,168.65,165.08,161.52,148.46,137.77,170.99
2026-05-06,213.0,131.0,183.78,170.99,169.83,5.64,5.178,0.2889999999999997,0.2370000000000001,-0.0030000000000001,0.0540085965240142,-0.0005316321105794,5.5005,5.4365000000000006,4.980666666666667,0.1447676298991508,0.1929218938920738,0.1660000000000003,0.1089999999999999,-0.2370000000000001,0.0331205107741421,-0.0437673130193906,5.14225,5.132249999999999,4.682,0.1313376691329062,0.1777636874377135,-0.4619999999999997,-0.1229999999999993,-0.2339999999999999,202.0,204.0,213.0,183.0,139.0,128.0,130.0,127.0,120.0,118.0,186.53,186.23,185.31,185.92,217.42,169.08,170.35,161.45,147.47,136.66,166.27,168.65,161.52,156.77,142.52,172.9
2026-05-13,213.0,135.0,182.25,172.9,172.21,5.639,5.152,-0.0009999999999994,0.2880000000000002,0.0310000000000005,-0.0001773049645389,0.005527817403709,5.508249999999999,5.507499999999999,5.141333333333333,0.1530345821482322,0.1350238074247551,-0.0259999999999998,0.1400000000000005,-0.1579999999999994,-0.0050212437234452,-0.0297551789077211,5.10275,5.171875,4.827,0.0762949321160935,0.1312962163529336,-0.4870000000000001,-0.0250000000000003,-0.189,213.0,202.0,212.0,191.0,140.0,131.0,128.0,125.0,120.0,116.0,183.78,186.53,186.84,189.29,225.98,170.99,169.08,164.63,153.22,137.94,169.83,166.27,165.08,160.33,143.71,183.07
2026-05-20,211.0,138.0,182.86,183.07,176.96,5.596,5.122,-0.0430000000000001,-0.0439999999999995,0.1930000000000005,-0.0076254655080688,0.0357208957986305,5.5565,5.535125,5.29025,0.1385267723821507,0.1263729599243815,-0.0300000000000002,-0.056,0.0529999999999999,-0.0058229813664596,0.0104557111856382,5.116,5.170375,4.963083333333333,0.0730114146322267,0.1318580811761398,-0.4740000000000002,0.0129999999999999,-0.1400000000000005,213.0,213.0,204.0,203.0,144.0,135.0,131.0,130.0,121.0,119.0,182.25,183.78,186.23,188.98,230.26,172.9,170.99,170.35,158.28,137.94,172.21,169.83,168.65,162.71,144.89,180.52
2026-05-27,208.0,129.0,178.58,180.52,176.96,5.523,5.045,-0.0730000000000004,-0.1160000000000005,0.1719999999999997,-0.0130450321658328,0.0321435245748458,5.5995,5.550375,5.42575,0.0549696886166841,0.114697038821128,-0.0769999999999999,-0.1070000000000002,0.0330000000000003,-0.0150331901600937,0.0065841979249801,5.12425,5.162875,5.083666666666667,0.057575312996098,0.1376853944947237,-0.4779999999999997,-0.0039999999999995,-0.1389999999999993,211.0,213.0,202.0,204.0,147.0,138.0,135.0,128.0,123.0,119.0,182.86,182.25,186.53,186.84,208.86,183.07,172.9,169.08,155.73,138.57,176.96,172.21,166.27,161.52,148.46,183.7
2026-06-03,202.0,128.0,175.52,183.7,176.96,5.35,4.9,-0.173,-0.2460000000000004,-0.29,-0.0313235560383849,-0.0514184397163121,5.527,5.51375,5.466666666666666,0.1273446766324254,0.1270137787802918,-0.1449999999999995,-0.2219999999999995,-0.2779999999999996,-0.0287413280475717,-0.0536886828891463,5.05475,5.0985,5.106416666666666,0.1125799715754721,0.1225234671400711,-0.4499999999999993,0.0280000000000004,0.0120000000000004,208.0,211.0,213.0,213.0,183.0,129.0,138.0,131.0,127.0,120.0,178.58,182.86,183.78,185.31,185.92,180.52,183.07,170.99,161.45,147.47,176.96,176.96,169.83,161.52,156.77,182.43
2026-06-10,197.0,128.0,170.63,182.43,176.96,5.21,4.786,-0.1399999999999996,-0.3129999999999997,-0.4290000000000002,-0.0261682242990654,-0.0760773186735237,5.4197500000000005,5.464,5.478249999999999,0.1737668457060195,0.1587936666604701,-0.1140000000000007,-0.2590000000000003,-0.3660000000000005,-0.0232653061224491,-0.0710403726708075,4.96325,5.033,5.102333333333333,0.1497806729853256,0.1329264028380067,-0.4240000000000004,0.0259999999999989,0.0629999999999997,202.0,208.0,213.0,212.0,191.0,128.0,129.0,135.0,125.0,120.0,175.52,178.58,182.25,186.84,189.29,183.7,180.52,172.9,164.63,153.22,176.96,176.96,172.21,165.08,160.33,183.07
2026-06-17,191.0,125.0,169.1,183.07,175.77,5.059,4.646,-0.1509999999999998,-0.2909999999999995,-0.5369999999999999,-0.0289827255278311,-0.0959614010007148,5.2855,5.420999999999999,5.4519166666666665,0.1979638014047591,0.2144827665405876,-0.1399999999999996,-0.2540000000000004,-0.476,-0.0292519849561219,-0.0929324482623975,4.84425,4.980125,5.0616666666666665,0.1694154164569273,0.1889039343915168,-0.4130000000000002,0.0110000000000001,0.0609999999999999,197.0,202.0,211.0,204.0,203.0,128.0,128.0,138.0,130.0,121.0,170.63,175.52,182.86,186.23,188.98,182.43,183.7,183.07,170.35,158.28,176.96,176.96,176.96,168.65,162.71,181.8
2026-06-24,182.0,123.0,169.41,181.8,174.58,4.832,4.415,-0.2270000000000003,-0.3780000000000001,-0.6909999999999998,-0.044870527772287,-0.1251131631359767,5.11275,5.356125,5.4045,0.2217015636690328,0.3000882905794609,-0.2309999999999998,-0.3709999999999995,-0.6299999999999999,-0.0497201894102453,-0.1248761149653121,4.68675,4.9055,5.004166666666666,0.2088338653889228,0.2734937972658239,-0.4169999999999998,-0.0039999999999995,0.0609999999999999,191.0,197.0,208.0,202.0,204.0,125.0,128.0,129.0,128.0,123.0,169.1,170.63,178.58,186.53,186.84,183.07,182.43,180.52,169.08,155.73,175.77,176.96,176.96,166.27,161.52,176.71
2026-07-01,176.0,122.0,169.41,176.71,171.02,4.668,4.283,-0.1639999999999997,-0.391,-0.6819999999999995,-0.0339403973509933,-0.1274766355140185,4.94225,5.234625,5.32325,0.2399227306168221,0.3596037253502218,-0.1319999999999996,-0.3629999999999995,-0.617,-0.0298980747451867,-0.1259183673469387,4.5325,4.7936250000000005,4.909833333333333,0.2259800876182451,0.3244146101607258,-0.3849999999999998,0.032,0.0649999999999995,182.0,191.0,202.0,213.0,213.0,123.0,125.0,128.0,131.0,127.0,169.41,169.1,175.52,183.78,185.31,181.8,183.07,183.7,170.99,161.45,174.58,175.77,176.96,169.83,161.52,171.62
2026-07-08,173.0,122.0,176.75,171.62,169.83,4.578,4.225,-0.0899999999999998,-0.2539999999999995,-0.6319999999999997,-0.019280205655527,-0.1213051823416506,4.78425,5.102,5.237416666666667,0.2112034958674609,0.3839877230180832,-0.0580000000000007,-0.1900000000000004,-0.5609999999999999,-0.0135419098762551,-0.1172168825741746,4.392250000000001,4.6777500000000005,4.819416666666666,0.1869177626657085,0.3431366866342131,-0.3530000000000006,0.0319999999999991,0.0709999999999997,176.0,182.0,197.0,213.0,212.0,122.0,123.0,128.0,135.0,125.0,169.41,169.41,170.63,182.25,186.84,176.71,181.8,182.43,172.9,164.63,171.02,174.58,176.96,172.21,165.08,174.17
2026-07-15,181.0,122.0,204.58,174.17,166.27,4.796,4.546,0.2179999999999999,0.1280000000000001,-0.2629999999999999,0.0476190476190476,-0.0519865586084206,4.7185,5.002,5.186833333333333,0.1171594355282795,0.3384261894628199,0.3210000000000006,0.2629999999999999,-0.0999999999999996,0.0759763313609469,-0.0215238915195866,4.36725,4.6057500000000005,4.775833333333334,0.1432535630736222,0.2934347092139039,-0.25,0.1030000000000006,0.1630000000000002,173.0,176.0,191.0,211.0,204.0,122.0,122.0,125.0,138.0,130.0,176.75,169.41,169.1,182.86,186.23,171.62,176.71,183.07,183.07,170.35,169.83,171.02,175.77,176.96,168.65,176.71
2026-07-22,194.0,121.0,209.77,176.71,173.4,5.134,4.942,0.3380000000000001,0.556,0.3020000000000005,0.0704753961634696,0.0625,4.7940000000000005,4.953375,5.16875,0.2436773823452564,0.2748490169945946,0.3959999999999999,0.7170000000000005,0.5270000000000001,0.0871095468543774,0.119365798414496,4.4990000000000006,4.592875,4.7700000000000005,0.3266955769519247,0.2729533908407225,-0.1920000000000001,0.0579999999999998,0.2249999999999996,181.0,173.0,182.0,208.0,202.0,122.0,122.0,123.0,129.0,128.0,204.58,176.75,169.41,178.58,186.53,174.17,171.62,181.8,180.52,169.08,166.27,169.83,174.58,176.96,166.27,177.35
2026-07-29,200.0,122.0,230.26,177.35,172.21,5.313,5.087,0.1789999999999993,0.5169999999999995,0.6449999999999996,0.0348656018698869,0.1381748071979434,4.95525,4.94875,5.141500000000001,0.3304616720084669,0.267432635042457,0.1449999999999995,0.5409999999999995,0.8039999999999994,0.0293403480372318,0.1877188886294651,4.7,4.61625,4.762416666666666,0.3905867381260468,0.3086809494793102,-0.2259999999999999,-0.0339999999999998,0.1589999999999998,194.0,181.0,176.0,202.0,213.0,121.0,122.0,122.0,128.0,131.0,209.77,204.58,169.41,175.52,183.78,176.71,174.17,176.71,183.7,170.99,173.4,166.27,171.02,176.96,169.83,176.71
2026-08-05,202.0,122.0,230.26,176.71,172.21,5.348,5.141,0.0350000000000001,0.2139999999999995,0.7699999999999996,0.0065876152832675,0.168195718654434,5.14775,4.966,5.11725,0.2525369609911111,0.2901748241516942,0.0540000000000002,0.1989999999999998,0.9160000000000004,0.010615293886377,0.2168047337278107,4.929,4.660625,4.761500000000001,0.2688035218022109,0.3581264491369617,-0.2069999999999998,0.0190000000000001,0.1460000000000008,200.0,194.0,173.0,197.0,213.0,122.0,121.0,122.0,128.0,135.0,230.26,209.77,176.75,170.63,182.25,177.35,176.71,171.62,182.43,172.9,172.21,173.4,169.83,176.96,172.21,181.8
2026-08-12,198.0,122.0,218.34,181.8,174.58,5.257,5.044,-0.0910000000000001,-0.056,0.4609999999999994,-0.0170157068062827,0.0961217681401165,5.263,4.99075,5.089,0.0938118684742109,0.3071857279051389,-0.0970000000000004,-0.0430000000000001,0.4979999999999993,-0.0188679245283019,0.1095468543774744,5.0535,4.710374999999999,4.755,0.0842634756775921,0.3826120517480831,-0.213,-0.0060000000000002,0.0369999999999999,202.0,200.0,181.0,191.0,211.0,122.0,122.0,122.0,125.0,138.0,230.26,230.26,204.58,169.1,182.86,176.71,177.35,174.17,183.07,183.07,172.21,172.21,166.27,175.77,176.96,184.97
2026-08-19,206.0,125.0,211.61,184.97,173.4,5.454,5.237,0.197,0.1059999999999998,0.3199999999999994,0.0374738443979456,0.0623295675886246,5.343,5.0685,5.0832500000000005,0.0829497840058694,0.3383953731531636,0.1930000000000005,0.096,0.2949999999999999,0.038263283108644,0.0596924322136787,5.12725,4.813124999999999,4.771,0.083236109951948,0.4018476745875859,-0.2169999999999996,-0.0039999999999995,-0.0249999999999994,198.0,202.0,194.0,182.0,208.0,122.0,122.0,121.0,123.0,129.0,218.34,230.26,209.77,169.41,178.58,181.8,176.71,176.71,181.8,180.52,174.58,172.21,173.4,174.58,176.96,185.61
