Date,Week,Month,Year,Truck_current,Barge_current,week_sin,week_cos,Gulf_Vessel_lag_1,Gulf_Vessel_lag_2,Gulf_Vessel_lag_4,Gulf_Vessel_lag_8,Gulf_Vessel_lag_13,Gulf_Vessel_lag_26,Gulf_Vessel_lag_52,Gulf_Vessel_rolling_mean_4,Gulf_Vessel_rolling_mean_8,Gulf_Vessel_rolling_mean_13,Gulf_Vessel_rolling_mean_26,Gulf_Vessel_rolling_std_4,Gulf_Vessel_rolling_std_8,Gulf_Vessel_rolling_std_13,Gulf_Vessel_rolling_std_26,Gulf_Vessel_change_1w,Gulf_Vessel_change_4w,Gulf_Vessel_pct_change_1w,Gulf_Vessel_pct_change_4w,target
2003-08-27,34,8,2003,57.0,57.49,-0.8229838658936564,-0.5680647467311559,86.3,86.04,82.89,78.03,79.56,71.37,52.96,84.2,82.66250000000001,80.94615384615385,80.60653846153846,2.3401282016159692,2.917639701637485,3.2619256543272988,4.970244213161183,0.2599999999999909,1.6599999999999966,0.0030218503021848253,0.019612476370510334,86.35
2003-09-03,35,8,2003,57.0,57.49,-0.8854560256532096,-0.4647231720437691,84.31,86.3,81.57,79.86,79.58,72.21,56.09,84.555,83.44749999999999,81.31153846153846,81.10423076923077,2.1771923816385668,2.2650370542538014,3.3583275752320074,4.645621743600754,-1.9899999999999949,1.4200000000000017,-0.023059096176129668,0.017131137652310224,88.71
2003-09-10,36,9,2003,56.0,60.85,-0.9350162426854147,-0.3546048870425359,86.35,84.31,86.04,81.97,77.8,74.14,57.72,85.75,84.25875,81.8323076923077,81.64807692307691,0.9695703515809638,1.9347235867541315,3.584720244421983,4.382993515149995,2.039999999999992,4.780000000000001,0.024196417981259488,0.0585999754811819,87.47
2003-09-17,37,9,2003,55.0,75.84,-0.970941817426052,-0.23931566428755774,88.71,86.35,86.3,84.64,77.32,76.63,58.73,86.41749999999999,85.10125,82.67153846153846,82.20846153846153,1.7995809697439935,2.2392245947457425,3.8306849825973646,4.315555762409093,2.3599999999999994,2.6699999999999875,0.027330631152287177,0.031032078103207628,85.56
2003-09-24,38,9,2003,54.0,83.48,-0.992708874098054,-0.12053668025532357,87.47,88.71,84.31,82.89,76.74,76.51,62.29,86.71000000000001,85.455,83.4523076923077,82.62538461538462,1.8679043515835312,2.3753495983298283,3.680480389492029,4.278530804628461,-1.2399999999999949,1.1700000000000017,-0.013978130988614557,0.013557358053302382,95.93
2003-10-01,39,9,2003,54.0,92.04,-1.0,-1.8369701987210297e-16,85.56,87.47,86.35,81.57,78.03,77.09,62.6,87.0225,85.78875000000001,84.13076923076923,82.97346153846154,1.3710184778713426,2.139315227556967,3.108516424111963,4.126546199724703,-1.9099999999999966,1.25,-0.02183605807705491,0.014826236508124868,107.7
2003-10-08,40,10,2003,55.0,91.13,-0.992708874098054,0.1205366802553232,95.93,85.56,88.71,86.04,79.86,78.79,61.33,89.4175,87.58375,85.50769230769232,83.69807692307693,4.5308672826878285,3.611639665225281,4.013622955730728,4.670394432362973,10.370000000000005,9.580000000000013,0.12120149602618047,0.1109438332368271,115.74
2003-10-15,41,10,2003,56.0,81.95,-0.9709418174260521,0.23931566428755738,107.7,95.93,87.47,86.3,81.97,81.74,61.78,94.165,90.29125,87.64923076923075,84.81,10.085972106511608,7.882562015523347,7.037350900183042,6.527394579769249,11.769999999999996,18.99000000000001,0.12269363077243822,0.21406831247886382,116.32
2003-10-22,42,10,2003,57.0,93.27,-0.9350162426854148,0.35460488704253557,115.74,107.7,85.56,84.31,84.64,82.2,62.93,101.2325,93.97125,90.24692307692307,86.11769230769231,13.241851267855099,11.700507238699407,10.26078813137287,8.87231753610856,8.039999999999992,28.269999999999996,0.07465181058495807,0.32319652452269354,118.94
2003-10-29,43,10,2003,57.0,107.03,-0.8854560256532101,0.464723172043768,116.32,115.74,95.93,86.35,82.89,86.8,63.46,108.9225,97.9725,92.68384615384616,87.43,9.513164124867242,13.289952972076314,12.364503318277343,10.620744983286299,0.5799999999999983,30.75999999999999,0.005011232071885141,0.3595137914913509,120.72
2003-11-05,44,11,2003,56.0,84.7,-0.822983865893657,0.5680647467311548,118.94,116.32,107.7,88.71,81.57,88.84,63.82,114.675,102.04625,95.45692307692306,88.66615384615383,4.853902210249022,14.183239542804442,13.928591927288345,12.284557485533849,2.6200000000000045,23.00999999999999,0.022524071526822675,0.2398623996664233,115.48
2003-11-12,45,11,2003,56.0,66.97,-0.7485107481711011,0.6631226582407952,120.72,118.94,115.74,87.47,86.04,90.24,63.08,117.92999999999999,106.04750000000001,98.46846153846153,89.89230769230768,2.323244857233068,14.397040122390246,14.87599511862079,13.800127334975562,1.7800000000000011,13.019999999999996,0.014965528838069675,0.12089136490250696,114.37
2003-11-19,46,11,2003,56.0,59.02,-0.6631226582407955,0.7485107481711007,115.48,120.72,116.32,85.56,86.3,86.91,61.81,117.865,109.54875,100.73307692307692,90.86307692307693,2.407065987184376,12.516856562823035,15.06596129503818,14.684951145776665,-5.239999999999995,-0.2599999999999909,-0.04340622929092108,-0.002246414377051975,117.77
2003-11-26,47,11,2003,56.0,57.49,-0.5680647467311559,0.8229838658936564,114.37,115.48,118.94,95.93,84.31,79.56,62.29,117.3775,113.14999999999999,102.8923076923077,91.91923076923078,2.958562432442476,7.934861597496778,14.834758257689987,15.361173633046947,-1.1099999999999994,-1.9499999999999886,-0.00961205403533083,-0.016764099037138824,124.94
2003-12-03,48,11,2003,56.0,61.16,-0.4647231720437684,0.88545602565321,117.77,114.37,120.72,107.7,86.35,79.58,63.29,117.085,115.88,105.46615384615384,93.38884615384616,2.806522165716848,3.8900422326022777,14.232484286812248,15.948039459926918,3.3999999999999915,-1.1700000000000017,0.029728075544285915,-0.00983689255086595,128.43
2003-12-10,49,12,2003,56.0,67.58,-0.35460488704253595,0.9350162426854147,124.94,117.77,115.48,115.74,88.71,77.8,63.34,118.14,118.035,108.4346153846154,95.13346153846153,4.7492244980971865,3.462987974897778,13.934411012181629,16.833483761196405,7.170000000000002,4.219999999999999,0.06088137895898793,0.03495692511597093,130.38
2003-12-17,50,12,2003,56.0,65.44,-0.2393156642875578,0.970941817426052,128.43,124.94,114.37,116.32,87.47,77.32,64.0,121.3775,119.62125,111.49,97.08076923076922,6.4432981978688035,4.87860471124403,13.599659309458143,17.656469391829646,3.490000000000009,12.950000000000003,0.02793340803585731,0.11214063041219258,130.59
2003-12-31,52,12,2003,57.0,61.46,6.432490598706546e-16,1.0,130.59,130.38,124.94,120.72,95.93,78.03,64.96,128.585,122.835,118.25461538461538,101.19269230769231,2.6173841903686244,6.640587323422622,9.56053225103471,18.742080473136927,0.21000000000000796,12.820000000000007,0.0016106764841234966,0.10885624522374115,131.27
2004-07-07,27,7,2004,65.0,46.17,-0.12053668025532283,-0.992708874098054,97.46,94.01,121.31,161.15,184.94,131.27,79.86,105.88250000000001,122.555,143.2330769230769,157.42615384615385,12.56443492561439,21.848116623635903,32.53067869581348,29.663209007377972,3.4499999999999886,-33.280000000000015,0.03669822359323471,-0.254551017286217,123.65
2004-07-14,28,7,2004,66.0,44.65,-0.23931566428755743,-0.9709418174260521,107.72,97.46,110.75,133.26,184.54,147.9,81.97,102.48500000000001,115.87625,137.2930769230769,156.52038461538461,8.016476782227926,15.652653757202042,31.30756707906658,30.83042373770038,10.260000000000005,-13.590000000000003,0.10527395854709631,-0.11202703816668047,122.58
2004-07-21,29,7,2004,66.0,46.79,-0.3546048870425356,-0.9350162426854148,123.65,107.72,94.01,131.76,182.14,150.22,84.64,105.71000000000001,114.67500000000001,132.60923076923078,155.5876923076923,13.302082543722193,14.450563014241531,28.033651641535606,31.46198281198347,15.930000000000007,12.900000000000006,0.1478834014110657,0.1164785553047405,125.75
2004-07-28,30,7,2004,66.0,59.94,-0.46472317204376806,-0.8854560256532101,122.58,123.65,97.46,130.74,168.93,158.23,82.89,112.85249999999999,113.5275,128.0276923076923,154.52461538461537,12.57619278637207,13.2114082195219,23.813580563005793,32.110883666541454,-1.0700000000000074,28.569999999999993,-0.008653457339264148,0.3039038400170193,131.57
2004-08-04,31,8,2004,67.0,64.22,-0.5680647467311556,-0.8229838658936566,125.75,122.58,107.72,121.31,161.04,181.72,81.57,119.925,112.90375,124.70615384615385,153.2753846153846,8.24251781921004,12.37391257848517,20.399764107484774,32.5891975023344,3.1700000000000017,28.290000000000006,0.025860662424538994,0.2902729324851221,127.17
2004-08-11,32,8,2004,68.0,67.27,-0.663122658240795,-0.7485107481711013,131.57,125.75,123.65,110.75,161.15,175.97,86.04,125.8875,114.18625,122.43923076923076,151.34653846153844,4.0106389765215,13.81718075182362,17.449838328543517,32.321318530320916,5.819999999999993,23.849999999999994,0.04628230616302176,0.22140735239509834,129.59
2004-08-18,33,8,2004,69.0,69.72,-0.7485107481711011,-0.6631226582407952,127.17,131.57,122.58,94.01,133.26,175.01,86.3,126.7675,116.23875,119.82538461538462,149.4696153846154,3.7325806532915706,14.439377150694352,13.19406534228208,32.25106949926092,-4.3999999999999915,3.519999999999996,-0.03344227407463696,0.028467448443186383,134.36
2004-08-25,34,8,2004,71.0,68.5,-0.8229838658936564,-0.5680647467311559,129.59,127.17,125.75,97.46,131.76,185.63,84.31,128.51999999999998,120.68625,119.54307692307692,147.7226923076923,2.5782940096103717,11.864507620269105,12.919052715927823,32.041741345650095,2.4200000000000017,7.010000000000005,0.019029645356609226,0.05718714309022688,134.29
2004-09-01,35,8,2004,71.0,67.58,-0.8854560256532096,-0.4647231720437691,134.36,129.59,131.57,107.72,130.74,183.6,86.35,130.6725,125.29874999999998,119.74307692307693,145.75076923076924,3.0464446490937913,8.129991104370216,13.14214301691022,31.18161431652664,4.77000000000001,8.610000000000014,0.03680839570954553,0.06846918489065623,131.92
2004-09-08,36,9,2004,71.0,69.72,-0.9350162426854147,-0.3546048870425359,134.29,134.36,127.17,123.65,121.31,185.89,88.71,131.3525,128.62,120.01615384615386,143.85423076923078,3.5718190976949895,4.571054895441474,13.423556122516786,30.27381273286566,-0.0700000000000216,2.719999999999999,-0.0005209883894017331,0.020673405791593824,134.07
2004-09-15,37,9,2004,71.0,108.56,-0.970941817426052,-0.23931566428755774,131.92,134.29,129.59,122.58,110.75,186.27,87.47,132.54,129.65375,120.83230769230771,141.77846153846153,2.2702275950496653,4.207167141573967,13.825310215836078,29.10394072180716,-2.3700000000000045,4.749999999999986,-0.017648372924268463,0.037351576629708116,136.38
2004-09-22,38,9,2004,72.0,115.9,-0.992708874098054,-0.12053668025532357,134.07,131.92,134.36,125.75,94.01,185.69,85.56,133.66,131.09,122.62615384615385,139.77076923076922,1.166561900054172,3.3137074618701936,13.920672600166428,27.67750421162679,2.1500000000000057,4.47999999999999,0.01629775621588836,0.03457056871672193,135.94
2004-09-29,39,9,2004,76.0,131.18,-1.0,-1.8369701987210297e-16,136.38,134.07,134.29,131.57,97.46,183.65,95.93,134.165,132.41875,125.88538461538461,137.87423076923076,1.8230834685566388,2.981094897132857,11.393023900165495,26.04650397624638,2.3100000000000023,2.019999999999982,0.017229805325576164,0.015034236379874777,136.56
2004-10-06,40,10,2004,77.0,128.13,-0.992708874098054,0.1205366802553232,135.94,136.38,131.92,127.17,107.72,184.94,107.7,134.5775,132.965,128.8453846153846,136.03923076923076,2.035131035910069,3.195984087211891,7.835836070457022,24.315658810417172,-0.4399999999999977,1.6500000000000057,-0.003226279513125041,0.012286841909300739,140.08
2004-10-13,41,10,2004,79.0,103.97,-0.9709418174260521,0.23931566428755738,136.56,135.94,134.07,129.59,123.65,184.54,115.74,135.7375,134.13875,131.06384615384616,134.17846153846153,1.1417639861156499,2.3850932147097774,4.882425180279161,22.181292602967577,0.6200000000000045,4.640000000000015,0.004560835662792417,0.0351728320194058,146.01
2004-10-20,42,10,2004,82.0,101.83,-0.9350162426854148,0.35460488704253557,140.08,136.56,136.38,134.36,122.58,182.14,116.32,137.24,135.45000000000002,132.3276923076923,132.46846153846155,1.911160206085184,2.410483057693251,4.9296537299727525,19.720811888420414,3.5200000000000102,6.010000000000019,0.025776215582894002,0.044827329007235184,152.68
2004-10-27,43,10,2004,83.0,129.35,-0.8854560256532101,0.464723172043768,146.01,140.08,135.94,134.29,125.75,168.93,118.94,139.6475,136.90625,134.13,131.07884615384614,4.616877552342351,4.375796866204308,5.335242887316851,17.191469123242115,5.929999999999978,9.629999999999995,0.042332952598514995,0.07061152661680592,153.73
2004-11-03,44,10,2004,83.0,112.84,-0.822983865893657,0.5680647467311548,152.68,146.01,136.56,131.92,131.57,161.04,120.72,143.8325,139.20499999999998,136.20153846153846,130.45384615384614,7.070838587700993,6.904714745323196,6.829283571690557,16.01550375777755,6.670000000000016,16.74000000000001,0.045681802616259315,0.12314256289539505,154.61
2004-11-10,45,11,2004,82.0,113.45,-0.7485107481711011,0.6631226582407952,153.73,152.68,140.08,134.07,127.17,161.15,115.48,148.125,141.93125,137.90615384615384,130.1726923076923,6.3602751512797475,7.85739403819272,8.204119431177489,15.513375276242778,1.049999999999983,17.169999999999987,0.00687712863505352,0.12573227885178673,155.72
2004-11-17,46,11,2004,80.0,91.43,-0.6631226582407955,0.7485107481711007,154.61,153.73,146.01,136.38,129.59,133.26,114.37,151.7575,144.49875,140.0169230769231,129.92115384615383,3.9120444356694515,8.266848488303719,8.725082983956174,15.036706641262468,0.8800000000000239,14.530000000000001,0.005724321863006754,0.10372644203312387,163.67
2004-11-24,47,11,2004,80.0,72.17,-0.5680647467311559,0.8229838658936564,155.72,154.61,152.68,135.94,134.36,131.76,117.77,154.185,146.91625,142.02692307692308,130.78500000000003,1.2921429229455283,8.380533459835759,9.123547724263936,15.85887038852397,1.1099999999999852,9.710000000000008,0.007179354504883051,0.06650229436339972,178.92
2004-12-01,48,11,2004,80.0,73.39,-0.4647231720437684,0.88545602565321,163.67,155.72,153.73,136.56,134.29,130.74,124.94,156.9325,150.3825,144.28153846153845,132.01230769230767,4.564868563275836,8.910061327350167,10.576813356074195,17.12180301433062,7.949999999999989,10.98999999999998,0.051053172360647325,0.0719806130468954,176.55
2004-12-08,49,12,2004,78.0,74.92,-0.35460488704253595,0.9350162426854147,178.92,163.67,154.61,140.08,131.92,121.31,128.43,163.23,155.67749999999998,147.71461538461537,133.8653846153846,11.211217596674398,11.678769198849595,13.81183587566871,19.430218780192803,15.25,25.189999999999998,0.0931752917455857,0.16385871332856317,160.77
2004-12-15,50,12,2004,75.0,92.04,-0.2393156642875578,0.970941817426052,176.55,178.92,155.72,146.01,134.07,110.75,130.38,168.715,160.23625,151.1476923076923,135.99,10.95218851797728,11.837453801388126,15.04989764851471,20.962165918625963,-2.369999999999976,21.939999999999998,-0.013246143527833487,0.14190543949291756,154.41
2005-07-06,27,7,2005,89.0,75.84,-0.12053668025532283,-0.992708874098054,117.62,118.19,135.84,145.69,157.92,148.17,107.72,124.4125,131.93125,139.4092307692308,147.35307692307694,8.523799524468654,10.164650844259848,13.649618103044899,13.000798366017923,-0.5699999999999932,-18.94999999999999,-0.004822743040866384,-0.13875668155524634,100.83
2005-07-13,28,7,2005,91.0,78.89,-0.23931566428755743,-0.9709418174260521,110.44,117.62,126.0,138.04,158.63,158.31,123.65,118.0625,127.525,135.75692307692307,145.90192307692308,6.359205270052852,10.95765355487065,14.602799608645338,14.876390427582011,-7.180000000000007,-25.400000000000006,-0.061044040129229815,-0.1869846878680801,93.96
2005-07-20,29,7,2005,90.0,95.1,-0.3546048870425356,-0.9350162426854148,100.83,110.44,118.19,137.5,157.28,152.99,122.58,111.77,122.87375,131.31076923076924,143.69115384615387,8.101263275975578,13.466763252541337,15.807766267217188,17.06823677523227,-9.61,-25.17,-0.08701557406736693,-0.1997619047619048,88.54
2005-07-27,30,7,2005,88.0,84.4,-0.46472317204376806,-0.8854560256532101,93.96,100.83,117.62,136.57,145.04,149.55,125.75,105.7125,117.43125,126.43999999999998,141.42076923076922,10.42589524533376,15.374316651480724,16.85943751533033,19.53030054516881,-6.8700000000000045,-24.230000000000004,-0.06813448378458797,-0.20500888400033845,83.76
2005-08-03,31,7,2005,89.0,77.37,-0.5680647467311556,-0.8229838658936566,88.54,93.96,110.44,135.84,138.0,153.59,131.57,98.4425,111.4275,122.09384615384616,139.07423076923078,9.447971122592536,16.189236944869887,18.83210890051933,22.020849243038292,-5.4199999999999875,-29.08,-0.057684120902511626,-0.2472368644788301,87.86
2005-08-10,32,8,2005,91.0,83.48,-0.663122658240795,-0.7485107481711013,83.76,88.54,100.83,126.0,145.69,147.03,127.17,91.77250000000001,104.91749999999999,117.92153846153846,136.38846153846154,7.33649950589595,15.423170648642246,20.908435238021926,24.31818606595618,-4.780000000000001,-26.679999999999993,-0.05398689857691441,-0.24157913799348052,95.32
2005-08-17,33,8,2005,97.0,96.94,-0.7485107481711011,-0.6631226582407952,87.86,83.76,93.96,118.19,138.04,151.61,129.59,88.53,100.14999999999999,113.47307692307692,134.1126923076923,4.190735814469743,13.782874466939951,20.65854560249217,25.993434795377492,4.099999999999994,-12.969999999999999,0.048949379178605534,-0.12863235148269359,98.95
2005-08-24,34,8,2005,98.0,100.3,-0.8229838658936564,-0.5680647467311559,95.32,87.86,88.54,117.62,137.5,156.89,134.36,88.86999999999999,97.29125,110.18692307692307,131.9476923076923,4.790393164102424,11.724705829389105,19.805138384021657,26.80918921678797,7.459999999999994,1.3599999999999994,0.08490780787616647,0.01447424435930178,95.03
2005-08-31,35,8,2005,98.0,152.9,-0.8854560256532096,-0.4647231720437691,98.95,95.32,83.76,110.44,136.57,155.13,134.29,91.4725,94.9575,107.22153846153846,129.7192307692308,6.910115170290455,8.520591444930627,18.195399531270397,27.059879958799087,3.6300000000000097,10.409999999999997,0.03808224926563164,0.11757397786311263,91.82
2005-09-07,36,9,2005,109.0,171.24,-0.9350162426854147,-0.3546048870425359,95.03,98.95,87.86,100.83,135.84,158.17,131.92,94.29,93.03125,104.02615384615385,127.4076923076923,4.64287985342545,5.840955003861887,16.143718870642825,27.367601035924555,-3.9200000000000017,11.269999999999996,-0.039615967660434626,0.13455109837631318,99.8
2005-09-14,37,9,2005,107.0,204.88,-0.970941817426052,-0.23931566428755774,91.82,95.03,95.32,93.96,126.0,162.62,134.07,95.28,91.905,100.64000000000001,124.85576923076923,2.915738900063513,4.918135535226074,13.276692610234539,27.477615496702303,-3.210000000000008,3.9599999999999937,-0.03377880669262345,0.04507170498520363,107.52
2005-09-21,38,9,2005,103.0,179.5,-0.992708874098054,-0.12053668025532357,99.8,91.82,98.95,88.54,118.19,162.96,136.38,96.4,92.63499999999999,98.6246153846154,122.4396153846154,3.6930475220351386,5.646252866155374,10.878188126846599,26.77712120161822,7.980000000000004,4.480000000000004,0.08690917011544341,0.04699958036088958,111.76
2005-09-28,39,9,2005,106.0,193.57,-1.0,-1.8369701987210297e-16,107.52,99.8,95.03,83.76,117.62,161.84,135.94,98.54249999999999,95.0075,97.80384615384615,120.3073076923077,6.824135476381545,7.396189656070746,9.607226913857517,25.602994911953868,7.719999999999999,8.569999999999993,0.0773547094188376,0.0866093986862051,113.32
2005-10-05,40,10,2005,119.0,216.5,-0.992708874098054,0.1205366802553232,111.76,107.52,91.82,87.86,110.44,157.92,136.56,102.725,98.50750000000001,97.35307692307691,118.38115384615384,8.795792554777229,7.919824583194259,8.694051974975702,24.19873043395833,4.240000000000009,16.730000000000004,0.03943452380952395,0.17604966852572868,118.82
2005-10-12,41,10,2005,119.0,256.87,-0.9709418174260521,0.23931566428755738,113.32,111.76,99.8,95.32,100.83,158.63,140.08,108.1,101.69,97.57461538461538,116.66576923076923,6.051732534297319,8.142303991236822,9.083297506397814,22.82564578242226,1.559999999999988,21.5,0.013958482462419264,0.23415377913308655,119.32
2005-10-19,42,10,2005,119.0,199.99,-0.9350162426854148,0.35460488704253557,118.82,113.32,107.52,98.95,93.96,157.28,146.01,112.85499999999999,104.6275,98.95846153846152,115.13461538461539,4.6711419017913665,9.620725767098403,10.824158817319407,21.1735131200788,5.5,19.019999999999996,0.04853512177903285,0.19058116232464917,118.59
2005-10-26,43,10,2005,119.0,179.19,-0.8854560256532101,0.464723172043768,119.32,118.82,111.76,95.03,88.54,145.04,152.68,115.80499999999999,107.17375,100.90923076923079,113.67461538461538,3.828955471143979,10.553787319522373,12.062632010702751,19.384327531440146,0.5,11.799999999999997,0.004208045783538061,0.10974702380952372,117.79
2005-11-02,44,10,2005,109.0,137.61,-0.822983865893657,0.5680647467311548,118.59,119.32,113.32,91.82,83.76,138.0,153.73,117.5125,110.11874999999999,103.22076923076922,112.6573076923077,2.8115639182969954,9.950971865673507,12.370108771778488,18.33823296998739,-0.7299999999999898,6.829999999999998,-0.006118002011397783,0.06111309949892618,115.59
2005-11-09,45,11,2005,102.0,109.78,-0.7485107481711011,0.6631226582407952,117.79,118.59,118.82,99.8,87.86,145.69,154.61,118.63,113.365,105.83846153846153,111.88000000000001,0.6375473838619213,6.895667376797246,11.477136581157978,17.635932410847854,-0.7999999999999972,4.470000000000013,-0.006745931360148338,0.03944581715495943,115.54
2005-11-16,46,11,2005,98.0,114.67,-0.6631226582407955,0.7485107481711007,115.59,117.79,119.32,107.52,95.32,138.04,155.72,117.8225,115.33875,107.97153846153847,110.72230769230768,1.614174195474606,4.185476376709982,10.38192808534242,16.262169918603472,-2.200000000000003,-3.2299999999999898,-0.018677307071907623,-0.02718397576165621,110.41
2005-11-23,47,11,2005,95.0,112.23,-0.5680647467311559,0.8229838658936564,115.54,115.59,118.59,111.76,98.95,137.5,163.67,116.87750000000001,116.34125,109.52692307692308,109.85692307692308,1.5504703587416302,2.7644448551454617,9.828459852739607,15.321797484428487,-0.04999999999999716,-3.779999999999987,-0.00043256337053376726,-0.03167951726449869,107.59
2005-11-30,48,11,2005,94.0,111.61,-0.4647231720437684,0.88545602565321,110.41,115.54,117.79,113.32,95.03,136.57,178.92,114.8325,116.1725,110.40846153846154,108.815,3.129412884233038,3.1043552355632222,9.300490888615617,14.250442028231703,-5.13000000000001,-8.180000000000007,-0.04440020772027009,-0.06897714815751754,104.58
2005-12-07,49,12,2005,81.0,146.17,-0.35460488704253595,0.9350162426854147,107.59,110.41,115.59,118.82,91.82,135.84,176.55,112.2825,115.45625,111.3746153846154,107.70038461538462,3.961341313242848,4.290813900481906,8.151182547524527,13.077823207481659,-2.819999999999993,-10.200000000000003,-0.02554116474956969,-0.08659478733338999,101.7
2005-12-14,50,12,2005,92.0,168.8,-0.2393156642875578,0.970941817426052,104.58,107.59,115.54,119.32,99.8,126.0,160.77,109.53,113.67625,112.35615384615386,106.49807692307694,4.66049353609738,5.483851455474659,6.113923370009688,11.757637864547355,-3.010000000000005,-11.010000000000005,-0.02797657774886142,-0.0952504541915391,100.63
2005-12-21,51,12,2005,93.0,155.34,-0.12053668025532363,0.992708874098054,101.7,104.58,110.41,118.59,107.52,118.19,154.41,106.07,111.47375000000001,112.5023076923077,105.56346153846154,3.7622245192624764,6.361479921033426,5.80358819157834,11.092405669576491,-2.8799999999999955,-13.840000000000003,-0.02753872633390697,-0.1197853557209625,100.36
2006-01-04,1,1,2006,92.0,125.07,0.12053668025532305,0.992708874098054,100.36,100.63,104.58,115.59,113.32,110.44,148.17,101.8175,107.05000000000001,111.09538461538462,104.22423076923079,1.930429572230243,6.293860954476413,7.311292196987821,10.537608902621407,-0.269999999999996,-7.230000000000004,-0.0026830964920997458,-0.06719955386188314,100.31
2006-01-11,2,1,2006,94.0,115.9,0.23931566428755774,0.970941817426052,101.65,100.36,101.7,115.54,118.82,100.83,158.31,101.08500000000001,105.3075,110.19769230769231,103.88615384615385,0.6904346457181343,5.467132311759313,7.720374725194829,10.471006093751214,1.2900000000000063,-2.9299999999999926,0.01285372658429651,-0.028016829221648387,93.56
2006-01-18,3,1,2006,92.0,122.32,0.3546048870425356,0.9350162426854148,100.31,101.65,100.63,110.41,119.32,93.96,152.99,100.73750000000001,103.40375,108.77384615384616,103.86615384615385,0.6243596719904628,3.7891496878771993,7.70452847190209,10.477571503710918,-1.3400000000000034,-1.3900000000000006,-0.01318248893261198,-0.013667649950835803,86.02
2006-01-25,4,1,2006,93.0,117.12,0.4647231720437685,0.8854560256532099,93.56,100.31,100.36,107.59,118.59,88.54,149.55,98.97,101.2975,106.79230769230769,103.85076923076925,3.659608357917818,4.014707781573349,8.070070377476675,10.492981243888975,-6.75,-7.069999999999993,-0.06729139667032202,-0.07025737851535319,83.03
2006-02-01,5,1,2006,94.0,126.29,0.5680647467311558,0.8229838658936564,86.02,93.56,101.65,104.58,117.79,83.76,153.59,95.385,98.60125000000001,104.28692307692307,103.75384615384615,7.177271998004754,5.9578697954887385,9.093107632171007,10.65051888948961,-7.540000000000006,-14.340000000000003,-0.08058999572466874,-0.1428856117975289,86.12
2006-02-08,6,2,2006,94.0,145.25,0.6631226582407952,0.7485107481711011,83.03,86.02,100.31,101.7,115.59,87.86,147.03,90.72999999999999,95.9075,101.61307692307693,103.72576923076923,7.77301743211806,7.532231219423241,9.869127270276378,10.706151941038655,-2.989999999999995,-18.620000000000005,-0.03475935828876997,-0.18317757009345803,88.69
2006-02-15,7,2,2006,93.0,130.57,0.7485107481711011,0.6631226582407953,86.12,83.03,93.56,100.63,115.54,95.32,151.61,87.1825,93.96,99.34615384615387,103.65884615384616,4.486872518805533,7.828898846124792,9.775270276281283,10.814187469032289,3.0900000000000034,-14.189999999999998,0.037215464290015765,-0.14146146944472138,92.83
2006-02-22,8,2,2006,93.0,114.67,0.8229838658936564,0.5680647467311559,88.69,86.12,86.02,100.36,110.41,98.95,156.89,85.965,92.4675,97.28076923076922,103.40384615384616,2.3142241320464216,7.507188459831386,8.862506663408688,11.093251309484288,2.569999999999993,-4.8700000000000045,0.02984208081746398,-0.05205215904232585,90.7
2006-03-01,9,2,2006,93.0,117.73,0.8854560256532099,0.4647231720437686,92.83,88.69,83.03,101.65,107.59,95.03,155.13,87.6675,91.52625,95.92846153846155,103.16846153846154,4.147210910159437,6.816549058829221,7.990553637632767,11.25528238377215,4.140000000000001,6.810000000000002,0.04667944525876644,0.07916763543362015,91.64
2006-03-08,10,3,2006,96.0,115.59,0.9350162426854148,0.35460488704253557,90.7,92.83,86.12,100.31,104.58,91.82,158.17,89.585,90.1575,94.62923076923076,103.00192307692308,2.8624290384237523,5.457130983532054,7.277755447867353,11.411470376504345,-2.1299999999999955,7.670000000000002,-0.022945168587740983,0.092376249548356,91.86
2006-03-15,11,3,2006,96.0,103.05,0.970941817426052,0.23931566428755804,91.64,90.7,88.69,93.56,101.7,99.8,162.62,90.965,89.07375,93.63384615384615,102.99499999999999,1.7492569851257098,3.745290137530424,6.662245040100775,11.418577932474344,0.9399999999999977,5.519999999999996,0.01036383682469677,0.06409660938225725,88.85
2006-03-22,12,3,2006,97.0,101.83,0.992708874098054,0.120536680255323,91.86,91.64,92.83,86.02,100.63,107.52,162.96,91.7575,88.86125,92.87692307692306,102.68961538461538,0.874237763241503,3.4941969749853756,6.213303448535088,11.611982597564628,0.21999999999999886,3.1700000000000017,0.0024006983849846897,0.03574247378509421,92.17
2006-03-29,13,3,2006,97.0,98.47,1.0,-1.6081226496766366e-16,88.85,91.86,90.7,83.03,100.36,111.76,161.84,90.7625,89.215,91.97076923076924,101.97153846153846,1.3706537369729093,3.303508956937816,5.835902474536036,11.875604133619948,-3.010000000000005,-3.980000000000004,-0.032767254517744426,-0.04287407088225792,90.77
2006-04-05,14,4,2006,99.0,105.5,0.992708874098054,-0.12053668025532288,92.17,88.85,91.64,86.12,101.65,113.32,157.92,91.13,90.3575,91.34076923076921,101.21807692307692,1.5354695264568743,2.281213649416174,5.269360273533754,11.851152186763763,3.3200000000000074,1.4699999999999989,0.03736634777715264,0.016207276736494025,88.68
2006-04-12,15,4,2006,100.0,100.3,0.9709418174260521,-0.2393156642875575,90.77,92.17,91.86,88.69,100.31,118.82,158.63,90.91250000000001,90.93875,90.50384615384617,100.35076923076923,1.5003638447649164,1.5089489009609414,4.2635441799454625,11.75481719911477,-1.4000000000000057,-0.8700000000000045,-0.01518932407507867,-0.009493670886076,88.37
2006-04-19,16,4,2006,104.0,89.9,0.9350162426854148,-0.35460488704253545,88.68,90.77,88.85,92.83,93.56,119.32,157.28,90.1175,90.9375,89.60923076923076,99.19153846153846,1.6644793980935837,1.51108050272354,3.094283604589068,11.339397406319708,-2.089999999999989,-3.1799999999999926,-0.02302522859975753,-0.034617896799477355,87.34
2006-04-26,17,4,2006,109.0,88.07,0.8854560256532099,-0.4647231720437685,88.37,88.68,92.17,90.7,86.02,118.59,145.04,89.9975,90.38000000000001,89.21000000000001,98.00115384615385,1.7982468314105295,1.535652490450075,2.8686553179705907,10.75110536714122,-0.3100000000000023,-0.47999999999998977,-0.0034957149300857138,-0.005402363534045995,86.59
2006-05-03,18,4,2006,109.0,95.41,0.8229838658936565,-0.5680647467311557,87.34,88.37,90.77,91.64,83.03,117.79,138.0,88.79,89.96,89.31153846153846,96.79923076923076,1.4389116257360504,1.860706471054885,2.767925956840561,10.08336488403564,-1.0300000000000011,-4.829999999999998,-0.011655539210139176,-0.05240316805902134,87.34
2006-05-10,19,5,2006,109.0,108.86,0.7485107481711013,-0.663122658240795,86.59,87.34,88.68,91.86,86.12,115.59,145.69,87.745,89.32875,89.58538461538463,95.59923076923077,0.9596700822046378,2.0557337063504937,2.2156850535213555,9.312426503581255,-0.75,-4.179999999999993,-0.008587130753377581,-0.04605045719951517,88.57
2006-05-17,20,5,2006,110.0,120.18,0.6631226582407952,-0.7485107481711012,87.34,86.59,88.37,88.85,88.69,115.54,138.04,87.41,88.76375,89.67923076923077,94.5126923076923,0.7311634564254936,1.873742911927083,2.0782503119119333,8.499227050827933,0.75,-1.3400000000000034,0.008661508257304495,-0.01511050969778982,89.33
2006-05-24,21,5,2006,109.0,117.42,0.5680647467311558,-0.8229838658936564,88.57,87.34,87.34,92.17,92.83,110.41,137.5,87.46,88.72874999999999,89.67,93.4753846153846,0.8201219421598558,1.8745166043535029,2.0832706657211766,7.405709273671245,1.2299999999999898,0.19999999999998863,0.014082894435539117,0.0022632114971141704,89.27
2006-05-31,22,5,2006,109.0,107.33,0.46472317204376906,-0.8854560256532096,89.33,88.57,86.59,90.77,90.7,107.59,136.57,87.95750000000001,88.37375,89.40076923076923,92.66461538461537,1.2261423245333003,1.3151744859783545,1.8544516778899007,6.586122519824543,0.7600000000000051,1.9899999999999949,0.008580783561025207,0.022784520265628494,90.78
2006-06-07,23,6,2006,109.0,114.67,0.35460488704253584,-0.9350162426854147,89.27,89.33,87.34,88.68,91.64,104.58,135.84,88.6275,88.18625,89.29076923076924,91.96000000000001,0.9250720692708743,0.99195243981461,1.8129095470068686,5.866082167851545,-0.060000000000002274,2.6799999999999926,-0.0006716668532408265,0.030950456172768037,94.02
2006-06-14,24,6,2006,110.0,118.34,0.23931566428755768,-0.970941817426052,90.78,89.27,88.57,88.37,91.86,101.7,126.0,89.4875,88.44874999999999,89.22461538461539,91.42923076923077,0.9281657538814122,1.353318012462015,1.734015644796168,5.272860265984779,1.5100000000000051,3.4399999999999977,0.016914977035958456,0.03938630638882534,93.72
2006-06-21,25,6,2006,110.0,116.81,0.12053668025532308,-0.992708874098054,94.02,90.78,89.33,87.34,88.85,100.63,118.19,90.85,89.155,89.39076923076924,91.13384615384615,2.225653462097053,2.3863480766338516,2.0771232572066265,4.874551119371936,3.239999999999995,5.450000000000003,0.035690680766688576,0.0615332505362991,98.5
2006-06-28,26,6,2006,108.0,127.21,-3.216245299353273e-16,-1.0,93.72,94.02,89.27,86.59,92.17,100.36,117.62,91.94749999999999,89.9525,89.76538461538462,90.86807692307693,2.307168177660882,2.733902234639767,2.387444991980191,4.510902365805721,-0.29999999999999716,4.390000000000001,-0.0031908104658583403,0.04914362476211798,101.49
2006-07-05,27,7,2006,109.0,135.47,-0.12053668025532283,-0.992708874098054,98.5,93.72,90.78,87.34,90.77,101.65,110.44,94.255,91.44125,90.25230769230771,90.79653846153846,3.18523154574523,3.709868836726048,3.3643700595243216,4.366795568657526,4.780000000000001,9.230000000000004,0.05100298762270605,0.10339419737873867,97.98
2006-07-12,28,7,2006,110.0,150.76,-0.23931566428755743,-0.9709418174260521,101.49,98.5,94.02,88.57,88.68,100.31,100.83,96.9325,93.21,91.07692307692308,90.79038461538462,3.7430235104805267,4.712766854891942,4.591710619174987,4.350972747115214,2.989999999999995,10.709999999999994,0.030355329949238508,0.1179775280898876,100.01
2006-07-19,29,7,2006,110.0,160.85,-0.3546048870425356,-0.9350162426854148,97.98,101.49,93.72,89.33,88.37,93.56,93.96,97.92250000000001,94.38625,91.7923076923077,90.70076923076923,3.2002538961791385,4.561108691973538,4.901188892920843,4.167170669003228,-3.509999999999991,3.960000000000008,-0.034584688146615306,0.04211869814933,103.19
2006-07-26,30,7,2006,111.0,151.67,-0.46472317204376806,-0.8854560256532101,100.01,97.98,98.5,89.27,87.34,86.02,88.54,99.495,95.72125,92.68769230769232,90.94884615384616,1.5843505504389284,4.430883296331642,5.2730117166654225,4.521147046421974,2.030000000000001,6.290000000000006,0.020718513982445508,0.06711481007255671,105.4
2006-08-02,31,7,2006,112.0,152.28,-0.5680647467311556,-0.8229838658936566,103.19,100.01,101.49,90.78,86.59,83.03,83.76,100.6675,97.46125,93.90692307692308,91.60923076923076,2.2131783329281443,4.265675084739553,5.744792402130666,5.000931051774375,3.1799999999999926,4.689999999999998,0.031796820317968155,0.047614213197969546,110.69
2006-08-09,32,8,2006,115.0,174.91,-0.663122658240795,-0.7485107481711013,105.4,103.19,97.98,94.02,87.34,86.12,87.86,101.645,99.28875000000001,95.35384615384615,92.46961538461538,3.296083534541529,4.123772328133792,6.105793066780738,5.376125356252395,2.210000000000008,3.910000000000011,0.021416803953871577,0.03852596314907886,115.12
2006-08-16,33,8,2006,116.0,174.0,-0.7485107481711011,-0.6631226582407952,110.69,105.4,100.01,93.72,88.57,88.69,95.32,104.8225,101.37249999999999,97.15,93.41461538461537,4.4939320199585255,5.162102976777325,6.930633689160202,6.296075749714284,5.289999999999992,12.709999999999994,0.050189753320682984,0.12972035109205948,116.01
2006-08-23,34,8,2006,114.0,177.05,-0.8229838658936564,-0.5680647467311559,115.12,110.69,103.19,98.5,89.33,92.83,98.95,108.6,104.0475,99.1923076923077,94.43115384615385,5.366146972767438,6.091201500055783,8.0181327354997,7.517842417567118,4.430000000000007,15.11,0.040021682175445106,0.15108489151084892,119.12
2006-08-30,35,8,2006,114.0,174.0,-0.8854560256532096,-0.4647231720437691,116.01,115.12,105.4,101.49,89.27,90.7,95.03,111.805,106.23625000000001,101.24461538461539,95.32269230769231,4.862732428036095,6.904664960320795,8.671310565483545,8.614791724790889,0.8900000000000006,12.820000000000007,0.007731063238360036,0.12423684465549001,125.17
2006-09-06,36,9,2006,112.0,154.12,-0.9350162426854147,-0.3546048870425359,119.12,116.01,110.69,97.98,90.78,91.64,91.82,115.23500000000001,108.44,103.54076923076923,96.41576923076923,3.4815753139452803,7.913214986879065,9.173772816693123,9.734974544630452,3.1099999999999994,13.719999999999999,0.02680803379019059,0.13017077798861476,128.22
2006-09-13,37,9,2006,108.0,157.18,-0.970941817426052,-0.23931566428755774,125.17,119.12,115.12,100.01,94.02,91.86,99.8,118.855,111.83875,106.18615384615383,97.70538461538462,4.54582959058877,8.58904690787693,10.099129119599839,11.189281024540486,6.049999999999997,14.480000000000004,0.050789120214909333,0.1308157918511157,130.82
2006-09-20,38,9,2006,102.0,165.13,-0.992708874098054,-0.12053668025532357,128.22,125.17,116.01,103.19,93.72,88.85,107.52,122.13000000000001,115.36500000000001,108.81692307692308,99.10384615384615,5.563098656924202,8.826523340801304,11.07328495721033,12.611305111501071,3.049999999999997,13.099999999999994,0.024366861068946255,0.11379430159833204,125.85
2006-09-27,39,9,2006,98.0,177.67,-1.0,-1.8369701987210297e-16,130.82,128.22,119.12,105.4,98.5,92.17,111.76,125.8325,118.81875,111.67076923076921,100.71807692307692,5.035602413482542,8.78758773579425,11.62523222817358,13.869605911987373,2.5999999999999943,14.809999999999988,0.020277647792855902,0.1276614084992671,126.35
2006-10-04,40,10,2006,96.0,186.53,-0.992708874098054,0.1205366802553232,125.85,130.82,125.17,110.69,101.49,90.77,113.32,127.51500000000001,121.375,113.77461538461537,102.01346153846154,2.561984907580634,7.147948756711062,11.517354742144652,14.593237596176213,-4.969999999999999,6.72999999999999,-0.037991132854303666,0.05649764942914692,125.33
2006-10-11,41,10,2006,95.0,171.24,-0.9709418174260521,0.23931566428755738,126.35,125.85,128.22,115.12,97.98,88.68,118.82,127.81,123.33250000000001,115.68692307692307,103.38192307692307,2.2510293941522805,5.825794243828421,11.370583673537391,15.154176195156104,0.5,1.1799999999999926,0.003972983710766709,0.009427179036510358,123.4
2006-10-18,42,10,2006,94.0,169.41,-0.9350162426854148,0.35460488704253557,125.33,126.35,130.82,116.01,100.01,88.37,119.32,127.08749999999999,124.60875,117.79076923076923,104.79153846153848,2.522939753542358,4.797223713476231,10.30127699328098,15.433904934865053,-1.019999999999996,-2.8900000000000006,-0.008072813612979735,-0.02253938543128997,122.8
2006-10-25,43,10,2006,95.0,137.61,-0.8854560256532101,0.464723172043768,123.4,125.33,125.85,119.12,103.19,87.34,118.59,125.2325,125.53249999999998,119.58999999999999,106.13884615384615,1.2906942576270237,3.418219043386086,8.881719991082399,15.471971128960115,-1.9299999999999926,-7.4199999999999875,-0.015399345727279967,-0.05671915609234057,122.5
2006-11-01,44,10,2006,95.0,161.46,-0.822983865893657,0.5680647467311548,122.8,123.4,126.35,125.17,105.4,86.59,117.79,124.47,125.99249999999999,121.09846153846154,107.50269230769231,1.6540656980114812,2.5757980732739125,7.407105649479902,15.310627304638098,-0.6000000000000085,-3.049999999999997,-0.004862236628849326,-0.024235200635677412,125.36
2006-11-08,45,11,2006,95.0,140.36,-0.7485107481711011,0.6631226582407952,122.5,122.8,125.33,128.22,110.69,87.34,115.59,123.5075,125.65875,122.41384615384615,108.88384615384615,1.2713083811589927,2.8553980833294643,5.711188636441533,14.964443211004422,-0.29999999999999716,-3.8499999999999943,-0.002442996742671011,-0.030470914127423754,126.09
2006-11-15,46,11,2006,96.0,136.08,-0.6631226582407955,0.7485107481711007,125.36,122.5,123.4,130.82,115.12,88.57,115.54,123.515,125.30125,123.54230769230769,110.34615384615384,1.2856515857747404,2.661360755595605,4.528509971734195,14.62886655265461,2.8599999999999994,0.030000000000001137,0.023346938775510306,0.0002393680682997168,125.17
2006-11-22,47,11,2006,96.0,141.89,-0.5680647467311559,0.8229838658936564,126.09,125.36,122.8,125.85,116.01,89.33,110.41,124.1875,124.71,124.38615384615385,111.78923076923077,1.8043535315097343,1.556038927165046,3.7901990679056174,14.240248571728234,0.730000000000004,2.6899999999999977,0.005823229100191396,0.021799027552674266,126.82
2006-11-29,48,11,2006,97.0,136.08,-0.4647231720437684,0.88545602565321,125.17,126.09,122.5,126.35,119.12,89.27,107.59,124.78,124.625,125.09076923076924,113.16769230769229,1.570880856930766,1.502521689882455,2.8341296769263757,13.703781757658415,-0.9200000000000017,2.3700000000000045,-0.007296375604726846,0.019299674267100997,132.58
2006-12-06,49,12,2006,99.0,115.28,-0.35460488704253595,0.9350162426854147,126.82,125.17,125.36,125.33,125.17,90.78,104.58,125.86000000000001,124.68375,125.68307692307691,114.61192307692308,0.7529054832257037,1.586451003249105,2.2204893777987254,13.047445426359891,1.6499999999999915,4.319999999999993,0.013182072381560994,0.035265306122448825,132.98
2006-12-13,50,12,2006,99.0,116.81,-0.2393156642875578,0.970941817426052,132.58,126.82,126.09,123.4,128.22,94.02,101.7,127.665,125.59,126.25307692307692,116.21961538461538,3.3454895008061776,3.228900741737955,2.919010633231248,12.559594732559958,5.760000000000019,7.220000000000013,0.045418703674499517,0.057594128908742936,134.25
2006-12-20,51,12,2006,98.0,87.15,-0.12053668025532363,0.992708874098054,132.98,132.58,125.17,122.8,130.82,93.72,100.63,129.3875,126.78750000000001,126.61923076923077,117.71807692307692,3.978168548465987,3.987920152517242,3.4385957927088637,12.1215395125306,0.39999999999997726,6.889999999999986,0.003017046311660776,0.054643508604964586,135.87
2007-01-03,53,12,2006,97.0,81.95,0.12053668025532314,0.992708874098054,135.87,134.25,132.58,125.36,126.35,101.49,101.65,133.92,129.89,127.65384615384616,120.71423076923075,1.4821830746131244,4.443589282807531,4.596546780756894,11.130942879406518,1.6200000000000045,9.050000000000011,0.012067039106145261,0.07136098407191294,136.03
2007-07-11,27,7,2007,108.0,108.86,-0.12053668025532283,-0.992708874098054,188.15,153.83,157.64,165.27,144.93,136.03,97.98,162.4075,162.88625,158.22923076923078,148.88961538461538,17.442064814694387,11.460174440831521,10.930992987478708,12.622755794443393,34.31999999999999,25.420000000000016,0.2231034258597151,0.1562096724635902,203.41
2007-07-18,28,7,2007,109.0,134.24,-0.23931566428755743,-0.9709418174260521,188.15,188.15,150.01,162.73,148.74,142.38,100.01,170.035,165.74625,161.55384615384617,150.89423076923077,20.975454703057093,14.572416151757505,12.937453084270276,14.498105579165022,0.0,30.51000000000002,0.0,0.19354224816036547,213.58
2007-07-25,29,7,2007,109.0,140.05,-0.3546048870425356,-0.9350162426854148,203.41,188.15,153.83,162.73,152.56,136.03,103.19,183.385,170.83124999999998,165.75923076923075,153.24153846153845,20.97545470305709,19.59988953139433,16.749046968677888,17.660163462959854,15.259999999999991,53.400000000000006,0.08110550093010893,0.3559762682487835,228.83
2007-08-01,30,7,2007,109.0,120.79,-0.46472317204376806,-0.8854560256532101,213.58,203.41,188.15,162.73,152.56,133.49,105.4,198.32250000000002,177.1875,170.4530769230769,156.22423076923076,12.458377034483023,24.28315038987215,20.801752083504766,20.89039916767069,10.170000000000016,59.75,0.04999754191042727,0.3884157836572839,227.56
2007-08-08,31,8,2007,109.0,136.38,-0.5680647467311556,-0.8229838658936566,228.83,213.58,188.15,157.64,155.1,133.49,110.69,208.4925,185.45,176.32,159.89115384615386,17.11866111392286,29.373158300929024,25.54862585998199,24.7510544950187,15.25,40.68000000000001,0.07140181664949896,0.21621047036938612,226.29
2007-08-15,32,8,2007,107.0,162.38,-0.663122658240795,-0.7485107481711013,227.56,228.83,203.41,150.01,165.27,133.49,115.12,218.345,194.19,181.89384615384614,163.50923076923075,12.119005734795326,30.30377675660733,28.290392520683906,27.464207095501887,-1.2700000000000102,39.41,-0.0055499715946336625,0.20946053680574006,239.0
2007-08-22,33,8,2007,108.0,176.75,-0.7485107481711011,-0.6631226582407952,226.29,227.56,213.58,153.83,162.73,136.03,116.01,224.065,203.72500000000002,186.58769230769232,167.07846153846154,7.0664960671233,26.130004647094,30.29356839161485,29.370810638088663,-1.2700000000000102,22.879999999999995,-0.005580945684654615,0.11248217885059719,228.83
2007-08-29,34,8,2007,108.0,213.44,-0.8229838658936564,-0.5680647467311559,239.0,226.29,228.83,188.15,162.73,141.11,119.12,230.42000000000002,214.37125000000003,192.45461538461538,171.03884615384612,5.813232032756805,19.37418565108922,32.58679912055017,31.854050207397258,12.710000000000008,25.419999999999987,0.056166865526536824,0.11901863470362395,231.88
2007-09-05,35,9,2007,109.0,247.69,-0.8854560256532096,-0.4647231720437691,228.83,239.0,227.56,188.15,162.73,142.38,125.17,230.42,219.45625,197.53923076923078,174.41269230769228,5.813232032756805,16.656861252520834,32.71889934516424,33.17537683978193,-10.169999999999987,0.0,-0.04255230125523002,0.0,250.44
2007-09-12,36,9,2007,110.0,210.39,-0.9350162426854147,-0.3546048870425359,231.88,228.83,226.29,203.41,157.64,144.93,128.22,231.5,224.92249999999999,202.85846153846154,177.855,5.497496399877851,11.195575337733839,32.20519829834795,34.34149225062884,3.049999999999983,4.319999999999993,0.013328671939867975,0.018984004218667527,241.55
2007-09-19,37,9,2007,112.0,228.12,-0.970941817426052,-0.23931566428755774,250.44,231.88,239.0,213.58,150.01,144.93,130.82,237.53750000000002,230.80125,209.99692307692308,181.91307692307691,9.599327667429153,10.618473709935424,31.626652627337528,36.463576979690934,18.560000000000002,24.150000000000006,0.08004140072451271,0.10672146360864376,241.55
2007-09-26,38,9,2007,114.0,199.68,-0.992708874098054,-0.12053668025532357,241.55,250.44,228.83,228.83,153.83,144.93,125.85,238.175,234.29749999999999,217.03846153846155,185.6292307692308,9.811165408180157,8.539303668501105,27.011610419149758,37.45374266191052,-8.889999999999986,2.5500000000000114,-0.03549752435713138,0.010669456066945582,251.72
2007-10-03,39,9,2007,115.0,205.19,-1.0,-1.8369701987210297e-16,241.55,241.55,231.88,227.56,188.15,144.93,126.35,241.35500000000002,235.88750000000002,223.78615384615387,189.3453846153846,7.5804331450565146,8.560026285007524,19.93557019436326,38.04272400665014,0.0,12.719999999999999,0.0,0.055587117073810255,256.8
2007-10-10,40,10,2007,115.0,195.71,-0.992708874098054,0.1205366802553232,251.72,241.55,250.44,226.29,188.15,144.93,125.33,246.315,238.90750000000003,228.67615384615385,193.4526923076923,5.52690691074177,9.420918593368564,18.18568692610723,38.81261037937978,10.169999999999987,19.840000000000003,0.04210308424756781,0.08556149732620333,292.4
2007-10-17,41,10,2007,115.0,160.85,-0.9709418174260521,0.23931566428755738,256.8,251.72,241.55,239.0,203.41,148.74,123.4,247.905,242.72125000000003,233.9569230769231,197.75538461538463,7.6255557174546515,9.753085134606296,15.151147582838552,39.41449258643519,5.0800000000000125,6.360000000000014,0.020181153662800044,0.025395304264494545,292.4
2007-10-24,42,10,2007,117.0,162.99,-0.9350162426854148,0.35460488704253557,292.4,256.8,241.55,228.83,213.58,152.56,122.8,260.6175,249.39624999999998,240.8023076923077,203.2807692307692,22.116627794489972,19.869374091443763,19.638387643358197,42.2368910714865,35.599999999999966,50.849999999999966,0.13862928348909653,0.21051542123783884,297.48
2007-10-31,43,10,2007,119.0,139.44,-0.8854560256532101,0.464723172043768,292.4,292.4,251.72,231.88,228.83,152.56,122.5,273.33,257.3425,246.8653846153846,208.6592307692308,22.11758576336957,22.94326216063123,22.49327922416933,44.36953503683147,0.0,50.849999999999966,0.0,0.21051542123783884,292.4
2007-11-07,44,11,2007,125.0,127.82,-0.822983865893657,0.5680647467311548,297.48,292.4,256.8,250.44,227.56,155.1,125.36,284.77,265.5425,252.14615384615385,214.2330769230769,18.799812055798427,24.229595097142166,25.73164508876957,46.108842776129684,5.080000000000041,45.76000000000002,0.017373461012311964,0.18178928968695374,292.4
2007-11-14,45,11,2007,129.0,133.94,-0.7485107481711011,0.6631226582407952,292.4,297.48,292.4,241.55,226.29,165.27,126.09,293.66999999999996,270.7875,257.13384615384615,219.51384615384617,2.540000000002452,25.021911968741666,26.829557562032246,46.92075532869632,-5.080000000000041,35.599999999999966,-0.017076778270808224,0.13862928348909653,300.03
2007-11-21,46,11,2007,129.0,124.15,-0.6631226582407955,0.7485107481711007,292.4,292.4,292.4,241.55,239.0,162.73,125.17,293.66999999999996,277.14375,262.21923076923076,224.40346153846153,2.540000000002452,22.902669799143556,26.76139304468945,47.66017699860609,0.0,0.0,0.0,0.0,305.11
2007-11-28,47,11,2007,130.0,118.34,-0.5680647467311559,0.8229838658936564,300.03,292.4,297.48,251.72,228.83,162.73,126.82,295.5775,284.45374999999996,266.9138461538462,229.68423076923077,3.8138901837029566,18.90239058010629,27.685849435666707,48.15725060034692,7.6299999999999955,7.6299999999999955,0.02609439124487012,0.02609439124487012,302.57
2007-12-05,48,12,2007,129.0,118.34,-0.4647231720437684,0.88545602565321,305.11,300.03,292.4,256.8,231.88,162.73,132.58,297.485,291.1275,272.78153846153845,235.16038461538463,6.2271475545934445,14.638371054966921,27.01705382598089,48.334047004633824,5.080000000000041,7.6299999999999955,0.016931640169316475,0.025648783111469564,310.2
2007-12-12,49,12,2007,125.0,122.32,-0.35460488704253595,0.9350162426854147,302.57,305.11,292.4,292.4,250.44,157.64,132.98,300.0275,296.84875,278.2192307692308,240.53884615384615,5.491656550320579,5.218993984890609,25.14802923409763,47.728513098727284,-2.5400000000000205,10.170000000000016,-0.008324866441611234,0.0347811217510261,315.28
2007-12-19,50,12,2007,125.0,115.28,-0.2393156642875578,0.970941817426052,310.2,302.57,300.03,292.4,241.55,150.01,134.25,304.47749999999996,299.07374999999996,282.81615384615384,246.40653846153845,4.342268032569887,6.649648621224559,25.10885021211478,46.49109875598187,7.6299999999999955,17.80000000000001,0.025217305086426167,0.060875512995896,321.64
2007-12-26,51,12,2007,125.0,112.23,-0.12053668025532363,0.992708874098054,315.28,310.2,305.11,297.48,241.55,153.83,135.87,308.28999999999996,301.93375000000003,288.48769230769227,252.76307692307688,5.63734571111954,8.125722715112628,23.270681895842618,44.01648443655902,5.079999999999984,15.25,0.016376531270148265,0.050828250508282435,312.74
2008-01-09,1,1,2008,127.0,107.33,0.12053668025532305,0.992708874098054,312.74,321.64,310.2,292.4,256.8,188.15,136.03,314.96500000000003,307.49625,299.34230769230766,264.0092307692308,4.9095383353913675,9.327711306334887,16.06974546254041,39.76257314843459,-8.899999999999977,10.170000000000016,-0.02767068772540726,0.03361205671414891,307.65
2008-08-06,31,8,2008,170.0,148.31,-0.5680647467311556,-0.8229838658936566,312.74,327.99,320.37,343.25,312.74,233.92,227.56,324.18,323.86249999999995,329.4607692307692,302.6173076923077,9.845124004637288,13.10141295542669,17.147963174258724,32.360227756638665,-15.25,-20.339999999999975,-0.0464953199792677,-0.0610664104719586,284.77
2008-08-13,32,8,2008,164.0,140.66,-0.663122658240795,-0.7485107481711013,302.57,312.74,335.62,307.65,321.64,246.63,226.29,319.73,318.7775,328.67846153846153,305.2576923076923,14.87778433324946,12.376052624786217,18.17554439632156,29.174665901455096,-10.170000000000016,-17.80000000000001,-0.03251902538850171,-0.05556075787370851,300.03
2008-08-20,33,8,2008,159.0,157.48,-0.7485107481711011,-0.6631226582407952,284.77,302.57,327.99,310.2,358.5,266.97,239.0,307.01750000000004,315.9175,325.84230769230766,306.7246153846154,18.14133654576411,17.06884693569938,21.867115780646365,26.985639919152213,-17.80000000000001,-50.85000000000002,-0.058829361800575075,-0.15151063702997447,294.94
2008-08-27,34,8,2008,156.0,173.08,-0.8229838658936564,-0.5680647467311559,300.03,284.77,312.74,333.08,355.96,272.06,228.83,300.02750000000003,314.64625,321.34461538461534,307.99615384615385,11.559458969461884,17.913334967082626,20.564571725579388,25.78989756891973,15.259999999999991,-27.960000000000036,0.0535871053832917,-0.08524650141772627,289.86
2008-09-03,35,8,2008,156.0,181.95,-0.8854560256532096,-0.4647231720437691,294.94,300.03,302.57,320.37,343.25,282.23,231.88,295.5775,309.87874999999997,316.65076923076924,308.87615384615384,7.872489546939418,17.37368160465842,18.901895170213166,24.889268382485085,-5.089999999999975,-17.80000000000001,-0.016964970169649596,-0.05691628829059281,266.97
2008-09-10,36,9,2008,153.0,186.23,-0.9350162426854147,-0.3546048870425359,289.86,294.94,284.77,335.62,343.25,286.04,250.44,292.4,306.065,312.5438461538462,309.16961538461544,6.565998273936389,18.0761887575906,18.43533135877349,24.605893193423007,-5.079999999999984,-12.70999999999998,-0.017223842137383816,-0.042006808341871205,231.38
2008-09-17,37,9,2008,151.81132,187.14,-0.970941817426052,-0.23931566428755774,266.97,289.86,300.03,327.99,307.65,283.5,241.55,287.95,297.48375000000004,306.67615384615385,308.43615384615384,14.589893762464492,18.33442658537012,19.926651557845197,25.587567930840393,-22.889999999999986,-17.799999999999955,-0.07896915752432199,-0.06250658426098243,231.38
2008-09-24,38,9,2008,149.0,182.25,-0.992708874098054,-0.12053668025532357,231.38,266.97,294.94,312.74,310.2,282.23,241.55,270.7875,285.40749999999997,300.8092307692308,306.4315384615385,28.951844356908637,25.705603474729703,28.84722616981374,29.379890631832676,-35.59000000000003,-68.64999999999998,-0.13331085889800365,-0.22881045228810448,165.27
2008-10-01,39,9,2008,149.0,191.12,-1.0,-1.8369701987210297e-16,231.38,231.38,289.86,302.57,333.08,279.68,251.72,254.89749999999998,275.2375,294.74615384615385,304.47576923076923,28.718561216281813,29.203523148513177,34.448378418165085,32.57423364232233,0.0,-63.56,0.0,-0.2155014579236455,142.38
2008-10-08,40,10,2008,146.0,229.34,-0.992708874098054,0.1205366802553232,165.27,231.38,266.97,284.77,320.37,277.14,256.8,223.75000000000003,258.075,281.8376923076923,300.0753846153846,42.44334498285118,46.22815252326559,47.75694629298275,42.32587173167428,-66.10999999999999,-124.59,-0.28572045984959804,-0.4298281929207204,122.04
2008-10-15,41,10,2008,138.0,201.82,-0.9709418174260521,0.23931566428755738,142.38,165.27,231.38,300.03,335.62,282.23,292.4,192.6025,240.27625,268.1461538461539,294.89230769230767,45.74113420471021,59.87801956298928,59.78814215467607,52.318377827122376,-22.890000000000015,-124.59000000000003,-0.13850063532401535,-0.4666816496235533,96.62
2008-10-22,42,10,2008,131.0,174.61,-0.9350162426854148,0.35460488704253557,122.04,142.38,231.38,294.94,327.99,289.86,292.4,165.26749999999998,218.0275,251.71692307692308,288.73115384615386,47.48093327852739,67.131944439929,68.42319080358386,62.3413017077393,-20.33999999999999,-109.33999999999999,-0.1428571428571428,-0.4725559685366064,78.82
2008-10-29,43,10,2008,124.0,212.22,-0.8854560256532101,0.464723172043768,96.62,122.04,165.27,289.86,312.74,302.57,297.48,131.57750000000001,193.2375,233.91923076923075,281.29884615384617,29.239637908154076,71.1685939462464,76.53997740413624,72.83684492490995,-25.42,-134.76,-0.20829236315961985,-0.5824185322845535,73.74
2008-11-05,44,11,2008,117.0,321.08,-0.822983865893657,0.5680647467311548,78.82,96.62,142.38,266.97,302.57,312.74,292.4,109.965,166.85750000000002,215.92538461538464,272.69307692307694,27.956143630097152,69.32635342040861,83.6333042329616,82.76468564643889,-17.80000000000001,-86.45000000000002,-0.18422686814324163,-0.5230834392206694,73.74
2008-11-12,45,11,2008,111.0,168.19,-0.7485107481711011,0.6631226582407952,73.74,78.82,122.04,231.38,284.77,321.64,292.4,92.805,142.70375,198.3230769230769,263.5007692307692,21.819669261164737,62.819617031055905,87.85205986814965,91.00141515045038,-5.079999999999998,-68.64,-0.06445064704389747,-0.4820901812052255,73.74
2008-11-19,46,11,2008,106.0,146.47,-0.6631226582407955,0.7485107481711007,73.74,73.74,96.62,231.38,300.03,358.5,300.03,80.73,122.99874999999999,182.09,253.96615384615384,10.860638409716705,55.30481158026414,90.01759985321401,97.42623614106928,0.0,-48.30000000000001,0.0,-0.39577187807276315,69.92
2008-11-26,47,11,2008,101.0,120.79,-0.5680647467311559,0.8229838658936564,73.74,73.74,78.82,165.27,294.94,355.96,305.11,75.00999999999999,103.29374999999999,164.68307692307692,243.01384615384617,2.5399999999892486,35.82494778682181,87.14398319109742,101.13993269038396,0.0,-22.88000000000001,0.0,-0.23680397433243638,63.56
2008-12-03,48,11,2008,99.0,122.32,-0.4647231720437684,0.88545602565321,69.92,73.74,73.74,142.38,289.86,343.25,302.57,72.785,91.375,147.37384615384616,232.01230769230773,1.9099999999999966,27.04569413841143,81.26455628977718,103.88260979808678,-3.819999999999993,-8.899999999999991,-0.0518036343911038,-0.11291550367926917,58.48
2008-12-10,49,12,2008,95.0,152.9,-0.35460488704253595,0.9350162426854147,63.56,69.92,73.74,122.04,266.97,343.25,310.2,70.24,81.5225,129.96615384615384,221.255,4.803637510609366,18.95813865938577,71.8970521577509,106.35479488015584,-6.359999999999999,-10.179999999999993,-0.09096109839816935,-0.13805261730404117,58.48
2008-12-17,50,12,2008,91.0,143.72,-0.2393156642875578,0.970941817426052,58.48,63.56,73.74,96.62,231.38,307.65,315.28,66.425,73.5775,113.92846153846153,210.30230769230772,6.759080312192395,11.340080309613914,61.25544273044276,107.94025796921909,-5.080000000000005,-15.259999999999998,-0.07992448080553816,-0.20694331434770818,61.02
2008-12-24,51,12,2008,89.0,158.71,-0.12053668025532363,0.992708874098054,58.48,58.48,69.92,78.82,231.38,310.2,321.64,62.61,68.81,100.62846153846155,200.71884615384613,5.429929404083784,7.70275646394045,51.64530405341045,109.99327453356143,0.0,-15.259999999999998,0.0,-0.20694331434770818,61.02
2008-12-31,52,12,2008,88.0,134.85,6.432490598706546e-16,1.0,61.02,58.48,63.56,73.74,165.27,333.08,312.74,60.385,66.585,87.52384615384615,191.13500000000002,2.431864853701185,6.930328790380385,34.4567510410902,110.92421788770942,2.5400000000000063,-8.899999999999999,0.04343365253077991,-0.1272883295194508,58.48
2009-01-07,1,1,2009,86.0,113.45,0.12053668025532305,0.992708874098054,61.02,61.02,58.48,73.74,142.38,320.37,315.28,59.75,64.995,79.50461538461538,180.67115384615383,1.4664696837418025,6.500072527061534,25.93131460074964,109.82518637642015,0.0,-2.539999999999999,0.0,-0.03996224040276897,68.65
2009-01-14,2,1,2009,87.0,168.19,0.23931566428755774,0.970941817426052,58.48,61.02,58.48,73.74,122.04,335.62,307.65,59.75,63.0875,73.05076923076923,170.59846153846155,1.4664696837418025,5.764650280551207,18.29489840617541,108.50184553978104,-2.5400000000000063,0.0,-0.041625696492953224,0.0,63.56
2009-02-04,5,2,2009,85.0,139.44,0.5680647467311558,0.8229838658936564,67.38,63.56,58.48,58.48,73.74,302.57,233.92,64.5175,62.133750000000006,65.52076923076923,140.72307692307692,4.569452009450032,4.04526862077186,6.001317163113133,96.2094816021472,3.819999999999993,6.359999999999992,0.060100692259282384,0.10422812192723674,97.89
2009-02-11,6,2,2009,84.0,108.86,0.6631226582407952,0.7485107481711011,76.28,67.38,68.65,58.48,73.74,284.77,246.63,68.9675,64.35875,65.71615384615384,132.0196153846154,5.333375260251877,6.114513033985133,6.32388796345473,91.08141107737742,8.900000000000006,17.800000000000004,0.13208667260314644,0.3043775649794802,101.7
2009-02-18,7,2,2009,82.0,94.8,0.7485107481711011,0.6631226582407953,97.89,76.28,63.56,61.02,73.74,300.03,266.97,76.2775,69.285,67.57384615384616,124.83192307692308,15.362296649047405,12.858306931426728,10.823622728750681,85.76351224240939,21.61,29.239999999999995,0.2832983744100681,0.4259286234522941,99.16
2009-02-25,8,2,2009,80.0,93.27,0.8229838658936564,0.5680647467311559,101.7,97.89,67.38,61.02,69.92,294.94,272.06,85.8125,74.37,69.72461538461539,117.20384615384616,16.622317076749535,16.61718817541238,14.35341748817033,78.02880084055789,3.8100000000000023,38.14,0.038921238124425495,0.6000629326620517,100.43
2009-03-04,9,3,2009,79.0,86.23,0.8854560256532099,0.4647231720437686,99.16,101.7,76.28,58.48,63.56,289.86,282.23,93.7575,79.1375,71.97384615384615,109.67384615384617,11.758838874083837,17.677288698050113,16.51485015496649,69.12989530308468,-2.5400000000000063,31.78,-0.024975417895771956,0.4716533095874147,109.33
2009-03-11,10,3,2009,77.0,81.65,0.9350162426854148,0.35460488704253557,100.43,99.16,97.89,68.65,58.48,266.97,286.04,99.79500000000002,84.38125,74.81,102.38807692307692,1.639562949893955,16.87800211390762,18.044561045736344,58.553160804126655,1.2700000000000102,24.150000000000006,0.012807583703106085,0.31659674882013644,116.96
2009-03-18,11,3,2009,76.0,81.03,0.970941817426052,0.23931566428755804,109.33,100.43,101.7,63.56,58.48,231.38,283.5,102.655,89.46625,78.72153846153846,96.32499999999999,4.569219481122005,17.57505857539318,19.649711552654857,48.0487308677354,8.899999999999991,11.439999999999998,0.08861893856417402,0.11686586985391756,101.7
2009-03-25,12,3,2009,79.0,82.87,0.992708874098054,0.120536680255323,116.96,109.33,99.16,67.38,61.02,231.38,282.23,106.47,96.14125,83.22,91.92423076923077,8.329413744876124,16.43387741178714,21.257790728733827,39.69857812799705,7.6299999999999955,15.259999999999991,0.06978871307052037,0.15004916420845604,101.7
2009-04-01,13,3,2009,84.0,76.14,1.0,-1.6081226496766366e-16,101.7,116.96,100.43,76.28,61.02,165.27,279.68,107.105,100.43124999999999,86.34923076923077,86.93653846153846,7.655962817743082,11.631015724589568,20.70446266771854,27.856975994147927,-15.259999999999991,2.5400000000000063,-0.13047195622435015,0.02561516740621217,95.35
2009-04-08,14,4,2009,84.0,77.37,0.992708874098054,-0.12053668025532288,101.7,101.7,109.33,97.89,58.48,142.38,277.14,107.42250000000001,103.60875,89.47846153846154,84.49153846153847,7.305168832180717,6.375382201423131,19.6020329924188,23.088246133878044,0.0,1.269999999999996,0.0,0.012645623817584273,99.16
2009-04-15,15,4,2009,84.0,80.42,0.9709418174260521,-0.2393156642875575,95.35,101.7,116.96,101.7,68.65,122.04,282.23,103.9275,103.29125,92.31461538461538,82.6826923076923,9.189542516723275,6.752934679504256,17.2720335684517,20.00843813148872,-6.3500000000000085,-13.980000000000004,-0.06243854473942978,-0.12786975212658924,109.33
2009-04-22,16,4,2009,84.0,79.2,0.9350162426854148,-0.35460488704253545,99.16,95.35,101.7,99.16,63.56,96.62,289.86,99.47749999999999,102.97375,94.66153846153846,81.8026923076923,3.0008929226701144,6.896620160831967,15.798518836773187,18.666343521472335,3.8100000000000023,-17.799999999999997,0.03995804929208191,-0.1521887824897401,106.79
2009-04-29,17,4,2009,83.0,76.14,0.8854560256532099,-0.4647231720437685,109.33,99.16,101.7,100.43,67.38,78.82,302.57,101.385,104.245,98.18230769230769,82.29153846153847,5.904633773571245,7.029247063921694,13.171404730099361,19.227892592235246,10.170000000000002,7.6299999999999955,0.1025615167406213,0.07502458210422813,101.7
2009-05-06,18,5,2009,82.0,76.14,0.8229838658936565,-0.5680647467311557,106.79,109.33,95.35,109.33,76.28,73.74,312.74,102.6575,105.03999999999999,101.21384615384616,83.3673076923077,6.5123440480366375,6.894498842240254,9.520452141276769,19.7998283947516,-2.539999999999992,5.090000000000003,-0.023232415622427394,0.050049164208456176,110.6
2009-05-13,19,5,2009,84.0,83.48,0.7485107481711013,-0.663122658240795,101.7,106.79,99.16,116.96,97.89,73.74,321.64,104.245,104.08625,103.16923076923075,84.4426923076923,4.642861904759267,6.742330960851128,5.891391264007528,20.01415989897181,-5.090000000000003,6.3500000000000085,-0.047663638917501694,0.06659674882013644,122.04
2009-05-20,20,5,2009,84.0,83.18,0.6631226582407952,-0.7485107481711012,110.6,101.7,109.33,101.7,101.7,73.74,358.5,107.105,103.29124999999999,104.14692307692309,85.86038461538463,3.936110601426842,5.20785790210413,5.995981132689904,20.524683574813672,8.899999999999991,11.439999999999998,0.087512291052114,0.11536910044372739,125.86
2009-05-27,21,5,2009,86.0,82.87,0.5680647467311558,-0.8229838658936564,122.04,110.6,106.79,101.7,99.16,69.92,355.96,110.2825,105.83375000000001,105.71153846153847,87.71807692307692,8.644776361094102,8.341990063181811,7.712392458626675,21.544280172563617,11.440000000000012,12.710000000000008,0.1034358047016275,0.1162535443153756,137.3
2009-06-03,22,5,2009,89.0,80.73,0.46472317204376906,-0.8854560256532096,125.86,122.04,101.7,95.35,100.43,63.56,343.25,115.05000000000001,108.85375,107.76538461538462,89.86961538461537,11.01122457616157,10.677888953343727,9.22845293587872,22.469159215382863,3.819999999999993,19.069999999999993,0.031301212717141924,0.17857477291881252,143.66
2009-06-10,23,6,2009,94.0,81.95,0.35460488704253584,-0.9350162426854147,137.3,125.86,110.6,99.16,109.33,58.48,343.25,123.95,114.0975,110.60153846153847,92.70576923076922,11.011224576161563,13.120233828489056,12.027360368588097,23.63885397781976,11.440000000000012,35.60000000000001,0.09089464484347687,0.3500491642084562,143.66
2009-06-17,24,6,2009,97.0,88.68,0.23931566428755768,-0.970941817426052,143.66,137.3,122.04,109.33,116.96,58.48,307.65,132.215,119.66,113.24230769230768,95.98192307692307,10.012690281171379,15.157577077392304,15.100982944743134,24.589227725854155,6.359999999999985,33.06,0.046321922796795256,0.2989150090415913,157.64
2009-06-24,25,6,2009,99.0,84.4,0.12053668025532308,-0.992708874098054,143.66,143.66,125.86,106.79,101.7,61.02,310.2,137.62,123.95124999999999,115.29615384615386,99.25807692307693,8.393711932154728,16.605668083517386,17.303788861817136,25.062717333799093,0.0,21.61999999999999,0.0,0.177155031137332,150.01
2009-07-01,26,6,2009,98.0,80.42,-3.216245299353273e-16,-1.0,157.64,143.66,137.3,101.7,101.7,61.02,333.08,145.565,130.3075,119.59923076923077,102.97423076923077,8.590186261076987,18.69853145493998,20.331595060208556,26.298850647598297,13.97999999999999,31.779999999999987,0.09731310037588736,0.25250278086763056,152.56
2009-07-08,27,7,2009,98.0,76.14,-0.12053668025532283,-0.992708874098054,150.01,157.64,143.66,110.6,95.35,58.48,320.37,148.7425,136.34625,123.3153846153846,106.39692307692306,6.64418730921967,15.7003775546035,21.184487491001544,26.410876058054395,-7.6299999999999955,12.70999999999998,-0.048401420959147345,0.09257101238164589,139.84
2009-07-15,28,7,2009,96.0,82.56,-0.23931566428755743,-0.9709418174260521,152.56,150.01,143.66,122.04,99.16,68.65,335.62,150.9675,141.59125,127.71615384615384,110.0153846153846,5.813050690758599,12.566674111086154,20.83028025834069,26.025320475379687,2.5500000000000114,8.900000000000006,0.016998866742217178,0.06195183071140198,152.56
2009-07-22,29,7,2009,94.0,91.13,-0.3546048870425356,-0.9350162426854148,139.84,152.56,157.64,125.86,109.33,63.56,327.99,150.0125,143.81625,130.8453846153846,112.75346153846152,7.486616391935384,9.904252964543703,19.172557478239664,25.232060231747305,-12.719999999999999,-3.819999999999993,-0.08337703198741475,-0.02659056104691626,162.73
2009-07-29,30,7,2009,95.0,88.07,-0.46472317204376806,-0.8854560256532101,152.56,139.84,150.01,137.3,106.79,67.38,312.74,148.7425,147.15375,134.17076923076922,116.17653846153846,6.055511951932357,7.086955698421487,18.87657254444344,24.311587022210674,12.719999999999999,-5.079999999999984,0.09096109839816924,-0.03222532352194862,157.64
2009-08-05,31,8,2009,96.0,84.4,-0.5680647467311556,-0.8229838658936566,162.73,152.56,152.56,143.66,101.7,76.28,302.57,151.9225,150.33249999999998,138.47384615384615,119.84384615384616,9.373751916921815,7.711421492081297,18.48672701267107,23.843469894615673,10.169999999999987,12.719999999999999,0.06666229680125846,0.0847943470435304,144.93
2009-08-12,32,8,2009,99.0,85.62,-0.663122658240795,-0.7485107481711013,157.64,162.73,139.84,143.66,110.6,97.89,284.77,153.1925,152.07999999999998,142.77692307692308,122.97307692307693,9.822312609563765,7.565989690712173,15.479611528617944,23.22836434521174,-5.090000000000003,5.079999999999984,-0.03127880538314998,0.03329837441006811,142.38
2009-08-19,33,8,2009,100.0,98.47,-0.7485107481711011,-0.6631226582407952,144.93,157.64,152.56,157.64,122.04,101.7,300.03,154.46499999999997,152.23874999999998,145.4176923076923,124.7823076923077,7.592454587724706,7.37499527844634,12.090093157792547,23.027602794507196,-12.70999999999998,5.090000000000003,-0.08062674448109608,0.03639874141876431,134.76
2009-08-26,34,8,2009,101.0,103.97,-0.8229838658936564,-0.5680647467311559,142.38,144.93,162.73,150.01,125.86,99.16,294.94,151.92000000000002,150.33125,146.9823076923077,126.34692307692308,9.822528527149297,7.7427098200245625,9.937014268083892,22.777181172258842,-2.5500000000000114,-10.180000000000007,-0.01759470089008497,-0.0667278447823807,132.21
2009-09-02,35,8,2009,101.0,108.56,-0.8854560256532096,-0.4647231720437691,134.76,142.38,157.64,152.56,137.3,100.43,289.86,144.9275,148.425,147.66692307692307,127.71615384615384,9.512719117055564,9.508922126085634,8.573558561662539,22.1385690733489,-7.6200000000000045,-27.97,-0.05351875263379691,-0.17187980089719168,144.93
2009-09-09,36,9,2009,100.0,102.75,-0.9350162426854147,-0.3546048870425359,132.21,134.76,144.93,139.84,143.66,109.33,266.97,138.57,145.88125000000002,147.2753846153846,128.93846153846155,6.053412260865249,10.86935329591361,9.181146093475695,21.438023732110125,-2.549999999999983,-25.42999999999998,-0.0189225289403383,-0.16131692463841651,146.2
2009-09-16,37,9,2009,99.0,102.44,-0.970941817426052,-0.23931566428755774,144.93,132.21,142.38,152.56,143.66,116.96,231.38,138.57,146.51749999999998,147.37307692307692,130.3076923076923,6.053412260865249,10.611109744035252,9.146160747016033,21.27177892094578,12.719999999999999,0.0,0.09621057408668032,0.0,147.47
2009-09-23,38,9,2009,99.0,118.95,-0.992708874098054,-0.12053668025532357,146.2,144.93,134.76,162.73,157.64,101.7,231.38,139.525,145.7225,147.56846153846152,131.4323076923077,7.070693035339162,10.328202374357007,9.087170302275878,21.310781554452497,1.2699999999999818,3.819999999999993,0.008762851031532293,0.026829610900407364,142.38
2009-09-30,39,9,2009,98.0,137.0,-1.0,-1.8369701987210297e-16,147.47,146.2,132.21,157.64,150.01,101.7,165.27,142.7025,143.815,146.78615384615384,133.1926923076923,7.071441979303832,7.850319374756205,8.570967019014006,20.636239881858124,1.2700000000000102,12.710000000000008,0.008686730506155982,0.09431582071831413,142.38
2009-10-07,40,10,2009,97.0,142.81,-0.992708874098054,0.1205366802553232,142.38,147.47,144.93,144.93,152.56,95.35,142.38,145.245,141.9075,146.19923076923078,134.7573076923077,2.173330777093232,5.518964059103086,8.593022810725047,19.672649350344024,-5.090000000000003,10.169999999999987,-0.03451549467688342,0.07692307692307687,148.74
2009-10-14,41,10,2009,98.0,130.57,-0.9709418174260521,0.23931566428755738,142.38,142.38,146.2,142.38,139.84,99.16,122.04,144.60750000000002,141.58875,145.41615384615386,136.56615384615387,2.6238314859496343,5.3916295906538565,8.427316237946611,17.99491907776849,0.0,-2.5500000000000114,0.0,-0.01759470089008497,150.01
2009-10-21,42,10,2009,102.0,136.69,-0.9350162426854148,0.35460488704253557,148.74,142.38,147.47,134.76,152.56,109.33,96.62,145.2425,142.38375000000002,146.10076923076923,138.47307692307692,3.3457473006779854,5.9635294858438535,8.29707424491555,16.431512107955765,6.360000000000014,2.5400000000000205,0.04466919511167311,0.017373461012311964,164.63
2009-10-28,43,10,2009,106.0,138.83,-0.8854560256532101,0.464723172043768,150.01,148.74,142.38,132.21,162.73,106.79,78.82,145.8775,144.29000000000002,145.9046153846154,140.0376923076923,4.071710328595835,5.605018159773197,8.160665429755719,15.453152249997034,1.2699999999999818,2.539999999999992,0.008538389135403834,0.017223842137383816,167.81
2009-11-04,44,11,2009,106.0,133.94,-0.822983865893657,0.5680647467311548,164.63,150.01,142.38,144.93,157.64,101.7,73.74,151.44,148.3425,146.05076923076922,142.26230769230767,9.40557636015256,7.134631334951755,8.497187242001964,14.616016778232956,14.620000000000005,22.25,0.09746016932204515,0.15627194830734648,177.98
2009-11-11,45,11,2009,106.0,198.77,-0.7485107481711011,0.6631226582407952,167.81,164.63,148.74,146.2,144.93,110.6,73.74,157.7975,151.2025,146.83307692307693,144.805,9.825420686497884,9.696997694424663,9.990095415473101,12.930560776704443,3.180000000000007,25.430000000000007,0.019316042033651337,0.17860654586318314,177.98
2009-11-18,46,11,2009,105.0,130.27,-0.6631226582407955,0.7485107481711007,177.98,167.81,150.01,147.47,142.38,122.04,73.74,165.1075,155.17499999999998,149.37538461538463,147.39653846153846,11.56384127355584,13.223279256133086,13.165959653202078,12.547455181769232,10.169999999999987,29.23999999999998,0.06060425481198961,0.19658464434583833,186.88
2009-11-25,47,11,2009,105.0,123.54,-0.5680647467311559,0.8229838658936564,177.98,177.98,164.63,142.38,134.76,125.86,69.92,172.1,158.98874999999998,152.11384615384617,149.54807692307693,6.912640595314723,14.968200996492405,15.14350605510587,12.818740661776843,0.0,27.97,0.0,0.18645423638424097,183.07
2009-12-02,48,11,2009,105.0,122.32,-0.4647231720437684,0.88545602565321,186.88,177.98,167.81,142.38,132.21,137.3,63.56,177.6625,164.55124999999998,156.12307692307692,151.895,7.7939223116472425,16.137220895007193,16.956998744184087,13.852568065165523,8.900000000000006,22.25,0.05000561860883246,0.13515155196501238,177.98
2009-12-09,49,12,2009,105.0,119.26,-0.35460488704253595,0.9350162426854147,183.07,186.88,177.98,148.74,144.93,143.66,58.48,181.47749999999996,169.6375,160.03538461538463,153.6553846153846,4.327742868208074,14.478010666425032,16.846857083436944,14.799506540631574,-3.8100000000000023,15.259999999999991,-0.02038741438356162,0.09093617782015362,172.9
2009-12-16,50,12,2009,104.0,110.7,-0.2393156642875578,0.970941817426052,177.98,183.07,177.98,150.01,146.2,143.66,58.48,181.4775,173.29250000000002,162.57769230769233,154.97538461538463,4.327742868208074,11.912233507736218,16.871110491926025,15.391051486048513,-5.090000000000003,0.0,-0.027803572403998444,0.0,174.17
2009-12-23,51,12,2009,103.0,110.09,-0.12053668025532363,0.992708874098054,172.9,177.98,186.88,164.63,147.47,157.64,61.02,180.20749999999998,176.15374999999997,164.63153846153847,156.1,6.084884961935813,7.424807717566507,16.327624774266432,15.59805346830308,-5.079999999999984,-5.079999999999984,-0.028542532868861548,-0.028542532868861548,172.9
2010-01-06,1,1,2010,106.0,116.2,0.12053668025532305,0.992708874098054,172.9,174.17,177.98,177.98,142.38,152.56,58.48,174.48749999999998,177.98250000000002,169.03307692307692,157.61615384615385,2.4040711997206974,4.946094418829779,13.895263812186766,16.23825140264264,-1.2699999999999818,-10.169999999999987,-0.007291726474134341,-0.05555252089364715,183.07
2010-07-14,28,7,2010,110.0,118.65,-0.23931566428755743,-0.9709418174260521,142.38,157.64,174.17,183.07,177.98,183.07,139.84,160.8175,171.46624999999997,174.1676923076923,172.60269230769228,14.101962924831778,14.803897109978596,11.96153846978373,10.331240993296552,-15.259999999999991,-35.599999999999994,-0.0968028419182948,-0.20002247443532983,142.38
2010-07-21,29,7,2010,109.0,129.96,-0.3546048870425356,-0.9350162426854148,129.67,142.38,169.08,185.61,177.98,177.98,152.56,149.6925,164.79125,170.45153846153846,170.54884615384614,17.256989646710313,19.96397501035947,17.085384517258465,13.103189940446514,-12.710000000000008,-44.5,-0.08926815563983714,-0.2554975024401447,146.2
2010-07-28,30,7,2010,110.0,118.65,-0.46472317204376806,-0.8854560256532101,142.38,129.67,157.64,181.8,175.44,174.17,162.73,143.01749999999998,159.3875,167.71307692307693,169.17961538461537,11.44240759921917,19.365513345708795,18.566925514929288,14.116454081892837,12.710000000000008,-26.700000000000017,0.09801804580859108,-0.15791341376863033,152.56
2010-08-04,31,8,2010,110.0,113.45,-0.5680647467311556,-0.8229838658936566,146.2,142.38,142.38,177.98,177.98,170.35,157.64,140.15749999999997,154.93749999999997,165.46384615384616,168.10384615384615,7.2198447582573495,17.47787070228178,19.3091263130771,14.771494731929481,3.819999999999993,-11.439999999999998,0.026829610900407364,-0.07257041360060901,152.56
2010-08-11,32,8,2010,113.0,132.41,-0.663122658240795,-0.7485107481711013,152.56,146.2,129.67,174.17,183.07,160.18,144.93,142.7025,151.76,163.50846153846155,167.41961538461538,9.649747406020653,14.795054192918391,19.222941088776455,15.072252514013625,6.360000000000014,10.180000000000007,0.043502051983584256,0.07149880601208047,157.64
2010-08-18,33,8,2010,112.0,133.63,-0.7485107481711011,-0.6631226582407952,152.56,152.56,142.38,169.08,183.07,155.1,142.38,148.425,149.05875,161.16153846153844,167.12653846153847,5.022917478916122,11.785664945782546,18.483929887947756,15.291151413104833,0.0,22.890000000000015,0.0,0.17652502506362322,165.27
2010-08-25,34,8,2010,112.0,139.44,-0.8229838658936564,-0.5680647467311559,157.64,152.56,146.2,157.64,185.61,160.18,134.76,152.24,147.62875,159.20538461538462,167.22423076923076,4.68495464225646,9.477352610300029,17.278463287854805,15.21918714598949,5.079999999999984,15.259999999999991,0.03329837441006811,0.10717797443461152,162.73
2010-09-01,35,8,2010,111.0,154.73,-0.8854560256532096,-0.4647231720437691,165.27,157.64,152.56,142.38,181.8,165.27,132.21,157.0075,148.58249999999998,157.64076923076922,167.42000000000002,6.006370923167023,10.905129526968555,15.519598073370837,15.157562864789188,7.630000000000024,19.07000000000002,0.04840142095914768,0.1304377564979482,165.27
2010-09-08,36,9,2010,111.0,151.37,-0.9350162426854147,-0.3546048870425359,162.73,165.27,152.56,129.67,177.98,172.9,144.93,159.55,151.12625,156.17384615384614,167.3223076923077,5.637345711118482,11.602760678265573,13.858068370965672,15.180142636404138,-2.5400000000000205,10.169999999999987,-0.015368790464089233,0.06666229680125846,172.9
2010-09-15,37,9,2010,111.0,145.25,-0.970941817426052,-0.23931566428755774,165.27,162.73,157.64,142.38,174.17,177.98,146.2,162.7275,155.57625,155.19615384615383,167.02884615384616,3.596816879779346,8.648892476577224,12.580931032361043,15.141704613927097,2.5400000000000205,12.710000000000008,0.015608676949548483,0.08331148400629274,165.27
2010-09-22,38,9,2010,112.0,166.66,-0.992708874098054,-0.12053668025532357,172.9,165.27,165.27,146.2,169.08,180.52,147.47,166.54250000000002,159.39125,155.09846153846155,166.83346153846153,4.404220513704073,8.727304341627859,12.425287284508297,15.02708300165066,7.6299999999999955,15.26000000000002,0.04616687844133849,0.09680284191829491,162.73
2010-09-29,39,9,2010,111.0,170.94,-1.0,-1.8369701987210297e-16,165.27,172.9,162.73,152.56,157.64,175.44,142.38,166.54250000000002,161.775,154.8053846153846,166.24692307692308,4.404220513704073,7.053402421119545,12.108926882940928,14.76686690377763,-7.6299999999999955,0.0,-0.04412955465587043,0.0,155.1
2010-10-06,40,10,2010,113.0,196.93,-0.992708874098054,0.1205366802553232,162.73,165.27,165.27,152.56,142.38,170.35,142.38,166.54250000000002,163.04625,155.19692307692307,165.7580769230769,4.404220513704073,5.9919062969474695,12.289171645948691,14.66035716324413,-2.5400000000000205,0.0,-0.015368790464089233,0.0,152.56
2010-10-13,41,10,2010,116.0,181.64,-0.9709418174260521,0.23931566428755738,155.1,162.73,172.9,157.64,129.67,177.98,148.74,164.0,163.36374999999998,156.17538461538462,165.17153846153846,7.340431413298006,5.394383156842636,11.674668885657699,14.773917474336292,-7.6299999999999955,-10.170000000000016,-0.04688748233269835,-0.06153566890542761,150.01
2010-10-20,42,10,2010,116.0,169.1,-0.9350162426854148,0.35460488704253557,152.56,155.1,165.27,165.27,142.38,177.98,150.01,158.915,162.72875000000002,157.93615384615384,164.19384615384615,6.052010685163483,6.37438498433703,8.688144737189916,14.733441166795453,-2.539999999999992,-20.340000000000003,-0.016376531270148265,-0.11764025448235971,150.01
2010-10-27,43,10,2010,116.0,150.14,-0.8854560256532101,0.464723172043768,150.01,152.56,162.73,162.73,146.2,175.44,164.63,155.1,160.82125000000002,158.5230769230769,163.1180769230769,5.4947429421220795,7.659072001785873,7.757566612256198,14.707673376638645,-2.5500000000000114,-15.26000000000002,-0.016714735186156293,-0.09233375688267698,155.1
2010-11-03,44,10,2010,116.0,135.77,-0.822983865893657,0.5680647467311548,150.01,150.01,155.1,165.27,152.56,177.98,167.81,151.92,159.23125000000002,158.81615384615387,162.14000000000001,2.4370884267915254,8.482289848348527,7.312407878008556,14.701035065601323,0.0,-12.719999999999999,0.0,-0.07816628771584833,147.47
2010-11-10,45,11,2010,118.0,140.05,-0.7485107481711011,0.6631226582407952,155.1,150.01,152.56,172.9,152.56,183.07,177.98,151.92,157.96,159.01153846153846,161.26000000000002,2.4370884267915254,8.205545163396431,7.163738370145871,14.39657236983999,5.090000000000003,0.0,0.03393107126191586,0.0,150.01
2010-11-17,46,11,2010,120.0,125.37,-0.6631226582407955,0.7485107481711007,147.47,155.1,150.01,165.27,157.64,183.07,177.98,150.6475,154.78125,158.62,159.89076923076922,3.2007329889680105,6.294188788077887,7.667146361804746,13.924475982407971,-7.6299999999999955,-5.090000000000003,-0.04919406834300444,-0.03336392239119035,136.03
2010-11-24,47,11,2010,120.0,140.66,-0.5680647467311559,0.8229838658936564,150.01,147.47,150.01,162.73,165.27,185.61,186.88,150.6475,152.87375,158.03307692307692,158.61923076923074,3.2007329889680105,4.79523852378214,8.031786211272784,13.214524712779388,2.539999999999992,0.0,0.017223842137383816,0.0,134.76
2010-12-01,48,11,2010,119.0,142.5,-0.4647231720437684,0.88545602565321,136.03,150.01,155.1,155.1,162.73,181.8,183.07,147.1525,149.53625,155.78384615384616,156.7123076923077,8.065128124628202,6.075891322028832,9.747264178955994,12.732349447827032,-13.97999999999999,-13.97999999999999,-0.09319378708086123,-0.09319378708086123,134.76
2010-12-08,49,12,2010,121.0,170.94,-0.35460488704253595,0.9350162426854147,134.76,136.03,147.47,152.56,165.27,177.98,177.98,142.0675,146.99375,153.6323076923077,154.90307692307692,7.7914755769796304,7.503170639324295,11.081833598165671,12.36159108504605,-1.2700000000000102,-20.340000000000003,-0.009336175843563943,-0.13114119922630563,138.57
2010-12-15,50,12,2010,122.0,177.67,-0.2393156642875578,0.970941817426052,134.76,134.76,150.01,150.01,172.9,174.17,172.9,138.89,144.76875,151.28538461538463,153.24076923076922,7.437468207215235,8.221569953479673,11.629015159923853,12.035908913939993,0.0,-12.710000000000008,0.0,-0.08618702108903509,132.21
2010-12-22,51,12,2010,123.0,158.4,-0.12053668025532363,0.992708874098054,138.57,134.76,136.03,150.01,165.27,169.08,174.17,136.02999999999997,143.33875,148.64461538461538,151.87153846153845,1.7960512242151352,8.1744732246157,10.110389553477622,11.575891738371915,3.8100000000000023,-11.439999999999998,0.028272484416740795,-0.07626158256116256,132.21
2011-07-13,28,7,2011,147.0,137.3,-0.23931566428755743,-0.9709418174260521,132.21,132.21,137.3,134.76,134.76,134.76,129.67,134.755,134.43875,133.48538461538462,136.71307692307693,2.938712870176078,2.428635345788139,2.7966247972130946,8.001671709955389,0.0,-2.549999999999983,0.0,-0.0189225289403383,130.94
2011-07-20,29,7,2011,148.0,131.8,-0.3546048870425356,-0.9350162426854148,134.76,132.21,137.3,130.94,132.21,137.3,142.38,134.12,134.43875,133.48538461538462,136.71307692307693,2.4370884267923683,2.428635345788139,2.7966247972130946,8.001671709955389,2.549999999999983,-2.5400000000000205,0.01928749716360323,-0.01849963583394043,129.67
2011-07-27,30,7,2011,149.0,119.26,-0.46472317204376806,-0.8854560256532101,130.94,134.76,132.21,136.03,128.4,127.13,146.2,132.53,134.43875,133.3876923076923,136.46846153846153,1.602685246704932,2.428635345788139,2.8662058365394367,8.079843905578617,-3.819999999999993,-6.360000000000014,-0.028346690412585307,-0.04632192279679548,132.21
2011-08-03,31,7,2011,149.0,110.7,-0.5680647467311556,-0.8229838658936566,129.67,130.94,132.21,134.76,129.67,124.59,152.56,131.89499999999998,133.64375,133.48538461538462,136.56615384615384,2.1733307770959436,2.839531840177622,2.6987917524429097,7.977119819548841,-1.2700000000000102,-2.5400000000000205,-0.009699098823888863,-0.01921185991982466,128.4
2011-08-10,32,8,2011,147.0,115.28,-0.663122658240795,-0.7485107481711013,132.21,129.67,134.76,137.3,134.76,124.59,152.56,131.89499999999998,133.32500000000002,133.68076923076922,136.85923076923078,2.1733307770959436,2.8394516573168667,2.482856089053791,7.652909471872088,2.5400000000000205,0.0,0.019588185393691893,0.0,129.67
2011-08-17,33,8,2011,145.0,129.35,-0.7485107481711011,-0.6631226582407952,128.4,132.21,130.94,137.3,134.76,134.76,157.64,130.305,132.2125,133.19153846153847,137.00576923076923,1.6395629498963256,2.8028340249436443,2.8516832635960925,7.442155157255822,-3.8100000000000023,-6.359999999999985,-0.02881778987973682,-0.047195013357079096,134.76
2011-08-24,34,8,2011,144.0,133.02,-0.8229838658936564,-0.5680647467311559,129.67,128.4,129.67,132.21,130.94,143.66,165.27,129.9875,131.25875000000002,132.8,136.81,1.5980482888008942,2.0105325342757587,2.9655437949853707,7.569452820386304,1.2699999999999818,-1.2700000000000102,0.009890965732087142,-0.009699098823888863,138.57
2011-08-31,35,8,2011,144.0,140.05,-0.8854560256532096,-0.4647231720437691,134.76,129.67,132.21,132.21,136.03,142.38,162.73,131.26,131.5775,133.09384615384613,136.4676923076923,2.8201772993919922,2.3554420270535252,2.9551213693635043,7.447546875420982,5.090000000000003,5.090000000000003,0.03925348962751607,0.03925348962751607,137.3
2011-09-07,36,9,2011,146.0,140.66,-0.9350162426854147,-0.3546048870425359,138.57,134.76,128.4,134.76,134.76,150.01,165.27,132.85,132.3725,133.28923076923076,136.32115384615383,4.700404237935898,3.428359666072577,3.2360455846013245,7.363572136907404,3.8100000000000023,6.359999999999985,0.028272484416740795,0.04810528704334005,137.3
2011-09-14,37,9,2011,146.0,145.25,-0.970941817426052,-0.23931566428755774,137.3,138.57,129.67,130.94,137.3,152.56,172.9,135.075,132.69,133.48461538461538,135.8323076923077,3.9361106014277962,3.780574408353355,3.4045401436494305,6.820308677882051,-1.2699999999999818,8.900000000000006,-0.009165042938586887,0.06931464174454827,139.84
2011-09-21,38,9,2011,145.0,158.4,-0.992708874098054,-0.12053668025532357,137.3,137.3,134.76,129.67,137.3,150.01,165.27,136.98250000000002,133.48499999999999,133.48461538461538,135.2453846153846,1.598048288800649,4.0210624040291565,3.4045401436494305,5.920463651286857,0.0,7.630000000000024,0.0,0.05884167502120796,139.84
2011-09-28,39,9,2011,143.0,172.16,-1.0,-1.8369701987210297e-16,139.84,137.3,138.57,132.21,132.21,150.01,162.73,138.2525,134.75625,133.68,134.85423076923078,1.215932426852683,4.244084749047476,3.701668542694911,5.197829680229111,2.539999999999992,5.0800000000000125,0.01849963583394021,0.03769664588898802,139.84
2011-10-05,40,10,2011,141.0,171.86,-0.992708874098054,0.1205366802553232,139.84,139.84,137.3,128.4,132.21,147.47,155.1,138.57,135.70999999999998,134.2669230769231,134.46307692307693,1.4664696837434064,4.442807992373508,4.038715523146026,4.32027014825481,0.0,1.2700000000000102,0.0,0.009165042938586998,142.38
2011-10-12,41,10,2011,140.0,160.54,-0.9709418174260521,0.23931566428755738,139.84,139.84,137.3,129.67,134.76,134.76,152.56,139.205,137.14,134.85384615384615,134.16961538461538,1.2700000000020022,3.4934919084265244,4.2630652869741255,3.6006138152000515,0.0,2.539999999999992,0.0,0.01849963583394021,150.01
2011-10-19,42,10,2011,143.0,151.67,-0.9350162426854148,0.35460488704253557,142.38,139.84,139.84,134.76,130.94,132.21,150.01,140.475,138.72875,135.44,134.46269230769232,1.2700000000019454,2.295806347597947,4.745633080349977,3.9443078558340168,2.539999999999992,5.079999999999984,0.01816361556064061,0.03699927166788042,150.01
2011-10-26,43,10,2011,144.0,150.76,-0.8854560256532101,0.464723172043768,150.01,142.38,139.84,138.57,129.67,128.4,150.01,143.01749999999998,140.635,136.90692307692308,135.1473076923077,4.812985040492502,4.128998494960529,6.016041589802752,4.953371019981604,7.6299999999999955,10.169999999999987,0.05358898721730587,0.07272597254004576,147.47
2011-11-02,44,10,2011,147.0,148.31,-0.822983865893657,0.5680647467311548,150.01,150.01,139.84,137.3,132.21,129.67,155.1,145.56,142.065,138.47153846153847,135.97846153846154,5.242003433803182,5.163160715238977,6.5942296064472545,5.552690657556593,0.0,10.169999999999987,0.0,0.07272597254004576,144.93
2011-11-09,45,11,2011,147.0,135.47,-0.7485107481711011,0.6631226582407952,147.47,150.01,142.38,137.3,128.4,134.76,147.47,147.46749999999997,143.33625,139.64538461538461,136.66307692307691,3.5968168797800786,5.0735699955710825,6.743261593847551,5.833976187292894,-2.539999999999992,7.6299999999999955,-0.01693220451969868,0.054562356979404925,143.66
2011-11-16,46,11,2011,150.0,135.47,-0.6631226582407955,0.7485107481711007,144.93,147.47,150.01,139.84,129.67,134.76,150.01,148.105,144.29000000000002,140.91692307692307,137.05423076923077,2.431864853701955,4.45636623270122,5.9589489909636555,6.038623136499707,-2.539999999999992,2.5500000000000114,-0.017223842137383816,0.0179098187947746,146.2
2011-11-23,47,11,2011,151.0,129.35,-0.5680647467311559,0.8229838658936564,143.66,144.93,150.01,139.84,134.76,130.94,136.03,146.51749999999998,144.7675,141.9930769230769,137.39653846153846,2.8160418439133736,4.101998641772421,4.933598052494185,6.154511803426453,-1.2700000000000102,-6.349999999999994,-0.008762851031532515,-0.0423305112992467,144.93
2011-11-30,48,11,2011,150.0,123.85,-0.4647231720437684,0.88545602565321,146.2,143.66,147.47,139.84,138.57,136.03,134.76,145.565,145.5625,142.87307692307692,137.98346153846154,1.6395629498958417,3.595639223911625,4.540542156715268,6.241179338756036,2.539999999999992,-3.8100000000000023,0.017680634832242692,-0.02539830677954802,142.38
2011-12-07,49,12,2011,148.0,128.43,-0.35460488704253595,0.9350162426854147,144.93,146.2,144.93,142.38,137.3,134.76,134.76,144.93,146.19875000000002,143.3623076923077,138.32576923076925,1.0369506577803984,2.8008898458404476,4.37798689248325,6.372440143670941,-1.2699999999999818,-2.539999999999992,-0.00868673050615587,-0.017223842137383816,142.38
2011-12-14,50,12,2011,147.0,116.2,-0.2393156642875578,0.970941817426052,142.38,144.93,143.66,150.01,137.3,137.3,138.57,144.2925,146.19875,143.75307692307692,138.61884615384614,1.6434389756456567,2.8008898458404476,4.002389670797855,6.3771111496851,-2.5500000000000114,-2.5500000000000114,-0.01759470089008497,-0.01759470089008497,146.2
2011-12-21,51,12,2011,144.0,107.94,-0.12053668025532363,0.992708874098054,142.38,142.38,146.2,150.01,139.84,137.3,132.21,143.9725,145.245,144.14384615384617,138.81423076923076,1.9105562017393267,2.6102818676402766,3.5412745785962816,6.412809164840999,0.0,-1.2800000000000011,0.0,-0.00890992621467357,144.93
2011-12-28,52,12,2011,143.0,104.58,6.432490598706546e-16,1.0,146.2,142.38,144.93,147.47,139.84,132.21,132.21,143.9725,144.76874999999998,144.6330769230769,139.15653846153845,1.9105562017393267,1.8550043319055858,3.3301736306450276,6.564489891721575,3.819999999999993,0.0,0.026829610900407364,0.0,142.38
2012-01-11,2,1,2012,144.0,111.0,0.23931566428755774,0.970941817426052,142.38,144.93,142.38,143.66,142.38,134.76,134.76,143.9725,144.1325,145.22,140.03692307692307,1.9105562017393267,1.6586634033684635,2.705238744853088,6.338378195871482,-2.5500000000000114,0.0,-0.01759470089008497,0.0,129.67
2012-01-18,3,1,2012,145.0,110.7,0.3546048870425356,0.9350162426854148,142.38,142.38,146.2,146.2,150.01,130.94,137.3,143.9725,143.9725,145.22,140.32999999999998,1.9105562017393267,1.7688313333028027,2.705238744853088,6.260309257540938,0.0,0.0,0.0,0.0,129.67
2012-01-25,4,1,2012,145.0,117.73,0.4647231720437685,0.8854560256532099,129.67,142.38,144.93,144.93,150.01,129.67,127.13,139.83999999999997,141.90625,143.6553846153846,140.28115384615384,6.885738885552159,5.173365683958411,4.78586393347427,6.340940830463364,-12.710000000000008,-16.53,-0.08926815563983714,-0.11306429548563612,124.59
2012-02-01,5,1,2012,145.0,141.28,0.5680647467311558,0.8229838658936564,129.67,129.67,142.38,142.38,147.47,132.21,124.59,136.025,139.99875,142.0907692307692,140.28115384615384,7.338121921400514,6.533652309386958,5.7607833112311315,6.340940830463364,0.0,-15.26000000000002,0.0,-0.10529221003242961,119.5
2012-02-08,6,2,2012,146.0,120.79,0.6631226582407952,0.7485107481711011,124.59,129.67,142.38,142.38,144.93,128.4,124.59,131.5775,137.775,140.33076923076922,139.98807692307693,7.589384581989456,8.375295303959605,7.2761682470210545,6.881929391812958,-5.079999999999984,-17.789999999999992,-0.03917637078738323,-0.1249473240623683,127.13
2012-02-15,7,2,2012,149.0,129.35,0.7485107481711011,0.6631226582407953,119.5,124.59,129.67,146.2,143.66,129.67,134.76,125.8575,134.915,138.37461538461537,139.64576923076922,4.868082271285754,10.270288631357127,9.121104296614794,7.658864235947028,-5.090000000000003,-22.879999999999995,-0.04085400112368576,-0.16069672706840843,127.13
2012-02-22,8,2,2012,149.0,123.85,0.8229838658936564,0.5680647467311559,127.13,119.5,129.67,144.93,146.2,134.76,143.66,125.2225,132.53125,137.1030769230769,139.5480769230769,4.34226803256932,9.457791100460703,9.468465543242468,7.805985918120738,7.6299999999999955,-2.539999999999992,0.06384937238493715,-0.01958818539369167,124.59
2012-02-29,9,2,2012,153.0,117.12,0.8854560256532099,0.4647231720437686,127.13,127.13,124.59,142.38,144.93,138.57,142.38,124.5875,130.30625,135.63615384615383,139.2546153846154,3.596816879780447,8.123934545523648,9.418758356298238,8.129893593781354,0.0,-2.539999999999992,0.0,-0.01958818539369167,124.59
2012-03-07,10,3,2012,154.0,106.11,0.9350162426854148,0.35460488704253557,124.59,127.13,119.5,142.38,142.38,137.3,150.01,124.5875,128.0825,134.07153846153844,138.71692307692308,3.596816879780447,6.647531765353211,9.435631798447575,8.624255455046518,-2.539999999999992,0.0,-0.019979548493667787,0.0,124.59
2012-03-14,11,3,2012,156.0,105.5,0.970941817426052,0.23931566428755804,124.59,124.59,127.13,129.67,142.38,137.3,152.56,125.86,125.85875,132.7030769230769,138.22807692307694,1.466469683743925,3.328369130877597,9.420270152366447,9.0571377462143,0.0,5.090000000000003,0.0,0.04259414225941427,124.59
2012-03-21,12,3,2012,158.0,110.7,0.992708874098054,0.120536680255323,124.59,124.59,127.13,129.67,146.2,139.84,150.01,125.225,125.22375000000001,131.33461538461538,137.73923076923077,1.270000000002678,2.9617704044239246,9.18663940675364,9.44397413087675,0.0,-2.539999999999992,0.0,-0.019979548493667787,129.67
2012-03-28,13,3,2012,158.0,107.94,1.0,-1.6081226496766366e-16,124.59,124.59,124.59,124.59,144.93,139.84,150.01,124.59,124.58875,129.6723076923077,137.1526923076923,2.6347680217385705e-06,2.354669752387136,8.171698266827804,9.776012503142198,0.0,-2.539999999999992,0.0,-0.019979548493667787,129.67
2012-04-04,14,4,2012,156.0,99.38,0.992708874098054,-0.12053668025532288,129.67,124.59,124.59,119.5,142.38,139.84,147.47,125.85999999999999,125.22375000000001,128.49846153846153,136.76153846153846,2.54000000000131,2.9617704044239246,6.773783834451057,9.867221571370322,5.079999999999984,5.079999999999984,0.04077373786018135,0.04077373786018135,129.67
2012-04-11,15,4,2012,157.0,97.85,0.9709418174260521,-0.2393156642875575,129.67,129.67,124.59,127.13,142.38,142.38,134.76,127.13,126.49499999999999,127.52076923076923,136.3703846153846,2.932939367484389,2.251469361475944,5.376326908365349,9.94160247878622,0.0,5.079999999999984,0.0,0.04077373786018135,133.49
2012-04-18,16,4,2012,156.0,100.3,0.9350162426854148,-0.35460488704253545,129.67,129.67,124.59,127.13,129.67,150.01,132.21,128.39999999999998,126.81249999999999,126.54307692307692,135.88153846153844,2.5400000000012124,2.517219270761609,3.1391967778761414,9.946764174268747,0.0,5.079999999999984,0.0,0.04077373786018135,136.03
2012-04-25,17,4,2012,154.0,98.77,0.8854560256532099,-0.4647231720437685,133.49,129.67,129.67,124.59,129.67,150.01,128.4,130.625,127.60749999999999,126.83692307692307,135.24615384615385,1.9100000000015314,3.459701679948268,3.6010910027696044,9.52693532125833,3.8200000000000216,8.900000000000006,0.029459396930670234,0.07143430451882171,137.3
2012-05-02,18,4,2012,154.0,103.05,0.8229838658936565,-0.5680647467311557,136.03,133.49,129.67,124.59,124.59,147.47,129.67,132.215,129.0375,127.32615384615384,134.70846153846153,3.11629587812287,4.297187618492276,4.368343580923759,9.04254109963105,2.539999999999992,6.360000000000014,0.019027642520038857,0.049047582324361905,132.21
2012-05-09,19,5,2012,153.0,107.03,0.7485107481711013,-0.663122658240795,137.3,136.03,129.67,124.59,119.5,144.93,134.76,134.1225,130.62625,128.30384615384614,134.31730769230768,3.364514576181624,4.744265523460466,5.0707799177574175,8.6811748318758,1.2700000000000102,7.630000000000024,0.009336175843563943,0.05884167502120796,127.13
2012-05-16,20,5,2012,151.0,104.89,0.6631226582407952,-0.7485107481711012,132.21,137.3,133.49,124.59,127.13,143.66,134.76,134.75750000000002,131.57874999999999,129.28153846153845,133.8280769230769,2.322346155652034,4.077294051901033,4.414725069114852,8.413461603519787,-5.090000000000003,2.5400000000000205,-0.03707210487982526,0.019588185393691893,129.67
2012-05-23,21,5,2012,149.0,98.77,0.5680647467311558,-0.8229838658936564,127.13,132.21,136.03,129.67,127.13,146.2,130.94,133.16750000000002,131.89625,129.28153846153847,133.19230769230768,4.569452009450587,3.5155285621627392,4.414725069114852,8.264010313497579,-5.0800000000000125,-6.360000000000014,-0.038423719839649095,-0.047644018278522826,127.13
2012-05-30,22,5,2012,147.0,100.91,0.46472317204376906,-0.8854560256532096,129.67,127.13,137.3,129.67,124.59,144.93,136.03,131.5775,131.89625,129.47692307692307,132.55653846153848,4.34226803256918,3.5155285621627392,4.367522914677181,7.848678840321964,2.539999999999992,-6.360000000000014,0.019979548493667787,-0.04675439241343826,123.32
2012-06-06,23,6,2012,145.0,87.15,0.35460488704253584,-0.9350162426854147,127.13,129.67,132.21,129.67,124.59,142.38,134.76,129.035,131.57875,129.6723076923077,131.87192307692305,2.4318648537022813,3.844608237513059,4.183627122176391,7.494538288240486,-2.539999999999992,-10.170000000000016,-0.01958818539369167,-0.0740713765477059,124.59
2012-06-13,24,6,2012,143.0,86.85,0.23931566428755768,-0.970941817426052,123.32,127.13,127.13,133.49,124.59,142.38,137.3,126.81249999999999,130.785,129.57461538461538,131.13884615384615,2.6181720722683424,4.825385254784918,4.324645679866063,7.356482489304342,-3.8100000000000023,-8.890000000000015,-0.029969322740501902,-0.06724150971938592,128.4
2012-06-20,25,6,2012,142.0,84.7,0.12053668025532308,-0.992708874098054,124.59,123.32,129.67,136.03,124.59,146.2,137.3,126.17750000000001,129.6725,129.57461538461538,130.45461538461538,2.8160418439136565,5.129051012191878,4.324645679866063,7.091677505795855,1.2700000000000102,-2.539999999999992,0.010298410638988065,-0.019979548493667787,123.32
2012-06-27,26,6,2012,139.0,82.56,-3.216245299353273e-16,-1.0,128.4,124.59,127.13,137.3,129.67,144.93,132.21,125.86,128.71875,129.8676923076923,129.77,2.3186921601065045,4.441275355758299,4.080925454364088,6.329029625468455,3.8100000000000023,-1.2699999999999818,0.030580303395135955,-0.009794092696845724,122.04
2012-07-04,27,7,2012,138.0,97.85,-0.12053668025532283,-0.992708874098054,123.32,128.4,123.32,132.21,129.67,142.38,132.21,124.9075,126.97125,129.37923076923076,128.93884615384616,2.404071199723396,3.143089642366374,4.468210793179023,5.6399683168828485,-5.0800000000000125,-3.8100000000000023,-0.039563862928349014,-0.029969322740501902,124.59
2012-07-11,28,7,2012,139.0,107.94,-0.23931566428755743,-0.9709418174260521,122.04,123.32,124.59,127.13,129.67,142.38,134.76,124.5875,125.69999999999999,128.7923076923077,128.15653846153845,2.746602446661362,2.754144928224436,4.906461987088313,5.084283188269479,-1.279999999999987,-1.279999999999987,-0.010379500486539017,-0.010379500486539017,128.4
2012-07-18,29,7,2012,139.0,125.07,-0.3546048870425356,-0.9350162426854148,124.59,122.04,128.4,129.67,133.49,129.67,130.94,124.58749999999999,125.3825,128.40153846153845,127.4723076923077,2.746602446661362,2.7118246361246876,5.031437578121898,4.216582794348634,2.549999999999997,0.0,0.0208947885939037,0.0,129.67
2012-07-25,30,7,2012,143.0,107.03,-0.46472317204376806,-0.8854560256532101,128.4,124.59,123.32,127.13,136.03,129.67,129.67,124.5875,125.22375,128.01000000000002,127.42346153846155,2.746602446661362,2.4494602174954254,4.794953944857662,4.19741819914576,3.8100000000000023,0.0,0.030580303395135955,0.0,128.4
2012-08-01,31,7,2012,143.0,108.56,-0.5680647467311556,-0.8229838658936566,129.67,128.4,122.04,123.32,137.3,124.59,132.21,126.17500000000001,125.54125,127.52076923076923,127.42346153846152,3.501242636551479,2.8617648775250113,4.195460764399226,4.19741819914576,1.2699999999999818,6.349999999999994,0.009890965732087142,0.05149205319493988,127.13
2012-08-08,32,8,2012,145.0,93.27,-0.663122658240795,-0.7485107481711013,128.4,129.67,124.59,124.59,132.21,119.5,128.4,127.765,126.17625,126.83615384615383,127.57,2.1997045256137944,2.862081847178788,3.031354313558661,4.160888366690271,-1.2699999999999818,6.359999999999999,-0.009794092696845724,0.05211406096361837,127.13
2012-08-15,33,8,2012,149.0,111.61,-0.7485107481711011,-0.6631226582407952,127.13,128.4,128.4,128.4,127.13,127.13,129.67,128.4,126.49375,126.44538461538461,127.86346153846154,1.0369506577809846,2.8012137037784566,2.573783257460048,3.824418326820408,-1.2700000000000102,2.539999999999992,-0.009890965732087253,0.020386868930090563,127.13
2012-08-22,34,8,2012,152.0,100.91,-0.8229838658936564,-0.5680647467311559,127.13,127.13,129.67,123.32,129.67,127.13,134.76,128.08249999999998,126.335,126.44538461538461,127.86346153846155,1.2159324268529266,2.7123263604634134,2.573783257460048,3.824418326820408,0.0,-1.2700000000000102,0.0,-0.009890965732087253,127.13
2012-08-29,35,8,2012,154.0,133.94,-0.8854560256532096,-0.4647231720437691,127.13,127.13,128.4,122.04,127.13,124.59,138.57,127.4475,126.81125,126.25,127.86346153846154,0.6350000000046157,2.4267640858810475,2.3990727375324092,3.824418326820408,0.0,-2.539999999999992,0.0,-0.01958818539369167,124.59
2012-09-05,36,9,2012,156.0,152.9,-0.9350162426854147,-0.3546048870425359,127.13,127.13,127.13,124.59,123.32,124.59,137.3,127.13,127.4475,126.25,127.96115384615383,2.4256875284975196e-06,1.4795052261606503,2.3990727375324092,3.769502170770411,0.0,-1.2700000000000102,0.0,-0.009890965732087253,122.04
2012-09-12,37,9,2012,156.0,168.19,-0.970941817426052,-0.23931566428755774,124.59,127.13,127.13,128.4,124.59,124.59,137.3,126.495,127.4475,126.34769230769231,127.96115384615383,1.270000000002335,1.4795052261606503,2.293346004729164,3.7695021707704104,-2.539999999999992,-2.539999999999992,-0.019979548493667787,-0.019979548493667787,122.04
2012-09-19,38,9,2012,156.0,191.12,-0.992708874098054,-0.12053668025532357,122.04,124.59,127.13,129.67,128.4,124.59,139.84,125.2225,126.6525,126.15153846153846,127.86307692307693,2.4362180389569708,2.3482561919023484,2.550813093087888,3.8919093198460346,-2.549999999999997,-5.089999999999989,-0.020467132193594972,-0.04003775662707454,119.5
2012-09-26,39,9,2012,154.0,185.92,-1.0,-1.8369701987210297e-16,122.04,122.04,127.13,128.4,123.32,129.67,139.84,123.95,125.69874999999999,125.6623076923077,127.765,2.437088426792533,2.4926431037770467,2.6897557319218905,4.0080870749097155,0.0,-5.089999999999989,0.0,-0.04003775662707454,119.5
2012-10-03,40,9,2012,154.0,193.57,-0.992708874098054,0.1205366802553232,119.5,122.04,124.59,127.13,122.04,129.67,139.84,122.0425,124.58625,125.36846153846153,127.37384615384615,2.0779858036103804,3.040662228144366,3.1382395440545916,4.30033587239917,-2.5400000000000063,-7.6299999999999955,-0.020812848246476667,-0.06001730512074255,124.59
2012-10-10,41,10,2012,154.0,156.87,-0.9709418174260521,0.23931566428755738,119.5,119.5,122.04,127.13,124.59,129.67,142.38,120.77000000000001,123.6325,125.17307692307692,126.98269230769232,1.466469683743821,3.313210570679652,3.4283921999814235,4.539027700025324,0.0,-5.090000000000003,0.0,-0.04085400112368576,124.59
2012-10-17,42,10,2012,157.0,152.9,-0.9350162426854148,0.35460488704253557,124.59,119.5,122.04,127.13,128.4,133.49,150.01,121.4075,123.315,125.17307692307692,126.7873076923077,2.4362180389570356,3.04066252178329,3.4283921999814235,4.528046428825269,5.090000000000003,2.549999999999997,0.04259414225941427,0.0208947885939037,124.59
2012-10-24,43,10,2012,155.0,179.81,-0.8854560256532101,0.464723172043768,124.59,124.59,119.5,127.13,129.67,136.03,150.01,122.045,122.9975,124.88000000000001,126.445,2.9387128701762646,2.698792057824642,3.2895896400569713,4.3332927434064485,0.0,2.549999999999997,0.0,0.0208947885939037,120.77
2012-10-31,44,10,2012,152.0,167.27,-0.822983865893657,0.5680647467311548,124.59,124.59,119.5,124.59,128.4,137.3,147.47,123.3175,122.68,124.48923076923077,126.00500000000001,2.5450000000012163,2.2563054504350544,2.9582045836865674,3.877993553380306,0.0,5.090000000000003,0.0,0.04259414225941427,119.5
2012-11-07,45,11,2012,151.0,181.95,-0.7485107481711011,0.6631226582407952,120.77,124.59,124.59,122.04,127.13,132.21,144.93,123.635,122.2025,123.90230769230769,125.36923076923077,1.9100000000016162,2.1978024738893467,2.8733260455562557,3.2575437655808894,-3.8200000000000074,1.269999999999996,-0.030660566658640365,0.010627615062761553,116.96
2012-11-14,46,11,2012,150.0,162.99,-0.6631226582407955,0.7485107481711007,119.5,120.77,124.59,122.04,127.13,127.13,143.66,122.36250000000001,121.885,123.3153846153846,124.88038461538461,2.623831485951964,2.3988985567677834,2.9376311754619295,3.141517443245164,-1.269999999999996,-5.090000000000003,-0.010515856586900685,-0.04085400112368576,116.96
2012-11-21,47,11,2012,150.0,183.48,-0.5680647467311559,0.8229838658936564,116.96,119.5,124.59,119.5,127.13,129.67,146.2,120.455,121.25,122.53307692307693,124.48923076923076,3.179334311876146,2.9589766570709615,3.1811905125112174,3.466537088316722,-2.5400000000000063,-7.63000000000001,-0.021255230125523106,-0.06124087005377643,118.23
2012-11-28,48,11,2012,152.0,187.45,-0.4647231720437684,0.88545602565321,116.96,116.96,120.77,119.5,127.13,127.13,144.93,118.5475,120.93249999999999,121.75076923076925,124.00038461538462,1.9050000000016694,3.291199303763099,3.206907808508906,3.6003205199279265,0.0,-7.63000000000001,0.0,-0.06124087005377643,118.23
2012-12-05,49,12,2012,152.0,175.83,-0.35460488704253595,0.9350162426854147,118.23,116.96,119.5,124.59,124.59,123.32,142.38,117.9125,120.77375,121.06615384615385,123.65807692307693,1.2159324268531773,3.399029010501895,2.897954849140938,3.712217686761725,1.2700000000000102,-2.539999999999992,0.010858413132694977,-0.02103171317380137,115.69
2012-12-12,50,12,2012,151.0,183.48,-0.2393156642875578,0.970941817426052,118.23,118.23,116.96,124.59,122.04,124.59,142.38,117.595,119.97875,120.57692307692308,123.46230769230769,0.7332348418751973,3.110454433947187,2.7882562789115815,3.861954228314854,0.0,-1.269999999999996,0.0,-0.010627615062761442,114.42
2012-12-19,51,12,2012,149.0,175.83,-0.12053668025532363,0.992708874098054,115.69,118.23,116.96,124.59,122.04,128.4,146.2,117.2775,118.86625,120.08846153846153,123.11999999999999,1.2159324268531966,2.801861307356461,3.054125205226067,4.142259286918274,-2.5400000000000063,-1.269999999999996,-0.021483549014632564,-0.010858413132694866,113.15
2012-12-26,52,12,2012,148.0,172.16,6.432490598706546e-16,1.0,114.42,115.69,118.23,120.77,119.5,123.32,144.93,116.64250000000001,117.595,119.5023076923077,122.58230769230771,1.905000000001706,2.0365306633595233,3.3638845447986423,4.332447167779362,-1.269999999999996,-2.539999999999992,-0.010977612585357344,-0.021716826265389844,113.15
2013-01-02,53,12,2012,148.0,152.9,0.12053668025532314,0.992708874098054,113.15,114.42,118.23,119.5,119.5,122.04,142.38,115.3725,116.6425,119.01384615384615,122.19115384615385,2.1689379121296426,2.119688319393822,3.7973533293147566,4.7061604961418135,-1.269999999999996,-5.079999999999998,-0.011099458136689333,-0.042967098029265016,113.15
2013-01-09,1,1,2013,148.0,114.06,0.12053668025532305,0.992708874098054,113.15,113.15,115.69,116.96,124.59,124.59,142.38,114.10249999999999,115.84875,118.52538461538461,121.84923076923077,1.2159324268533314,2.085442313468019,4.123967780715005,5.029427739283734,0.0,-5.079999999999998,0.0,-0.042967098029265016,118.23
2013-01-16,2,1,2013,147.0,106.42,0.23931566428755774,0.970941817426052,113.15,113.15,114.42,116.96,124.59,128.4,129.67,113.4675,115.3725,117.64538461538463,121.40923076923076,0.6350000000053909,2.225737437974806,3.9384146882184434,5.274503899389676,0.0,-2.539999999999992,0.0,-0.0219552251707148,116.96
2013-01-23,3,1,2013,147.0,101.83,0.3546048870425356,0.9350162426854148,118.23,113.15,113.15,118.23,124.59,129.67,129.67,114.42000000000002,115.53125,117.15615384615386,121.01807692307692,2.540000000001327,2.3940666985463115,3.355789868419922,5.109866549520433,5.079999999999998,3.8100000000000023,0.04489615554573567,0.03329837441006811,116.96
2013-01-30,4,1,2013,148.0,100.91,0.4647231720437685,0.8854560256532099,116.96,118.23,113.15,118.23,120.77,128.4,124.59,115.3725,115.3725,116.56923076923077,120.52923076923078,2.61817207226848,2.225737437974806,2.5072244333003115,4.850432494600592,-1.2700000000000102,3.809999999999988,-0.010741774507316282,0.0336721166593017,116.96
2013-02-06,5,2,2013,152.0,98.77,0.5680647467311558,0.8229838658936564,116.96,116.96,113.15,115.69,119.5,127.13,119.5,116.325,115.21375,116.27615384615385,120.08923076923078,2.199704525613958,2.029447056980866,2.176076509298896,4.621359906421217,0.0,3.809999999999988,0.0,0.0336721166593017,116.96
2013-02-13,6,2,2013,155.0,99.38,0.6631226582407952,0.7485107481711011,116.96,116.96,118.23,114.42,116.96,127.13,127.13,117.2775,115.3725,116.08076923076922,119.69807692307693,0.635000000005058,2.119688319393696,1.966424257106718,4.427937686317239,0.0,3.809999999999988,0.0,0.0336721166593017,118.23
2013-02-20,7,2,2013,157.0,99.38,0.7485107481711011,0.6631226582407953,116.96,116.96,116.96,113.15,116.96,127.13,127.13,116.96,115.69,116.08076923076922,119.30692307692308,2.5418020880145896e-06,2.1466918069977665,1.966424257106718,4.187846004082367,0.0,-1.2700000000000102,0.0,-0.010741774507316282,118.23
2013-02-27,8,2,2013,157.0,99.99,0.8229838658936564,0.5680647467311559,118.23,116.96,116.96,113.15,118.23,127.13,124.59,117.2775,116.325,116.17846153846153,118.9646153846154,0.635000000005058,2.0365306633593856,2.0437703970507206,3.8748628164383447,1.2700000000000102,1.2700000000000102,0.010858413132694977,0.010858413132694977,119.5
2013-03-06,9,3,2013,156.0,99.38,0.8854560256532099,0.4647231720437686,118.23,118.23,116.96,113.15,118.23,124.59,124.59,117.595,116.96000000000001,116.17846153846155,118.6223076923077,0.7332348418751764,1.6628203235820613,2.0437703970507206,3.4996209025551996,0.0,1.2700000000000102,0.0,0.010858413132694977,122.04
2013-03-13,10,3,2013,154.0,99.38,0.9350162426854148,0.35460488704253557,119.5,118.23,116.96,118.23,115.69,122.04,124.59,118.22999999999999,117.75375,116.27615384615386,118.42653846153847,1.0369506577812402,0.9449102375830626,2.176076509298896,3.288429342182135,1.269999999999996,2.5400000000000063,0.01074177450731617,0.021716826265389955,122.04
2013-03-20,11,3,2013,154.0,93.88,0.970941817426052,0.23931566428755804,122.04,119.5,118.23,116.96,114.42,122.04,124.59,119.5,118.23,116.76461538461538,118.42653846153847,1.7960512242155178,1.7960512241989675,2.686390438805843,3.288429342182135,2.5400000000000063,5.0800000000000125,0.021255230125523106,0.04343365253077991,124.59
2013-03-27,12,3,2013,151.0,89.6,0.992708874098054,0.120536680255323,122.04,122.04,118.23,116.96,113.15,119.5,129.67,120.4525,118.865,117.35076923076923,118.42653846153847,1.9050000000015452,2.1466918069980525,2.950512558681739,3.288429342182135,0.0,3.8100000000000023,0.0,0.032225323521948734,124.59
2013-04-03,13,3,2013,151.0,80.42,1.0,-1.6081226496766366e-16,124.59,122.04,119.5,116.96,113.15,119.5,129.67,122.0425,119.81875,118.23076923076923,118.6223076923077,2.077985803610216,2.780736991200878,3.280740418300822,3.4996209025551996,2.549999999999997,6.359999999999999,0.0208947885939037,0.05379345343821362,120.77
2013-04-10,14,4,2013,150.0,87.15,0.992708874098054,-0.12053668025532288,124.59,124.59,122.04,116.96,113.15,124.59,129.67,123.31500000000001,120.77250000000001,119.11076923076924,118.81807692307692,1.4722431864353591,2.96269062074211,3.338131866619409,3.68798158264231,0.0,5.090000000000003,0.0,0.04259414225941427,120.77
2013-04-17,15,4,2013,149.0,83.48,0.9709418174260521,-0.2393156642875575,120.77,124.59,122.04,118.23,118.23,124.59,133.49,122.9975,121.24875,119.69692307692307,118.67115384615384,1.910556201739542,2.538083852595274,2.835390580423762,3.521158135535438,-3.8200000000000074,-1.2700000000000102,-0.030660566658640365,-0.010406424123238334,120.77
2013-04-24,16,4,2013,147.0,0.0,0.9350162426854148,-0.35460488704253545,120.77,120.77,124.59,118.23,116.96,124.59,136.03,122.67999999999999,121.56625,119.89230769230768,118.52423076923075,2.2054780283056172,2.2489040981787096,2.813311079624048,3.339311513572555,0.0,-1.2700000000000102,0.0,-0.010406424123238334,118.23
2013-05-01,17,4,2013,145.0,0.0,0.8854560256532099,-0.4647231720437685,120.77,120.77,124.59,119.5,116.96,120.77,137.3,121.725,121.88374999999999,120.1853846153846,118.3773076923077,1.9100000000014912,1.8554932921169074,2.6775598822516233,3.1398325531151126,0.0,-3.8200000000000074,0.0,-0.030660566658640365,114.42
2013-05-08,18,5,2013,145.0,88.07,0.8229838658936565,-0.5680647467311557,118.23,120.77,120.77,122.04,116.96,119.5,132.21,120.13499999999999,121.725,120.28307692307693,118.27961538461538,1.2700000000023715,2.123541516282761,2.5711261625124924,3.1016917716331505,-2.539999999999992,-6.359999999999999,-0.02103171317380137,-0.05104743558873104,114.42
2013-05-15,19,5,2013,146.0,85.01,0.7485107481711013,-0.663122658240795,114.42,118.23,120.77,122.04,116.96,116.96,127.13,118.5475,120.77250000000001,120.08769230769232,118.08423076923077,3.0008929226714605,3.328915524818269,2.9178306834705516,3.180735981605265,-3.8100000000000023,-6.349999999999994,-0.032225323521948734,-0.052579282934503535,113.15
2013-05-22,20,5,2013,147.0,83.48,0.6631226582407952,-0.7485107481711012,114.42,114.42,120.77,124.59,118.23,116.96,129.67,116.96000000000001,119.82000000000001,119.89230769230768,117.98653846153846,3.1108519733356994,3.947176205839705,3.214664715135221,3.25479085941395,0.0,-6.349999999999994,0.0,-0.052579282934503535,114.42
2013-05-29,21,5,2013,146.0,94.8,0.5680647467311558,-0.8229838658936564,113.15,114.42,118.23,124.59,118.23,118.23,127.13,115.055,118.39,119.50153846153846,117.84,2.199704525614052,4.043304871718285,3.7049422985875666,3.3859805079272265,-1.269999999999996,-7.61999999999999,-0.011099458136689333,-0.06309513952140422,111.87
2013-06-05,22,6,2013,146.0,96.32,0.46472317204376906,-0.8854560256532096,114.42,113.15,114.42,120.77,119.5,118.23,123.32,114.1025,117.11875,119.20846153846153,117.69346153846155,0.635000000005588,3.355815581081847,3.9560899175654622,3.450261372494078,1.269999999999996,-3.8100000000000023,0.011224038886433974,-0.032225323521948734,111.87
2013-06-12,23,6,2013,145.0,89.6,0.35460488704253584,-0.9350162426854147,111.87,114.42,114.42,120.77,122.04,115.69,124.59,113.465,116.00625,118.62153846153845,117.44884615384616,1.220286851525984,3.4464679124248443,4.445011897531434,3.631400090247272,-2.549999999999997,-2.549999999999997,-0.02228631358154165,-0.02228631358154165,115.69
2013-06-19,24,6,2013,145.0,90.21,0.23931566428755768,-0.970941817426052,111.87,111.87,113.15,120.77,122.04,114.42,128.4,112.8275,114.89375000000001,117.83923076923078,117.30192307692307,1.221157238035829,3.1089958760165435,4.681870106300724,3.7796582059638,0.0,-2.549999999999997,0.0,-0.02228631358154165,116.96
2013-06-26,25,6,2013,145.0,98.77,0.12053668025532308,-0.992708874098054,115.69,111.87,114.42,118.23,124.59,113.15,123.32,113.4625,114.25875,117.35076923076923,117.35076923076923,1.9105562017400077,2.088707306979718,4.536058240249861,3.749006186268396,3.819999999999993,2.539999999999992,0.03414677750960937,0.022448077772867725,116.96
2013-07-03,26,6,2013,144.0,93.88,-3.216245299353273e-16,-1.0,116.96,115.69,111.87,114.42,124.59,113.15,122.04,114.0975,114.10000000000001,116.76384615384615,117.4973076923077,2.6238314859521306,1.7672900966335325,3.9809746261842536,3.6514332065097017,1.269999999999996,2.539999999999992,0.010977612585357344,0.022198916273378666,115.69
2013-07-10,27,7,2013,144.0,88.07,-0.12053668025532283,-0.992708874098054,116.96,116.96,111.87,114.42,120.77,113.15,124.59,115.37,114.4175,116.17692307692307,117.64384615384617,2.408914001510551,2.040096286229568,3.2208885539376477,3.5448859805990676,0.0,5.089999999999989,0.0,0.045499240189505574,115.69
2013-07-17,28,7,2013,146.0,86.23,-0.23931566428755743,-0.9709418174260521,115.69,116.96,115.69,113.15,120.77,118.23,128.4,116.32499999999999,114.57625,115.78615384615385,117.74153846153847,0.7332348418754381,2.0891415701059834,2.910399567239669,3.449812391786646,-1.269999999999996,3.819999999999993,-0.010858413132694866,0.03414677750960937,118.23
2013-07-24,29,7,2013,147.0,81.03,-0.3546048870425356,-0.9350162426854148,115.69,115.69,116.96,114.42,120.77,116.96,129.67,116.32499999999999,114.89375,115.39538461538463,117.64384615384617,0.7332348418754381,2.0336942985476085,2.497173787112118,3.4713237554926817,0.0,0.0,0.0,0.0,116.96
2013-07-31,30,7,2013,148.0,78.89,-0.46472317204376806,-0.8854560256532101,118.23,115.69,116.96,111.87,118.23,116.96,128.4,116.6425,115.37,115.20000000000002,117.69269230769231,1.2159324268533107,2.3312473668960076,2.1111371343337284,3.4702513542395805,2.5400000000000063,1.2700000000000102,0.02195522517071491,0.010858413132694977,118.23
2013-08-07,31,8,2013,148.0,87.15,-0.5680647467311556,-0.8229838658936566,116.96,118.23,115.69,111.87,114.42,116.96,127.13,116.64250000000001,116.00625,115.10230769230769,117.6926923076923,1.2159324268533107,1.8929413053921862,1.9848474074175044,3.4702513542395805,-1.2700000000000102,0.0,-0.010741774507316282,0.0,115.69
2013-08-14,32,8,2013,147.0,107.64,-0.663122658240795,-0.7485107481711013,118.23,116.96,115.69,115.69,114.42,116.96,127.13,117.27749999999999,116.80125000000001,115.3953846153846,117.74153846153845,1.2159324268532619,1.0598441596777826,2.1501109094741797,3.468463281991709,1.2700000000000102,2.5400000000000063,0.010858413132694977,0.02195522517071491,114.42
2013-08-21,33,8,2013,147.0,108.56,-0.7485107481711011,-0.6631226582407952,115.69,118.23,118.23,116.96,113.15,118.23,127.13,117.27749999999999,116.80125,115.49307692307693,117.6926923076923,1.2159324268532619,1.0598441596777826,2.1308659609540834,3.4887929806168843,-2.5400000000000063,0.0,-0.021483549014632564,0.0,114.42
2013-08-28,34,8,2013,148.0,119.87,-0.8229838658936564,-0.5680647467311559,114.42,115.69,116.96,116.96,114.42,118.23,127.13,116.325,116.48374999999999,115.59076923076924,117.54615384615384,1.6395629498965387,1.3470384181402608,2.0417413382382175,3.5448859805990742,-1.269999999999996,-3.8100000000000023,-0.010977612585357344,-0.032225323521948734,115.69
2013-09-04,35,9,2013,150.0,129.96,-0.8854560256532096,-0.4647231720437691,114.42,114.42,118.23,115.69,111.87,119.5,124.59,115.69000000000001,116.16625,115.59076923076921,117.39961538461537,1.7960512242157503,1.5084233727220768,2.0417413382382175,3.593896471271418,0.0,-2.539999999999992,0.0,-0.021716826265389844,120.77
2013-09-11,36,9,2013,150.0,138.52,-0.9350162426854147,-0.3546048870425359,115.69,114.42,115.69,115.69,111.87,122.04,122.04,115.055,116.16624999999999,115.88461538461539,117.25307692307692,0.7332348418755984,1.5084233727220768,1.7094766030494706,3.5824860298275443,1.269999999999996,-2.5400000000000063,0.011099458136689444,-0.021483549014632564,128.4
2013-09-18,37,9,2013,150.0,168.19,-0.970941817426052,-0.23931566428755774,120.77,115.69,114.42,118.23,115.69,122.04,122.04,116.325,116.80125000000001,116.56923076923076,117.20423076923076,3.0232047014175945,2.1931480146655997,1.7493925685614835,3.522767290735902,5.079999999999998,5.079999999999998,0.0439104503414296,0.0439104503414296,132.21
2013-09-25,38,9,2013,149.0,170.63,-0.992708874098054,-0.12053668025532357,128.4,120.77,114.42,116.96,116.96,124.59,119.5,119.82,118.0725,117.5469230769231,117.44884615384616,6.343915720331798,4.678680369500196,3.6911163275565064,4.052910388282462,7.63000000000001,13.980000000000004,0.0631779415417737,0.1221814368117462,147.47
2013-10-02,39,9,2013,148.0,181.95,-1.0,-1.8369701987210297e-16,132.21,128.4,115.69,118.23,116.96,124.59,119.5,124.2675,119.97874999999999,118.72000000000001,117.74192307692307,7.43789564774017,6.790658368035891,5.479233523036351,4.7971424988121125,3.8100000000000023,17.790000000000006,0.02967289719626165,0.1554798112218143,143.66
2013-10-09,40,10,2013,147.0,168.19,-0.992708874098054,0.1205366802553232,147.47,132.21,120.77,115.69,115.69,120.77,124.59,132.2125,123.63374999999999,121.06692307692309,118.62192307692308,11.228791490331332,11.76331942644253,9.626890623503007,7.46201689584719,15.259999999999991,31.78,0.11542243400650465,0.2746996283170542,146.2
2013-10-16,41,10,2013,147.0,191.12,-0.9709418174260521,0.23931566428755738,143.66,147.47,128.4,114.42,115.69,120.77,124.59,137.935,127.13,123.21846153846153,119.5023076923077,9.080816776773789,13.140924081442519,11.304429696769285,8.931251785813727,-3.8100000000000023,22.89,-0.025835763206075835,0.18953382462532087,141.11
2013-10-23,42,10,2013,147.0,196.01,-0.9350162426854148,0.35460488704253557,146.2,143.66,132.21,114.42,118.23,120.77,124.59,142.385,131.1025,125.5653846153846,120.48038461538462,6.965814142415013,13.547071112024085,12.693010947881794,10.354648610465533,2.539999999999992,17.799999999999983,0.017680634832242692,0.13862928348909653,139.84
2013-10-30,43,10,2013,146.0,188.98,-0.8854560256532101,0.464723172043768,141.11,146.2,147.47,115.69,116.96,118.23,120.77,144.61,134.43875,127.32538461538462,121.2626923076923,2.8201772993913137,12.056188022870671,13.168487394396584,11.117650312075844,-5.089999999999975,8.900000000000006,-0.03481532147742805,0.0673171469631646,138.57
2013-11-06,44,11,2013,146.0,178.28,-0.822983865893657,0.5680647467311548,139.84,141.11,143.66,120.77,118.23,114.42,119.5,142.7025,137.4575,129.0853846153846,122.09384615384616,2.8213043673690414,9.428048957383043,13.196635692088964,11.675635512272807,-1.2700000000000102,-7.6299999999999955,-0.00900007086669985,-0.051739336814267234,138.57
2013-11-13,45,11,2013,145.0,211.61,-0.7485107481711011,0.6631226582407952,138.57,139.84,146.2,128.4,115.69,114.42,116.96,141.43,139.6825,130.65,123.02269230769231,3.3447969544755782,6.604941332060054,13.006756577511574,11.996925792118551,-1.2700000000000102,-5.090000000000003,-0.009081807780320417,-0.03543087846303772,134.76
2013-11-20,46,11,2013,144.0,198.77,-0.6631226582407955,0.7485107481711007,138.57,138.57,141.11,132.21,114.42,113.15,116.96,139.5225,140.95374999999999,132.41,123.95153846153845,1.2159324268516554,4.875463164806428,12.344920007840278,12.236725932148762,0.0,-7.6299999999999955,0.0,-0.052188782489740015,134.76
2013-11-27,47,11,2013,145.0,162.07,-0.5680647467311559,0.8229838658936564,134.76,138.57,139.84,147.47,114.42,114.42,118.23,137.935,141.27249999999998,133.97461538461536,124.7826923076923,2.199704525613115,4.26761140953731,11.101136289725178,12.207579467756847,-3.8100000000000023,-6.350000000000023,-0.027495128815760994,-0.045000354333498804,138.57
2013-12-04,48,12,2013,147.0,165.74,-0.4647231720437684,0.88545602565321,134.76,134.76,138.57,143.66,115.69,111.87,118.23,136.665,139.68375,135.53923076923076,125.56499999999998,2.199704525613138,3.98744793964559,9.421749184322685,12.16860558979786,0.0,-5.0800000000000125,0.0,-0.036327231121281556,144.93
2013-12-11,49,12,2013,146.0,164.52,-0.35460488704253595,0.9350162426854147,138.57,134.76,138.57,146.2,120.77,111.87,115.69,136.665,139.04749999999999,137.29923076923077,126.59192307692307,2.199704525613138,3.6545382745232056,7.303863659663498,12.09302642657765,3.8100000000000023,0.0,0.028272484416740795,0.0,151.28
2013-12-18,50,12,2013,146.0,176.44,-0.2393156642875578,0.970941817426052,144.93,138.57,134.76,141.11,128.4,115.69,114.42,138.255,138.88875,139.15769230769232,127.86346153846154,4.798781095236879,3.3108800621087613,5.629311908580169,12.220548577642504,6.360000000000014,6.360000000000014,0.04589738038536484,0.04589738038536484,147.47
2013-12-25,51,12,2013,146.0,180.42,-0.12053668025532363,0.992708874098054,151.28,144.93,134.76,139.84,132.21,116.96,113.15,142.385,140.16,140.9176923076923,129.2323076923077,7.263903909056234,5.508616626959319,5.56194982873965,12.782752538541786,6.349999999999994,16.52000000000001,0.04381425515766235,0.12258830513505492,147.47
2014-01-01,52,12,2013,147.0,179.5,6.432490598706546e-16,1.0,147.47,151.28,138.57,138.57,147.47,116.96,113.15,145.5625,141.11374999999998,142.09153846153845,130.4057692307692,5.342392566382153,6.076542573109566,5.167360457965557,13.009489820307051,-3.8100000000000023,12.710000000000008,-0.025185087255420457,0.09431582071831413,147.47
2014-01-08,1,1,2014,148.0,173.69,0.12053668025532305,0.992708874098054,147.47,147.47,144.93,138.57,143.66,115.69,113.15,147.78750000000002,142.22625,142.09153846153845,131.57923076923078,2.618172072267519,6.352733804093368,5.167360457965557,13.123669585320725,0.0,8.900000000000006,0.0,0.06422746626253883,144.93
2014-01-15,2,1,2014,147.0,171.24,0.23931566428755774,0.970941817426052,147.47,147.47,151.28,134.76,146.2,115.69,118.23,148.42249999999999,143.33875,142.3846153846154,132.80153846153846,1.9050000000003997,6.400090261636907,5.367886945194764,13.064412024217463,0.0,2.539999999999992,0.0,0.017525702063064807,143.66
2014-01-22,3,1,2014,146.0,169.71,0.3546048870425356,0.9350162426854148,144.93,147.47,147.47,134.76,141.11,118.23,116.96,146.835,144.60999999999999,142.28692307692307,133.92615384615385,1.2700000000006624,5.381669947937036,5.303837265939803,12.788092297736997,-2.539999999999992,-6.349999999999994,-0.017223842137383816,-0.04197514542570069,143.66
2014-01-29,4,1,2014,147.0,180.42,0.4647231720437685,0.8854560256532099,143.66,144.93,147.47,138.57,139.84,116.96,116.96,145.8825,145.7225,142.4830769230769,134.90423076923076,1.9050000000004736,3.7170524036373402,5.303837265939816,12.509018562008393,-1.2700000000000102,-3.8100000000000023,-0.008762851031532515,-0.025835763206075835,143.66
2014-02-05,5,2,2014,149.0,0.0,0.5680647467311558,0.8229838658936564,143.66,143.66,147.47,144.93,138.57,118.23,116.96,144.93,146.35875000000001,142.77692307692308,135.93115384615385,1.7960512242143745,2.5793821934637298,5.250754524533163,12.0650534443673,0.0,-3.8100000000000023,0.0,-0.025835763206075835,141.11
2014-02-12,6,2,2014,150.0,179.5,0.6631226582407952,0.7485107481711011,143.66,143.66,144.93,151.28,138.57,115.69,116.96,143.9775,146.2,143.16846153846154,136.9092307692308,0.6350000000016768,2.7153742178224465,5.0984782797628405,11.594256482615409,0.0,-3.8100000000000023,0.0,-0.025835763206075835,132.21
2014-02-19,7,2,2014,151.0,183.48,0.7485107481711011,0.6631226582407953,141.11,143.66,143.66,147.47,134.76,114.42,118.23,143.0225,144.92875,143.36384615384617,137.88692307692307,1.2750000000009103,2.3538991209025726,4.954197779762982,10.7762838749682,-2.549999999999983,-3.819999999999993,-0.017750243630794804,-0.02635755192161726,134.76
2014-02-26,8,2,2014,152.0,181.03,0.8229838658936564,0.5680647467311559,132.21,141.11,143.66,147.47,134.76,114.42,118.23,140.16,143.02125,143.1676923076923,138.57115384615383,5.434611301648253,4.854836873818244,5.357322331546348,9.741798325537113,-8.900000000000006,-11.449999999999989,-0.06307136276663594,-0.07970207434219678,134.76
2014-03-05,9,3,2014,152.0,189.59,0.8854560256532099,0.4647231720437686,134.76,132.21,143.66,147.47,138.57,115.69,119.5,137.935,141.4325,143.1676923076923,139.35346153846154,5.345169158533414,5.25424930073193,5.357322331546348,8.456714228263492,2.549999999999983,-8.900000000000006,0.01928749716360323,-0.06195183071140198,132.21
2014-03-12,10,3,2014,152.0,191.12,0.9350162426854148,0.35460488704253557,134.76,134.76,141.11,144.93,144.93,120.77,122.04,135.71,139.84375,142.87461538461537,140.08692307692306,3.7953919428701988,5.086786629517843,5.721630908787519,7.028666314024191,0.0,-8.900000000000006,0.0,-0.06195183071140198,134.76
2014-03-19,11,3,2014,151.0,176.75,0.970941817426052,0.23931566428755804,132.21,134.76,132.21,143.66,151.28,128.4,122.04,133.485,138.25375,141.89615384615385,140.52692307692308,1.4722431864350614,5.2550273548246365,6.3894972917286195,6.062747079822656,-2.549999999999983,-8.900000000000006,-0.0189225289403383,-0.06307136276663594,134.76
2014-03-26,12,3,2014,150.0,143.42,0.992708874098054,0.120536680255323,134.76,132.21,134.76,143.66,147.47,132.21,124.59,134.1225,137.14125,140.6253846153846,140.77153846153846,1.2750000000017088,4.875370865009495,5.998493721181822,5.669433617083227,2.549999999999983,2.549999999999983,0.01928749716360323,0.01928749716360323,130.94
2014-04-02,13,3,2014,150.0,127.21,1.0,-1.6081226496766366e-16,134.76,134.76,134.76,143.66,147.47,147.47,124.59,134.1225,136.02875,139.64769230769232,140.86961538461537,1.2750000000017088,4.134518239333699,5.823162305032323,5.535884739244999,0.0,0.0,0.0,0.0,127.13
2014-04-09,14,4,2014,149.0,113.14,0.992708874098054,-0.12053668025532288,130.94,134.76,132.21,141.11,147.47,143.66,120.77,133.1675,134.43875,138.37615384615384,140.23384615384614,1.910556201739309,3.095948677584881,5.7773083964482606,5.69446543719749,-3.819999999999993,-3.819999999999993,-0.028346690412585307,-0.028346690412585307,127.13
2014-04-16,15,4,2014,149.0,117.42,0.9709418174260521,-0.2393156642875575,127.13,130.94,134.76,132.21,144.93,146.2,120.77,131.89749999999998,132.69125,136.81153846153845,139.59807692307692,3.653020439764623,2.7144188407116365,5.862885873800461,6.197213579819459,-3.8100000000000023,-5.0800000000000125,-0.02909729647166648,-0.038423719839649095,120.77
2014-04-23,16,4,2014,150.0,115.28,0.9350162426854148,-0.35460488704253545,127.13,127.13,134.76,134.76,143.66,141.11,120.77,129.99,132.05625,135.44230769230768,138.86461538461538,3.6521500516825887,3.360412123952959,5.88735672698254,6.505434178147285,0.0,-7.6299999999999955,0.0,-0.05661917482932621,120.77
2014-04-30,17,4,2014,150.0,110.09,0.8854560256532099,-0.4647231720437685,120.77,127.13,130.94,134.76,143.66,139.84,118.23,126.49249999999999,130.3075,133.68153846153848,138.0823076923077,4.216636692911283,4.995008222496666,6.604126041287143,7.387768435839872,-6.359999999999999,-13.989999999999995,-0.05002753087390854,-0.10381418818640542,119.5
2014-05-07,18,5,2014,150.0,111.61,0.8229838658936565,-0.5680647467311557,120.77,120.77,127.13,132.21,143.66,138.57,114.42,123.94999999999999,128.55875,131.92076923076922,137.34884615384615,3.6719477120468755,5.622974397183396,6.771311371682948,8.116938992960245,0.0,-10.170000000000002,0.0,-0.07766916144799141,118.23
2014-05-14,19,5,2014,149.0,108.56,0.7485107481711013,-0.663122658240795,119.5,120.77,127.13,134.76,141.11,138.57,114.42,122.04249999999999,126.97,130.06230769230768,136.6153846153846,3.4441000275843723,6.208993477203105,6.594021476363508,8.83226006445735,-1.269999999999996,-7.6299999999999955,-0.010515856586900685,-0.06001730512074255,120.77
2014-05-21,20,5,2014,148.0,114.06,0.6631226582407952,-0.7485107481711012,118.23,119.5,120.77,134.76,132.21,134.76,113.15,119.8175,124.90375,128.3023076923077,135.83307692307693,1.2159324268534812,5.992967158018864,6.451463856940428,9.525775881989926,-1.269999999999996,-8.899999999999991,-0.010627615062761442,-0.07000707936757644,119.5
2014-05-28,21,5,2014,148.0,110.09,0.5680647467311558,-0.8229838658936564,120.77,118.23,120.77,130.94,134.76,134.76,114.42,119.8175,123.155,127.4223076923077,135.29500000000002,1.2159324268534812,4.580810907620801,6.651159239616911,9.973419172984515,2.539999999999992,0.0,0.02148354901463234,0.0,116.96
2014-06-04,22,6,2014,148.0,107.94,0.46472317204376906,-0.8854560256532096,119.5,120.77,119.5,127.13,134.76,138.57,111.87,119.5,121.725,126.24846153846154,134.70807692307693,1.0369506577816852,3.4492317985239174,6.594589759987766,10.444073159160732,-1.269999999999996,-1.269999999999996,-0.010515856586900685,-0.010515856586900685,114.42
2014-06-11,23,6,2014,147.0,114.06,0.35460488704253584,-0.9350162426854147,116.96,119.5,118.23,127.13,132.21,144.93,111.87,118.86500000000001,120.45375,124.87923076923077,133.87692307692308,1.6395629498967155,3.0200044347090436,6.527635433979509,10.971025756687572,-2.5400000000000063,-2.5400000000000063,-0.021255230125523106,-0.021255230125523106,111.87
2014-06-18,24,6,2014,146.0,112.23,0.23931566428755768,-0.970941817426052,114.42,116.96,120.77,120.77,134.76,151.28,115.69,117.9125,118.86500000000001,123.51076923076923,132.70346153846154,2.816041843913938,2.2514693614752166,6.724524099067825,11.36606209460947,-2.539999999999992,-3.8100000000000023,-0.021716826265389844,-0.032225323521948734,110.6
2014-06-25,25,6,2014,148.0,112.84,0.12053668025532308,-0.992708874098054,111.87,114.42,119.5,120.77,134.76,147.47,116.96,115.6875,117.7525,121.75,131.18769230769232,3.2830004061337994,3.182172438526592,6.527435688433485,11.41734305614034,-2.549999999999997,-8.899999999999991,-0.02228631358154165,-0.07369379812867427,106.79
2014-07-02,26,6,2014,148.0,115.59,-3.216245299353273e-16,-1.0,110.6,111.87,116.96,119.5,130.94,147.47,116.96,113.4625,116.48124999999999,119.89153846153846,129.7696153846154,2.821304367370152,3.7797937868850586,5.926290079175283,11.602324070901153,-1.2700000000000102,-8.900000000000006,-0.011352462679896425,-0.07447698744769882,109.33
2014-07-09,27,7,2014,148.0,105.5,-0.12053668025532283,-0.992708874098054,106.79,110.6,114.42,118.23,127.13,147.47,115.69,110.92,114.8925,118.03384615384614,128.20499999999998,3.178668484340974,4.849482299315489,5.959372923470363,11.859947133105582,-3.809999999999988,-10.169999999999987,-0.034448462929475454,-0.08695280437756492,109.33
2014-07-16,28,7,2014,147.0,123.85,-0.23931566428755743,-0.9709418174260521,109.33,106.79,111.87,120.77,127.13,144.93,115.69,109.6475,113.78,116.66461538461539,126.73807692307693,2.1689379121303185,4.993189647618853,5.735954752527439,11.739907331572352,2.539999999999992,-5.090000000000003,0.023784998595373974,-0.04448522985492054,108.06
2014-07-23,29,7,2014,146.0,167.27,-0.3546048870425356,-0.9350162426854148,109.33,109.33,110.6,119.5,120.77,143.66,118.23,109.0125,112.35,115.2953846153846,125.36884615384614,1.5980482888020202,4.294627873445295,5.121149960999116,11.608593481358778,0.0,-2.5400000000000063,0.0,-0.022704925359792627,106.79
2014-07-30,30,7,2014,146.0,171.24,-0.46472317204376806,-0.8854560256532101,108.06,109.33,106.79,116.96,120.77,143.66,116.96,108.3775,110.92,114.3176923076923,123.99961538461538,1.2159324268546272,3.381233925224185,5.201498428087775,11.463457237945955,-1.269999999999996,-2.539999999999992,-0.011616207811213752,-0.022965641952983673,105.52
2014-08-06,31,8,2014,145.0,143.11,-0.5680647467311556,-0.8229838658936566,106.79,108.06,109.33,114.42,119.5,143.66,118.23,108.3775,109.64875,113.2423076923077,122.58153846153846,1.2159324268546272,2.6097588147896245,5.20149842808771,11.211827573528055,-1.269999999999996,0.0,-0.01175272996483434,0.0,105.52
2014-08-13,32,8,2014,145.0,135.16,-0.663122658240795,-0.7485107481711013,105.52,106.79,109.33,111.87,118.23,141.11,115.69,107.425,108.53625,112.16692307692308,121.11461538461539,1.6395629498975843,2.1399728803222113,5.244906075760756,10.832309165003425,-1.2700000000000102,-3.8100000000000023,-0.011892499297687098,-0.03484862343364126,109.33
2014-08-20,33,8,2014,145.0,142.81,-0.7485107481711011,-0.6631226582407952,105.52,105.52,108.06,110.6,120.77,132.21,114.42,106.4725,107.74249999999999,111.18923076923078,119.74576923076924,1.2159324268548626,1.8898204752076844,5.204987130205296,10.446305441862187,0.0,-3.8100000000000023,0.0,-0.03484862343364126,111.87
2014-08-27,34,8,2014,144.0,143.42,-0.8229838658936564,-0.5680647467311559,109.33,105.52,106.79,106.79,119.5,134.76,114.42,106.79,107.58375,110.30923076923077,118.86576923076925,1.7960512242167241,1.6541371293819165,4.3464649650341,10.317226826268776,3.8100000000000023,1.269999999999996,0.036106899166034934,0.01175272996483434,116.96
2014-09-03,35,8,2014,144.0,182.25,-0.8854560256532096,-0.4647231720437691,111.87,109.33,105.52,109.33,116.96,134.76,115.69,108.06,108.21875,109.72230769230768,117.98538461538462,3.110851973336254,2.1931480146649265,3.4179505405135284,9.873786398652703,2.5400000000000063,5.079999999999998,0.023232415622427505,0.04756999719074817,118.23
2014-09-10,36,9,2014,144.0,203.96,-0.9350162426854147,-0.3546048870425359,116.96,111.87,105.52,109.33,114.42,132.21,120.77,110.92,109.17250000000001,109.72230769230768,117.30076923076923,4.798339990733869,3.809138447763369,3.4179505405135284,9.262330127170003,5.089999999999989,11.439999999999998,0.045499240189505574,0.10841546626232001,118.23
2014-09-17,37,9,2014,143.0,193.57,-0.970941817426052,-0.23931566428755774,118.23,116.96,109.33,108.06,111.87,134.76,128.4,114.0975,110.285,110.01538461538462,116.76307692307692,4.201677244467381,4.981092823289847,3.9726620281247933,8.754039876189289,1.2700000000000102,12.710000000000008,0.010858413132694977,0.12045109931766507,115.69
2014-09-24,38,9,2014,143.0,252.28,-0.992708874098054,-0.12053668025532357,118.23,118.23,111.87,106.79,110.6,134.76,132.21,116.32249999999999,111.55624999999999,110.50461538461538,116.1273076923077,3.0281058435939285,5.592377305629143,4.567213985539203,7.958853464011316,0.0,8.900000000000006,0.0,0.08140492088173423,116.96
2014-10-01,39,9,2014,142.0,326.28,-1.0,-1.8369701987210297e-16,115.69,118.23,116.96,105.52,106.79,130.94,147.47,117.2775,112.66875,110.89615384615385,115.39384615384617,1.2159324268536151,5.390365578638751,4.788871715514401,6.993169854611826,-2.5400000000000063,3.819999999999993,-0.021483549014632564,0.03414677750960937,119.5
2014-10-08,40,10,2014,141.0,272.77,-0.992708874098054,0.1205366802553232,116.96,115.69,118.23,105.52,109.33,127.13,143.66,117.2775,114.09875,111.67846153846155,114.85615384615386,1.2159324268536151,4.695640645468309,4.891771741321622,6.2477631689631075,1.269999999999996,0.0,0.010977612585357344,0.0,116.96
2014-10-15,41,10,2014,140.0,254.73,-0.9709418174260521,0.23931566428755738,119.5,116.96,118.23,109.33,109.33,127.13,146.2,117.595,115.84625,112.46076923076923,114.56269230769232,1.6395629498967206,3.494726384131692,5.282504869119399,5.812202720277914,2.5400000000000063,1.269999999999996,0.021716826265389955,0.01074177450731617,115.69
2014-10-22,42,10,2014,138.0,266.96,-0.9350162426854148,0.35460488704253557,116.96,119.5,115.69,111.87,108.06,120.77,141.11,117.27749999999999,116.8,113.0476923076923,114.17153846153846,1.5980482888013077,2.298869287268534,5.329332593993238,5.247377777378844,-2.5400000000000063,-1.2700000000000102,-0.021255230125523106,-0.010741774507316282,116.96
2014-10-29,43,10,2014,137.0,267.57,-0.8854560256532101,0.464723172043768,115.69,116.96,116.96,116.96,106.79,120.77,139.84,117.27749999999999,117.2775,113.63461538461539,113.97615384615384,1.598048288801308,1.3145748905269266,5.151439305964892,5.083887549449982,-1.269999999999996,0.0,-0.010858413132694866,0.0,116.96
2014-11-05,44,11,2014,137.0,259.92,-0.822983865893657,0.5680647467311548,116.96,115.69,119.5,118.23,105.52,119.5,138.57,117.27749999999999,117.27749999999999,114.41692307692308,113.82961538461538,1.598048288801308,1.3145748905269266,4.784534781657109,4.932895685722725,1.269999999999996,0.0,0.010977612585357344,0.0,115.69
2014-11-12,45,11,2014,139.0,234.54,-0.7485107481711011,0.6631226582407952,116.96,116.96,116.96,118.23,105.52,118.23,138.57,116.64249999999998,117.11875,115.29692307692306,113.73192307692307,0.6350000000060063,1.2586096353645122,3.9994382618338338,4.840390082825376,0.0,-2.5400000000000063,0.0,-0.021255230125523106,113.78
2014-11-19,46,11,2014,138.0,204.58,-0.6631226582407955,0.7485107481711007,115.69,116.96,115.69,115.69,109.33,120.77,134.76,116.32499999999999,116.80125,116.07923076923076,113.63423076923075,0.733234841876087,1.2586096353644645,2.7165586733228264,4.771111546032386,-1.269999999999996,-1.269999999999996,-0.010858413132694866,-0.010858413132694866,110.6
2014-11-26,47,11,2014,137.0,168.19,-0.5680647467311559,0.8229838658936564,113.78,115.69,116.96,116.96,111.87,119.5,134.76,115.8475,116.5625,116.42153846153846,113.36538461538461,1.50273916565978,1.6268176647160506,1.9741531777436623,4.544493134137425,-1.9099999999999966,-1.9099999999999966,-0.016509637825222523,-0.016509637825222523,110.6
2014-12-03,48,11,2014,136.0,175.83,-0.4647231720437684,0.88545602565321,110.6,113.78,116.96,119.5,116.96,116.96,138.57,114.2575,115.7675,116.32384615384616,113.02307692307691,2.7665185703349864,2.642048718043939,2.232657379519653,4.396715837294326,-3.180000000000007,-6.359999999999999,-0.027948672877482927,-0.05437756497948021,108.06
2014-12-10,49,12,2014,133.0,153.81,-0.35460488704253595,0.9350162426854147,110.6,110.6,115.69,116.96,118.23,114.42,144.93,112.66749999999999,114.655,115.83461538461538,112.77846153846153,2.511458739459761,2.7185395238625727,2.7243244281303793,4.345544561793182,0.0,-6.359999999999999,0.0,-0.05437756497948021,105.52
2014-12-17,50,12,2014,129.0,151.37,-0.2393156642875578,0.970941817426052,108.06,110.6,113.78,115.69,118.23,111.87,151.28,110.76,113.54249999999999,115.05230769230769,112.53384615384616,2.3424773211302052,3.380890626523852,3.36419914651315,4.427673950897191,-2.539999999999992,-7.6299999999999955,-0.022965641952983673,-0.06595211340651741,101.7
2014-12-24,51,12,2014,124.0,136.69,-0.12053668025532363,0.992708874098054,105.52,108.06,110.6,116.96,115.69,110.6,147.47,108.695,112.27125,114.07461538461538,112.28961538461537,2.43186485370314,4.256643337178365,4.124668906676873,4.635989198242695,-2.5400000000000063,-8.260000000000005,-0.023505459929668793,-0.07259623835471973,101.7
2014-12-31,52,12,2014,121.0,119.26,6.432490598706546e-16,1.0,101.7,105.52,110.6,116.96,116.96,106.79,147.47,106.47,110.36375,112.99846153846154,111.9473076923077,3.7965071666832455,5.175375590229589,5.31993866843033,5.073651590482716,-3.819999999999993,-8.899999999999991,-0.03620166793025015,-0.08047016274864371,99.16
2015-01-07,1,1,2015,118.0,122.32,0.12053668025532305,0.992708874098054,101.7,101.7,108.06,115.69,119.5,109.33,147.47,104.245,108.45625,111.82461538461537,111.75153846153846,3.116295878123783,5.208964628402039,6.011582730283196,5.370145392680817,0.0,-8.899999999999991,0.0,-0.08047016274864371,92.8
2015-01-14,2,1,2015,115.0,144.33,0.23931566428755774,0.970941817426052,99.16,101.7,105.52,113.78,116.96,109.33,144.93,102.02,106.39,110.25999999999999,111.36038461538462,2.6226195555866068,5.2081145477802195,6.476407182995945,5.898021689195759,-2.5400000000000063,-8.900000000000006,-0.024975417895771956,-0.08236165093466596,88.99
2015-01-21,3,1,2015,111.0,152.9,0.3546048870425356,0.9350162426854148,92.8,99.16,101.7,110.6,115.69,108.06,143.66,98.84,103.76749999999998,108.40153846153846,110.72461538461539,4.200920534043256,6.1519700677285085,7.737287257335392,6.9268250913549165,-6.359999999999999,-12.719999999999999,-0.06413876563130294,-0.12054586808188017,86.45
2015-01-28,4,1,2015,108.0,143.72,0.4647231720437685,0.8854560256532099,88.99,92.8,101.7,110.6,116.96,106.79,143.66,95.6625,101.06625,106.34769230769231,109.99115384615385,5.813778891565621,7.350846282664963,9.070261989824884,8.126078673964175,-3.8100000000000023,-12.710000000000008,-0.04105603448275863,-0.12497541789577193,71.19
2015-02-04,5,2,2015,107.0,134.55,0.5680647467311558,0.8229838658936564,86.45,88.99,99.16,108.06,116.96,105.52,143.66,91.85,98.0475,104.00076923076924,109.20884615384615,5.528055716073707,7.8201584748244155,9.995533553822895,9.33564194983162,-2.539999999999992,-15.25,-0.028542532868861548,-0.14995083579154378,71.19
2015-02-11,6,2,2015,107.0,125.37,0.6631226582407952,0.7485107481711011,71.19,86.45,92.8,105.52,115.69,105.52,141.11,84.8575,93.43875,100.48,107.88846153846154,9.4780004044463,11.20736165906502,12.735735811747322,11.942112942797593,-15.260000000000005,-27.97,-0.17651821862348183,-0.2820693828156515,69.92
2015-02-18,7,2,2015,108.0,128.43,0.7485107481711011,0.6631226582407953,71.19,71.19,88.99,101.7,113.78,109.33,132.21,79.455,89.1475,97.05692307692306,106.5680769230769,9.59976909444629,12.426735866093331,14.202759934024956,13.944447215788777,0.0,-21.61,0.0,-0.23286637931034482,72.46
2015-02-25,8,2,2015,109.0,137.61,0.8229838658936564,0.5680647467311559,69.92,71.19,86.45,101.7,110.6,111.87,134.76,74.6875,85.175,93.68307692307691,105.05230769230768,7.864487162768751,12.91096875860401,15.08143195268748,15.667682740648429,-1.269999999999996,-19.069999999999993,-0.017839584211265525,-0.2142937408697606,78.82
2015-03-04,9,3,2015,111.0,120.18,0.8854560256532099,0.4647231720437686,72.46,69.92,71.19,99.16,110.6,116.96,134.76,71.19,81.52,90.74923076923076,103.53653846153846,1.0369506577889664,11.640908162900173,15.225348633958854,16.843928506691565,2.539999999999992,-13.990000000000009,0.036327231121281445,-0.16182764603817246,81.36
2015-03-11,10,3,2015,111.0,111.61,0.9350162426854148,0.35460488704253557,78.82,72.46,71.19,92.8,108.06,118.23,132.21,73.0975,78.97749999999999,88.30461538461537,102.06961538461539,3.9534151902738857,9.203890093709013,14.295391224319843,17.283191483236834,6.359999999999999,7.6299999999999955,0.08777256417333712,0.10717797443461152,81.36
2015-03-18,11,3,2015,110.0,121.4,0.970941817426052,0.23931566428755804,81.36,78.82,69.92,88.99,105.52,118.23,134.76,75.64,77.5475,86.25076923076924,100.65153846153846,5.343581819967524,7.476025968764806,13.087568186091351,17.41627209073569,2.5400000000000063,10.170000000000002,0.032225323521948734,0.1428571428571428,81.36
2015-03-25,12,3,2015,108.0,133.02,0.992708874098054,0.120536680255323,81.36,81.36,72.46,86.45,101.7,115.69,134.76,78.5,76.59375,84.39230769230768,99.23346153846153,4.200920534044071,6.182509748123763,11.772599651905736,17.428757831197835,0.0,11.439999999999998,0.0,0.16361556064073213,81.36
2015-04-01,13,3,2015,107.0,129.35,1.0,-1.6081226496766366e-16,81.36,81.36,78.82,71.19,101.7,116.96,130.94,80.725,75.9575,82.8276923076923,97.91307692307691,1.27000000000748,5.208467693498397,10.57096507250167,17.432560516284617,0.0,8.900000000000006,0.0,0.12282638697212267,78.82
2015-04-08,14,4,2015,105.0,134.55,0.992708874098054,-0.12053668025532288,81.36,81.36,81.36,71.19,99.16,119.5,127.13,81.36,77.22875,81.26307692307692,96.54384615384615,4.330917677201967e-06,5.118960378541155,8.921460441553464,17.27405987645825,0.0,2.5400000000000063,0.0,0.032225323521948734,78.82
2015-04-15,15,4,2015,104.0,142.81,0.9709418174260521,-0.2393156642875575,78.82,81.36,81.36,69.92,92.8,116.96,127.13,80.725,78.1825,79.69846153846153,94.97923076923075,1.27000000000748,4.507370947356632,7.123634192075716,16.95090532640356,-2.5400000000000063,-2.5400000000000063,-0.03121927236971489,-0.03121927236971489,78.82
2015-04-22,16,4,2015,105.0,123.85,0.9350162426854148,-0.35460488704253545,78.82,78.82,81.36,72.46,88.99,115.69,120.77,80.09,79.295,78.62307692307692,93.5123076923077,1.4664696837482114,3.0343509543587692,5.937462118633014,16.619684547596584,0.0,-2.5400000000000063,0.0,-0.03121927236971489,78.82
2015-04-29,17,4,2015,106.0,123.85,0.8854560256532099,-0.4647231720437685,78.82,78.82,81.36,78.82,86.45,116.96,120.77,79.45499999999998,80.09,77.84076923076924,92.09423076923078,1.2700000000076739,1.3576871088902975,5.063357682959626,16.219836293400082,0.0,-2.5400000000000063,0.0,-0.03121927236971489,78.18
2015-05-06,18,5,2015,108.0,120.79,0.8229838658936565,-0.5680647467311557,78.82,78.82,78.82,81.36,71.19,116.96,119.5,78.82,80.09,77.25384615384615,90.6273076923077,4.442245842915202e-06,1.3576871088902975,4.378098023986815,15.593623711684936,0.0,-2.5400000000000063,0.0,-0.03121927236971489,76.28
2015-05-13,19,5,2015,109.0,124.76,0.7485107481711013,-0.663122658240795,78.18,78.82,78.82,81.36,71.19,115.69,118.23,78.66,79.6925,77.79153846153847,89.13576923076924,0.3200000000309204,1.3976689777486664,3.982691397682727,14.809065378500447,-0.6399999999999864,-0.6399999999999864,-0.008119766556711316,-0.008119766556711316,76.28
2015-05-20,20,5,2015,110.0,116.2,0.6631226582407952,-0.7485107481711012,76.28,78.18,78.82,81.36,69.92,113.78,120.77,78.025,79.0575,78.18307692307692,87.61999999999999,1.2018180672159569,1.661030231062515,3.5006365721396775,13.975861476133995,-1.9000000000000057,-2.539999999999992,-0.024302890764901552,-0.03222532352194862,76.91
2015-05-27,21,5,2015,110.0,112.53,0.5680647467311558,-0.8229838658936564,76.28,76.28,78.82,81.36,72.46,110.6,119.5,77.39,78.4225,78.6723076923077,86.1776923076923,1.308077469680967,1.6257020461293181,2.570428478687598,13.074067556106083,0.0,-2.539999999999992,0.0,-0.03222532352194862,76.28
2015-06-03,22,5,2015,110.0,114.06,0.46472317204376906,-0.8854560256532096,76.91,76.28,78.18,78.82,78.82,110.6,116.96,76.9125,77.86625,79.01461538461538,84.88192307692307,0.8956701401858278,1.176179499148583,1.876941729611258,12.19683172606453,0.6299999999999955,-1.9099999999999966,0.0082590456213949,-0.024232428317685795,76.79
2015-06-10,23,6,2015,109.0,113.14,0.35460488704253584,-0.9350162426854147,76.28,76.91,76.28,78.82,81.36,108.06,114.42,76.4375,77.54874999999998,78.81923076923077,83.56192307692308,0.3150000000328258,1.2238048105058656,2.0252343960440964,11.110965401527231,-0.6299999999999955,-1.9000000000000057,-0.008191392536731179,-0.024302890764901552,78.82
2015-06-17,24,6,2015,108.0,120.79,0.23931566428755768,-0.970941817426052,76.79,76.28,76.28,78.82,81.36,105.52,111.87,76.565,77.295,78.46769230769232,82.35923076923078,0.3327160952232892,1.1293740364543579,1.942391798114233,9.988861365776645,0.5100000000000051,0.5100000000000051,0.006685894074462517,0.006685894074462517,82.63
2015-07-08,27,7,2015,107.0,129.96,-0.12053668025532283,-0.992708874098054,81.36,82.63,76.79,76.28,78.82,99.16,109.33,79.9,78.16875,78.36999999999999,79.81653846153846,2.60915056420402,2.526954335601956,1.955091643191906,6.4973298776153525,-1.269999999999996,5.079999999999998,-0.015369720440517876,0.06659674882013622,82.63
2015-07-15,28,7,2015,106.0,116.81,-0.23931566428755743,-0.9709418174260521,81.36,81.36,78.82,76.28,78.82,92.8,109.33,81.04249999999999,78.80375,78.56538461538462,79.13192307692307,1.5980482888049647,2.621051792684005,2.123478339036181,5.182312240104627,0.0,4.569999999999993,0.0,0.059512957416330226,91.53
2015-07-22,29,7,2015,105.0,114.67,-0.3546048870425356,-0.9350162426854148,82.63,81.36,82.63,76.91,78.82,88.99,108.06,81.99499999999999,79.5975,78.85846153846154,78.74076923076923,0.7332348418836664,2.707659769709584,2.4057148838775273,4.440050380874945,1.269999999999996,3.8100000000000023,0.015609636184857445,0.0483379852829231,90.26
2015-07-29,30,7,2015,103.0,107.03,-0.46472317204376806,-0.8854560256532101,91.53,82.63,81.36,76.28,78.82,86.45,106.79,84.22,81.425,79.83615384615385,78.83846153846153,4.909969450008641,4.777384221510029,4.258222513479689,4.695192172696858,8.900000000000006,8.900000000000006,0.10770906450441742,0.10770906450441742,88.99
2015-08-05,31,8,2015,101.0,100.3,-0.5680647467311556,-0.8229838658936566,90.26,91.53,81.36,76.79,78.18,71.19,105.52,86.445,83.17249999999999,80.71615384615384,78.985,5.190468829179514,5.167480043496408,5.124665092241549,4.992307883143046,-1.269999999999996,8.900000000000006,-0.01387523216431763,0.10939036381514256,87.72
2015-08-12,32,8,2015,99.0,103.05,-0.663122658240795,-0.7485107481711013,88.99,90.26,82.63,78.82,76.28,71.19,105.52,88.35249999999999,84.69749999999999,81.5476923076923,79.66961538461538,3.9534151902732835,4.80211188659352,5.53911718875097,5.099922729438707,-1.2700000000000102,7.6299999999999955,-0.01407046310658111,0.09378072763028511,90.26
2015-08-19,33,8,2015,99.0,96.94,-0.7485107481711011,-0.6631226582407952,87.72,88.99,91.53,82.63,76.28,69.92,109.33,89.625,85.81,82.4276923076923,80.30538461538461,1.6395629498994877,4.244512423614793,5.541235051627353,5.030410902326479,-1.269999999999996,5.090000000000003,-0.014271266434430774,0.06159990318286335,91.53
2015-08-26,34,8,2015,97.0,103.97,-0.8229838658936564,-0.5680647467311559,90.26,87.72,90.26,81.36,76.91,72.46,111.87,89.3075,86.76375,83.50307692307692,81.0876923076923,1.2159324268573506,4.284926862178711,5.6049121084579046,4.931335971278896,2.5400000000000063,-1.269999999999996,0.028955768353853273,-0.01387523216431763,91.53
2015-09-02,35,8,2015,95.0,122.32,-0.8854560256532096,-0.4647231720437691,91.53,90.26,88.99,81.36,76.28,78.82,116.96,89.625,88.035,84.62769230769231,81.82115384615385,1.6395629498994877,3.9480953816736264,5.6384205144157855,5.014257533820416,1.269999999999996,1.269999999999996,0.014070463106580888,0.014070463106580888,91.53
2015-09-09,36,9,2015,96.0,135.47,-0.9350162426854147,-0.3546048870425359,91.53,91.53,87.72,82.63,76.79,81.36,118.23,90.26,89.30625,85.80076923076923,82.31,1.7960512242183564,3.0200044347070514,5.33518113022015,5.320191725876977,0.0,2.5400000000000063,0.0,0.02854253286886177,87.72
2015-09-16,37,9,2015,95.0,152.9,-0.970941817426052,-0.23931566428755774,91.53,91.53,90.26,91.53,78.82,81.36,118.23,91.2125,90.41875,86.9346153846154,82.70115384615384,0.635000000012586,1.4300093655814543,4.800061831861508,5.613337208423718,0.0,3.8100000000000023,0.0,0.04343365253077969,86.45
2015-09-23,38,9,2015,94.0,184.39,-0.992708874098054,-0.12053668025532357,87.72,91.53,91.53,90.26,82.63,81.36,115.69,90.5775,89.94250000000001,87.61923076923077,82.94576923076922,1.9050000000042426,1.6278096589130093,4.1348507863756625,5.690600090034861,-3.8100000000000023,-2.5400000000000063,-0.04162569649295311,-0.028140926213162,84.54
2015-09-30,39,9,2015,93.0,197.85,-1.0,-1.8369701987210297e-16,86.45,87.72,91.53,88.99,81.36,81.36,116.96,89.30749999999999,89.46624999999999,87.91307692307693,83.14153846153846,2.6181720722703656,2.0294470569785408,3.8785314759850755,5.721334594179123,-1.269999999999996,-5.079999999999998,-0.014477884176926525,-0.055500928657270854,83.91
2015-10-07,40,10,2015,94.0,181.03,-0.992708874098054,0.1205366802553232,84.54,86.45,91.53,87.72,81.36,78.82,119.5,87.56,88.91000000000001,88.1576923076923,83.26384615384616,2.951779124530995,2.6831857397916887,3.5139369038235797,5.71571383253866,-1.9099999999999966,-6.989999999999995,-0.02209369577790632,-0.07636840380203203,83.91
2015-10-14,41,10,2015,96.0,152.9,-0.9709418174260521,0.23931566428755738,83.91,84.54,87.72,90.26,82.63,78.82,116.96,85.655,88.43375,88.35384615384615,83.45961538461538,1.7497142623918602,3.210825160954932,3.155776551179823,5.644139956294747,-0.6300000000000097,-7.6200000000000045,-0.0074520936834635565,-0.08325139298590634,84.54
2015-10-21,42,10,2015,96.0,158.09,-0.9350162426854148,0.35460488704253557,83.91,83.91,86.45,91.53,91.53,78.82,115.69,84.7025,87.64,88.45230769230768,83.65538461538463,1.2022582917234328,3.469347406718823,2.9772250890250236,5.56448828251464,0.0,-3.8100000000000023,0.0,-0.0434336525307798,76.91
2015-10-28,43,10,2015,94.0,128.43,-0.8854560256532101,0.464723172043768,84.54,83.91,84.54,91.53,90.26,78.82,116.96,84.22500000000001,86.76625,87.91461538461537,83.87538461538462,0.3637306696140296,3.22102440447453,3.0061315545111236,5.4780706317318115,0.6300000000000097,-1.9099999999999966,0.007508044333214281,-0.02209369577790632,78.18
2015-11-04,44,11,2015,94.0,110.7,-0.822983865893657,0.5680647467311548,76.91,84.54,83.91,91.53,88.99,78.18,116.96,82.3175,84.93875,86.8876923076923,83.80192307692307,3.617212324431404,4.146587021696927,4.186617874934283,5.560758235522825,-7.63000000000001,-7.63000000000001,-0.09025313461083517,-0.09025313461083517,78.18
2015-11-11,45,11,2015,94.0,95.71,-0.7485107481711011,0.6631226582407952,78.18,76.91,83.91,87.72,87.72,76.28,115.69,80.885,83.27,86.05615384615385,83.80192307692307,3.899884613680111,3.7856420478194877,4.767498537770296,5.560758235522825,1.2700000000000102,-5.72999999999999,0.016512807177220257,-0.06828745084018584,77.55
2015-11-18,46,11,2015,94.0,103.97,-0.6631226582407955,0.7485107481711007,78.18,78.18,84.54,86.45,90.26,76.28,113.78,79.4525,82.0775,85.32230769230767,83.875,3.4441000275862073,3.6848483201876614,5.20426932726569,5.469693410063193,0.0,-5.72999999999999,0.0,-0.06828745084018584,75.01
2015-12-02,48,11,2015,91.0,85.62,-0.4647231720437684,0.88545602565321,75.01,77.55,78.18,83.91,91.53,76.28,110.6,77.23,79.77374999999999,83.07384615384616,83.85076923076923,1.509503229549363,3.738865135295958,5.500959823004269,5.514787338121399,-2.539999999999992,-1.8999999999999915,-0.03275306254029653,-0.024704199713951214,67.38
2016-07-06,27,7,2016,91.0,138.52,-0.12053668025532283,-0.992708874098054,73.1,71.83,71.19,63.56,59.75,64.2,81.36,71.9875,69.1275,66.4,62.87961538461539,0.8006820009767868,3.5274748151269617,4.5898965129881075,5.11085079475605,1.269999999999996,3.809999999999988,0.017680634832242692,0.054986289507865216,79.46
2016-07-13,28,7,2016,91.0,118.49,-0.23931566428755743,-0.9709418174260521,74.37,73.1,71.83,64.84,61.02,64.2,82.63,72.7825,70.47875,67.52461538461539,63.27076923076923,1.2159324268592924,3.1391829578385835,4.6157549317185875,5.583287148689361,1.2700000000000102,3.180000000000007,0.017373461012311964,0.04466919511167311,79.46
2016-07-20,29,7,2016,91.0,129.04,-0.3546048870425356,-0.9350162426854148,79.46,74.37,71.83,67.38,62.29,62.29,91.53,74.69,72.30625,68.94307692307692,63.857692307692304,3.344796954478294,3.608137380570587,5.24125682225786,6.423701928144111,5.089999999999989,7.6299999999999955,0.06844157590426225,0.10622302659056104,79.46
2016-07-27,30,7,2016,90.0,120.79,-0.46472317204376806,-0.8854560256532101,79.46,79.46,73.1,69.29,63.56,59.12,90.26,76.5975,73.81625,70.26384615384615,64.51807692307692,3.345747300681859,3.775825122681329,5.577588395322334,7.102771864135123,0.0,7.6299999999999955,0.0,0.10622302659056104,75.01
2016-08-03,31,7,2016,89.0,120.18,-0.5680647467311556,-0.8229838658936566,79.46,79.46,74.37,71.19,63.56,57.84,88.99,78.1875,75.0875,71.48692307692308,65.30038461538462,2.5450000000038084,3.746128477689705,5.7263621154154825,7.588000780591457,0.0,6.359999999999999,0.0,0.08700410396716829,71.83
2016-08-10,32,8,2016,87.0,111.0,-0.663122658240795,-0.7485107481711013,75.01,79.46,79.46,71.83,63.56,57.21,87.72,78.3475,75.565,72.36769230769231,65.96076923076923,2.225000000004343,3.406418311689736,5.26771480157309,7.659567571652956,-4.449999999999989,0.6400000000000006,-0.05600302038761629,0.008605620545919068,71.83
2016-08-17,33,8,2016,87.0,119.26,-0.7485107481711011,-0.6631226582407952,71.83,75.01,79.46,71.83,64.84,57.84,90.26,76.44,75.565,73.00384615384615,66.52307692307691,3.721012407041033,3.406418311689736,4.568355901302888,7.52695251439438,-3.180000000000007,-7.6299999999999955,-0.04239434742034409,-0.09602315630505909,74.37
2016-08-24,34,8,2016,89.0,119.26,-0.8229838658936564,-0.5680647467311559,71.83,71.83,79.46,73.1,67.38,57.21,91.53,74.5325,75.565,73.54153846153847,67.06115384615386,3.6108759325156323,3.406418311689736,3.888118324139276,7.3800142693280675,0.0,-7.6299999999999955,0.0,-0.09602315630505909,75.01
2016-08-31,35,8,2016,91.0,117.73,-0.8854560256532096,-0.4647231720437691,74.37,71.83,75.01,74.37,69.29,57.21,91.53,73.26,75.72375,74.07923076923076,67.72115384615384,1.6717655338058313,3.303158391157222,3.420196050752757,7.229560610125994,2.5400000000000063,-5.089999999999989,0.035361269664485606,-0.06405738736471167,76.28
2016-09-07,36,9,2016,91.0,123.85,-0.9350162426854147,-0.3546048870425359,75.01,74.37,71.83,79.46,71.19,57.84,91.53,73.26,75.80375,74.51923076923077,68.40576923076922,1.6717655338058313,3.273302995435887,3.106252998751327,7.034544575501355,0.6400000000000006,0.0,0.008605620545919068,0.0,77.55
2016-09-14,37,9,2016,91.0,132.41,-0.970941817426052,-0.23931566428755774,76.28,75.01,71.83,79.46,71.83,59.75,87.72,74.3725,75.40625,74.91076923076922,69.115,1.8716547936751993,2.9422097502073288,2.969417623976983,6.853933906896066,1.269999999999996,4.450000000000003,0.016931075856552402,0.06195183071140198,76.28
2016-09-21,38,9,2016,90.0,127.82,-0.992708874098054,-0.12053668025532357,77.55,76.28,74.37,79.46,71.83,58.48,86.45,75.80250000000001,75.1675,75.35076923076923,69.79961538461538,1.4097133278389553,2.6268653236320807,2.8977993418429255,6.769549752107069,1.269999999999996,5.719999999999999,0.016649187205034055,0.07963246554364467,76.91
2016-09-28,39,9,2016,90.0,163.6,-1.0,-1.8369701987210297e-16,76.28,77.55,75.01,75.01,73.1,58.48,84.54,76.28,74.77,75.69307692307692,70.48423076923078,1.0369506577878211,2.0650492902973614,2.703566732460564,6.472543965452366,-1.269999999999996,1.9099999999999966,-0.016376531270148265,0.02568239881672718,76.28
2016-10-05,40,10,2016,90.0,133.94,-0.992708874098054,0.1205366802553232,76.91,76.28,76.28,71.83,74.37,59.75,83.91,76.755,75.0075,75.98615384615384,71.19307692307692,0.6075360071796199,2.2013551021231144,2.6037074159046467,6.104000504091069,0.6299999999999955,1.8999999999999915,0.0082590456213949,0.02532995600586574,75.64
2016-10-12,41,10,2016,92.0,105.5,-0.9709418174260521,0.23931566428755738,76.28,76.91,77.55,71.83,79.46,61.02,83.91,76.755,75.56375000000001,76.13307692307693,71.82884615384616,0.6075360071796199,1.811439344811044,2.5584057034673684,5.712771885475735,-0.6299999999999955,0.0,-0.008191392536731179,0.0,76.91
2016-10-19,42,10,2016,94.0,112.53,-0.9350162426854148,0.35460488704253557,75.64,76.28,76.28,74.37,79.46,62.29,84.54,76.2775,76.04,75.83923076923077,72.39115384615386,0.5184833652297133,1.0155645860806384,2.355799445111044,5.311748734219413,-0.6400000000000006,-1.9099999999999966,-0.008390141583639266,-0.02462927143778204,80.73
2016-10-26,43,10,2016,94.0,156.87,-0.8854560256532101,0.464723172043768,76.91,75.64,76.91,75.01,79.46,63.56,76.91,76.435,76.3575,75.64307692307692,72.95346153846154,0.6075360071797161,0.7911248772213183,2.1239483068570197,4.9619858462674005,1.269999999999996,0.6299999999999955,0.01679005817028023,0.0082590456213949,80.73
2016-11-02,44,10,2016,94.0,137.61,-0.822983865893657,0.5680647467311548,80.73,76.91,76.28,76.28,75.01,63.56,78.18,77.39,77.0725,75.74076923076923,73.61384615384614,2.2862341670717417,1.5853953990594334,2.3330540125735353,4.801796394629887,3.8200000000000074,3.8200000000000074,0.049668443635418225,0.049668443635418225,80.73
2016-11-09,45,11,2016,93.0,91.74,-0.7485107481711011,0.6631226582407952,80.73,80.73,75.64,77.55,71.83,63.56,78.18,78.5025,77.62875,76.18076923076923,74.27423076923077,2.62383148595443,1.9952904371298856,2.695046262853205,4.537189591003537,0.0,4.450000000000003,0.0,0.05833770319874154,81.36
2016-11-16,46,11,2016,92.0,78.89,-0.6631226582407955,0.7485107481711007,80.73,80.73,76.91,76.28,71.83,64.84,77.55,79.775,78.02625,76.86538461538461,74.93461538461538,1.910000000004896,2.274573350873123,2.627300945144136,4.148231652915349,0.0,5.090000000000003,0.0,0.0672924378635642,90.26
2016-11-23,47,11,2016,91.0,74.92,-0.5680647467311559,0.8229838658936564,81.36,80.73,80.73,76.91,74.37,67.38,75.01,80.8875,78.66125,77.59846153846154,75.57000000000001,0.31500000002905315,2.421761091777095,2.4271514379019443,3.7898992071154725,0.6299999999999955,4.450000000000003,0.007803790412485911,0.057859836172149404,90.26
2016-12-07,49,12,2016,94.0,71.25,-0.35460488704253595,0.9350162426854147,90.26,90.26,80.73,75.64,76.28,71.19,67.38,85.6525,82.0775,79.99384615384616,77.25653846153847,5.326495877530567,5.451253460044508,4.99671982147344,4.940471185884474,0.0,9.530000000000001,0.0,0.11804781369998762,95.35
2016-12-14,50,12,2016,94.0,79.51,-0.2393156642875578,0.970941817426052,94.08,90.26,81.36,76.91,77.55,71.83,64.84,88.99,84.3825,81.36307692307693,78.13692307692307,5.396010872241555,6.189017346414523,6.190458228343872,5.783702460702718,3.819999999999993,13.349999999999994,0.0423221803678262,0.16536603493125224,93.44
2016-12-21,51,12,2016,95.0,85.01,-0.12053668025532363,0.992708874098054,95.35,94.08,90.26,80.73,76.28,71.83,64.2,92.48750000000001,86.6875,82.73230769230769,79.04153846153847,2.6238314859535508,6.437292576403612,7.16812057404523,6.5468054452956945,1.269999999999996,13.989999999999995,0.013499149659863985,0.17195181907571278,90.26
2017-01-04,1,1,2017,98.0,81.95,0.12053668025532305,0.992708874098054,90.26,93.44,94.08,80.73,76.28,74.37,64.2,93.2825,89.4675,85.07923076923076,80.5326923076923,2.165708121303738,5.550023809467043,7.307348426453347,7.098072728679886,-3.1799999999999926,0.0,-0.03403253424657526,0.0,88.99
2017-01-11,2,1,2017,98.0,97.85,0.23931566428755774,0.970941817426052,90.26,90.26,95.35,81.36,75.64,79.46,64.2,92.3275,90.65875,86.15461538461538,81.14384615384617,2.511458739460911,4.285371920841575,6.923078091164362,7.229097911598296,0.0,-3.819999999999993,0.0,-0.04060374149659862,88.99
2017-01-18,3,1,2017,98.0,105.5,0.3546048870425356,0.9350162426854148,88.99,90.26,93.44,90.26,76.91,79.46,62.29,90.7375,91.61250000000001,87.18153846153845,81.51038461538461,1.898532327882537,2.3173799860916002,6.1841259772513,7.380325456661366,-1.2700000000000102,-6.359999999999999,-0.01407046310658111,-0.06670162558993187,89.63
2017-01-25,4,1,2017,97.0,114.67,0.4647231720437685,0.8854560256532099,88.99,88.99,90.26,90.26,80.73,79.46,59.12,89.625,91.45375,88.11076923076922,81.87692307692308,0.7332348418813418,2.4622401965795513,5.365490753471834,7.50993356521453,0.0,-4.450000000000003,0.0,-0.04762414383561642,90.26
2017-02-01,5,1,2017,97.0,94.18,0.5680647467311558,0.8229838658936564,89.63,88.99,90.26,94.08,80.73,75.01,57.84,89.4675,91.375,88.79538461538462,82.26807692307692,0.6084063883201758,2.51537557546623,4.892180180965129,7.642691159135996,0.6400000000000006,-0.6300000000000097,0.007191819305540026,-0.006979836029248898,89.63
2017-02-08,6,2,2017,97.0,105.5,0.6631226582407952,0.7485107481711011,90.26,89.63,88.99,95.35,80.73,71.83,57.21,89.4675,90.89750000000001,89.52846153846154,82.8546153846154,0.6084063883201758,2.280098682061265,4.255482436714106,7.6485675682602645,0.6300000000000097,0.0,0.007028896574807542,0.0,90.9
2017-02-15,7,2,2017,97.0,96.32,0.7485107481711011,0.6631226582407953,89.63,90.26,88.99,93.44,81.36,71.83,57.84,89.6275,90.1825,90.21307692307693,83.53923076923077,0.518483365225362,1.41844734025623,3.339334725691365,7.41536832427788,-0.6300000000000097,0.6400000000000006,-0.006979836029248898,0.007191819305540026,90.9
2017-02-22,8,2,2017,97.0,88.68,0.8229838658936564,0.5680647467311559,90.9,89.63,89.63,90.26,90.26,74.37,57.21,90.10499999999999,89.865,90.94692307692307,84.27269230769231,0.6075360071759365,0.6741131740038245,2.0188255026645066,7.149209499072345,1.2700000000000102,1.9100000000000108,0.014169362936516938,0.02146308573997091,92.8
2017-03-01,9,2,2017,97.0,94.18,0.8854560256532099,0.4647231720437686,90.9,90.9,90.26,90.26,90.26,75.01,57.21,90.4225,89.945,90.99615384615385,84.90846153846154,0.6084063883199465,0.7601691540664676,2.008455204291229,6.9659989619974,0.0,1.2700000000000102,0.0,0.014169362936516938,94.71
2017-03-08,10,3,2017,97.0,93.88,0.9350162426854148,0.35460488704253557,92.8,90.9,89.63,88.99,94.08,76.28,57.84,91.0575,90.2625,91.19153846153846,85.5926923076923,1.3068632930347601,1.270002812120627,2.053906222100485,6.827160204772205,1.8999999999999915,2.539999999999992,0.020902090209020896,0.028140926213161777,99.16
2017-03-15,11,3,2017,97.0,94.8,0.970941817426052,0.23931566428755804,94.71,92.8,90.9,88.99,95.35,77.55,59.75,92.3275,90.97749999999999,91.24000000000001,86.30153846153847,1.8234651079783737,1.903438617703788,2.1336236781476576,6.778164761832497,1.9099999999999966,5.079999999999998,0.020581896551724155,0.05667745174606709,97.89
2017-03-22,12,3,2017,96.0,81.95,0.992708874098054,0.120536680255323,99.16,94.71,90.9,89.63,93.44,76.28,58.48,94.39249999999998,92.24875,91.5330769230769,87.1326923076923,3.5385248809846295,3.28277077002182,2.8772944021902886,6.983916699218574,4.450000000000003,8.259999999999991,0.0469855347904129,0.09086908690869078,96.62
2017-03-29,13,3,2017,96.0,77.98,1.0,-1.6081226496766366e-16,97.89,99.16,92.8,90.26,90.26,76.91,58.48,96.14,93.28125,91.87538461538462,87.96384615384615,2.90880273194089,3.6228143657259353,3.3490884714644777,6.9263404923140754,-1.269999999999996,6.989999999999995,-0.012807583703106085,0.07689768976897682,99.16
2017-04-05,14,4,2017,96.0,77.98,0.992708874098054,-0.12053668025532288,96.62,97.89,94.71,89.63,90.26,76.28,59.75,97.095,94.07625,92.36461538461539,88.72192307692308,1.8982535833443894,3.562434711172656,3.5518436888039644,6.744344605217808,-1.269999999999996,3.8200000000000074,-0.012973746041475054,0.04116379310344831,99.16
2017-04-12,15,4,2017,97.0,74.31,0.9709418174260521,-0.2393156642875575,99.16,96.62,99.16,90.9,88.99,75.64,61.02,98.2075,95.2675,93.04923076923077,89.60192307692309,1.215932426855808,3.4550036179344117,3.948015242995867,6.54575344432785,2.539999999999992,4.450000000000003,0.026288553094597322,0.0469855347904129,102.34
2017-04-19,16,4,2017,98.0,74.92,0.9350162426854148,-0.35460488704253545,99.16,99.16,97.89,90.9,88.99,76.91,62.29,98.2075,96.3,93.83153846153847,90.50653846153847,1.215932426855808,3.1871931224731984,4.081972248295084,6.152453781910485,0.0,0.0,0.0,0.0,102.97
2017-04-26,17,4,2017,98.0,72.78,0.8854560256532099,-0.4647231720437685,102.34,99.16,96.62,92.8,89.63,80.73,63.56,99.32,97.73,94.85846153846154,91.48461538461538,2.3424773211308594,2.9777700189328877,4.427131965036938,5.921518880003358,3.180000000000007,4.450000000000003,0.032069382815651526,0.04545918888548384,101.07
2017-05-03,18,4,2017,97.0,81.03,0.8229838658936565,-0.5680647467311557,102.97,102.34,99.16,94.71,90.26,80.73,63.56,100.9075,99.00125,95.88461538461539,92.33999999999999,2.0341644476324507,2.7332316691208005,4.654436262645768,5.912150877648654,0.6299999999999955,6.349999999999994,0.006155950752393835,0.06572138273649353,98.53
2017-05-10,19,5,2017,97.0,93.27,0.7485107481711013,-0.663122658240795,101.07,102.97,99.16,99.16,89.63,80.73,63.56,101.385,99.79625,96.71615384615384,93.12230769230769,1.6806843844135781,2.174612855514989,4.529793112381745,5.654544584811373,-1.9000000000000057,1.9099999999999966,-0.018451976303777817,0.01926179911254544,97.25
2017-05-17,20,5,2017,96.0,81.03,0.6631226582407952,-0.7485107481711012,98.53,101.07,102.34,97.89,90.9,81.36,64.84,101.22749999999999,99.7175,97.40076923076923,93.80692307692308,1.964287402599656,2.212030418274352,4.0126019437430145,5.149114696132414,-2.539999999999992,-0.6299999999999955,-0.025131097259325164,-0.006353368293666728,94.71
2017-05-24,21,5,2017,96.0,80.42,0.5680647467311558,-0.8229838658936564,97.25,98.53,102.97,96.62,90.9,90.26,67.38,99.955,99.63749999999999,97.88923076923076,94.41807692307694,2.561321273616194,2.2974877583879274,3.5103738203972683,4.516867072864369,-1.2800000000000011,-5.090000000000003,-0.01299096721810622,-0.04973617353918314,94.08
2017-05-31,22,5,2017,97.0,85.01,0.46472317204376906,-0.8854560256532096,94.71,97.25,101.07,99.16,92.8,90.26,69.29,97.88999999999999,99.39874999999999,98.18230769230769,94.58923076923075,2.648521600191274,2.716828179529412,3.000197643054909,4.436603135811838,-2.5400000000000063,-8.260000000000005,-0.02611825192802064,-0.08021753908905516,92.8
2017-06-07,23,6,2017,97.0,81.95,0.35460488704253584,-0.9350162426854147,94.08,94.71,98.53,99.16,94.71,94.08,71.19,96.1425,98.76375,98.28076923076922,94.73615384615385,2.1002122908602594,3.3096047994455895,2.824710786186334,4.349905816849895,-0.6299999999999955,-6.989999999999995,-0.006651884700665134,-0.0691599881270406,91.53
2017-06-14,24,6,2017,95.0,77.98,0.23931566428755768,-0.970941817426052,92.8,94.08,97.25,102.34,99.16,95.35,71.83,94.71000000000001,97.96875,98.13384615384614,94.68692307692307,1.8705257727925308,3.910197062984161,3.0653399443316696,4.364846635785287,-1.2800000000000011,-5.730000000000004,-0.013605442176870763,-0.05815487668730335,92.17
2017-06-21,25,6,2017,94.0,90.21,0.12053668025532308,-0.992708874098054,91.53,92.8,94.71,102.97,97.89,93.44,71.83,93.28,96.61749999999999,97.5469230769231,94.53999999999999,1.4115948427275393,4.049164816875981,3.545364073013151,4.40573444502504,-1.269999999999996,-5.719999999999999,-0.01368534482758621,-0.05881748071979431,93.44
2017-06-28,26,6,2017,93.0,97.24,-3.216245299353273e-16,-1.0,92.17,91.53,94.08,101.07,96.62,90.26,73.1,92.645,95.2675,97.10692307692307,94.49115384615385,1.0881329575693275,3.372496955406406,3.841788612553467,4.42541417445472,0.6400000000000006,-2.539999999999992,0.0069922429804436526,-0.026818709745538905,94.71
2017-07-05,27,7,2017,93.0,88.07,-0.12053668025532283,-0.992708874098054,93.44,92.17,92.8,98.53,99.16,90.26,74.37,92.485,94.31375,96.8623076923077,94.61346153846155,0.8210765291262253,2.4497751354409862,3.9743283580237194,4.3470476807301734,1.269999999999996,-0.6400000000000006,0.013778886839535653,-0.006802721088435382,94.08
2017-07-12,28,7,2017,94.0,95.41,-0.23931566428755743,-0.9709418174260521,94.71,93.44,91.53,97.25,99.16,88.99,79.46,92.96249999999999,93.83625,96.52,94.78461538461536,1.4097133278371772,1.7954699941627783,3.9515102597979888,4.255423110130619,1.269999999999996,1.9099999999999966,0.013591609589041154,0.020581896551724155,95.35
2017-07-19,29,7,2017,94.0,94.18,-0.3546048870425356,-0.9350162426854148,94.08,94.71,92.17,94.71,102.34,88.99,79.46,93.6,93.44,96.12923076923076,94.98038461538462,1.0852035139463554,1.1781098663034324,3.9197373669158306,4.0921295001788005,-0.6299999999999955,2.549999999999997,-0.006651884700665134,0.027859718125204713,97.25
2017-07-26,30,7,2017,95.0,91.13,-0.46472317204376806,-0.8854560256532101,95.35,94.08,93.44,94.08,102.97,89.63,79.46,94.395,93.52,95.59153846153846,95.225,0.8210765291257544,1.2928153110595941,3.447791191838483,3.905556298413781,1.269999999999996,3.1799999999999926,0.013499149659863985,0.034501464684821403,95.35
2017-08-02,31,7,2017,96.0,91.13,-0.5680647467311556,-0.8229838658936566,97.25,95.35,94.71,92.8,101.07,90.26,75.01,95.3475,93.91624999999999,95.15153846153846,95.51807692307693,1.3702159197297359,1.8532900281689262,2.714761641320551,3.7517867948386243,1.9000000000000057,3.8100000000000023,0.019926586261143298,0.04077482876712324,94.08
2017-08-09,32,8,2017,97.0,90.21,-0.663122658240795,-0.7485107481711013,95.35,97.25,94.08,91.53,98.53,89.63,71.83,95.5075,94.235,94.71153846153847,95.71384615384615,1.3068632930344086,1.8531671730763335,2.060209722945349,3.596008984341361,-1.9000000000000057,0.6400000000000006,-0.01953727506426739,0.006757470172104263,94.08
2017-08-16,33,8,2017,211.0,94.18,-0.7485107481711011,-0.6631226582407952,94.08,95.35,95.35,92.17,97.25,90.9,71.83,95.5075,94.55375000000001,94.36923076923077,95.88499999999999,1.3068632930344086,1.5087264023282103,1.7133907004130595,3.3951533102466867,-1.269999999999996,0.0,-0.013319349764027266,0.0,99.16
2017-08-23,34,8,2017,98.0,104.58,-0.8229838658936564,-0.5680647467311559,94.08,94.08,97.25,93.44,94.71,90.9,74.37,95.19,94.79249999999999,94.12538461538462,96.00730769230768,1.4981544201719892,1.196420255809369,1.4787473042064074,3.2630998240350233,0.0,-1.269999999999996,0.0,-0.013319349764027266,100.43
2017-08-30,35,8,2017,98.0,102.44,-0.8854560256532096,-0.4647231720437691,99.16,94.08,95.35,94.71,94.08,92.8,75.01,95.66749999999999,95.5075,94.4676923076923,96.32500000000002,2.404071199725024,1.8195741259811258,2.0355718027269076,3.145957723822538,5.079999999999998,1.9099999999999966,0.05399659863945572,0.019640102827763517,98.53
2017-09-06,36,9,2017,104.0,103.36,-0.9350162426854147,-0.3546048870425359,100.43,99.16,94.08,94.08,92.8,94.71,76.28,96.9375,96.2225,94.95615384615385,96.61846153846153,3.3400436623912717,2.4692725938619207,2.614378633821088,3.1598261880268015,1.2700000000000102,5.0800000000000125,0.012807583703106085,0.05327739905610929,101.7
2017-09-13,37,9,2017,106.0,105.5,-0.970941817426052,-0.23931566428755774,98.53,100.43,94.08,95.35,91.53,99.16,77.55,98.05,96.77875,95.39692307692309,96.76538461538462,2.762112717953341,2.4183845700202884,2.702120724581199,3.1563462811029104,-1.9000000000000057,4.450000000000003,-0.01891864980583502,0.047300170068027336,108.06
2017-09-20,38,9,2017,105.0,133.02,-0.992708874098054,-0.12053668025532357,101.7,98.53,99.16,97.25,92.17,97.89,76.28,99.955,97.5725,96.17923076923077,96.86307692307693,1.4063309236018129,2.880405477398456,2.9501001721291207,3.270664482016522,3.1700000000000017,7.6200000000000045,0.03217294225109102,0.08099489795918369,108.7
2017-09-27,39,9,2017,105.0,187.45,-1.0,-1.8369701987210297e-16,108.06,101.7,100.43,95.35,93.44,96.62,76.91,102.18,98.92375,97.40153846153846,97.25423076923077,4.130770710978486,4.680564488233622,4.184230009115979,3.9383734440366758,6.359999999999999,8.900000000000006,0.06253687315634227,0.08975393303751522,107.42
2017-10-04,40,10,2017,105.0,236.99,-0.992708874098054,0.1205366802553232,108.7,108.06,98.53,94.08,94.71,99.16,76.28,104.2475,100.5925,98.57538461538462,97.71884615384614,4.951076482275692,5.52758472183704,5.034397705422854,4.528842966527119,0.6400000000000006,8.269999999999996,0.005922635572829904,0.08234591257592339,105.52
2017-10-11,41,10,2017,105.0,126.29,-0.9709418174260521,0.23931566428755738,107.42,108.7,101.7,94.08,94.08,99.16,75.64,106.47,102.26,99.55307692307693,98.03653846153846,3.2226490138821755,5.28930187129255,5.439067604857807,4.907837766118478,-1.2800000000000011,8.89,-0.011775528978840821,0.09022632700700295,108.06
2017-10-18,42,10,2017,105.0,129.96,-0.9350162426854148,0.35460488704253557,105.52,107.42,108.06,99.16,95.35,102.34,76.91,107.425,103.69,100.43307692307692,98.28115384615384,1.373305015892441,4.195116208157479,5.40512007978369,5.119984630393111,-1.9000000000000057,3.819999999999993,-0.01768758145596727,0.03756145526057031,111.87
2017-10-25,43,10,2017,106.0,122.32,-0.8854560256532101,0.464723172043768,108.06,105.52,108.7,100.43,97.25,102.97,80.73,107.425,104.80250000000001,101.41076923076922,98.50115384615384,1.373305015892441,3.997637695289999,5.55645039801485,5.415715152725584,2.5400000000000063,0.0,0.024071266110689882,0.0,110.6
2017-11-01,44,10,2017,106.0,135.47,-0.822983865893657,0.5680647467311548,111.87,108.06,107.42,98.53,95.35,101.07,80.73,108.2175,106.2325,102.5353846153846,98.84346153846155,2.663210781495709,4.248350099906551,6.09734452498539,5.963080373308592,3.8100000000000023,3.1700000000000017,0.03525818989450302,0.02916283348666049,109.33
2017-11-08,45,11,2017,109.0,122.32,-0.7485107481711011,0.6631226582407952,110.6,111.87,105.52,101.7,94.08,98.53,80.73,109.0125,107.74125000000001,103.70846153846153,99.21000000000001,2.816041843914009,3.113915484210459,6.066644935150773,6.383490581184895,-1.2700000000000102,3.1799999999999926,-0.011352462679896425,0.02960342580525044,109.33
2017-11-15,46,11,2017,110.0,116.2,-0.6631226582407955,0.7485107481711007,109.33,110.6,108.06,108.06,94.08,97.25,81.36,109.965,108.695,104.88153846153847,99.6253846153846,1.6395629498967577,1.9502966807145916,5.497387024989654,6.681884902198611,-1.269999999999996,3.8100000000000023,-0.011482820976491781,0.036106899166034934,107.42
2017-11-29,48,11,2017,110.0,91.74,-0.4647231720437684,0.88545602565321,107.42,109.33,110.6,107.42,100.43,94.08,90.26,109.17,108.69375,106.69,100.57884615384616,1.311309777795153,2.0089509522436413,4.0513536832308645,6.979070039443625,-1.9099999999999966,-4.450000000000003,-0.0174700448184395,-0.03977831411459731,112.51
2018-07-11,27,7,2018,122.0,127.21,-0.12053668025532283,-0.992708874098054,109.97,110.6,109.33,111.87,111.87,109.33,94.08,110.4425,110.3625,111.04076923076923,111.87307692307692,1.0837396673895643,1.7284737280392701,1.606598173866775,2.0345019424692428,-0.6299999999999955,3.1799999999999926,-0.005696202531645489,0.029778069107594174,111.87
2018-07-18,28,7,2018,122.0,126.29,-0.23931566428755743,-0.9709418174260521,110.6,109.97,111.87,111.87,111.87,113.78,95.35,110.76,110.20375,110.94307692307692,111.92192307692306,0.7973706791742842,1.625492782409294,1.5905050802247436,1.985662648566236,0.6299999999999955,1.269999999999996,0.005728835136855404,0.011616207811213641,111.87
2018-07-25,29,7,2018,122.0,136.08,-0.3546048870425356,-0.9350162426854148,111.87,110.6,110.6,110.6,111.87,113.15,97.25,110.76,110.20375,110.94307692307692,111.84846153846154,0.7973706791742842,1.625492782409294,1.5905050802247436,1.949167396230126,1.2700000000000102,0.0,0.011482820976491892,0.0,111.87
2018-08-01,30,7,2018,122.0,165.74,-0.46472317204376806,-0.8854560256532101,111.87,111.87,109.97,106.79,112.51,113.78,95.35,111.0775,110.3625,110.94307692307692,111.79923076923077,0.9505568543438506,1.7284737280392701,1.5905050802247436,1.9310596533200153,0.0,1.2700000000000102,0.0,0.011482820976491892,111.24
2018-08-08,31,8,2018,122.0,181.95,-0.5680647467311556,-0.8229838658936566,111.87,111.87,110.6,109.33,112.51,112.51,94.08,111.55250000000001,110.9975,110.89384615384617,111.72576923076923,0.6350000000051662,1.0139984502423531,1.5472800783923772,1.888555369768248,0.0,1.9000000000000057,0.0,0.01727743930162773,111.87
2018-08-15,32,8,2018,121.0,160.54,-0.663122658240795,-0.7485107481711013,111.24,111.87,111.87,111.87,111.87,109.33,94.08,111.7125,111.23625,110.79615384615386,111.67692307692307,0.31500000001030687,0.7577775304569984,1.4751471026047525,1.8838784870344736,-0.6300000000000097,0.6400000000000006,-0.005631536604988052,0.005786618444846292,114.42
2018-08-22,33,8,2018,121.0,142.19,-0.7485107481711011,-0.6631226582407952,111.87,111.24,111.87,110.6,111.87,109.33,99.16,111.7125,111.23625,110.79615384615384,111.7746153846154,0.31500000001030687,0.7577775304569984,1.4751471026047525,1.8221530797984296,0.6300000000000097,0.0,0.005663430420712157,0.0,116.96
2018-08-29,34,8,2018,122.0,181.33,-0.8229838658936564,-0.5680647467311559,114.42,111.87,111.87,109.97,110.6,111.87,100.43,112.35,111.71375,110.9923076923077,111.97038461538463,1.4115948427244422,1.305318105710044,1.7699253931734626,1.8224323982575399,2.549999999999997,2.549999999999997,0.022794314829712947,0.022794314829712947,116.96
2018-09-05,35,9,2018,123.0,164.52,-0.8854560256532096,-0.4647231720437691,116.96,114.42,111.24,110.6,106.79,113.15,98.53,113.6225,112.5875,111.48153846153846,112.16615384615383,2.6154970846869094,2.0805888589416903,2.4141867027763313,2.0680543066973174,2.539999999999992,5.089999999999989,0.022198916273378666,0.045499240189505574,116.96
2018-09-12,36,9,2018,123.0,149.23,-0.9350162426854147,-0.3546048870425359,116.96,116.96,111.87,111.87,109.33,114.42,101.7,115.0525,113.3825,112.26384615384616,112.31269230769229,2.436218038956796,2.4028063949019036,2.4149966820523905,2.2660618838864566,0.0,5.719999999999999,0.0,0.05142035239122622,117.59
2018-09-19,37,9,2018,123.0,158.4,-0.970941817426052,-0.23931566428755774,116.96,116.96,114.42,111.87,111.87,115.05,108.06,116.325,114.01875,112.85076923076923,112.41038461538461,1.2700000000018548,2.6100543918709507,2.565064851475129,2.41068036998237,0.0,5.089999999999989,0.0,0.045499240189505574,118.87
2018-09-26,38,9,2018,123.0,147.7,-0.992708874098054,-0.12053668025532357,117.59,116.96,116.96,111.87,110.6,115.05,108.7,117.1175,114.73375,113.29076923076923,112.50807692307693,0.31500000000703854,2.718549705257196,2.8568090052142794,2.568246124091412,0.6300000000000097,3.1700000000000017,0.005386456908344828,0.027704946687642007,120.14
2018-10-03,39,9,2018,125.0,159.93,-1.0,-1.8369701987210297e-16,118.87,117.59,116.96,111.24,109.97,114.42,107.42,117.595,115.60875,113.92692307692307,112.65499999999999,0.9003888049083351,2.790701076782446,3.11666056491386,2.816726113782503,1.2800000000000011,1.9100000000000108,0.010885279360489886,0.016330369357045127,120.77
2018-10-10,40,10,2018,128.0,152.9,-0.992708874098054,0.1205366802553232,120.14,118.87,116.96,111.87,110.6,111.87,105.52,118.39,116.72125,114.70923076923077,112.875,1.411594842723632,2.5651813497486766,3.3109904397739167,3.1622792413169485,1.269999999999996,3.180000000000007,0.010683940439135231,0.027188782489740104,125.86
2018-10-17,41,10,2018,128.0,155.34,-0.9709418174260521,0.23931566428755738,120.77,120.14,117.59,114.42,111.87,111.87,108.06,119.3425,117.83375,115.49153846153847,113.21730769230768,1.4104697798973147,2.03601808509001,3.457395084337024,3.5115507203516603,0.6299999999999955,3.8100000000000023,0.005243882137506262,0.03257523939808493,126.49
2018-10-24,42,10,2018,128.0,155.34,-0.9350162426854148,0.35460488704253557,125.86,120.77,118.87,116.96,111.87,111.87,111.87,121.41,119.26375,116.5676923076923,113.75538461538461,3.070103147019026,3.0572019770582677,4.308683391022163,4.28378078876793,5.090000000000003,8.269999999999996,0.042146228367972105,0.07032910961816485,125.22
2018-10-31,43,10,2018,127.0,145.25,-0.8854560256532101,0.464723172043768,126.49,125.86,120.14,116.96,111.87,112.51,110.6,123.315,120.455,117.6923076923077,114.31769230769231,3.322413781174077,3.798198821240503,4.853856119698808,4.936250648174314,0.6299999999999955,7.61999999999999,0.0050055617352613435,0.06410364263481116,124.59
2018-11-07,44,11,2018,126.0,109.47,-0.822983865893657,0.5680647467311548,125.22,126.49,120.77,116.96,111.24,112.51,109.33,124.585,121.48750000000001,118.71923076923076,114.80653846153845,2.5956437865524404,3.8349138563563003,4.9309945946306435,5.361132673094745,-1.269999999999996,5.079999999999998,-0.010040319392837338,0.04228400199766935,123.32
2018-11-14,45,11,2018,125.0,102.44,-0.7485107481711011,0.6631226582407952,124.59,125.22,125.86,117.59,111.87,111.87,109.33,125.53999999999999,122.44125,119.74615384615385,115.27115384615385,0.8184945530268307,3.4804779536256643,4.62415855131091,5.668767292405528,-0.6299999999999955,3.8200000000000074,-0.0050311451844753385,0.03163037178107153,122.04
2019-07-10,27,7,2019,115.0,138.52,-0.12053668025532283,-0.992708874098054,109.33,108.7,111.24,108.06,106.79,119.5,110.6,109.81,109.8875,108.8423076923077,106.56884615384615,1.085203513942399,1.2898255696024266,1.723751499123912,5.256831994219905,0.6299999999999955,-2.5400000000000063,0.0057957681692732965,-0.022704925359792627,118.23
2019-07-17,28,7,2019,115.0,152.9,-0.23931566428755743,-0.9709418174260521,113.15,109.33,109.97,109.33,106.79,114.42,111.87,110.2875,110.52374999999999,109.33153846153847,106.32461538461538,1.9775131689420988,1.498150645677224,1.9767095813987692,4.755641055233612,3.8200000000000074,1.9100000000000108,0.034940089636879224,0.017170082704063283,125.86
2019-07-24,29,7,2019,115.0,162.99,-0.3546048870425356,-0.9350162426854148,118.23,113.15,108.7,110.6,106.79,109.33,111.87,112.3525,111.63624999999999,110.21153846153847,106.47115384615384,4.383958447188107,3.0183057570195473,3.0213761934799566,5.06378382392595,5.079999999999998,8.260000000000005,0.04489615554573567,0.07511139401654998,128.4
2019-07-31,30,7,2019,114.0,157.79,-0.46472317204376806,-0.8854560256532101,125.86,118.23,109.33,111.87,107.42,104.25,111.87,116.64250000000001,113.54375,111.67846153846153,107.10692307692308,7.1449906694599905,5.8052191726805,5.12134234706697,6.3191542277361075,7.6299999999999955,17.159999999999997,0.0645352279455298,0.15786568537258505,125.86
2019-08-07,31,8,2019,114.0,164.52,-0.5680647467311556,-0.8229838658936566,128.4,125.86,113.15,111.24,108.06,99.16,111.24,121.41,115.61000000000001,113.2923076923077,108.03576923076922,7.000061904488315,7.742790194755379,6.722813341952454,7.539480710545228,2.5400000000000063,19.070000000000007,0.020181153662800044,0.17442604957468233,124.59
2019-08-14,32,8,2019,114.0,158.71,-0.663122658240795,-0.7485107481711013,125.86,128.4,118.23,109.97,108.06,96.62,111.87,124.5875,117.4375,114.66153846153846,109.06269230769232,4.404220513704342,8.271320070840302,7.351599424787058,8.081087331640825,-2.5400000000000063,12.709999999999994,-0.019781931464174507,0.11232876712328754,128.4
2019-08-21,33,8,2019,113.0,144.03,-0.7485107481711011,-0.6631226582407952,124.59,125.86,125.86,108.7,109.33,99.16,114.42,126.1775,119.265,115.93307692307692,110.13846153846156,1.5980482887990526,7.996247334129381,7.541704476457711,8.218970102058288,-1.269999999999996,6.359999999999999,-0.010090576831399911,0.05379345343821362,129.67
2019-08-28,34,8,2019,113.0,143.11,-0.8229838658936564,-0.5680647467311559,128.4,124.59,128.4,109.33,110.6,99.8,116.96,126.8125,121.72750000000002,117.4,111.26307692307692,1.9050000000000047,7.27910463489253,7.991542404315108,8.646063043600348,3.8100000000000023,2.5400000000000063,0.030580303395135955,0.020181153662800044,131.58
2019-09-04,35,9,2019,112.0,134.24,-0.8854560256532096,-0.4647231720437691,129.67,128.4,125.86,113.15,111.87,100.43,116.96,127.13,124.27000000000001,118.86692307692307,112.41192307692307,2.3186921601051758,5.714247857017402,8.380113746854724,9.037603230608806,1.2699999999999818,1.2699999999999818,0.009890965732087142,0.009890965732087142,133.49
2019-09-11,36,9,2019,112.0,120.18,-0.9350162426854147,-0.3546048870425359,131.58,129.67,124.59,118.23,111.24,101.7,116.96,128.56,126.57375000000002,120.38307692307693,113.61,2.9517791245280147,4.068906267571787,8.782073013259692,9.44136727386789,1.910000000000025,5.720000000000013,0.014729698465335339,0.045447322421738434,132.21
2019-09-18,37,9,2019,113.0,115.9,-0.970941817426052,-0.23931566428755774,133.49,131.58,128.4,125.86,109.97,101.7,117.59,130.78500000000003,128.48125000000002,122.09461538461538,114.83269230769231,2.227143162588616,3.0472443640582623,9.016704511981013,9.885306897694228,1.9099999999999966,8.900000000000006,0.014515883872928903,0.07143430451882171,132.85
2019-09-25,38,9,2019,116.0,113.75,-0.992708874098054,-0.12053668025532357,132.21,133.49,129.67,128.4,108.7,104.25,118.87,131.7375,129.275,123.80538461538461,116.00615384615384,1.5910033521853084,3.0935924563059936,8.625923733512806,10.073099255713027,-1.2800000000000011,3.8100000000000023,-0.00958873323844478,0.02967289719626165,130.94
2019-10-02,39,9,2019,116.0,110.09,-1.0,-1.8369701987210297e-16,132.85,132.21,131.58,125.86,109.33,105.52,120.14,132.53250000000003,129.83125,125.66307692307691,117.10615384615383,0.8223695438576194,3.3065279048744323,7.646610779307815,10.297050481348792,0.6399999999999864,3.180000000000007,0.0048407836018453665,0.024523791162180952,130.31
2019-10-09,40,10,2019,115.0,117.42,-0.992708874098054,0.1205366802553232,130.94,132.85,133.49,124.59,113.15,106.79,120.77,132.3725,130.46625,127.32538461538462,118.08384615384615,1.0886191559331775,2.897402469700669,5.9637929980045135,10.359564885430498,-1.9099999999999966,-0.6400000000000148,-0.014377117049303667,-0.0048639610883114415,130.94
2019-10-16,41,10,2019,115.0,113.14,-0.9709418174260521,0.23931566428755738,130.31,130.94,132.21,128.4,118.23,106.79,125.86,131.5775,131.18125,128.64538461538461,118.98846153846154,1.159349674026336,1.6974303057433802,4.204334302008848,10.360822242395667,-0.6299999999999955,-3.180000000000007,-0.004811363983503902,-0.02382200913926147,130.94
2019-10-23,42,10,2019,115.0,120.48,-0.9350162426854148,0.35460488704253557,130.94,130.31,132.85,129.67,125.86,106.79,126.49,131.26,131.49875,129.62307692307692,119.91730769230769,1.100817877761092,1.2920242976481457,2.835425848715052,10.305864566429976,0.6299999999999955,-1.2700000000000102,0.004834625124702674,-0.009605929959912385,128.4
2019-10-30,43,10,2019,116.0,112.23,-0.8854560256532101,0.464723172043768,130.94,130.94,130.94,131.58,128.4,107.42,125.22,130.7825,131.6575,130.01384615384615,120.84615384615384,0.3149999999978527,1.0988012949178594,2.61508616320716,10.162702426787982,0.0,-1.9099999999999966,0.0,-0.014377117049303667,125.86
2019-11-06,44,11,2019,116.0,105.19,-0.822983865893657,0.5680647467311548,128.4,130.94,130.31,133.49,125.86,108.06,124.59,130.1475,131.26000000000002,130.01384615384615,121.65307692307692,1.202258291715597,1.594311315718315,2.61508616320716,9.883082016957221,-2.539999999999992,-2.539999999999992,-0.019398197647777504,-0.019398197647777504,123.32
2019-11-13,45,11,2019,116.0,123.23,-0.7485107481711011,0.6631226582407952,125.86,128.4,130.94,132.21,124.59,108.06,123.32,129.035,130.30625,130.01384615384615,122.33769230769232,2.431864853700962,2.226553630934473,2.61508616320716,9.513407510539794,-2.5400000000000063,-4.450000000000003,-0.019781931464174507,-0.03414933619829641,118.23
2019-11-20,46,11,2019,116.0,121.09,-0.6631226582407955,0.7485107481711007,123.32,125.86,130.94,132.85,128.4,109.33,122.04,127.13,129.195,129.91615384615383,122.92461538461538,3.279125899788953,3.162440287408996,2.8479452782074612,9.057105599815534,-2.5400000000000063,-7.6200000000000045,-0.020181153662799933,-0.058194592943332846,117.59
2019-12-04,48,12,2019,116.0,107.33,-0.4647231720437684,0.88545602565321,117.59,118.23,125.86,130.31,131.58,111.87,122.04,121.25,125.69874999999999,128.20461538461538,123.53576923076925,4.002207724077907,5.486610813087125,5.364922514791299,8.378199411846854,-0.6400000000000006,-10.810000000000002,-0.005413177704474359,-0.084190031152648,118.87
2020-07-08,27,7,2020,92.0,90.21,-0.12053668025532283,-0.992708874098054,99.8,95.98,88.99,88.99,98.53,116.32,113.15,93.7575,90.5,92.6576923076923,101.67961538461539,5.046876096492322,4.864442414090119,4.9868629983239225,10.441736438266657,3.819999999999993,12.719999999999999,0.039799958324650886,0.14607257694074405,100.43
2020-07-15,28,7,2020,92.0,88.99,-0.23931566428755743,-0.9709418174260521,100.43,99.8,90.26,86.45,98.53,114.42,118.23,96.61749999999999,91.93,92.80384615384615,101.06846153846153,4.672175617419695,5.9233822384560035,5.196735415076352,10.006509758079176,0.6300000000000097,11.440000000000012,0.006312625250501025,0.1285537700865267,108.06
2020-07-22,29,7,2020,92.0,104.89,-0.3546048870425356,-0.9350162426854148,100.43,100.43,95.98,86.45,97.25,116.96,125.86,99.16,93.6775,92.95000000000002,100.53038461538462,2.1407008198275013,6.1341520545687755,5.394166602292077,9.628857245085031,0.0,10.170000000000002,0.0,0.11267449590073131,105.52
2020-07-29,30,7,2020,92.0,114.67,-0.46472317204376806,-0.8854560256532101,108.06,100.43,99.8,87.08,94.71,115.69,128.4,102.17999999999999,96.37875000000001,93.78153846153847,100.18807692307692,3.931233902988851,7.167787938309162,6.7700170434926745,9.168617352355756,7.6299999999999955,12.079999999999998,0.07597331474658953,0.12585955407376526,105.52
2020-08-05,31,8,2020,91.0,111.31,-0.5680647467311556,-0.8229838658936566,105.52,108.06,100.43,88.99,91.53,114.42,125.86,103.61000000000001,98.68375,94.61307692307693,99.79692307692306,3.8155558791184085,6.700019056476009,7.5163049261948425,8.68499937558543,-2.5400000000000063,5.719999999999999,-0.023505459929668793,0.057314629258516936,108.06
2020-08-12,32,8,2020,92.0,105.19,-0.663122658240795,-0.7485107481711013,105.52,105.52,100.43,90.26,88.99,106.79,124.59,104.88250000000001,100.75,95.68923076923078,99.4546153846154,3.2007329889690257,5.767423291953714,8.022563453094419,8.250098293125196,0.0,5.089999999999989,0.0,0.05068206711142076,113.15
2020-08-19,33,8,2020,92.0,113.14,-0.7485107481711011,-0.6631226582407952,108.06,105.52,108.06,95.98,86.45,108.7,128.4,106.79,102.97500000000001,97.15615384615384,99.50346153846152,1.4664696837441276,4.418034469243918,8.428722262259681,8.298881342598827,2.5400000000000063,7.6299999999999955,0.024071266110689882,0.07597331474658953,113.15
2020-08-26,34,8,2020,92.0,111.0,-0.8229838658936564,-0.5680647467311559,113.15,108.06,105.52,99.8,86.45,109.97,129.67,108.0625,105.12125,99.21000000000001,99.67461538461538,3.596816879780438,4.696239947325519,8.845262385402776,8.538561579459804,5.090000000000003,5.090000000000003,0.04710346104016283,0.04710346104016283,114.42
2020-09-02,35,8,2020,92.0,111.61,-0.8854560256532096,-0.4647231720437691,113.15,113.15,105.52,100.43,87.08,110.6,131.58,109.97000000000001,106.79,101.26384615384616,99.7969230769231,3.815555879118108,4.902623204541945,8.734664216460475,8.712928219256678,0.0,7.63000000000001,0.0,0.07230856709628508,114.42
2020-09-09,36,9,2020,92.0,109.47,-0.9350162426854147,-0.3546048870425359,114.42,113.15,108.06,100.43,88.99,111.24,133.49,112.195,108.53875,103.36692307692307,99.94384615384615,2.8209277433742592,4.804050188568448,8.316334714096154,8.931841054086089,1.269999999999996,8.900000000000006,0.011224038886433974,0.08434420015163013,111.87
2020-09-16,37,9,2020,91.0,118.65,-0.970941817426052,-0.23931566428755774,114.42,114.42,113.15,108.06,90.26,109.97,132.21,113.785,110.28750000000001,105.32307692307693,100.06615384615384,0.7332348418740297,3.889997245683779,7.613949243124897,9.112654092823758,0.0,6.359999999999999,0.0,0.05885619100499717,110.6
2020-09-23,38,9,2020,91.0,138.22,-0.992708874098054,-0.12053668025532357,111.87,114.42,113.15,105.52,95.98,104.88,132.85,113.465,110.76375,106.98538461538462,100.13923076923078,1.2202868515250096,3.810747723778697,6.296229844626911,9.20242877639856,-2.549999999999997,-1.2800000000000011,-0.02228631358154165,-0.011312417145382225,109.97
2020-09-30,39,9,2020,90.0,145.86,-1.0,-1.8369701987210297e-16,110.6,111.87,114.42,105.52,99.8,99.16,130.94,112.8275,111.39875,108.11,100.35923076923078,1.9105562017394504,3.183813694746588,5.4099845964008555,9.386824350369414,-1.2700000000000102,-2.5500000000000114,-0.011352462679896425,-0.02253645603181631,109.97
2020-10-07,40,10,2020,90.0,156.87,-0.992708874098054,0.1205366802553232,109.97,110.6,114.42,108.06,100.43,98.53,130.31,111.71499999999999,111.955,108.8923076923077,100.775,1.9688660018748936,2.2666211480020633,4.810254937533388,9.569213238300863,-0.6299999999999955,-4.450000000000003,-0.005696202531645489,-0.038891802132494324,109.97
2020-10-14,41,10,2020,90.0,193.87,-0.9709418174260521,0.23931566428755738,109.97,109.97,111.87,113.15,100.43,98.53,130.94,110.6025,112.19375,109.62615384615385,101.215,0.8956701401776935,1.862263887238608,4.084651226358009,9.723621650397149,0.0,-4.450000000000003,0.0,-0.038891802132494324,109.33
2020-10-21,42,10,2020,90.0,192.34,-0.9350162426854148,0.35460488704253557,109.97,109.97,110.6,113.15,108.06,97.25,130.94,110.1275,111.79625,110.35999999999999,101.65499999999999,0.31500000000969697,1.9655165624185449,3.0105453547980736,9.855207050086358,0.0,-1.9000000000000057,0.0,-0.016983999284884255,108.06
2020-10-28,43,10,2020,90.0,157.79,-0.8854560256532101,0.464723172043768,109.33,109.97,109.97,114.42,105.52,94.71,128.4,109.81,111.31875,110.45769230769231,102.11961538461537,0.32000000000973483,2.051775798807017,2.949681208322729,9.923742633010258,-0.6400000000000006,-1.269999999999996,-0.005819769027916699,-0.011482820976491781,108.06
2020-11-04,44,11,2020,90.0,182.25,-0.822983865893657,0.5680647467311548,108.06,109.33,109.97,114.42,105.52,91.53,125.86,109.33250000000001,110.52374999999999,110.65307692307692,102.63307692307693,0.9003841772671727,1.9054053749414779,2.6658219014441986,9.870253803926083,-1.269999999999996,-1.9099999999999966,-0.011616207811213752,-0.017368373192688913,107.42
2020-11-11,45,11,2020,90.0,203.35,-0.7485107481711011,0.6631226582407952,108.06,108.06,109.97,111.87,108.06,88.99,123.32,108.85499999999999,109.72874999999999,110.84846153846154,103.26884615384617,0.9544457379407587,1.2675672706854646,2.330210455987628,9.656524561945428,0.0,-1.9099999999999966,0.0,-0.017368373192688913,104.88
2020-11-18,46,11,2020,92.0,157.48,-0.6631226582407955,0.7485107481711007,107.42,108.06,109.33,110.6,113.15,86.45,118.23,108.2175,109.1725,110.79923076923077,103.9776923076923,0.8006820009676446,1.1660158048420908,2.3997550622798203,9.233621741310865,-0.6400000000000006,-2.549999999999997,-0.005922635572829904,-0.023188142220605612,105.52
2021-07-07,27,7,2021,126.0,84.09,-0.12053668025532283,-0.992708874098054,190.69,186.88,167.81,165.27,156.37,106.79,100.43,179.57,173.69,166.7346153846154,148.71692307692308,10.952579604823665,9.63161016059695,12.091653192309492,23.527782346704285,3.8100000000000023,22.879999999999995,0.02038741438356162,0.13634467552589236,216.12
2021-07-14,28,7,2021,126.0,84.09,-0.23931566428755743,-0.9709418174260521,208.49,190.69,172.9,170.35,155.1,109.97,100.43,189.74,179.0925,170.74384615384616,152.62846153846155,14.654125698928565,14.909359236974037,16.282973488925197,24.703088016248152,17.80000000000001,40.68000000000001,0.09334521999056067,0.2424170192479591,213.58
2021-07-21,29,7,2021,126.0,84.4,-0.3546048870425356,-0.9350162426854148,216.12,208.49,186.88,167.81,147.47,116.96,108.06,200.54500000000002,184.81375000000003,175.43769230769232,156.71115384615385,14.01852227114771,19.230800397502225,19.81049728210077,26.10296325353549,7.6299999999999955,43.22,0.03659647944745559,0.2499710815500289,205.95
2021-07-28,30,7,2021,126.0,85.62,-0.46472317204376806,-0.8854560256532101,213.58,216.12,190.69,167.81,158.91,117.59,105.52,207.22000000000003,190.535,180.52307692307693,160.4273076923077,11.46753969544748,20.23177769182503,20.505931412080432,27.076908177662673,-2.539999999999992,26.700000000000017,-0.01175272996483434,0.14287243150684947,205.95
2021-08-04,31,8,2021,127.0,103.05,-0.5680647467311556,-0.8229838658936566,205.95,213.58,208.49,167.81,160.18,118.23,105.52,211.035,195.3025,184.14153846153846,163.82576923076925,4.6428619047591075,18.534284640709974,20.52459818776626,27.030328473487902,-7.630000000000024,15.259999999999991,-0.035724318756438,0.08002517174471646,200.86
2021-08-11,32,8,2021,127.0,106.42,-0.663122658240795,-0.7485107481711013,205.95,205.95,216.12,172.9,165.27,118.87,108.06,210.39999999999998,200.07,187.6623076923077,167.1996153846154,5.2420034338024575,15.025393743355206,19.990451117907934,26.58231690139495,0.0,-2.5400000000000205,0.0,-0.012182838505443994,200.86
2021-08-18,33,8,2021,127.0,113.14,-0.7485107481711011,-0.6631226582407952,200.86,205.95,213.58,186.88,170.35,124.59,113.15,206.58499999999998,203.565,190.40000000000003,170.35307692307694,5.244428789995157,10.31664535731321,19.084781895532192,25.459149046146035,-5.089999999999975,-15.259999999999991,-0.02471473658654999,-0.07060892096983151,207.22
2021-08-25,34,8,2021,125.0,115.59,-0.8229838658936564,-0.5680647467311559,200.86,200.86,205.95,190.69,167.81,137.3,113.15,203.40500000000003,205.3125,192.74692307692308,173.28653846153844,2.938712870174626,8.013648625046836,18.272363642314005,24.344925375496487,0.0,-12.719999999999999,0.0,-0.05955613821518868,208.49
2021-09-01,35,8,2021,126.0,131.49,-0.8854560256532096,-0.4647231720437691,207.22,200.86,205.95,208.49,167.81,146.2,114.42,203.7225,207.37875,195.77846153846153,175.97576923076923,3.345747300678382,5.414212612586105,17.016409162019738,24.07098056549931,6.359999999999985,1.2700000000000102,0.03166384546450263,0.006166545277980218,209.13
2021-09-08,36,9,2021,127.0,172.16,-0.9350162426854147,-0.3546048870425359,208.49,207.22,200.86,216.12,167.81,146.2,114.42,204.35750000000002,207.37875,198.9076923076923,178.37153846153845,4.071710328596173,5.414212612586105,15.07412084437467,24.088710167596982,1.2700000000000102,2.5400000000000205,0.006128752050960307,0.012333090555960213,204.04
2021-09-15,37,9,2021,127.0,183.17,-0.970941817426052,-0.23931566428755774,209.13,208.49,200.86,213.58,172.9,146.83,111.87,206.42499999999998,206.505,202.08615384615385,180.79192307692307,3.7939645051928896,4.238358846804554,12.016809434055437,23.887577695402133,0.6399999999999864,8.269999999999982,0.0030696915919228296,0.04117295628796169,207.22
2021-09-22,38,9,2021,128.0,216.81,-0.992708874098054,-0.12053668025532357,204.04,209.13,207.22,205.95,186.88,153.19,110.6,207.21999999999997,205.3125,204.48153846153843,182.9923076923077,2.2637284878411608,3.171073500071829,8.21704615028689,23.260770461477943,-5.090000000000003,3.1799999999999784,-0.024338927939559163,0.015831922732251202,209.76
2021-09-29,39,9,2021,129.0,238.21,-1.0,-1.8369701987210297e-16,207.22,204.04,208.49,205.95,190.69,156.37,109.97,207.22,205.47125,206.04615384615389,185.07038461538463,2.2637284878411608,3.2386171541923945,6.298802185686393,22.902498637619853,3.180000000000007,0.0,0.015585179376592873,0.0,214.21
2021-10-06,40,10,2021,131.0,211.61,-0.992708874098054,0.1205366802553232,209.76,207.22,209.13,200.86,208.49,156.37,109.97,207.5375,205.94750000000002,207.51307692307694,187.12384615384616,2.5696222160719078,3.5811041792801626,4.340755281089513,22.61799444281939,2.539999999999992,1.2699999999999818,0.012257504101920613,0.006091419252721941,214.21
2021-10-13,41,10,2021,135.0,151.37,-0.9709418174260521,0.23931566428755738,214.21,209.76,204.04,200.86,216.12,155.1,109.97,208.8075,207.61625,207.9530769230769,189.34846153846155,4.295093130538276,3.961936530464545,4.721259338740063,22.31459678189334,4.450000000000017,5.0800000000000125,0.021214721586575225,0.02429111079233026,215.48
2021-10-20,42,10,2021,139.0,192.65,-0.9350162426854148,0.35460488704253557,214.21,214.21,207.22,207.22,213.58,147.47,109.33,211.35000000000002,209.28500000000003,207.80615384615385,191.62192307692308,3.461415895265575,3.4934919084329805,4.468904672781614,21.688047771845856,0.0,10.170000000000016,0.0,0.04984316800627342,231.38
2021-10-27,43,10,2021,140.0,179.81,-0.8854560256532101,0.464723172043768,215.48,214.21,209.76,208.49,205.95,158.91,108.06,213.41500000000002,210.3175,207.9523076923077,194.23769230769233,2.509136637703069,3.9824032586224587,4.698636599853874,20.200200455974652,1.2699999999999818,8.259999999999991,0.005928761495728407,0.03986101727632474,227.56
2021-11-03,44,10,2021,141.0,144.64,-0.822983865893657,0.5680647467311548,231.38,215.48,214.21,209.13,205.95,160.18,108.06,218.82,213.17875,209.90846153846152,197.02499999999998,8.394708650890188,8.330768164718481,7.958374882429388,20.130287081907664,15.900000000000006,21.620000000000005,0.07378875069612034,0.10307017543859653,214.85
2021-11-10,45,11,2021,141.0,155.34,-0.7485107481711011,0.6631226582407952,227.56,231.38,214.21,204.04,200.86,165.27,107.42,222.1575,215.4825,211.57076923076923,199.61653846153848,8.602194971827286,9.515264053088663,9.219606337891802,19.52529209867239,-3.819999999999993,13.349999999999994,-0.016509637825222523,0.06232202044722457,198.32
2021-11-17,46,11,2021,141.0,139.75,-0.6631226582407955,0.7485107481711007,214.85,227.56,215.48,207.22,200.86,170.35,104.88,222.3175,216.83375,212.64692307692306,201.52346153846153,8.408877749140927,8.355015495411887,8.665021046924487,18.42688708215464,-12.710000000000008,0.6399999999999864,-0.05585340130075589,0.0029877223285559307,177.98
2022-07-06,27,7,2022,214.0,123.54,-0.12053668025532283,-0.992708874098054,200.86,202.14,204.04,202.14,199.59,175.44,208.49,202.295,204.59875,202.6723076923077,189.20192307692307,1.3105088070384079,3.4033195454688014,3.7410786186360023,17.1259328549971,-1.2799999999999727,-6.359999999999985,-0.00633224497872753,-0.030692018144966582,190.69
2022-07-13,28,7,2022,210.0,124.76,-0.23931566428755743,-0.9709418174260521,194.51,200.86,202.14,208.49,197.05,179.25,216.12,199.9125,203.645,202.28153846153845,189.93538461538463,3.651861397514823,4.921358697409691,4.3116660472038,16.920091543670093,-6.350000000000023,-9.530000000000001,-0.031614059543961126,-0.04670652813173892,180.52
2022-07-20,29,7,2022,205.0,140.36,-0.3546048870425356,-0.9350162426854148,190.69,194.51,202.14,209.76,199.59,174.17,213.58,197.05,201.42000000000002,201.79230769230767,190.37538461538463,5.395226285028219,6.259751250192316,5.219904459293113,16.7792679770655,-3.819999999999993,-11.449999999999989,-0.019639093105752847,-0.05664391016127435,175.44
2022-07-27,30,7,2022,199.0,151.37,-0.46472317204376806,-0.8854560256532101,180.52,190.69,200.86,207.22,200.86,164.0,205.95,191.645,197.765,200.32538461538462,190.6196153846154,8.52060443865304,8.739676358832822,7.888047514422568,16.578973546217377,-10.169999999999987,-21.619999999999976,-0.053332634118202216,-0.10695557534382105,174.17
2022-08-03,31,7,2022,194.0,138.83,-0.5680647467311556,-0.8229838658936566,175.44,180.52,194.51,204.04,200.86,158.91,205.95,185.29000000000002,193.79250000000002,198.37,191.0596153846154,8.830700236485336,10.806321893093008,10.471971320309104,15.985421228299717,-5.0800000000000125,-25.420000000000016,-0.028140926213162,-0.12655581001692728,169.08
2022-08-10,32,8,2022,188.0,136.69,-0.663122658240795,-0.7485107481711013,174.17,175.44,190.69,202.14,202.14,155.1,200.86,180.205,190.05875,196.31692307692308,191.64653846153848,7.509125559388637,11.867965811376374,12.384767111669802,15.00806075209194,-1.2700000000000102,-20.340000000000003,-0.007238942088463318,-0.10457045910235985,166.54
2022-08-17,33,8,2022,185.0,137.0,-0.7485107481711011,-0.6631226582407952,169.08,174.17,180.52,202.14,208.49,165.27,200.86,174.8025,185.92625,193.77384615384614,192.18423076923077,4.699052209399788,12.780963452952703,14.330785939405603,13.85226253666295,-5.089999999999975,-21.609999999999985,-0.029224321065625447,-0.11332529235932653,160.18
2022-08-24,34,8,2022,185.0,141.89,-0.8229838658936564,-0.5680647467311559,166.54,169.08,175.44,200.86,209.76,167.81,207.22,171.3075,181.47625,190.54692307692306,192.23307692307694,4.201677244466294,12.52421761171981,15.422399502356754,13.755461684504327,-2.5400000000000205,-13.980000000000018,-0.015022474568251787,-0.07744294261023721,156.37
2022-08-31,35,8,2022,193.0,156.87,-0.8854560256532096,-0.4647231720437691,160.18,166.54,174.17,194.51,207.22,174.17,208.49,167.4925,176.39125,186.7330769230769,191.9396153846154,5.816329741913432,11.76517189176832,16.376105756364193,14.365224810150886,-6.359999999999985,-15.259999999999991,-0.03818902365797994,-0.08698130414956673,144.93
2022-09-07,36,9,2022,192.0,197.85,-0.9350162426854147,-0.3546048870425359,156.37,160.18,169.08,190.69,204.04,180.52,209.13,163.04250000000002,171.62375,182.8215384615385,191.255,5.813778891564529,11.081927291766467,17.130437747936547,15.615689866285805,-3.8100000000000023,-17.799999999999983,-0.023785741041328468,-0.10219900097605783,147.47
2022-09-14,37,9,2022,190.0,249.83,-0.970941817426052,-0.23931566428755774,144.93,156.37,166.54,180.52,202.14,200.86,204.04,157.005,165.90375,178.2746153846154,189.8861538461539,9.077549228729245,11.6309377308968,18.79317190514786,17.975864280067505,-11.439999999999998,-24.150000000000006,-0.0731598132634137,-0.14283179559971615,156.37
2022-09-21,38,9,2022,187.0,291.11,-0.992708874098054,-0.12053668025532357,147.47,144.93,160.18,175.44,202.14,189.42,207.22,152.2375,161.7725,174.06923076923078,187.8326923076923,7.217789943374018,11.5670810616038,19.12166984581455,19.644198035592144,2.539999999999992,-19.069999999999993,0.017525702063064807,-0.11450702533925783,155.1
2022-09-28,39,9,2022,184.0,353.8,-1.0,-1.8369701987210297e-16,156.37,147.47,156.37,174.17,200.86,199.59,209.76,151.285,159.38875,170.54846153846154,186.56153846153845,5.962513452116596,10.236558346715626,17.68193091178829,20.584200483343682,8.900000000000006,-3.8100000000000023,0.06035125788295925,-0.023785741041328468,155.1
2022-10-05,40,10,2022,182.0,575.2,-0.992708874098054,0.1205366802553232,155.1,156.37,144.93,169.08,194.51,199.59,214.21,150.9675,157.005,167.02846153846153,184.8503846153846,5.62578809294053,8.34916420111271,15.57401299502642,21.294779732276638,-1.2700000000000102,-1.2700000000000102,-0.0081217624864105,-0.0081217624864105,155.73
2022-10-12,41,10,2022,197.0,634.52,-0.9709418174260521,0.23931566428755738,155.1,155.1,147.47,166.54,190.69,197.05,214.21,153.51,155.2575,163.99692307692308,183.1392307692308,4.070929459800368,6.775514213485358,13.472746802722728,21.843434697515924,0.0,10.169999999999987,0.0,0.07017180707927961,162.09
2022-10-19,42,10,2022,201.0,592.63,-0.9350162426854148,0.35460488704253557,155.73,155.1,156.37,160.18,180.52,199.59,215.48,155.575,153.90625,161.30769230769232,181.55,0.6075360071659197,5.066339725510425,10.954394212557801,22.289441805483342,0.6299999999999955,8.259999999999991,0.004061895551257244,0.05601139214755535,160.82
2022-10-26,43,10,2022,202.0,632.07,-0.8854560256532101,0.464723172043768,162.09,155.73,155.1,156.37,175.44,200.86,231.38,157.005,154.145,159.89000000000001,180.1076923076923,3.4029839846820624,5.435759902192614,9.33343541610928,22.288691178747307,6.360000000000014,5.719999999999999,0.04083991523791175,0.03657990663170674,157.64
2022-11-02,44,10,2022,201.0,588.65,-0.822983865893657,0.5680647467311548,160.82,162.09,155.1,144.93,174.17,200.86,227.56,158.435,154.70125,158.7653846153846,178.5676923076923,3.5348974525439987,5.903535109213259,8.103377500961717,22.180477056672363,-1.2700000000000102,5.719999999999999,-0.007835153309889598,0.03687943262411353,147.47
2022-11-09,45,11,2022,201.0,372.15,-0.7485107481711011,0.6631226582407952,157.64,160.82,155.73,147.47,169.08,202.14,214.85,159.07,156.29,157.49384615384614,176.9053846153846,2.9088027319388883,4.4227980800780555,6.6515819402385175,22.062198844317077,-3.180000000000007,2.539999999999992,-0.01977365999253833,0.016376531270148265,146.2
2022-11-16,46,11,2022,200.0,368.79,-0.6631226582407955,0.7485107481711007,147.47,157.64,162.09,156.37,166.54,208.49,198.32,157.005,156.29,155.83153846153846,174.8026923076923,6.626484739286926,4.4227980800780555,6.199721561159926,22.165935406870872,-10.169999999999987,-8.259999999999991,-0.06451408272012171,-0.053040518846721785,147.47
2023-07-05,27,7,2023,142.0,79.2,-0.12053668025532283,-0.992708874098054,123.32,123.32,122.04,135.39,132.21,142.38,194.51,122.68,126.65249999999999,131.28538461538463,131.16307692307691,0.7390083445740243,4.83759016158147,7.461066294867604,6.71230438477772,0.0,-3.8100000000000023,0.0,-0.029969322740501902,117.59
2023-07-12,28,7,2023,144.0,94.8,-0.23931566428755743,-0.9709418174260521,120.77,123.32,122.04,130.31,141.11,137.3,190.69,122.3625,124.82499999999999,130.4053846153846,130.33192307692306,1.2211572380397389,3.690872912624388,7.998235863181049,6.604880631313995,-2.549999999999997,-1.2700000000000102,-0.020677911125527082,-0.010406424123238334,118.87
2023-07-19,29,7,2023,144.0,112.53,-0.3546048870425356,-0.9350162426854148,117.59,120.77,123.32,129.67,141.75,132.85,180.52,121.24999999999999,123.235,128.59615384615384,129.57384615384615,2.720036764460595,3.7300517039697376,8.035097529444785,6.897744603524092,-3.1799999999999926,-4.450000000000003,-0.02633104247743634,-0.03646345460504752,118.23
2023-07-26,30,7,2023,148.0,116.51,-0.46472317204376806,-0.8854560256532101,118.87,117.59,123.32,127.13,139.21,130.94,175.44,120.13749999999999,121.885,126.83615384615385,129.03615384615384,2.4916309919443713,2.9388287268427797,7.3940240943405495,7.171594565746596,1.2800000000000011,-4.449999999999989,0.010885279360489886,-0.03608498216023348,114.42
2023-08-02,31,7,2023,156.0,120.79,-0.5680647467311556,-0.8229838658936566,118.23,118.87,120.77,122.04,139.21,130.94,174.17,118.86500000000001,120.77250000000001,125.22230769230768,128.5473076923077,1.3733050158959135,2.2804996319734054,6.727768517923643,7.463857746608003,-0.6400000000000006,-5.089999999999989,-0.0053840329772020246,-0.04127473240350299,118.23
2023-08-09,32,8,2023,160.0,126.29,-0.663122658240795,-0.7485107481711013,114.42,118.23,117.59,122.04,135.39,127.13,169.08,117.2775,119.82,123.3153846153846,127.91192307692307,1.975371273124501,3.114353865571868,5.894320169146254,7.939996483242825,-3.8100000000000023,-6.349999999999994,-0.032225323521948734,-0.052579282934503535,122.04
2023-08-16,33,8,2023,165.0,122.93,-0.7485107481711011,-0.6631226582407952,118.23,114.42,118.87,123.32,130.31,122.04,166.54,117.4375,119.34375,121.99538461538462,127.56961538461539,2.0341644476341596,3.016137252940248,4.781297967749295,8.163749864260685,3.8100000000000023,0.6400000000000006,0.03329837441006811,0.005442639680244943,132.21
2023-08-23,34,8,2023,166.0,121.71,-0.8229838658936564,-0.5680647467311559,122.04,118.23,118.23,123.32,129.67,121.41,160.18,118.23,119.18375,121.35923076923076,127.56961538461539,3.1108519733376077,2.801376893601174,4.081848971438545,8.163749864260685,3.8100000000000023,3.1700000000000017,0.032225323521948734,0.026667788340203558,132.21
2023-08-30,35,8,2023,169.0,178.58,-0.8854560256532096,-0.4647231720437691,132.21,122.04,114.42,120.77,127.13,123.32,156.37,121.72500000000001,120.29500000000002,121.55461538461539,127.985,7.650980329344551,5.313454620113206,4.547086274718857,8.112401494012868,10.170000000000002,13.980000000000004,0.08333333333333326,0.11824410048211109,136.03
2023-09-06,36,9,2023,170.0,197.24,-0.9350162426854147,-0.3546048870425359,132.21,132.21,118.23,117.59,122.04,133.49,144.93,126.17250000000001,121.72500000000001,121.94538461538461,128.32692307692307,7.142914321200813,6.79297956927397,5.232742453984992,8.095245898297849,0.0,17.790000000000006,0.0,0.1554798112218143,137.3
2023-09-13,37,9,2023,171.0,233.93,-0.970941817426052,-0.23931566428755774,136.03,132.21,122.04,118.87,122.04,133.49,147.47,130.6225,124.03,123.02153846153846,128.4246153846154,5.998351856969879,8.176993859079895,6.5312783921596385,8.174979011974022,3.819999999999993,17.799999999999997,0.028893427123515503,0.15055400490569237,137.3
2023-09-20,38,9,2023,175.0,256.56,-0.992708874098054,-0.12053668025532357,137.3,136.03,132.21,118.23,123.32,136.03,156.37,134.4375,126.33375000000001,124.19538461538461,128.57115384615383,2.6238314859531826,9.06367780523691,7.620637129296015,8.302561208172238,1.2700000000000102,15.260000000000005,0.009336175843563943,0.12504097017371363,146.2
2023-09-27,39,9,2023,173.0,305.79,-1.0,-1.8369701987210297e-16,137.3,137.3,132.21,114.42,123.32,132.21,155.1,135.71,128.7175,125.27076923076925,128.62,2.4089140015116444,9.135343843712615,8.430204091576698,8.351788790436562,0.0,5.090000000000003,0.0,0.038499357083428,146.2
2023-10-04,40,10,2023,173.0,302.12,-0.992708874098054,0.1205366802553232,146.2,137.3,136.03,118.23,120.77,132.21,155.1,139.20749999999998,132.69,127.03076923076924,129.15807692307692,4.6999530139506795,8.93751963034807,10.193047026885742,9.016540365012938,8.899999999999977,13.98999999999998,0.06482155863073547,0.10581650404659237,146.2
2023-10-11,41,10,2023,170.0,201.21,-0.9709418174260521,0.23931566428755738,146.2,146.2,137.3,122.04,117.59,141.11,155.73,141.75,136.18625,128.98692307692306,129.69615384615386,5.138417395788604,7.881199940364365,11.27421718244424,9.604239096120304,0.0,10.169999999999987,0.0,0.07476291994412998,144.93
2023-10-18,42,10,2023,168.0,179.19,-0.9350162426854148,0.35460488704253557,146.2,146.2,137.3,132.21,118.87,141.75,162.09,143.975,139.20625,131.18769230769232,129.8919230769231,4.450000000000972,6.117758547283128,11.650221137991405,9.893714780299014,0.0,8.899999999999977,0.0,0.06482155863073547,144.93
2023-10-25,43,10,2023,172.0,194.48,-0.8854560256532101,0.464723172043768,144.93,146.2,146.2,132.21,118.23,139.21,160.82,145.8825,140.79625,133.19230769230768,130.01423076923078,0.6350000000061992,5.676741866095727,11.59603750845246,10.064354196105995,-1.2699999999999818,7.6299999999999955,-0.00868673050615587,0.05557174071376547,144.93
2023-11-01,44,10,2023,168.0,172.16,-0.822983865893657,0.5680647467311548,144.93,144.93,146.2,136.03,114.42,139.21,157.64,145.565,142.38625000000002,135.24615384615385,130.23423076923078,0.7332348418762913,4.609263769844156,11.078064315319747,10.3323573972582,0.0,-1.2699999999999818,0.0,-0.00868673050615587,142.38
2023-11-08,45,11,2023,165.0,156.87,-0.7485107481711011,0.6631226582407952,144.93,144.93,146.2,137.3,118.23,135.39,147.47,145.2475,143.49875,137.59307692307692,130.45423076923078,0.6350000000064266,3.870856079178352,9.403570584814737,10.588830029076682,0.0,-1.2699999999999818,0.0,-0.00868673050615587,142.38
2023-11-15,46,11,2023,162.0,151.37,-0.6631226582407955,0.7485107481711007,142.38,144.93,144.93,137.3,122.04,130.31,146.2,144.29250000000002,144.13375,139.45076923076925,130.72307692307692,1.275000000003386,3.035174447798519,7.440028518693913,10.805676200678361,-2.5500000000000114,-3.819999999999993,-0.01759470089008497,-0.02612859097127218,144.93
2024-07-03,26,6,2024,144.0,97.24,-3.216245299353273e-16,-1.0,153.19,152.56,152.56,157.64,158.28,154.46,120.77,152.39749999999998,155.33625,155.63538461538462,153.63038461538463,0.8020130921661877,3.495625582679045,3.067834783104118,4.010776962909311,0.6299999999999955,-3.180000000000007,0.00412952281069745,-0.02033638165888607,152.56
2024-07-10,27,7,2024,146.0,97.55,-0.12053668025532283,-0.992708874098054,153.19,153.19,151.28,161.45,155.73,154.46,117.59,152.555,154.78,155.24384615384616,153.58153846153846,0.9003888049092631,3.4301103689024006,3.0267186260104673,4.008001688935741,0.0,0.6299999999999955,0.0,0.00412952281069745,150.01
2024-07-17,28,7,2024,144.0,110.09,-0.23931566428755743,-0.9709418174260521,152.56,153.19,152.56,157.64,151.92,146.83,118.87,152.875,153.66875,155.0,153.50846153846155,0.3637306695975103,2.1686100716477337,3.110814469986855,4.008665306372156,-0.6299999999999955,1.2800000000000011,-0.00411253998302763,0.008461131676361644,152.56
2024-07-24,29,7,2024,143.0,130.27,-0.3546048870425356,-0.9350162426854148,150.01,152.56,153.19,156.37,157.0,146.83,118.23,152.2375,152.71499999999997,154.8530769230769,153.63076923076923,1.5144058240795562,1.822815718291949,3.3073034953371425,3.8417880452551763,-2.5500000000000114,-2.5500000000000114,-0.016714735186156293,-0.016714735186156293,152.56
2024-07-31,30,7,2024,142.0,133.02,-0.46472317204376806,-0.8854560256532101,152.56,150.01,153.19,152.56,157.64,150.01,114.42,152.07999999999998,152.23875,154.51153846153846,153.85115384615384,1.4115948427244034,1.0763090036897909,3.296356185635409,3.592306587060011,2.5500000000000114,-0.6299999999999955,0.016998866742217178,-0.00411253998302763,153.83
2024-08-07,31,8,2024,142.0,135.47,-0.5680647467311556,-0.8229838658936566,152.56,152.56,152.56,151.28,157.64,148.74,118.23,151.9225,152.23875,154.12076923076924,153.94923076923075,1.2750000000024277,1.0763090036897909,3.194105147348825,3.5172670334601377,0.0,-0.6299999999999955,0.0,-0.00411253998302763,152.56
2024-08-14,32,8,2024,140.0,137.91,-0.663122658240795,-0.7485107481711013,153.83,152.56,150.01,152.56,161.45,148.11,122.04,152.24,152.5575,153.8276923076923,154.14499999999998,1.602685246705072,1.1281558909480507,3.014003853810025,3.353570336231226,1.2700000000000102,1.2700000000000102,0.008324593602517139,0.008324593602517139,151.28
2024-08-21,33,8,2024,139.0,161.76,-0.7485107481711011,-0.6631226582407952,152.56,153.83,152.56,153.19,157.64,149.38,132.21,152.8775,152.5575,153.14384615384614,154.31615384615387,0.6350000000046261,1.1281558909480507,1.9672041855650029,3.140001371884187,-1.2700000000000102,2.5500000000000114,-0.008255866866020978,0.016998866742217178,145.56
2024-08-28,34,8,2024,138.0,187.76,-0.8229838658936564,-0.5680647467311559,151.28,152.56,152.56,153.19,156.37,152.56,132.21,152.5575,152.31875,152.6546153846154,154.38923076923078,1.0410371431122474,1.1762584446313453,1.488447823435164,3.0410786547975563,-1.2800000000000011,-1.2800000000000011,-0.008390141583639266,-0.008390141583639266,142.38
2024-09-04,35,9,2024,137.0,205.49,-0.8854560256532096,-0.4647231720437691,145.56,151.28,153.83,152.56,152.56,150.65,136.03,150.8075,151.365,151.8230769230769,154.12,3.6499440634992157,2.6002637228878727,2.123799208243259,3.4867096237068567,-5.719999999999999,-7.0,-0.037810682178741395,-0.04588358678552695,142.38
2024-09-11,36,9,2024,134.0,233.63,-0.9350162426854147,-0.3546048870425359,142.38,145.56,152.56,150.01,151.28,153.19,137.3,147.945,150.09250000000003,151.04,153.80192307692306,4.7985379717862005,4.029848455143702,3.351407664451554,4.133206038161692,-3.180000000000007,-11.450000000000017,-0.02184666117065137,-0.07443281544562186,139.21
2024-09-18,37,9,2024,133.0,242.49,-0.970941817426052,-0.23931566428755774,142.38,142.38,151.28,152.56,152.56,155.73,137.3,145.4,149.13875,150.3553846153846,153.38615384615383,4.196855966078424,4.867919583500153,4.119345852974869,4.701813332687173,0.0,-10.180000000000007,0.0,-0.0667278447823807,141.11
2024-09-25,38,9,2024,134.0,241.27,-0.992708874098054,-0.12053668025532357,139.21,142.38,145.56,152.56,153.19,160.18,146.2,142.3825,147.47,149.32846153846154,152.75076923076924,2.592378251723447,5.738016083231615,5.07672769631922,5.431940296493126,-3.1699999999999875,-12.069999999999993,-0.02226436297232748,-0.07978582760444208,142.38
2024-10-02,39,9,2024,134.0,247.39,-1.0,-1.8369701987210297e-16,141.11,139.21,142.38,153.83,153.19,158.28,146.2,141.27,146.03875,148.39923076923077,152.0173076923077,1.4981544201702333,5.714986407932534,5.405895642011399,5.670895208129764,1.9000000000000057,-4.449999999999989,0.01364844479563243,-0.0305715856004396,140.48
2024-10-09,40,10,2024,135.0,249.53,-0.992708874098054,0.1205366802553232,142.38,141.11,142.38,152.56,152.56,155.73,146.2,141.27,144.6075,147.5676923076923,151.4057692307692,1.4981544201702333,4.85390196498766,5.438866539158596,5.823776213477492,1.2699999999999818,0.0,0.009000070866699517,0.0,140.48
2024-10-16,41,10,2024,137.0,241.58,-0.9709418174260521,0.23931566428755738,140.48,142.38,139.21,151.28,150.01,151.92,144.93,140.79500000000002,143.0975,146.63846153846154,150.81923076923076,1.3194569590084129,3.7886248918869865,5.54573687041738,6.130703009008546,-1.9000000000000057,-1.9000000000000057,-0.013344570866694827,-0.013344570866694827,137.94
2024-10-23,42,10,2024,134.0,241.88,-0.9350162426854148,0.35460488704253557,140.48,140.48,141.11,145.56,152.56,157.0,144.93,141.11249999999998,141.7475,145.9053846153846,150.3792307692308,0.8956701401794143,1.9195888696720458,5.690895675528815,6.45071278113253,0.0,1.2699999999999818,0.0,0.009122907837080474,132.85
2024-10-30,43,10,2024,135.0,266.35,-0.8854560256532101,0.464723172043768,137.94,140.48,142.38,142.38,152.56,157.64,144.93,140.32,140.795,144.78076923076924,149.64615384615385,1.822013538188591,1.6255812147388595,5.71078725095319,6.744537983838186,-2.539999999999992,-3.170000000000016,-0.018080865603644636,-0.022464743816880572,130.31
2024-11-06,44,11,2024,133.0,196.93,-0.822983865893657,0.5680647467311548,132.85,137.94,140.48,142.38,153.83,157.64,142.38,137.9375,139.60375,143.26461538461538,148.6926923076923,3.5968168797808415,3.111173125090211,6.077969254316609,7.2987470473767075,-5.090000000000003,-9.530000000000001,-0.03690010149340295,-0.06693355808400059,127.77
2024-11-13,45,11,2024,133.0,171.55,-0.7485107481711011,0.6631226582407952,130.31,132.85,140.48,139.21,152.56,161.45,142.38,135.39499999999998,138.095,141.45538461538462,147.64153846153846,4.642861904760577,4.279709602965192,6.170778739868827,7.901730793852293,-2.539999999999992,-10.169999999999987,-0.01911930748964996,-0.07239464692482911,126.49
2024-11-20,46,11,2024,132.0,164.21,-0.6631226582407955,0.7485107481711007,127.77,130.31,137.94,141.11,151.28,157.64,144.93,132.2175,136.665,139.54846153846154,146.34615384615384,4.342268032569831,5.570516775206372,6.282560314280317,8.29821574890874,-2.5400000000000063,-12.709999999999994,-0.019491980661499597,-0.09047551252847374,123.32
2024-12-04,48,12,2024,134.0,151.37,-0.4647231720437684,0.88545602565321,123.32,126.49,130.31,140.48,142.38,152.56,159.55,126.9725,132.45499999999998,135.93076923076924,143.87692307692308,2.906800933445406,6.596776268970799,6.853378074033651,9.506686391898034,-3.1700000000000017,-9.530000000000001,-0.025061269665586194,-0.07173503951825366,116.96
2025-07-09,27,7,2025,141.0,144.33,-0.12053668025532283,-0.992708874098054,121.41,121.41,116.32,117.59,121.41,116.32,152.56,119.1825,118.3075,117.98384615384614,117.66576923076923,2.6238314859535072,1.9667286108085364,2.0863027043922715,2.0689807598608883,0.0,4.450000000000003,0.0,0.03804719562243508,123.95
2025-07-16,28,7,2025,142.0,168.19,-0.23931566428755743,-0.9709418174260521,122.68,121.41,117.59,117.59,116.96,117.59,150.01,120.77250000000001,118.94375,118.08153846153847,117.9103846153846,2.204516197872157,2.462333025521287,2.280774160066345,2.2697373958704854,1.2700000000000102,6.360000000000014,0.010460423358866766,0.054676753782668674,134.12
2025-07-23,29,7,2025,144.0,182.56,-0.3546048870425356,-0.9350162426854148,123.95,122.68,121.41,117.59,115.05,116.32,152.56,122.3625,119.73875,118.61923076923077,118.155,1.2159324268562188,2.9426734079261294,2.7665515885852283,2.5582122664194644,1.269999999999996,6.359999999999999,0.01035213563743076,0.05408623182243377,138.57
2025-07-30,30,7,2025,144.0,183.17,-0.46472317204376806,-0.8854560256532101,134.12,123.95,121.41,116.96,116.32,115.05,152.56,125.54,121.805,120.08615384615385,118.83961538461539,5.813232032757669,5.715435241519327,4.927862177559544,4.01466858485388,10.170000000000002,12.710000000000008,0.08204921339249704,0.10468659912692546,138.57
2025-08-06,31,8,2025,143.0,172.16,-0.5680647467311556,-0.8229838658936566,138.57,134.12,122.68,116.32,117.59,113.78,153.83,129.82999999999998,124.50625,121.7976923076923,119.74423076923078,7.756472565972174,7.818298933545995,6.956967914551522,5.501234169227295,4.449999999999989,17.159999999999997,0.03317924246943038,0.14133926365208804,137.3
2025-08-13,32,8,2025,142.0,170.63,-0.663122658240795,-0.7485107481711013,138.57,138.57,123.95,117.59,117.59,115.69,152.56,133.8025,127.28750000000001,123.41153846153846,120.69769230769231,6.895183705554546,8.424218064603998,8.218576363087145,6.486264445857625,0.0,15.889999999999986,0.0,0.12952396478643613,136.03
2025-08-20,33,8,2025,140.0,176.14,-0.7485107481711011,-0.6631226582407952,137.3,138.57,134.12,121.41,117.59,117.59,151.28,137.14,129.75125,124.92769230769233,121.52884615384616,2.1004602670234753,8.057120076588875,8.848990671112368,7.167674840242313,-1.2699999999999818,13.350000000000009,-0.009165042938586887,0.10770471964501827,135.39
2025-08-27,34,8,2025,140.0,178.28,-0.8229838658936564,-0.5680647467311559,136.03,137.3,138.57,121.41,117.59,117.59,145.56,137.6175,131.57874999999999,126.34615384615384,122.2380769230769,1.2159324268550353,7.5360892425334525,9.050408405574336,7.6578843131705785,-1.2700000000000102,1.9099999999999966,-0.009249817916970215,0.01424097822845205,142.38
2025-09-03,35,8,2025,141.0,187.45,-0.8854560256532096,-0.4647231720437691,135.39,136.03,138.57,122.68,116.96,118.23,142.38,136.8225,133.32625,127.71538461538461,122.92269230769232,1.4097133278357514,6.372267901954944,8.961339757893848,8.01314448026467,-0.6400000000000148,-3.180000000000007,-0.004704844519591411,-0.02294869019268242,142.38
2025-09-10,36,9,2025,142.0,203.66,-0.9350162426854147,-0.3546048870425359,142.38,135.39,137.3,123.95,116.32,117.59,142.38,137.775,135.78875,129.67076923076922,123.85153846153845,3.170956743110442,5.40313516792393,9.189369276087831,8.80771466037127,6.990000000000009,3.8100000000000023,0.051628628406824806,0.027495128815760994,145.56
2025-09-17,37,9,2025,141.0,219.25,-0.970941817426052,-0.23931566428755774,142.38,142.38,136.03,134.12,117.59,117.59,139.21,139.045,138.0925,131.67538461538462,124.80499999999999,3.8597797864658903,3.0516400742643515,8.871186143337516,9.423070943172254,0.0,5.079999999999984,0.0,0.03699927166788042,147.47
2025-09-24,38,9,2025,141.0,213.14,-0.992708874098054,-0.12053668025532357,145.56,142.38,135.39,138.57,121.41,120.77,141.11,141.4275,139.5225,133.82692307692307,125.88076923076922,4.295093130539807,3.5619246402550484,8.556582636208052,10.136037065079842,3.180000000000007,9.530000000000001,0.022334597555836444,0.07005807542453879,145.56
2025-10-01,39,9,2025,142.0,203.05,-1.0,-1.8369701987210297e-16,147.47,145.56,142.38,138.57,121.41,121.41,142.38,144.4475,140.635,135.83153846153846,126.9076923076923,2.5114587394599335,4.490711047738939,8.457218658394662,10.919775201971662,1.9099999999999966,12.080000000000013,0.013121736740862922,0.08922372405642975,143.66
2025-10-08,40,10,2025,140.0,185.92,-0.992708874098054,0.1205366802553232,145.56,147.47,142.38,137.3,122.68,121.41,140.48,145.2425,141.50875,137.68923076923076,127.83653846153847,2.1100770128148305,4.7063678366957795,7.6381361835840735,11.447776357813693,-1.9099999999999966,3.180000000000007,-0.0129517868040957,0.022334597555836444,143.02
2025-10-15,41,10,2025,138.0,196.01,-0.9709418174260521,0.23931566428755738,143.66,145.56,145.56,136.03,123.95,116.96,140.48,145.5625,142.30375,139.3030769230769,128.69230769230768,1.5554286654626206,4.4224651738916485,6.302169447388108,11.775109785543187,-1.9000000000000057,1.2800000000000011,-0.013053036548502428,0.008990026689141839,144.93
2025-10-22,42,10,2025,137.0,193.87,-0.9350162426854148,0.35460488704253557,143.02,143.66,147.47,135.39,134.12,115.05,137.94,144.9275,143.1775,140.77,129.6946153846154,2.009102204139017,3.624380735282163,4.3467650806858105,11.845414042835737,-0.6399999999999864,-2.539999999999992,-0.004454963107336618,-0.01744984885957679,145.56
2025-10-29,43,10,2025,140.0,184.7,-0.8854560256532101,0.464723172043768,144.93,143.02,145.56,142.38,138.57,116.32,132.85,144.29250000000002,144.37,141.60153846153847,130.84384615384616,1.1593496740312552,1.8127563858070956,3.987758029590971,11.817206125622107,1.9099999999999966,-2.539999999999992,0.013354775555866283,-0.017223842137383816,144.93
2025-11-05,44,11,2025,142.0,184.7,-0.822983865893657,0.5680647467311548,145.56,144.93,143.66,142.38,138.57,117.59,130.31,144.29250000000002,144.76749999999998,142.13923076923078,131.96846153846155,1.1593496740312552,1.6559222721574987,4.016085286151724,11.770978444399487,0.6299999999999955,0.0,0.004346926102256177,0.0,142.38
2025-11-12,45,11,2025,145.0,171.55,-0.7485107481711011,0.6631226582407952,144.93,145.56,143.02,145.56,137.3,117.59,127.77,144.61,145.08625,142.62846153846152,133.02,1.1008178777661837,1.3473777442547252,3.93154729115238,11.655746393949025,-0.6299999999999955,1.2700000000000102,-0.004328112118713867,0.008840317416121568,143.66
2025-11-19,46,11,2025,146.0,164.82,-0.6631226582407955,0.7485107481711007,142.38,144.93,144.93,147.47,136.03,117.59,126.49,144.45,144.68875,143.01923076923077,133.97346153846155,1.4115948427256664,1.627587500390458,3.5959339573530396,11.353059479211632,-2.5500000000000114,-0.6400000000000148,-0.01759470089008497,-0.004474898615578371,144.93
2026-07-08,27,7,2026,173.0,176.75,-0.12053668025532283,-0.992708874098054,176.71,181.8,182.43,172.9,161.45,127.13,122.68,181.0025,180.525,175.43846153846152,157.07961538461538,2.9082569235433318,3.7981988212453963,7.673430182730753,21.066516082309573,-5.090000000000003,-6.989999999999981,-0.02799779977997796,-0.03805117038649963,174.17
2026-07-15,28,7,2026,181.0,204.58,-0.23931566428755743,-0.9709418174260521,171.62,176.71,183.07,183.07,164.63,124.59,123.95,178.3,180.36499999999998,176.22076923076924,158.79076923076926,5.233016975576454,4.17368970028695,6.567127050112589,20.330535245897224,-5.090000000000003,-10.810000000000002,-0.028804255559957026,-0.05925560488954673,176.71
2026-07-22,29,7,2026,194.0,209.77,-0.3546048870425356,-0.9350162426854148,174.17,171.62,181.8,180.52,170.35,125.22,134.12,176.07500000000002,179.2525,176.95461538461538,160.6976923076923,4.345683682307268,4.521339087355973,5.63016224660444,19.29305518733599,2.549999999999983,-8.900000000000006,0.014858408110942634,-0.04861528377123503,177.35
2026-07-29,30,7,2026,200.0,230.26,-0.46472317204376806,-0.8854560256532101,176.71,174.17,176.71,183.7,169.08,129.04,138.57,174.8025,178.77625,177.44384615384615,162.67807692307693,2.4362180389567816,4.569163529262081,5.273456390993053,18.11221334221469,2.5400000000000205,-5.090000000000003,0.014583452948269127,-0.02799779977997796,176.71
2026-08-05,31,8,2026,202.0,230.26,-0.5680647467311556,-0.8229838658936566,177.35,176.71,171.62,182.43,170.99,131.58,138.57,174.96249999999998,177.9825,178.07999999999998,164.53615384615387,2.617522683761319,4.121222946095558,4.641353969121517,16.96500894828642,0.6399999999999864,0.6399999999999864,0.0036217531548865534,0.0036217531548865534,181.8
2026-08-12,32,8,2026,198.0,218.34,-0.663122658240795,-0.7485107481711013,176.71,177.35,174.17,183.07,172.9,136.66,137.3,176.235,177.26749999999998,178.51999999999998,166.2719230769231,1.409337906017677,3.7156147347564024,4.159306833277258,15.721383404583063,-0.6399999999999864,5.090000000000003,-0.0036086833944177776,0.029658547954783954,184.97
2026-08-19,33,8,2026,206.0,211.61,-0.7485107481711011,-0.6631226582407952,181.8,176.71,176.71,181.8,183.07,137.94,136.03,178.14249999999998,177.10875,179.20461538461538,168.00807692307689,2.4569272815188077,3.4499169244650454,3.8802805211853846,14.785036494845038,5.090000000000003,7.630000000000024,0.028804255559957026,0.043807774013894685,185.61
