Date,Week,Month,Year,Truck_current,Barge_current,week_sin,week_cos,Pacific_Vessel_lag_1,Pacific_Vessel_lag_2,Pacific_Vessel_lag_4,Pacific_Vessel_lag_8,Pacific_Vessel_lag_13,Pacific_Vessel_lag_26,Pacific_Vessel_lag_52,Pacific_Vessel_rolling_mean_4,Pacific_Vessel_rolling_mean_8,Pacific_Vessel_rolling_mean_13,Pacific_Vessel_rolling_mean_26,Pacific_Vessel_rolling_std_4,Pacific_Vessel_rolling_std_8,Pacific_Vessel_rolling_std_13,Pacific_Vessel_rolling_std_26,Pacific_Vessel_change_1w,Pacific_Vessel_change_4w,Pacific_Vessel_pct_change_1w,Pacific_Vessel_pct_change_4w,target
2003-08-27,34,8,2003,57.0,57.49,-0.8229838658936564,-0.5680647467311559,103.04,103.42,106.98,109.83,109.26,91.88,52.4,103.015,107.0,106.96461538461539,102.80115384615384,3.4254877998128883,4.851544673017491,3.8675005179586694,6.880407154768144,-0.37999999999999545,-8.029999999999987,-0.003674337652291637,-0.07229674979742495,92.64
2003-09-03,35,8,2003,57.0,57.49,-0.8854560256532096,-0.4647231720437691,97.05,103.04,98.62,110.97,106.32,90.55,53.25,100.5325,105.4025,106.02538461538461,103.0,3.183848562144098,5.798274989782868,4.664167691712053,6.622012382954297,-5.990000000000009,-9.930000000000007,-0.05813276397515532,-0.09282108805384193,93.11
2003-09-10,36,9,2003,56.0,60.85,-0.9350162426854147,-0.3546048870425359,92.64,97.05,103.42,112.07,104.09,88.65,57.77,99.0375,103.11125,104.97307692307693,103.08038461538462,5.167348610909379,6.816216875950955,5.956366880091979,6.475910117207765,-4.409999999999997,-5.980000000000004,-0.045440494590417324,-0.06063678766984393,95.96
2003-09-17,37,9,2003,55.0,75.84,-0.970941817426052,-0.23931566428755774,93.11,92.64,103.04,111.07,107.03,93.73,59.43,96.46000000000001,100.74125,104.12846153846155,103.25192307692308,4.811770290998295,6.547150825249864,6.809420981446536,6.128108366685939,0.46999999999999886,-10.310000000000002,0.0050734024179619475,-0.09969058209243864,108.41
2003-09-24,38,9,2003,54.0,83.48,-0.992708874098054,-0.12053668025532357,95.96,93.11,97.05,106.98,107.84,94.2,61.47,94.69,98.8525,103.27692307692307,103.33769230769232,2.151077249504028,5.178176044019332,7.102211374653429,6.003854300492186,2.8499999999999943,-7.0800000000000125,0.030608957147459925,-0.06871118012422373,128.6
2003-10-01,39,9,2003,54.0,92.04,-1.0,-1.8369701987210297e-16,108.41,95.96,92.64,98.62,109.83,94.54,63.04,97.53,99.03125,103.32076923076923,103.88423076923075,7.400175673590482,5.512692983340354,7.134415955468335,5.781422782033457,12.450000000000003,11.36,0.12974155898290962,0.11705306543019067,155.91
2003-10-08,40,10,2003,55.0,91.13,-0.992708874098054,0.1205366802553232,128.6,108.41,93.11,103.42,110.97,99.62,65.61,106.52,102.77875,104.76461538461538,105.19423076923076,16.14971826379643,11.799033177704436,9.917858988868371,7.251364656712246,20.189999999999998,35.959999999999994,0.18623743197122034,0.38816925734024177,180.62
2003-10-15,41,10,2003,56.0,81.95,-0.9709418174260521,0.23931566428755738,155.91,128.6,95.96,103.04,112.07,104.23,63.18,122.22,109.33999999999999,108.22153846153847,107.35923076923078,26.179025955905992,22.208874674006175,17.32617617275177,12.220812713752533,27.310000000000002,62.8,0.21236391912908248,0.674471055740522,182.14
2003-10-22,42,10,2003,57.0,93.27,-0.9350162426854148,0.35460488704253557,180.62,155.91,108.41,97.05,111.07,103.37,64.56,143.385,119.0375,113.49461538461539,110.2973076923077,31.544506653298605,33.25540804569557,26.563781299413638,18.832541104735142,24.710000000000008,84.66000000000001,0.15848887178500415,0.8822426010837852,199.48
2003-10-29,43,10,2003,57.0,107.03,-0.8854560256532101,0.464723172043768,182.14,180.62,128.6,92.64,106.98,102.8,66.37,161.8175,129.67375,118.96153846153847,113.32692307692308,25.19814063907626,38.42412186467542,32.64121827948877,23.444706996545012,1.5199999999999818,73.72999999999999,0.008415457867345655,0.6801033115026289,197.2
2003-11-05,44,11,2003,56.0,84.7,-0.822983865893657,0.5680647467311548,199.48,182.14,155.91,93.11,98.62,102.23,68.5,179.53750000000002,143.02875,126.07692307692308,117.0453846153846,17.924907019749547,42.104390146905786,39.22890290432456,28.770396483992958,17.340000000000003,70.88,0.09520149335675865,0.5511664074650078,187.46
2003-11-12,45,11,2003,56.0,66.97,-0.7485107481711011,0.6631226582407952,197.2,199.48,180.62,95.96,103.42,105.75,70.31,189.85999999999999,156.04,133.66,120.69807692307691,9.855556808217381,40.52822543787055,42.84074345760122,32.58942368551256,-2.280000000000001,41.28999999999999,-0.011429717264888728,0.26483227503046636,186.03
2003-11-19,46,11,2003,56.0,59.02,-0.6631226582407955,0.7485107481711007,187.46,197.2,182.14,108.41,103.04,110.74,72.83,191.57,167.47750000000002,140.12461538461537,123.84076923076921,8.166639455736984,33.4425694287984,44.21599232091347,34.94491859175832,-9.73999999999998,6.840000000000003,-0.049391480730223036,0.03786956040305611,194.63
2003-11-26,47,11,2003,56.0,57.49,-0.5680647467311559,0.8229838658936564,186.03,187.46,199.48,128.6,97.05,109.26,76.06,192.5425,177.18,146.50846153846152,126.73653846153846,6.783943666236234,23.69736513382271,44.40616320702829,36.88171969334487,-1.4300000000000068,3.890000000000015,-0.007628294036061023,0.02135719775996492,199.24
2003-12-03,48,11,2003,56.0,61.16,-0.4647231720437684,0.88545602565321,194.63,186.03,197.2,155.91,92.64,106.32,81.19,191.33,185.43375,154.01461538461538,130.02,5.4287444834571845,13.786363798540826,43.588970817433626,39.00272544323026,8.599999999999994,-4.849999999999994,0.04622910283287629,-0.024313214357329027,196.82
2003-12-10,49,12,2003,56.0,67.58,-0.35460488704253595,0.9350162426854147,199.24,194.63,187.46,180.62,93.11,104.09,85.99,191.84,190.85,162.21461538461537,133.59384615384616,6.204423153417796,7.6971367589330075,41.03286540798421,40.952631864330606,4.610000000000014,2.0400000000000205,0.023685968247443956,0.010344827586207028,198.62
2003-12-17,50,12,2003,56.0,65.44,-0.2393156642875578,0.970941817426052,196.82,199.24,186.03,182.14,95.96,107.03,89.55,194.18,192.875,170.19230769230768,137.16038461538463,5.750310136563649,6.685852867916874,36.28483479220265,42.296239027201416,-2.420000000000016,9.359999999999985,-0.012146155390483915,0.04993065187239942,197.43
2003-12-31,52,12,2003,57.0,61.46,6.432490598706546e-16,1.0,197.43,198.62,199.24,197.2,128.6,109.83,92.49,198.0275,194.67875,184.9369230769231,144.12884615384615,1.100950347048539,5.095699692598335,20.807369441544694,44.31881580790925,-1.1899999999999977,2.8000000000000114,-0.005991340247709198,0.014386271386733762,196.91
2004-07-07,27,7,2004,65.0,46.17,-0.12053668025532283,-0.992708874098054,125.75,117.08,126.11,176.02,196.94,196.91,110.97,123.2675,136.4475,156.36923076923077,182.7053846153846,4.213932249097893,18.587181258675606,30.581088235906822,34.426273714216556,8.670000000000002,-9.72999999999999,0.07405193030406565,-0.07181871863005607,171.79
2004-07-14,28,7,2004,66.0,44.65,-0.23931566428755743,-0.9709418174260521,145.84,125.75,124.13,144.87,195.42,214.44,112.07,128.2,132.675,152.43846153846155,180.74115384615382,12.34762325307944,10.867812238769464,28.11649955872723,35.03494270889263,20.090000000000003,19.730000000000004,0.15976143141153076,0.1564507176274681,158.6
2004-07-21,29,7,2004,66.0,46.79,-0.3546048870425356,-0.9350162426854148,171.79,145.84,117.08,142.14,196.76,207.36,111.07,140.115,136.04,150.6207692307692,179.10076923076923,24.31080486806891,17.39230043110223,25.772349350139823,34.38646756188573,25.94999999999999,47.66,0.17793472298409196,0.3839523080641263,149.94
2004-07-28,30,7,2004,66.0,59.94,-0.46472317204376806,-0.8854560256532101,158.6,171.79,125.75,135.48,181.15,208.5,106.98,150.495,138.0975,147.6853846153846,177.2253846153846,19.60571430306288,19.106176824711618,21.972318044676623,34.112157625195124,-13.189999999999998,41.519999999999996,-0.07677978927760643,0.354629313290058,155.94
2004-08-04,31,8,2004,67.0,64.22,-0.5680647467311556,-0.8229838658936566,149.94,158.6,145.84,126.11,170.95,215.06,98.62,156.5425,139.905,145.2846153846154,174.9730769230769,11.472518976522048,19.50303639363453,19.586704510707136,33.897184516620996,-8.659999999999997,24.189999999999998,-0.05460277427490545,0.19236580516898605,148.12
2004-08-11,32,8,2004,68.0,67.27,-0.663122658240795,-0.7485107481711013,155.94,149.94,171.79,124.13,176.02,208.69,103.42,159.0675,143.63375,144.13,172.69923076923078,9.22267269649417,19.339705964303565,18.35111804041773,33.073460529321984,6.0,10.099999999999994,0.04001600640256098,0.06925397696105318,151.52
2004-08-18,33,8,2004,69.0,69.72,-0.7485107481711011,-0.6631226582407952,148.12,155.94,158.6,117.08,144.87,207.79,103.04,153.15,146.63250000000002,141.98384615384614,170.36961538461537,4.935976769258363,17.67144488392839,15.759210819106308,32.56626665502446,-7.819999999999993,-23.669999999999987,-0.05014749262536866,-0.1377845043366901,154.89
2004-08-25,34,8,2004,71.0,68.5,-0.8229838658936564,-0.5680647467311559,151.52,148.12,149.94,125.75,142.14,212.64,97.05,151.38,150.9375,142.4953846153846,168.2053846153846,3.34237440551743,13.028720746324979,15.967256399365818,31.84166116656224,3.4000000000000057,-7.079999999999984,0.022954361328652473,-0.04464060529634295,152.32
2004-09-01,35,8,2004,71.0,67.58,-0.8854560256532096,-0.4647231720437691,154.89,151.52,155.94,145.84,135.48,207.89,92.64,152.6175,154.57999999999998,143.47615384615386,165.98423076923078,3.5419050900127385,8.135483127282017,16.33104076008948,30.60841546674083,3.369999999999976,4.949999999999989,0.02224128827877503,0.03301320528211282,151.91
2004-09-08,36,9,2004,71.0,69.72,-0.9350162426854147,-0.3546048870425359,152.32,154.89,148.12,171.79,126.11,213.44,93.11,151.71249999999998,155.39,144.77153846153846,163.84692307692305,2.793365652158347,7.43326307889104,16.311794222869608,29.48472482750772,-2.569999999999993,-3.6200000000000045,-0.016592420427400056,-0.023214056688469986,159.11
2004-09-15,37,9,2004,71.0,108.56,-0.970941817426052,-0.23931566428755774,151.91,152.32,151.52,158.6,124.13,215.61,95.96,152.66,152.905,146.75615384615386,161.4803846153846,1.5221257065887068,3.3916367730057155,15.395879069014013,27.76409818175548,-0.4099999999999966,3.789999999999992,-0.0026917016806722316,0.025587361598703673,169.26
2004-09-22,38,9,2004,72.0,115.9,-0.992708874098054,-0.12053668025532357,159.11,151.91,154.89,149.94,117.08,209.07,108.41,154.5575,152.96875,149.44692307692307,159.3073076923077,3.3091527112930827,3.5164691605568676,14.115442716292481,25.474656670140668,7.200000000000017,7.590000000000003,0.047396484760713786,0.05009239704329471,168.54
2004-09-29,39,9,2004,76.0,131.18,-1.0,-1.8369701987210297e-16,169.26,159.11,152.32,155.94,125.75,200.14,128.6,158.15,155.38375000000002,153.46076923076924,157.77615384615385,8.109258083613971,6.504202899444916,11.278469504280515,23.482528497063267,10.149999999999977,14.370000000000005,0.06379234491860952,0.09277551810962614,167.24
2004-10-06,40,10,2004,77.0,128.13,-0.992708874098054,0.1205366802553232,168.54,169.26,151.91,148.12,145.84,196.94,155.91,162.20499999999998,156.95875,156.75230769230768,156.56076923076924,8.275894714973443,8.009504064369265,8.39195066104699,21.971333491270375,-0.7199999999999989,16.22,-0.004253810705423633,0.10648634453781503,172.5
2004-10-13,41,10,2004,79.0,103.97,-0.9709418174260521,0.23931566428755738,167.24,168.54,159.11,151.52,171.79,195.42,180.62,166.03750000000002,159.34875,158.39846153846153,155.41846153846154,4.6933738752975405,7.846281079958808,8.168963465616379,20.5115816439997,-1.299999999999983,15.330000000000013,-0.007713302480123363,0.10091501546968606,184.1
2004-10-20,42,10,2004,82.0,101.83,-0.9350162426854148,0.35460488704253557,172.5,167.24,169.26,154.89,158.6,196.76,182.14,169.385,161.97125,158.4530769230769,154.53692307692307,2.2385933083059615,8.346041726471636,8.267732845845195,19.172454776419478,5.259999999999991,13.389999999999986,0.031451805788088816,0.08415561561184082,190.12
2004-10-27,43,10,2004,83.0,129.35,-0.8854560256532101,0.464723172043768,184.1,172.5,168.54,152.32,149.94,181.15,199.48,173.095,165.6225,160.4146153846154,154.04999999999998,7.67013906870832,10.826418415814702,10.908669041474363,18.192963914656787,11.599999999999994,14.840000000000003,0.06724637681159407,0.08767576509511987,188.53
2004-11-03,44,10,2004,83.0,112.84,-0.822983865893657,0.5680647467311548,190.12,184.1,167.24,151.91,155.94,170.95,197.2,178.48999999999998,170.3475,163.50538461538463,154.395,10.474916069671375,12.334882882066305,13.15451102308334,18.80227502192232,6.02000000000001,21.580000000000013,0.0326996197718632,0.12804082117004878,185.82
2004-11-10,45,11,2004,82.0,113.45,-0.7485107481711011,0.6631226582407952,188.53,190.12,172.5,159.11,148.12,176.02,187.46,183.8125,174.925,166.01230769230767,155.07115384615383,7.960206760295895,11.263589887014906,14.61674163065923,19.71535651758265,-1.5900000000000034,21.289999999999992,-0.008363139070061032,0.12730208084190386,194.57
2004-11-17,46,11,2004,80.0,91.43,-0.6631226582407955,0.7485107481711007,185.82,188.53,184.1,169.26,151.52,144.87,186.03,187.1425,178.26375,168.9123076923077,155.4480769230769,2.6954575987503446,9.765010332084765,14.510541084470743,20.219125207432942,-2.710000000000008,13.319999999999993,-0.014374370126770342,0.07721739130434768,214.19
2004-11-24,47,11,2004,80.0,72.17,-0.5680647467311559,0.8229838658936564,194.57,185.82,190.12,168.54,154.89,142.14,194.63,189.76,181.42749999999998,172.22384615384615,157.35961538461538,3.6652512419561907,10.503331104260337,15.110517054059947,21.488556299718184,8.75,10.469999999999999,0.04708858034657193,0.05687126561651268,236.89
2004-12-01,48,11,2004,80.0,73.39,-0.4647231720437684,0.88545602565321,214.19,194.57,188.53,167.24,152.32,135.48,199.24,195.7775,187.13375,176.78538461538463,160.1307692307692,12.808282151274723,14.237993375372538,18.097258823454123,23.951906466597176,19.620000000000005,24.069999999999993,0.10083774477051954,0.1266042499474016,231.25
2004-12-08,49,12,2004,78.0,74.92,-0.35460488704253595,0.9350162426854147,236.89,214.19,185.82,172.5,151.91,126.11,196.82,207.86749999999998,195.83999999999997,183.2907692307692,164.03115384615387,22.695045531275444,20.327939956059343,23.083144449843033,27.735267559830547,22.69999999999999,48.359999999999985,0.10598067136654366,0.2565109001219965,206.89
2004-12-15,50,12,2004,75.0,92.04,-0.2393156642875578,0.970941817426052,231.25,236.89,194.57,184.1,159.11,124.13,198.62,219.225,203.18374999999997,189.39384615384614,168.07500000000002,19.060194997253706,21.281256634150715,24.537548960203235,29.588048972515985,-5.639999999999986,45.43000000000001,-0.02380851872176959,0.24448390915940155,187.92
2005-07-06,27,7,2005,89.0,75.84,-0.12053668025532283,-0.992708874098054,112.25,111.67,129.47,139.36,168.56,173.16,145.84,118.2175,124.39375000000001,134.81615384615387,156.77384615384616,8.300471372155545,9.399104725603278,19.5308058113594,27.189482683850187,0.5799999999999983,-13.879999999999995,0.005193874809707122,-0.11004519146911917,102.68
2005-07-13,28,7,2005,91.0,78.89,-0.23931566428755743,-0.9709418174260521,103.56,112.25,119.48,128.62,166.82,185.85,171.79,111.74,119.91875,129.81615384615387,154.09692307692308,6.508584075406757,9.770609627858468,18.463316124350357,28.88500839802286,-8.689999999999998,-25.909999999999997,-0.07741648106904231,-0.20012358075229786,99.73
2005-07-20,29,7,2005,90.0,95.1,-0.3546048870425356,-0.9350162426854148,102.68,103.56,111.67,128.17,163.84,175.28,158.6,107.54,116.67625000000001,124.88230769230769,150.89807692307693,5.12188116482968,10.727840865843305,16.17961122001304,29.81810644816084,-0.8799999999999955,-16.799999999999997,-0.008497489378138212,-0.14060930699698693,91.62
2005-07-27,30,7,2005,88.0,84.4,-0.46472317204376806,-0.8854560256532101,99.73,102.68,112.25,126.13,132.27,162.37,149.94,104.555,113.12124999999999,119.95076923076924,147.9923076923077,5.3851431426319625,11.081328488562601,12.71525885274497,31.00461247075253,-2.950000000000003,-11.939999999999998,-0.028730035060381742,-0.10692218142742005,86.73
2005-08-03,31,7,2005,89.0,77.37,-0.5680647467311556,-0.8229838658936566,91.62,99.73,103.56,129.47,125.97,169.22,155.94,99.39750000000001,108.80749999999999,116.82384615384616,145.27115384615382,5.437563026451681,11.974851922734958,14.329146600816578,32.74797536666029,-8.11,-20.629999999999995,-0.08131956281961294,-0.18378619153674824,92.45
2005-08-10,32,8,2005,91.0,83.48,-0.663122658240795,-0.7485107481711013,86.73,91.62,102.68,119.48,139.36,160.47,148.12,95.19,103.465,113.80538461538461,142.09846153846155,7.326395202733263,10.92780333435253,16.24663124844893,34.29434433749195,-4.890000000000001,-16.83,-0.05337262606417814,-0.16251448435689453,109.61
2005-08-17,33,8,2005,97.0,96.94,-0.7485107481711011,-0.6631226582407952,92.45,86.73,99.73,111.67,128.62,172.53,151.52,92.63250000000001,100.08625,110.19692307692307,139.4823076923077,5.362601203393006,9.33075243865301,15.278463810549017,35.4130240795889,5.719999999999999,-10.230000000000004,0.06595180445059379,-0.0996299181924426,119.27
2005-08-24,34,8,2005,98.0,100.3,-0.8229838658936564,-0.5680647467311559,109.61,92.45,91.62,112.25,128.17,193.04,154.89,95.10249999999999,99.82875,108.73461538461538,137.06230769230768,9.995496902770745,8.987520613924332,14.242874601816734,35.213631032052675,17.159999999999997,9.879999999999995,0.18561384532179548,0.09906748220194528,108.54
2005-08-31,35,8,2005,98.0,152.9,-0.8854560256532096,-0.4647231720437691,119.27,109.61,86.73,103.56,126.13,185.33,152.32,102.015,100.70625000000001,108.04999999999998,134.225,15.061424235442294,10.575871375784756,13.421005923551302,33.45071075478075,9.659999999999997,27.64999999999999,0.08813064501414103,0.3017900021829294,103.05
2005-09-07,36,9,2005,109.0,171.24,-0.9350162426854147,-0.3546048870425359,108.54,119.27,92.45,102.68,129.47,189.55,151.91,107.4675,101.32875,106.69692307692308,131.27153846153848,11.114028297605257,10.909151384437376,12.284929374790424,32.12161461599442,-10.72999999999999,21.810000000000002,-0.08996394734635693,0.25147007955724665,115.71
2005-09-14,37,9,2005,107.0,204.88,-0.970941817426052,-0.23931566428755774,103.05,108.54,109.61,99.73,119.48,190.6,159.11,110.11749999999999,101.37500000000001,104.66461538461539,127.94461538461539,6.7444761348309825,10.916480332833626,10.214480420286128,30.27028275134143,-5.490000000000009,10.599999999999994,-0.05058043117744615,0.11465657111952399,126.14
2005-09-21,38,9,2005,103.0,179.5,-0.992708874098054,-0.12053668025532357,115.71,103.05,119.27,91.62,111.67,183.87,169.26,111.64250000000001,103.3725,104.3746153846154,125.06423076923078,7.261310143491452,11.982445195248895,9.804076206171013,27.50674610681205,12.659999999999997,6.099999999999994,0.1228529839883552,0.05565185658242866,121.58
2005-09-28,39,9,2005,106.0,193.57,-1.0,-1.8369701987210297e-16,126.14,115.71,108.54,86.73,112.25,182.24,168.54,113.36,107.6875,105.4876923076923,122.84384615384616,9.972953424135323,13.289829355026152,11.393865420952096,24.76318478337124,10.430000000000007,6.8700000000000045,0.09013914095583786,0.05760040244822684,119.05
2005-10-05,40,10,2005,119.0,216.5,-0.992708874098054,0.1205366802553232,121.58,126.14,103.05,92.45,103.56,168.56,167.24,116.61999999999999,112.04375,106.20538461538462,120.51076923076923,10.00341608318413,10.943402366592547,12.125659855161523,21.598659944186807,-4.560000000000002,13.039999999999992,-0.03615030918027595,0.12014004053805039,123.81
2005-10-12,41,10,2005,119.0,256.87,-0.9709418174260521,0.23931566428755738,119.05,121.58,115.71,109.61,102.68,166.82,172.5,120.62,115.36874999999999,107.39692307692309,118.60653846153846,4.395641780973685,7.7000360620677215,12.595993665060949,19.247524088528,-2.530000000000001,16.0,-0.02080934364204645,0.1552644347404173,120.63
2005-10-19,42,10,2005,119.0,199.99,-0.9350162426854148,0.35460488704253557,123.81,119.05,126.14,119.27,99.73,163.84,184.1,122.645,117.14375,109.02230769230769,116.95230769230768,3.0348256402373677,7.818662540906337,13.281265096522324,16.60490200096172,4.760000000000005,8.100000000000009,0.03998320033599323,0.07000259268861808,115.71
2005-10-26,43,10,2005,119.0,179.19,-0.8854560256532101,0.464723172043768,120.63,123.81,121.58,108.54,91.62,132.27,190.12,121.2675,117.31375,110.62999999999998,115.29038461538462,1.9904501165921549,7.885992894276025,13.327586678264998,13.618116310494553,-3.180000000000007,-5.510000000000005,-0.025684516598013185,-0.04368162359283345,117.1
2005-11-02,44,10,2005,109.0,137.61,-0.822983865893657,0.5680647467311548,115.71,120.63,119.05,103.05,86.73,125.97,188.53,119.8,118.21000000000001,112.48307692307692,114.65346153846154,3.3694509938526527,7.116273101641294,12.080564545731717,13.172165484022186,-4.920000000000002,-5.8700000000000045,-0.0407858741606566,-0.048280967264352714,114.48
2005-11-09,45,11,2005,102.0,109.78,-0.7485107481711011,0.6631226582407952,117.1,115.71,123.81,115.71,92.45,139.36,185.82,119.3125,119.96624999999999,114.81923076923077,114.31230769230768,3.6440122118311415,3.802641703943719,9.30244812001884,12.980822873051705,1.3900000000000006,-1.9500000000000028,0.012012790597182521,-0.016379672406551915,113.03
2005-11-16,46,11,2005,98.0,114.67,-0.6631226582407955,0.7485107481711007,114.48,117.1,120.63,126.14,109.61,128.62,194.57,116.97999999999999,119.8125,116.51384615384616,113.35538461538461,2.658307732369174,4.018079676377116,6.460306414897084,11.935454823598372,-2.6199999999999903,-9.329999999999998,-0.02237403928266435,-0.07535740247152889,106.52
2005-11-23,47,11,2005,95.0,112.23,-0.5680647467311559,0.8229838658936564,113.03,114.48,115.71,121.58,119.27,128.17,214.19,115.08,118.17375,116.77692307692308,112.75576923076923,1.735876339673935,3.7320195126576854,6.22093961902792,11.522372038109998,-1.4500000000000028,-7.599999999999994,-0.012665967854647131,-0.06300256984166452,111.92
2005-11-30,48,11,2005,94.0,111.61,-0.4647231720437684,0.88545602565321,106.52,113.03,117.1,119.05,108.54,126.13,236.89,112.7825,116.29124999999999,115.79615384615386,111.92307692307692,4.501943099000589,5.255645773832237,6.775478505195056,11.139811405667958,-6.510000000000005,-9.189999999999998,-0.05759532867380346,-0.07942269466770369,119.78
2005-12-07,49,12,2005,81.0,146.17,-0.35460488704253595,0.9350162426854147,111.92,106.52,114.48,123.81,103.05,129.47,231.25,111.4875,115.4,116.05615384615383,111.37653846153846,3.4735896418506225,5.325078134906364,6.534391757541552,10.756917752705245,5.400000000000006,-5.179999999999993,0.050694705219677116,-0.044235695986336365,126.43
2005-12-14,50,12,2005,92.0,168.8,-0.2393156642875578,0.970941817426052,119.78,111.92,113.03,120.63,115.71,119.48,206.89,112.8125,114.89625,117.34307692307692,111.00384615384615,5.446267070202524,4.550061027848261,5.288005901117931,10.261413967645412,7.859999999999999,5.299999999999997,0.07022873481057901,0.04629629629629628,120.62
2005-12-21,51,12,2005,93.0,155.34,-0.12053668025532363,0.992708874098054,126.43,119.78,106.52,115.71,126.14,111.67,187.92,116.1625,115.62125,118.16769230769229,111.27115384615384,8.74613200220381,5.8659780270886115,5.821092614859438,10.576726649365026,6.650000000000006,13.400000000000006,0.05551845049256965,0.11855259665575524,119.59
2006-01-04,1,1,2006,92.0,125.07,0.12053668025532305,0.992708874098054,119.59,120.62,119.78,114.48,119.05,103.56,173.16,121.605,116.54625,117.58999999999999,111.8976923076923,3.247650432745006,6.240041065570052,5.284554538148734,10.847966190099516,-1.0300000000000011,7.670000000000002,-0.008539214060686473,0.068531093638313,121.95
2006-01-11,2,1,2006,94.0,115.9,0.23931566428755774,0.970941817426052,123.57,119.59,126.43,113.03,123.81,102.68,185.85,122.55250000000001,117.6825,117.93769230769229,112.66730769230769,3.086598721350489,6.625728531371409,5.531541608277423,10.942184263735566,3.9799999999999898,3.789999999999992,0.03328037461326194,0.03164134246117878,118.57
2006-01-18,3,1,2006,92.0,122.32,0.3546048870425356,0.9350162426854148,121.95,123.57,120.62,106.52,120.63,99.73,175.28,121.4325,118.79750000000001,117.79461538461538,113.40846153846154,1.7215956745537133,6.47988040013089,5.389217035563889,10.89114307767855,-1.6199999999999903,-4.480000000000004,-0.013109978150036339,-0.03543462785731233,109.28
2006-01-25,4,1,2006,93.0,117.12,0.4647231720437685,0.8854560256532099,118.57,121.95,119.59,111.92,115.71,91.62,162.37,120.92,120.30375000000001,117.63615384615385,114.13307692307693,2.2638315602775188,4.227231236704675,5.3288468709806915,10.566578166741113,-3.3800000000000097,-2.0500000000000114,-0.027716277162771696,-0.016995523130492574,112.59
2006-02-01,5,1,2006,94.0,126.29,0.5680647467311558,0.8229838658936564,109.28,118.57,123.57,119.78,117.1,86.73,169.22,118.3425,119.97375,117.14153846153847,114.81230769230771,6.390656591199445,5.006438533100614,5.800101789557864,9.583387421029284,-9.289999999999992,-10.310000000000002,-0.07835034157038034,-0.08621122167405304,116.66
2006-02-08,6,2,2006,94.0,145.25,0.6631226582407952,0.7485107481711011,112.59,109.28,121.95,126.43,114.48,92.45,160.47,115.5975,119.075,116.79461538461538,115.80692307692308,5.719728286084915,5.650173195828387,5.936078412814169,7.711380560823725,3.3100000000000023,-10.97999999999999,0.030289165446559352,-0.08885651857246901,120.51
2006-02-15,7,2,2006,93.0,130.57,0.7485107481711011,0.6631226582407953,116.66,112.59,118.57,120.62,113.03,109.61,172.53,114.275,117.85374999999999,116.96230769230769,116.73807692307693,4.160308482148811,4.829607903339622,5.89589850919864,6.0639043654934115,4.069999999999993,-5.290000000000006,0.03614885869082496,-0.04337843378433792,129.79
2006-02-22,8,2,2006,93.0,114.67,0.8229838658936564,0.5680647467311559,120.51,116.66,109.28,119.59,106.52,119.27,193.04,114.76,117.83999999999999,117.53769230769231,117.1573076923077,4.878927477766631,4.820755720246178,5.844931071515807,5.926623698324567,3.8500000000000085,1.940000000000012,0.033001885822047106,0.01636164291136044,127.98
2006-03-01,9,2,2006,93.0,117.73,0.8854560256532099,0.4647231720437686,129.79,120.51,112.59,123.57,111.92,108.54,185.33,119.88749999999999,119.11500000000001,119.3276923076923,117.56192307692308,7.351128598156996,6.429983337014648,5.752063620774555,6.415564211653568,9.279999999999987,20.50999999999999,0.07700605758858181,0.18768301610541727,131.89
2006-03-08,10,3,2006,96.0,115.59,0.9350162426854148,0.35460488704253557,127.98,129.79,116.66,121.95,119.78,103.05,189.55,123.735,119.66624999999999,120.56307692307693,118.30961538461537,6.195140568755745,7.027730658917285,5.753137382645429,6.454743050358998,-1.809999999999988,15.39,-0.01394560443793813,0.13669064748201443,138.07
2006-03-15,11,3,2006,96.0,103.05,0.970941817426052,0.23931566428755804,131.89,127.98,120.51,118.57,126.43,115.71,190.6,127.54249999999999,120.90875,121.49461538461537,119.41884615384615,4.953095833245253,8.259860665549132,6.542095249720311,6.200559540508306,3.9099999999999824,15.22999999999999,0.030551648695108513,0.13055031716098053,130.3
2006-03-22,12,3,2006,97.0,101.83,0.992708874098054,0.120536680255323,138.07,131.89,129.79,109.28,120.62,126.14,183.87,131.9325,123.34625,122.39000000000001,120.27884615384616,4.3925419747545,10.135401799773739,7.924388514790046,7.144379232332824,6.180000000000007,17.559999999999988,0.046857229509439824,0.14571404862666992,128.27
2006-03-29,13,3,2006,97.0,98.47,1.0,-1.6081226496766366e-16,130.3,138.07,127.98,112.59,119.59,121.58,182.24,132.06,125.97375,123.13461538461539,120.43884615384617,4.316364210765837,8.571962498251365,8.194401153007677,7.325185773438689,-7.769999999999982,0.5100000000000193,-0.05627580212935457,0.0039294244548888635,123.11
2006-04-05,14,4,2006,99.0,105.5,0.992708874098054,-0.12053668025532288,128.27,130.3,131.89,116.66,123.57,119.05,168.56,132.1325,127.93375,123.80230769230769,120.69615384615385,4.22649086122048,6.652228278661778,8.235041139187228,7.482678705877232,-2.030000000000001,0.29000000000000625,-0.015579432079815825,0.002265979059228096,121.08
2006-04-12,15,4,2006,100.0,100.3,0.9709418174260521,-0.2393156642875575,123.11,128.27,138.07,120.51,121.95,123.81,166.82,129.9375,128.74,123.76692307692308,120.85230769230769,6.209247807368677,5.355048352455986,8.237110521511365,7.489312015234939,-5.160000000000011,-8.779999999999987,-0.04022764481172536,-0.0665706270376828,120.36
2006-04-19,16,4,2006,104.0,89.9,0.9350162426854148,-0.35460488704253545,121.08,123.11,130.3,129.79,118.57,120.63,163.84,125.69,128.81125,123.70000000000002,120.7473076923077,4.313428643972737,5.232288320747174,8.256613510796672,7.465285290030276,-2.030000000000001,-16.989999999999995,-0.01648931849565427,-0.12305352357499821,118.78
2006-04-26,17,4,2006,109.0,88.07,0.8854560256532099,-0.4647231720437685,120.36,121.08,128.27,127.98,109.28,115.71,132.27,123.205,127.63250000000001,123.83769230769232,120.73692307692308,3.571782934797431,5.987939664740309,8.178489218519482,7.465642782363091,-0.7199999999999989,-9.940000000000012,-0.00594648166501488,-0.07628549501151194,117.77
2006-05-03,18,4,2006,109.0,95.41,0.8229838658936565,-0.5680647467311557,118.78,120.36,123.11,131.89,112.59,117.1,125.97,120.8325,126.4825,124.56846153846153,120.855,1.7966890845782164,6.746998803700934,7.1260307396592,7.407003847710892,-1.5799999999999983,-9.490000000000009,-0.013127284812229911,-0.07398456381071183,120.27
2006-05-10,19,5,2006,109.0,108.86,0.7485107481711013,-0.663122658240795,117.77,118.78,121.08,138.07,116.66,114.48,139.36,119.4975,124.7175,124.96692307692307,120.88076923076923,1.4996971916497013,6.973406115890716,6.519427869345099,7.394572562671851,-1.0100000000000051,-5.340000000000003,-0.008503115002525763,-0.04337584274226303,120.96
2006-05-17,20,5,2006,110.0,120.18,0.6631226582407952,-0.7485107481711012,120.27,117.77,120.36,130.3,120.51,113.03,128.62,119.29499999999999,122.4925,125.24461538461537,121.10346153846154,1.2484256752574119,4.508480104995727,6.205433929743686,7.280402154995663,2.5,-0.8100000000000023,0.02122781693130671,-0.006689791873141782,120.87
2006-05-24,21,5,2006,109.0,117.42,0.5680647467311558,-0.8229838658936564,120.96,120.27,118.78,128.27,129.79,106.52,128.17,119.445,121.325,125.27923076923076,121.40846153846154,1.4403356090307493,3.224278435335715,6.178016755047283,7.092326948080262,0.6899999999999977,0.5999999999999943,0.005737091544026018,0.004985044865403632,122.84
2006-05-31,22,5,2006,109.0,107.33,0.46472317204376906,-0.8854560256532096,120.87,120.96,117.77,123.11,127.98,111.92,126.13,119.9675,120.39999999999999,124.59307692307692,121.96038461538461,1.4966713065919046,1.5991426274277998,6.13044640111361,6.413208545350588,-0.0899999999999892,2.0900000000000034,-0.0007440476190475609,0.017595554807206648,130.21
2006-06-07,23,6,2006,109.0,114.67,0.35460488704253584,-0.9350162426854147,122.84,120.87,120.27,121.08,131.89,119.78,129.47,121.235,120.36625,124.19769230769231,122.38038461538463,1.112969002252972,1.5353541936633215,6.059140689688557,6.078187546148753,1.9699999999999989,5.070000000000007,0.01629850252337217,0.04305001273669018,138.1
2006-06-14,24,6,2006,110.0,118.34,0.23931566428755768,-0.970941817426052,130.21,122.84,120.96,120.36,138.07,126.43,119.48,123.72,121.50750000000001,124.06846153846155,122.78153846153847,4.420957663973211,3.826067544769996,5.89715587685293,6.241685472567925,7.3700000000000045,9.940000000000012,0.05999674373168351,0.08264737673567812,136.21
2006-06-21,25,6,2006,110.0,116.81,0.12053668025532308,-0.992708874098054,138.1,130.21,120.87,118.78,130.3,120.62,111.67,128.005,123.725,124.07076923076923,123.23038461538462,7.839143235497407,6.9398167946175855,5.903094473153718,6.899483737654417,7.889999999999986,17.14,0.06059442439136764,0.14169973544973535,143.86
2006-06-28,26,6,2006,108.0,127.21,-3.216245299353273e-16,-1.0,136.21,138.1,122.84,117.77,128.27,119.59,112.25,131.84,125.90375,124.52538461538461,123.83,6.878502744055519,7.842867437541966,6.608259497760915,7.327701413131128,-1.8899999999999864,15.340000000000003,-0.013685734974655972,0.12691321254240084,149.37
2006-07-05,27,7,2006,109.0,135.47,-0.12053668025532283,-0.992708874098054,143.86,136.21,130.21,120.27,123.11,123.57,103.56,137.095,129.16500000000002,125.72461538461539,124.76346153846156,5.626179876255364,9.271746637731447,8.490869228554542,8.253359045774362,7.650000000000006,21.02000000000001,0.0561632772924161,0.17111690003256275,143.09
2006-07-12,28,7,2006,110.0,150.76,-0.23931566428755743,-0.9709418174260521,149.37,143.86,138.1,120.96,121.08,121.95,102.68,141.885,132.8025,127.74461538461539,125.75576923076923,5.957004280675152,10.856378967487851,10.662868294057422,9.552809502163191,5.509999999999991,19.159999999999997,0.038301126094814286,0.14714691651946854,142.95
2006-07-19,29,7,2006,110.0,160.85,-0.3546048870425356,-0.9350162426854148,143.09,149.37,136.21,120.87,120.36,118.57,99.73,143.1325,135.56875000000002,129.43769230769232,126.56884615384615,5.396247924868636,10.2078225431003,11.247815457416959,10.099915772687838,-6.280000000000001,4.990000000000009,-0.04204324830956685,0.036133236784938516,145.46
2006-07-26,30,7,2006,111.0,151.67,-0.46472317204376806,-0.8854560256532101,142.95,143.09,143.86,122.84,118.78,109.28,91.62,144.8175,138.32875,131.17538461538462,127.50653846153847,3.0612565502828275,8.50954327715138,11.471281979640114,10.453147255179442,-0.14000000000001478,6.739999999999981,-0.0009784051995248566,0.049482416856324596,142.79
2006-08-02,31,7,2006,112.0,152.28,-0.5680647467311556,-0.8229838658936566,145.46,142.95,149.37,130.21,117.77,112.59,86.73,145.2175,141.15625,133.2276923076923,128.89807692307693,2.9983259217964107,6.0223581937878485,11.455467511081437,10.337275083591908,2.5100000000000193,1.5999999999999943,0.017558586918503094,0.01112192409286794,152.29
2006-08-09,32,8,2006,115.0,174.91,-0.663122658240795,-0.7485107481711013,142.79,145.46,143.09,138.1,120.27,116.66,92.45,143.5725,142.72875,135.1523076923077,130.0596153846154,1.2642883373592444,4.087407272866709,10.720216224379195,10.126075441460912,-2.670000000000016,-6.5800000000000125,-0.018355561666437592,-0.044051683738367875,158.45
2006-08-16,33,8,2006,116.0,174.0,-0.7485107481711011,-0.6631226582407952,152.29,142.79,142.95,136.21,120.96,120.51,109.61,145.8725,144.5025,137.6153846153846,131.43,4.449617024716813,4.807300252146071,10.694336986917484,10.63813630294348,9.5,9.199999999999989,0.06653126969675749,0.06429519882591372,158.28
2006-08-23,34,8,2006,114.0,177.05,-0.8229838658936564,-0.5680647467311559,158.45,152.29,145.46,143.86,120.87,129.79,119.27,149.7475,147.2825,140.49923076923076,132.88923076923078,7.047157228271824,5.678417158730891,10.881904292248192,11.635668239711006,6.159999999999997,15.5,0.04044914308227732,0.1084295208114725,159.48
2006-08-30,35,8,2006,114.0,174.0,-0.8854560256532096,-0.4647231720437691,158.28,158.45,142.79,149.37,122.84,127.98,108.54,152.9525,149.08499999999998,143.37692307692308,133.985,7.355725094553981,6.64347585444317,10.182438627866405,12.631051975192094,-0.1699999999999875,12.819999999999993,-0.0010728936573051184,0.0881341949676886,167.97
2006-09-06,36,9,2006,112.0,154.12,-0.9350162426854147,-0.3546048870425359,159.48,158.28,152.29,143.09,130.21,131.89,103.05,157.125,150.34875,146.19538461538463,135.19653846153847,3.2666445577460386,7.5983897495266834,9.029858447935604,13.512007087715194,1.1999999999999886,16.689999999999998,0.007581501137225111,0.11688493591988225,173.29
2006-09-13,37,9,2006,108.0,157.18,-0.970941817426052,-0.23931566428755774,167.97,159.48,158.45,142.95,138.1,138.07,115.71,161.04500000000002,153.45874999999998,149.1,136.58423076923077,4.647009791251321,9.138543862594808,9.519205148891269,14.936474864726936,8.490000000000009,15.680000000000007,0.05323551542513183,0.10296145511852384,187.46
2006-09-20,38,9,2006,102.0,165.13,-0.992708874098054,-0.12053668025532357,173.29,167.97,158.28,145.46,136.21,130.3,126.14,164.755,157.25125,151.80692307692308,137.93884615384616,7.1398809513875,10.3673325367989,11.01621031678326,16.582947223439774,5.319999999999993,14.840000000000003,0.03167232243853069,0.0936573051435785,175.3
2006-09-27,39,9,2006,98.0,177.67,-1.0,-1.8369701987210297e-16,187.46,173.29,159.48,142.79,143.86,128.27,121.58,172.05,162.50125,155.74923076923076,140.13730769230767,11.742472766272622,13.656009077639382,13.790447455599637,19.123997606712432,14.170000000000016,29.180000000000007,0.0817704426106527,0.1843568359868588,183.5
2006-10-04,40,10,2006,96.0,186.53,-0.992708874098054,0.1205366802553232,175.3,187.46,167.97,152.29,149.37,123.11,119.05,176.005,166.565,158.1676923076923,141.94615384615383,8.239063458103407,11.640865210848402,14.279821517236021,20.15310796416744,-12.159999999999997,15.820000000000022,-0.06486717166328815,0.099197391522448,186.84
2006-10-11,41,10,2006,95.0,171.24,-0.9709418174260521,0.23931566428755738,183.5,175.3,173.29,158.45,143.09,121.08,123.81,179.8875,170.46625,160.7930769230769,144.26884615384617,6.707336157769506,11.400681605563165,15.603636533735918,21.340429297823164,8.199999999999989,15.530000000000001,0.04677695379349678,0.09245698636661315,184.4
2006-10-18,42,10,2006,94.0,169.41,-0.9350162426854148,0.35460488704253557,186.84,183.5,187.46,158.28,142.95,120.36,120.63,183.275,174.01500000000001,164.15846153846152,146.79807692307693,5.593886543956361,11.543638940992464,16.174798734530835,22.354960437313483,3.3400000000000034,13.550000000000011,0.018201634877384132,0.07819262507934677,175.63
2006-10-25,43,10,2006,95.0,137.61,-0.8854560256532101,0.464723172043768,184.4,186.84,175.3,159.48,145.46,118.78,115.71,182.51000000000002,177.28,167.3469230769231,149.26115384615383,5.009497646137376,10.055314160041958,15.724844135219284,22.848022816326793,-2.4399999999999977,-3.0600000000000023,-0.013059302076643076,-0.01632348234289982,179.67
2006-11-01,44,10,2006,95.0,161.46,-0.822983865893657,0.5680647467311548,175.63,184.4,183.5,167.97,142.79,117.77,117.1,182.5925,179.29875,169.6676923076923,151.4476923076923,4.851401000397303,7.181773432993721,14.395609952254675,22.53238936423618,-8.77000000000001,0.3299999999999841,-0.047559652928416574,0.0018824871648601693,198.7
2006-11-08,45,11,2006,95.0,140.36,-0.7485107481711011,0.6631226582407952,179.67,175.63,186.84,173.29,152.29,120.27,114.48,181.635,180.76125,172.5046153846154,153.82846153846154,4.988603679052469,5.551461680108351,12.109958447070014,22.09765267032829,4.039999999999992,-3.8300000000000125,0.023002903831919275,-0.020871934604904663,194.5
2006-11-15,46,11,2006,96.0,136.08,-0.6631226582407955,0.7485107481711007,198.7,179.67,184.4,187.46,158.45,120.96,113.03,184.6,183.9375,176.0746153846154,156.845,10.060082835973875,7.568749188981704,12.488984890284852,22.678936350719933,19.03,11.859999999999985,0.10591640229309296,0.06347677156925702,193.38
2006-11-22,47,11,2006,96.0,141.89,-0.5680647467311559,0.8229838658936564,194.5,198.7,175.63,175.3,158.28,120.87,106.52,187.125,184.8175,178.8476923076923,159.67346153846154,11.196477124524032,8.400382219195047,12.249473562734162,22.610187605114376,-4.199999999999989,10.099999999999994,-0.021137393054856513,0.05477223427331879,195.11
2006-11-29,48,11,2006,97.0,136.08,-0.4647231720437684,0.88545602565321,193.38,194.5,179.67,183.5,159.48,122.84,111.92,191.5625,187.07750000000001,181.5476923076923,162.46230769230772,8.252427420663805,7.890661297653225,11.157894181436024,22.098613043843837,-1.1200000000000045,17.75,-0.005758354755784123,0.10106473837043795,197.71
2006-12-06,49,12,2006,99.0,115.28,-0.35460488704253595,0.9350162426854147,195.11,193.38,198.7,186.84,167.97,130.21,119.78,195.4225,188.52875,184.28846153846155,165.2419230769231,2.2994546454882947,8.200272534669436,9.544993317751429,21.451134425802593,1.7300000000000182,15.440000000000026,0.008946116454648934,0.0859353258752158,188.76
2006-12-13,50,12,2006,99.0,116.81,-0.2393156642875578,0.970941817426052,197.71,195.11,194.5,184.4,173.29,138.1,126.43,195.175,189.8875,186.57615384615383,167.83807692307693,1.8355834676357599,8.761809581522181,8.846337790730965,21.12390040105883,2.5999999999999943,-0.9899999999999807,0.013325816206242624,-0.004982385505787557,186.29
2006-12-20,51,12,2006,98.0,87.15,-0.12053668025532363,0.992708874098054,188.76,197.71,193.38,175.63,187.46,136.21,120.62,193.74,190.4325,187.76615384615386,169.7865384615385,3.7668643015985577,8.503508099601996,7.900054365280136,20.6011104443054,-8.950000000000017,-5.740000000000009,-0.04526832229022315,-0.029511568123393395,187.21
2007-01-03,53,12,2006,97.0,81.95,0.12053668025532314,0.992708874098054,187.21,186.29,197.71,198.7,183.5,149.37,123.57,189.9925,192.7075,188.59230769230768,173.38,5.244987289465728,4.741337213426741,6.994325263916376,19.027116018987428,0.9200000000000159,-7.900000000000006,0.004938536690106909,-0.040489980011275684,187.48
2007-07-11,27,7,2007,108.0,108.86,-0.12053668025532283,-0.992708874098054,242.28,194.77,190.02,218.53,191.21,187.48,143.09,203.08499999999998,205.16500000000002,203.8176923076923,193.98961538461538,26.416255727613372,18.52858872121665,14.972989655736646,15.297828729795757,47.50999999999999,45.129999999999995,0.24392873645838686,0.22891199594217593,285.04
2007-07-18,28,7,2007,109.0,134.24,-0.23931566428755743,-0.9709418174260521,256.53,242.28,185.27,211.4,197.15,194.77,142.95,219.71249999999998,209.91500000000002,208.8423076923077,196.64538461538464,34.99159172810901,25.863377859160448,20.375047302132344,19.5306250244626,14.249999999999972,66.50999999999996,0.05881624566617116,0.3500157878118091,285.04
2007-07-25,29,7,2007,109.0,140.05,-0.3546048870425356,-0.9350162426854148,285.04,256.53,194.77,201.9,201.9,180.52,145.46,244.655,219.12,215.60307692307694,200.1173076923077,37.70993547241013,37.121623271157084,28.949503272830412,26.101964149495537,28.510000000000048,99.77000000000001,0.11113709897477908,0.5385113617962973,280.29
2007-08-01,30,7,2007,109.0,120.79,-0.46472317204376806,-0.8854560256532101,285.04,285.04,242.28,197.15,206.65,175.77,142.79,267.2225,229.5125,221.99846153846153,204.13730769230773,21.380555613298224,42.813532490156796,34.34977507111113,30.62055003525494,0.0,90.27000000000001,0.0,0.46346973353185805,275.53
2007-08-08,31,8,2007,109.0,136.38,-0.5680647467311556,-0.8229838658936566,280.29,285.04,256.53,190.02,211.4,171.02,152.29,276.725,239.90500000000003,227.66307692307691,208.1573076923077,13.648268510449924,43.912218605499085,37.53228663089449,33.475250625821346,-4.75,38.01000000000002,-0.016664327813640245,0.15688459633481933,268.41
2007-08-15,32,8,2007,107.0,162.38,-0.663122658240795,-0.7485107481711013,275.53,280.29,285.04,185.27,218.53,175.77,158.45,281.475,250.59375,232.59615384615384,212.1769230769231,4.552131368931006,40.29287953313122,39.385347220013905,35.073990450957545,-4.760000000000048,19.0,-0.016982411074244697,0.07406541145285161,289.79
2007-08-22,33,8,2007,108.0,176.75,-0.7485107481711011,-0.6631226582407952,268.41,275.53,285.04,194.77,211.4,179.33,158.28,277.3175,260.98625000000004,236.43307692307692,215.73999999999998,7.094868450742309,30.59133160950752,40.31940814393182,35.92282371974698,-7.119999999999948,-16.629999999999995,-0.025841106231626165,-0.05834268874543924,280.29
2007-08-29,34,8,2007,108.0,213.44,-0.8229838658936564,-0.5680647467311559,289.79,268.41,280.29,242.28,201.9,181.71,159.48,278.505,272.86375,242.46307692307693,219.98846153846154,8.968409372161373,16.332575632327934,42.086687005239035,37.92079162594682,21.379999999999995,4.75,0.07965426027346223,0.016664327813640245,280.76
2007-09-05,35,9,2007,109.0,247.69,-0.8854560256532096,-0.4647231720437691,280.29,289.79,275.53,256.53,197.15,185.27,167.97,278.505,277.615,248.4930769230769,223.78,8.968409372161373,10.733522920537895,41.400776841467085,38.85713628151228,-9.5,0.0,-0.03278235963973908,0.0,323.04
2007-09-12,36,9,2007,110.0,210.39,-0.9350162426854147,-0.3546048870425359,280.76,280.29,268.41,285.04,190.02,190.02,173.29,279.8125,280.64375,254.92461538461538,227.45269230769233,8.769136692590585,6.528911389241643,39.19565635275307,39.57773157296357,0.46999999999997044,5.230000000000018,0.0016768347069104905,0.0189815990999167,311.16
2007-09-19,37,9,2007,112.0,228.12,-0.970941817426052,-0.23931566428755774,323.04,280.76,289.79,285.04,185.27,190.02,187.46,293.47,285.39375,265.1569230769231,232.56884615384615,20.19227410009429,16.457745842437948,38.1898641405931,42.995393737183115,42.28000000000003,54.629999999999995,0.1505912523151447,0.20353191013747618,318.29
2007-09-26,38,9,2007,114.0,199.68,-0.992708874098054,-0.12053668025532357,311.16,323.04,280.29,280.29,194.77,191.21,175.3,298.8125,288.65875,274.84076923076924,237.22807692307694,21.667243133356976,18.801574734580022,31.644973129377284,44.72889133606898,-11.879999999999995,21.370000000000005,-0.03677563150074292,0.0737430553159184,313.54
2007-10-03,39,9,2007,115.0,205.19,-1.0,-1.8369701987210297e-16,318.29,311.16,280.76,275.53,242.28,191.21,183.5,308.3125,293.40875000000005,284.34230769230766,242.11576923076925,19.006124232292535,21.050855047106356,22.948728052569834,46.410812117271085,7.1299999999999955,38.0,0.022914256331147964,0.13557386992043963,325.42
2007-10-10,40,10,2007,115.0,195.71,-0.992708874098054,0.1205366802553232,313.54,318.29,323.04,268.41,256.53,191.21,186.84,316.50750000000005,298.16,289.8238461538462,246.82076923076923,5.267911509001405,20.726077431928175,20.43767458170643,47.23708195247287,-4.75,32.78000000000003,-0.01492349743944199,0.11675452343638715,427.55
2007-10-17,41,10,2007,115.0,160.85,-0.9709418174260521,0.23931566428755738,325.42,313.54,311.16,289.79,285.04,197.15,184.4,317.1025,305.28625,295.12307692307695,251.9826923076923,6.287439197850705,18.74173946607629,20.012338854074322,48.239422679604715,11.879999999999995,2.3799999999999955,0.03788990240479673,0.00736750866765723,427.55
2007-10-24,42,10,2007,117.0,162.99,-0.9350162426854148,0.35460488704253557,427.55,325.42,318.29,280.29,285.04,201.9,175.63,346.2,322.50625,306.0853846153846,260.84423076923076,54.452654052243716,45.973335730772035,41.511953622899746,57.948806522521586,102.13,116.38999999999999,0.31384057525659137,0.3740519346959763,437.05
2007-10-31,43,10,2007,119.0,139.44,-0.8854560256532101,0.464723172043768,427.55,427.55,313.54,280.76,280.29,206.65,179.67,373.515,340.91375000000005,317.0476923076923,269.5230769230769,62.582457872261074,55.20885331111818,52.77895226853351,65.21031021359944,0.0,109.25999999999999,0.0,0.34327185899651247,441.81
2007-11-07,44,11,2007,125.0,127.82,-0.822983865893657,0.5680647467311548,437.05,427.55,325.42,323.04,275.53,211.4,198.7,404.39250000000004,360.45,329.10615384615386,278.38461538461536,52.8384571910775,58.43984306227087,60.95528081285816,71.66035491013271,9.5,123.50999999999999,0.022219623435855373,0.39392103080946606,437.05
2007-11-14,45,11,2007,129.0,133.94,-0.7485107481711011,0.6631226582407952,441.81,437.05,427.55,311.16,268.41,218.53,194.5,433.49,375.29625,341.8969230769231,287.2465384615385,7.128889581601199,62.52217799366413,66.01228337521958,77.0867572514144,4.759999999999991,116.38999999999999,0.010891202379590403,0.357660869030791,427.55
2007-11-21,46,11,2007,129.0,124.15,-0.6631226582407955,0.7485107481711007,437.05,441.81,427.55,318.29,289.79,211.4,193.38,435.865,391.0325,354.8692307692308,295.6511538461539,5.980264765598768,59.8595854002156,66.93130115543109,81.10283385070717,-4.759999999999991,9.5,-0.010773862067404494,0.022219623435855373,389.55
2007-11-28,47,11,2007,130.0,118.34,-0.5680647467311559,0.8229838658936564,427.55,437.05,437.05,313.54,280.29,201.9,195.11,435.865,404.69000000000005,365.4661538461539,303.9646153846154,5.980264765598768,52.95824204030936,66.67392338069205,83.17303299655593,-9.5,0.0,-0.021736643404644762,0.0,389.55
2007-12-05,48,12,2007,129.0,118.34,-0.4647231720437684,0.88545602565321,389.55,427.55,441.81,325.42,280.76,197.15,197.71,423.99,414.19124999999997,373.87076923076927,311.1819230769231,23.712888197490035,39.33507138764867,61.74659969876082,82.0968160171506,-38.0,-47.5,-0.08887849374342183,-0.10868321702322392,389.55
2007-12-12,49,12,2007,125.0,122.32,-0.35460488704253595,0.9350162426854147,389.55,389.55,437.05,427.55,323.04,190.02,188.76,410.925,422.2075,382.2392307692308,318.5819230769231,24.984578576927454,20.851547219056876,55.088965087020924,80.05290650659647,0.0,-52.25999999999999,0.0,-0.11828614110137836,370.55
2007-12-19,50,12,2007,125.0,115.28,-0.2393156642875578,0.970941817426052,389.55,389.55,427.55,427.55,311.16,185.27,186.29,399.05,417.45750000000004,387.3553846153846,326.25615384615384,18.999999999999893,23.606836630821032,52.14255453647989,76.73037380734839,0.0,-47.5,0.0,-0.10868321702322392,370.55
2007-12-26,51,12,2007,125.0,112.23,-0.12053668025532363,0.992708874098054,370.55,389.55,389.55,437.05,318.29,194.77,187.21,384.80000000000007,410.3325,391.92384615384617,333.38230769230773,9.5,28.267369249466846,47.28593457862915,71.5411132319142,-19.0,-57.0,-0.04877422667180076,-0.13331774061513268,370.55
2008-01-09,1,1,2008,127.0,107.33,0.12053668025532305,0.992708874098054,370.55,370.55,389.55,437.05,325.42,256.53,187.48,375.3,393.11250000000007,400.32923076923083,345.07653846153846,9.5,25.861495785930625,35.66133631388967,63.13398881377995,0.0,-19.0,0.0,-0.04877422667180076,323.04
2008-08-06,31,8,2008,170.0,148.31,-0.5680647467311556,-0.8229838658936566,313.54,342.04,361.05,380.05,323.04,242.28,275.53,344.42,362.82875,355.1992307692308,327.79192307692307,22.452561843436577,25.130604811947453,24.00293574459174,36.994240526788396,-28.5,-76.00999999999999,-0.08332358788445793,-0.1951225773328199,275.53
2008-08-13,32,8,2008,164.0,140.66,-0.663122658240795,-0.7485107481711013,308.79,313.54,361.05,370.55,332.54,256.53,268.41,331.355,353.92125,354.1030769230769,330.35,24.64762125101208,30.260057802560098,25.848390467176383,32.919898055735636,-4.75,-52.25999999999999,-0.015149582190470134,-0.1447444952222684,294.54
2008-08-20,33,8,2008,159.0,157.48,-0.7485107481711011,-0.6631226582407952,275.53,308.79,342.04,384.8,342.04,299.29,289.79,309.975,342.04375,349.7176923076923,331.08076923076925,27.256410255204294,39.91020347068434,33.51171788938104,31.391048140905426,-33.26000000000005,-85.52000000000004,-0.10771074192817143,-0.23686470018003059,285.04
2008-08-27,34,8,2008,156.0,173.08,-0.8229838658936564,-0.5680647467311559,294.54,275.53,313.54,389.55,346.79,294.54,280.29,298.1,330.76125,346.06384615384616,330.8980769230769,17.075793783403903,38.84018774321991,36.84256585763787,31.596616656754133,19.010000000000048,-47.5,0.06899430189090139,-0.13887264647409658,261.28
2008-09-03,35,8,2008,156.0,181.95,-0.8854560256532096,-0.4647231720437691,285.04,294.54,308.79,361.05,370.55,318.29,280.76,290.975,317.6975,341.3138461538462,330.53269230769234,14.187502716592983,33.44279625612329,40.53657392579015,32.08503508587088,-9.5,-28.5,-0.032253683710192216,-0.0908974931428207,251.78
2008-09-10,36,9,2008,153.0,186.23,-0.9350162426854147,-0.3546048870425359,261.28,285.04,275.53,361.05,380.05,327.79,323.04,279.0975,305.22625000000005,332.90846153846155,328.34000000000003,14.188897948748393,33.56908183667152,45.046987847164516,34.78924167037889,-23.760000000000048,-47.51000000000005,-0.08335672186359822,-0.15385860941092666,237.53
2008-09-17,37,9,2008,151.81132,187.14,-0.970941817426052,-0.23931566428755774,251.78,261.28,294.54,342.04,370.55,318.29,311.16,273.16,291.5675,323.04153846153844,325.41653846153855,19.970625094539745,29.606711956195923,47.823151444698695,37.89258618171224,-9.499999999999972,-23.74999999999997,-0.03635946111451305,-0.08619751025296696,285.04
2008-09-24,38,9,2008,149.0,182.25,-0.992708874098054,-0.12053668025532357,237.53,251.78,285.04,313.54,384.8,313.54,318.29,258.9075,278.50375,312.8092307692308,322.3103846153846,19.969435603775118,27.10610734423443,50.94009021414924,41.626244267843596,-14.25,-57.01000000000002,-0.0565970291524347,-0.19355605350716376,204.28
2008-10-01,39,9,2008,149.0,191.12,-1.0,-1.8369701987210297e-16,285.04,237.53,261.28,308.79,389.55,304.04,313.54,258.9075,274.94125,305.1353846153846,321.21423076923077,19.969435603775118,23.472901967710182,46.51310740271425,42.23720011298859,47.51000000000002,0.0,0.20001683997810815,0.0,166.27
2008-10-08,40,10,2008,146.0,229.34,-0.992708874098054,0.1205366802553232,204.28,285.04,251.78,275.53,361.05,294.54,325.42,244.65750000000003,261.8775,290.88384615384615,317.3773076923077,33.47944680446971,30.092290778299642,46.875036629045724,47.998089758464005,-80.76000000000002,-56.99999999999997,-0.2833286556272804,-0.21815676668707895,142.52
2008-10-15,41,10,2008,138.0,201.82,-0.9709418174260521,0.23931566428755738,166.27,204.28,237.53,294.54,361.05,299.29,427.55,223.28000000000003,248.22,275.90076923076924,312.44384615384615,50.42651485082007,44.402391505735366,53.27143269169375,56.3114468702005,-38.00999999999999,-85.50999999999999,-0.18606814176620323,-0.3396218921280483,90.26
2008-10-22,42,10,2008,131.0,174.61,-0.9350162426854148,0.35460488704253557,142.52,166.27,285.04,285.04,342.04,308.79,427.55,199.52750000000003,229.2175,259.09076923076924,306.4142307692308,62.42566319231194,53.370931293569285,58.39570139167482,65.4309722485051,-23.75,-95.00999999999999,-0.14283995910266434,-0.3999915800109459,80.76
2008-10-29,43,10,2008,124.0,212.22,-0.8854560256532101,0.464723172043768,90.26,142.52,204.28,261.28,313.54,327.79,437.05,150.83250000000004,204.87,239.72307692307692,298.0092307692308,47.7251753096129,66.9646211496364,69.32264629789891,77.95141199096169,-52.260000000000005,-194.78000000000003,-0.3666853774908785,-0.6833426887454392,80.76
2008-11-05,44,11,2008,117.0,321.08,-0.822983865893657,0.5680647467311548,80.76,90.26,166.27,251.78,308.79,323.04,441.81,119.95250000000001,182.305,221.8169230769231,288.50807692307694,41.11893106181879,75.15469151784811,78.16631770191638,88.5152709545301,-9.5,-123.52,-0.10525149567914915,-0.6046602702173487,90.26
2008-11-12,45,11,2008,111.0,168.19,-0.7485107481711011,0.6631226582407952,80.76,80.76,142.52,237.53,275.53,332.54,437.05,98.57500000000002,160.9275,204.27615384615385,279.1896153846154,29.636974092057113,76.87301676884367,82.48868432886836,97.07377868325817,0.0,-85.51,0.0,-0.5142839959102664,90.26
2008-11-19,46,11,2008,106.0,146.47,-0.6631226582407955,0.7485107481711007,90.26,80.76,90.26,285.04,294.54,342.04,427.55,85.51000000000002,142.51874999999998,190.0246153846154,269.87115384615385,5.484827557294647,73.4663391215912,85.11501371824131,103.18399524449235,9.5,-52.260000000000005,0.11763249133234277,-0.3666853774908785,80.76
2008-11-26,47,11,2008,101.0,120.79,-0.5680647467311559,0.8229838658936564,90.26,90.26,80.76,204.28,285.04,346.79,389.55,85.51000000000002,118.17125,174.31076923076924,260.18730769230774,5.484827557294647,46.99146592353698,83.0432994950564,107.84934813183422,0.0,0.0,0.0,0.0,68.88
2008-12-03,48,11,2008,99.0,122.32,-0.4647231720437684,0.88545602565321,80.76,90.26,80.76,166.27,261.28,370.55,389.55,85.51000000000002,102.73125,158.5969230769231,249.95538461538462,5.484827557294647,32.80923451778391,79.60058337146101,111.8497530164738,-9.5,0.0,-0.10525149567914915,0.0,66.51
2008-12-10,49,12,2008,95.0,152.9,-0.35460488704253595,0.9350162426854147,68.88,80.76,90.26,142.52,251.78,380.05,389.55,82.54000000000002,90.5575,143.7969230769231,238.3526923076923,10.148247796208842,22.226926880959503,76.75329877651457,114.45597069817535,-11.88000000000001,-11.88000000000001,-0.1471025260029719,-0.1471025260029719,61.76
2008-12-17,50,12,2008,91.0,143.72,-0.2393156642875578,0.970941817426052,66.51,68.88,90.26,90.26,237.53,370.55,370.55,76.60250000000002,81.05625,129.54538461538462,226.29346153846154,11.03490937887221,9.367457251423046,72.09101164678158,115.4426200999375,-2.3699999999999903,-23.75,-0.03440766550522634,-0.26312873919787283,61.76
2008-12-24,51,12,2008,89.0,158.71,-0.12053668025532363,0.992708874098054,61.76,66.51,80.76,80.76,285.04,384.8,370.55,69.47750000000002,77.49375,116.02461538461537,214.41692307692307,8.083268212791097,10.692786537131852,66.40971510446641,115.89114170700829,-4.750000000000007,-28.500000000000007,-0.07141783190497675,-0.31575448703744746,61.76
2008-12-31,52,12,2008,88.0,134.85,6.432490598706546e-16,1.0,61.76,61.76,68.88,80.76,204.28,389.55,370.55,64.72750000000002,75.11875,98.84923076923077,201.9923076923077,3.5605559022785167,11.905024674485043,44.221536506838184,114.19790079708808,0.0,-19.000000000000007,0.0,-0.23526498266468554,61.76
2009-01-07,1,1,2009,86.0,113.45,0.12053668025532305,0.992708874098054,61.76,61.76,66.51,90.26,166.27,361.05,332.54,62.94750000000001,72.74374999999999,87.88615384615385,189.38499999999996,2.3749999999823905,12.499227333266248,31.838181621668316,110.7038710163291,0.0,-7.119999999999997,0.0,-0.10336817653890817,64.13
2009-01-14,2,1,2009,87.0,168.19,0.23931566428755774,0.970941817426052,61.76,61.76,61.76,90.26,142.52,361.05,323.04,61.76,69.18124999999999,79.84692307692308,177.87384615384616,0.0,10.729846806926,22.102802003597507,107.65830606421139,0.0,-4.750000000000007,0.0,-0.07141783190497675,64.13
2009-02-04,5,2,2009,85.0,139.44,0.5680647467311558,0.8229838658936564,68.88,64.13,61.76,66.51,80.76,308.79,242.28,64.72500000000001,63.83625,70.89307692307692,146.35500000000002,2.986821052557386,2.67272433244527,10.790871438870544,94.39789007175969,4.75,7.119999999999997,0.07406829876812715,0.11528497409326421,97.39
2009-02-11,6,2,2009,84.0,108.86,0.6631226582407952,0.7485107481711011,87.89,68.88,64.13,61.76,90.26,275.53,256.53,71.25750000000002,66.50874999999999,71.44153846153846,137.85884615384614,11.312162702153826,8.978546553556807,11.492546748619581,88.97870933327484,19.010000000000005,26.130000000000003,0.27598722415795596,0.42308937823834203,95.01
2009-02-18,7,2,2009,82.0,94.8,0.7485107481711011,0.6631226582407953,97.39,87.89,64.13,61.76,90.26,294.54,299.29,79.57250000000002,70.9625,71.99,131.0073076923077,15.699729031631946,13.81879646403351,12.583789837193027,84.70988506934457,9.5,33.260000000000005,0.10808965752645361,0.5186340246374552,90.26
2009-02-25,8,2,2009,80.0,93.27,0.8229838658936564,0.5680647467311559,95.01,97.39,68.88,61.76,80.76,285.04,294.54,87.29250000000002,75.11875,72.35538461538462,123.33307692307693,12.921512746836848,15.54769108949568,13.211778592972239,78.08091729836345,-2.3799999999999955,30.88000000000001,-0.024437827292329795,0.4815219086231095,92.64
2009-03-04,9,3,2009,79.0,86.23,0.8854560256532099,0.4647231720437686,90.26,95.01,87.89,61.76,68.88,261.28,318.29,92.63750000000002,78.68125,73.08615384615385,115.84153846153846,4.336137874499288,15.312855885080323,13.957102456252697,70.96512910957387,-4.75,21.38000000000001,-0.04999473739606353,0.3103948896631825,109.26
2009-03-11,10,3,2009,77.0,81.65,0.9350162426854148,0.35460488704253557,92.64,90.26,97.39,64.13,66.51,251.78,327.79,93.82500000000002,82.54125,74.91384615384615,109.35538461538461,3.0674038968918396,14.296383596163965,14.885237954911416,64.55799843432399,2.3799999999999955,4.75,0.026368269443828973,0.05404482876322669,118.76
2009-03-18,11,3,2009,76.0,81.03,0.970941817426052,0.23931566428755804,109.26,92.64,95.01,64.13,61.76,237.53,318.29,96.79250000000002,88.1825,78.2023076923077,103.87384615384616,8.534882834579552,14.885438474278175,17.386047161370897,57.66364130555241,16.620000000000005,11.870000000000005,0.17940414507772018,0.12188109662182978,95.01
2009-03-25,12,3,2009,79.0,82.87,0.992708874098054,0.120536680255323,118.76,109.26,90.26,68.88,61.76,285.04,313.54,102.73000000000002,95.01125,82.58692307692309,99.30576923076924,13.624864525320397,14.805597819264305,19.899642955178052,50.967624168531145,9.5,23.75,0.08694856306058951,0.24997368698031774,95.01
2009-04-01,13,3,2009,84.0,76.14,1.0,-1.6081226496766366e-16,95.01,118.76,92.64,87.89,61.76,204.28,304.04,103.91750000000002,98.2775,85.14461538461539,91.99692307692308,12.320276985522728,10.462523254800018,19.12127594042097,34.102678460113225,-23.75,4.75,-0.1999831593129,0.05262574783957463,80.76
2009-04-08,14,4,2009,84.0,77.37,0.992708874098054,-0.12053668025532288,95.01,95.01,109.26,97.39,61.76,166.27,294.54,104.51000000000002,99.16749999999999,87.7023076923077,87.79423076923078,11.635076278220136,9.729853544637141,17.91861376420475,25.311798067001085,0.0,2.3700000000000045,0.0,0.025582901554404236,85.51
2009-04-15,15,4,2009,84.0,80.42,0.9709418174260521,-0.2393156642875575,80.76,95.01,118.76,95.01,64.13,142.52,299.29,97.38500000000002,97.08875,89.16384615384617,84.50538461538461,15.75396775418817,11.733939099288143,16.330808582992386,19.62343787021474,-14.25,-28.5,-0.1499842121881907,-0.2608456891817682,109.26
2009-04-22,16,4,2009,84.0,79.2,0.9350162426854148,-0.35460488704253545,85.51,80.76,95.01,90.26,64.13,90.26,308.79,89.07250000000002,95.90125,90.80846153846154,82.31269230769232,7.125000000000027,12.4341826516412,14.582635133468731,15.668172977777676,4.75,-33.25,0.058816245666171385,-0.2799764230380599,116.39
2009-04-29,17,4,2009,83.0,76.14,0.8854560256532099,-0.4647231720437685,109.26,85.51,95.01,92.64,68.88,80.76,327.79,92.63500000000002,98.27625,94.28,83.04346153846154,12.567318727556826,13.00422891381667,12.98681190028227,16.475926909842908,23.75,14.25,0.27774529294819317,0.1499842121881907,99.76
2009-05-06,18,5,2009,82.0,76.14,0.8229838658936565,-0.5680647467311557,116.39,109.26,80.76,109.26,87.89,80.76,323.04,97.98000000000002,101.245,97.9346153846154,84.41384615384617,17.494721108570648,14.190553195703371,11.881178122969295,17.71367247680189,7.1299999999999955,21.379999999999995,0.06525718469705288,0.22502894432165021,111.64
2009-05-13,19,5,2009,84.0,83.48,0.7485107481711013,-0.663122658240795,99.76,116.39,85.51,118.76,97.39,90.26,332.54,102.73000000000002,100.0575,98.84769230769233,85.14461538461539,13.34897998600146,13.816586047214688,11.494738763049384,17.94728285413082,-16.629999999999995,19.0,-0.14288169086691294,0.23526498266468554,125.89
2009-05-20,20,5,2009,84.0,83.18,0.6631226582407952,-0.7485107481711012,111.64,99.76,109.26,95.01,95.01,90.26,342.04,109.26250000000002,99.1675,99.94384615384615,85.96692307692307,6.994075469042908,12.616997322210201,12.011960385701967,18.66642049654594,11.879999999999995,26.129999999999995,0.11908580593424212,0.30557829493626465,125.89
2009-05-27,21,5,2009,86.0,82.87,0.5680647467311558,-0.8229838658936564,125.89,111.64,116.39,95.01,90.26,80.76,346.79,113.42000000000002,103.0275,102.31923076923077,87.3373076923077,10.864096833147302,15.546845109449999,13.865287869073947,20.23608273509383,14.25,16.629999999999995,0.12764242207094223,0.15220574775764217,147.27
2009-06-03,22,5,2009,89.0,80.73,0.46472317204376906,-0.8854560256532096,125.89,125.89,99.76,80.76,92.64,68.88,370.55,115.79500000000002,106.88750000000002,105.06,89.07307692307693,12.625414844669514,17.03419900419068,14.774575572019499,21.542692453680672,0.0,9.5,0.0,0.08162213248560879,161.52
2009-06-10,23,6,2009,94.0,81.95,0.35460488704253584,-0.9350162426854147,147.27,125.89,111.64,85.51,109.26,66.51,380.05,127.67250000000001,115.20125,109.26230769230769,92.08807692307693,14.690787078982593,18.6175803533748,18.296886417204576,23.954094100046245,21.38000000000001,47.510000000000005,0.1698308046707444,0.47624298315958313,166.27
2009-06-17,24,6,2009,97.0,88.68,0.23931566428755768,-0.970941817426052,161.52,147.27,125.89,109.26,118.76,61.76,370.55,140.1425,124.7025,113.2823076923077,95.7423076923077,17.455336099122693,20.591143553897652,23.34183267363739,26.95502258321374,14.25,49.88000000000001,0.09676105113057654,0.44679326406305986,166.27
2009-06-24,25,6,2009,99.0,84.4,0.12053668025532308,-0.992708874098054,166.27,161.52,125.89,116.39,95.01,61.76,384.8,150.2375,131.82875,116.93692307692308,99.76192307692307,18.12863917488945,24.056733798907604,27.601560156572802,29.369098865199636,4.75,40.38000000000001,0.02940812283308558,0.32075621574390345,147.27
2009-07-01,26,6,2009,98.0,80.42,-3.216245299353273e-16,-1.0,166.27,166.27,147.27,99.76,95.01,61.76,389.55,160.33250000000004,138.06375,122.41846153846154,103.78153846153847,8.991604880850641,25.878639806109565,29.867068778771756,31.06296015415282,0.0,40.38000000000001,0.0,0.32075621574390345,156.77
2009-07-08,27,7,2009,98.0,76.14,-0.12053668025532283,-0.992708874098054,147.27,166.27,161.52,111.64,80.76,61.76,361.05,160.33250000000004,144.0025,126.43846153846154,107.07038461538461,8.991604880850641,20.782395537708947,29.38365697859753,30.962490013662954,-19.0,0.0,-0.11427196728213151,0.0,147.27
2009-07-15,28,7,2009,96.0,82.56,-0.23931566428755743,-0.9709418174260521,156.77,147.27,166.27,125.89,85.51,64.13,361.05,159.14500000000004,149.64375,132.28538461538463,110.72461538461539,9.095557523685413,16.40750606756588,27.002850656731233,31.007564913197843,9.5,-4.75,0.06450736742038443,-0.029408122833085693,147.27
2009-07-22,29,7,2009,94.0,91.13,-0.3546048870425356,-0.9350162426854148,147.27,156.77,166.27,125.89,109.26,64.13,342.04,154.39500000000004,152.31625000000003,137.03615384615384,113.9223076923077,9.095557523685397,13.462645608712332,23.26127308727992,30.28886122754638,-9.5,-19.0,-0.06059832876188043,-0.11427196728213151,156.77
2009-07-29,30,7,2009,95.0,88.07,-0.46472317204376806,-0.8854560256532101,147.27,147.27,147.27,147.27,116.39,68.88,313.54,149.64500000000004,154.98875,139.96,117.11999999999999,4.750000000000315,8.772356642971975,21.823388447565183,29.190626166631368,0.0,-19.0,0.0,-0.11427196728213151,156.77
2009-08-05,31,8,2009,96.0,84.4,-0.5680647467311556,-0.8229838658936566,156.77,147.27,156.77,161.52,99.76,87.89,308.79,152.02000000000004,156.17625,143.06615384615387,120.5003846153846,5.484827557301735,8.202718952539525,21.049006523848437,28.460667101214923,9.5,9.5,0.06450736742038443,0.06450736742038443,142.52
2009-08-12,32,8,2009,99.0,85.62,-0.663122658240795,-0.7485107481711013,156.77,156.77,147.27,166.27,111.64,97.39,275.53,152.02000000000004,155.5825,147.45153846153846,123.1496153846154,5.484827557301735,7.927968123768805,16.78066786819145,28.509512865816866,0.0,0.0,0.0,0.0,137.77
2009-08-19,33,8,2009,100.0,98.47,-0.7485107481711011,-0.6631226582407952,142.52,156.77,147.27,166.27,125.89,95.01,294.54,150.83250000000004,152.61375,149.8269230769231,124.88538461538464,7.125000000000216,7.799882668535735,13.062642908063388,28.25110747999408,-14.25,-4.75,-0.0908974931428207,-0.032253683710192216,133.02
2009-08-26,34,8,2009,101.0,103.97,-0.8229838658936564,-0.5680647467311559,137.77,142.52,156.77,147.27,125.89,90.26,285.04,148.45750000000004,149.05125,150.74076923076925,126.53,9.792375860842093,7.153217932216444,11.5798974243714,27.681241157145095,-4.75,-9.5,-0.03332865562728038,-0.06450736742038432,118.76
2009-09-02,35,8,2009,101.0,108.56,-0.8854560256532096,-0.4647231720437691,133.02,137.77,156.77,156.77,147.27,92.64,261.28,142.52000000000004,147.27,151.28923076923078,128.1746153846154,10.261172772479233,9.15442906076839,10.415063979270444,26.69274151986223,-4.75,-23.75,-0.034477752776366444,-0.15149582190470112,137.77
2009-09-09,36,9,2009,100.0,102.75,-0.9350162426854147,-0.3546048870425359,118.76,133.02,142.52,147.27,161.52,109.26,251.78,133.01750000000004,142.51875,149.09615384615387,129.17923076923077,10.265802046925927,12.697581814213406,13.787538781124589,25.777701049252595,-14.260000000000005,-38.010000000000005,-0.10720192452262822,-0.24245710276200805,142.52
2009-09-16,37,9,2009,99.0,102.44,-0.970941817426052,-0.23931566428755774,137.77,118.76,137.77,147.27,166.27,118.76,237.53,131.83000000000004,141.33125,147.26923076923077,130.27576923076924,8.996447447001982,12.633826970820976,13.576005464014923,25.501380381944784,19.010000000000005,-4.75,0.16007073088582024,-0.03332865562728038,149.64
2009-09-23,38,9,2009,99.0,118.95,-0.992708874098054,-0.12053668025532357,142.52,137.77,133.02,156.77,166.27,95.01,285.04,133.01750000000004,140.7375,145.44230769230768,131.18961538461537,10.265802046925927,12.42474000878033,12.34852093291977,25.49792563810195,4.75,4.75,0.034477752776366444,0.034477752776366444,137.77
2009-09-30,39,9,2009,98.0,137.0,-1.0,-1.8369701987210297e-16,149.64,142.52,118.76,156.77,147.27,95.01,204.28,137.1725,139.84625,144.16307692307694,133.29076923076926,13.208727859512763,11.31672584843532,10.771822334695502,24.633531118876114,7.119999999999976,16.619999999999976,0.0499579006455233,0.12494361750112737,140.14
2009-10-07,40,10,2009,97.0,142.81,-0.992708874098054,0.1205366802553232,137.77,149.64,137.77,142.52,156.77,80.76,166.27,141.925,137.47125,143.4323076923077,134.93538461538463,5.609613771612877,9.017843323897315,10.86531956413421,23.370574529655368,-11.869999999999976,19.010000000000005,-0.07932371023790419,0.16007073088582024,152.02
2009-10-14,41,10,2009,98.0,130.57,-0.9709418174260521,0.23931566428755738,140.14,137.77,142.52,137.77,147.27,85.51,142.52,142.5175,137.17375,142.15307692307692,137.2192307692308,5.1290439330024205,8.865460970212405,10.11736822219979,20.602033671087845,2.369999999999976,2.369999999999976,0.017202584016839495,0.017202584016839495,159.14
2009-10-21,42,10,2009,102.0,136.69,-0.9350162426854148,0.35460488704253557,152.02,140.14,149.64,133.02,147.27,109.26,90.26,144.8925,138.955,142.51846153846154,139.7773076923077,6.991811281778308,10.315367177181477,10.399404507112536,17.87308066511087,11.880000000000024,9.5,0.08477237048665631,0.06665731125456076,175.77
2009-10-28,43,10,2009,106.0,138.83,-0.8854560256532101,0.464723172043768,159.14,152.02,137.77,118.76,156.77,116.39,80.76,147.2675,142.22,143.43153846153848,141.69576923076923,10.07548634061912,12.140697791198583,11.330753024514854,17.127860619021764,7.119999999999976,9.5,0.04683594263912627,0.06348569901095957,175.77
2009-11-04,44,11,2009,106.0,133.94,-0.822983865893657,0.5680647467311548,175.77,159.14,140.14,137.77,156.77,99.76,80.76,156.7675,149.34625,144.89307692307693,143.97961538461539,14.896714123143727,13.097105391762137,14.085228305222634,17.571734912813096,16.630000000000024,38.0,0.10449918310921213,0.27582202221093133,187.65
2009-11-11,45,11,2009,106.0,198.77,-0.7485107481711011,0.6631226582407952,175.77,175.77,152.02,142.52,142.52,111.64,90.26,165.675,154.09625,146.35461538461539,146.90307692307692,12.013649181937605,15.044905105813147,16.24109428547634,16.189118016552555,0.0,35.630000000000024,0.0,0.25424575424575435,204.28
2009-11-18,46,11,2009,105.0,130.27,-0.6631226582407955,0.7485107481711007,187.65,175.77,159.14,149.64,137.77,125.89,90.26,174.58250000000004,159.7375,149.82615384615386,149.82653846153846,11.71965123201216,18.21184524266884,19.788910420763813,16.42778547274347,11.879999999999995,35.629999999999995,0.06758832565284179,0.2343770556505722,218.53
2009-11-25,47,11,2009,105.0,123.54,-0.5680647467311559,0.8229838658936564,204.28,187.65,175.77,137.77,133.02,125.89,80.76,185.86750000000004,166.5675,154.94230769230768,152.84153846153848,13.492176436735631,23.392864449291285,24.458820547280933,18.87080193151528,16.629999999999995,45.140000000000015,0.08862243538502534,0.28364961668970734,209.03
2009-12-02,48,11,2009,105.0,122.32,-0.4647231720437684,0.88545602565321,218.53,204.28,175.77,140.14,118.76,147.27,68.88,196.5575,176.6625,161.52,156.4046153846154,18.742922886608092,26.420003109117307,29.12495407721684,22.055551905272573,14.25,42.75999999999999,0.06975719600548258,0.2432724583262218,199.52
2009-12-09,49,12,2009,105.0,119.26,-0.35460488704253595,0.9350162426854147,209.03,218.53,187.65,152.02,137.77,161.52,66.51,204.8725,185.27375,168.46384615384616,158.78,12.919980327642559,23.924431587516633,28.84024518459722,24.24909928224177,-9.5,33.25999999999999,-0.0434722921338031,0.18922455481595257,185.27
2009-12-16,50,12,2009,104.0,110.7,-0.2393156642875578,0.970941817426052,199.52,209.03,204.28,159.14,142.52,166.27,61.76,207.84000000000003,191.21125,173.21384615384616,160.24153846153845,8.115585828104917,20.077569173797354,28.446114127844425,25.532075464765484,-9.509999999999991,11.870000000000005,-0.045495861838013685,0.06325606181721288,178.15
2009-12-23,51,12,2009,103.0,110.09,-0.12053668025532363,0.992708874098054,185.27,199.52,218.53,175.77,149.64,166.27,61.76,203.08750000000003,194.4775,176.5023076923077,160.97230769230768,14.188897948748659,15.780402629302637,27.03829665303322,25.979506432216073,-14.25,-19.00999999999999,-0.0714214113873296,-0.09305854709222627,175.77
2010-01-06,1,1,2010,106.0,116.2,0.12053668025532305,0.992708874098054,175.77,178.15,199.52,187.65,140.14,156.77,61.76,184.6775,194.775,181.61846153846156,162.5253846153846,10.686481725370172,15.39506599995276,22.756014533214938,26.160184744113934,-2.3799999999999955,-33.25999999999999,-0.013359528487229877,-0.15911591637563982,199.52
2010-07-14,28,7,2010,110.0,118.65,-0.23931566428755743,-0.9709418174260521,144.89,156.77,175.77,204.28,199.52,199.52,147.27,159.7375,177.85000000000002,183.9923076923077,186.27653846153848,12.773314304961477,22.33584051314446,19.21456615602062,16.04304059517632,-11.880000000000024,-35.630000000000024,-0.07577980480959379,-0.1973742521604256,147.27
2010-07-21,29,7,2010,109.0,129.96,-0.3546048870425356,-0.9350162426854148,128.27,144.89,161.52,204.28,194.77,190.02,147.27,147.8625,168.34875,178.51153846153846,183.53615384615387,14.816349921623754,25.438075756911037,23.98568352377212,19.420191158055033,-16.619999999999976,-47.5,-0.1147077092967077,-0.27023951755134545,152.02
2010-07-28,30,7,2010,110.0,118.65,-0.46472317204376806,-0.8854560256532101,147.27,128.27,156.77,194.77,185.27,185.27,156.77,144.3,161.2225,174.85769230769236,181.8919230769231,11.855108603467123,21.63549117934446,24.902969419276577,20.62183154217541,19.0,-14.25,0.14812504872534493,-0.08822436849925708,159.14
2010-08-04,31,8,2010,110.0,113.45,-0.5680647467311556,-0.8229838658936566,152.02,147.27,144.89,180.52,190.02,180.52,156.77,143.1125,155.87875,172.3,180.6130769230769,10.329370342216745,16.934610744611014,25.446013767713296,21.41952114669842,4.75,-4.75,0.032253683710192105,-0.03029916438094027,156.77
2010-08-11,32,8,2010,113.0,132.41,-0.663122658240795,-0.7485107481711013,159.14,152.02,128.27,175.77,199.52,175.77,142.52,146.675,153.20625,169.92461538461538,179.79076923076926,13.204081439716534,13.906698219103287,25.092878676158254,21.829705068658857,7.119999999999976,14.25,0.04683594263912627,0.09835047277244802,161.52
2010-08-18,33,8,2010,112.0,133.63,-0.7485107481711011,-0.6631226582407952,156.77,159.14,147.27,161.52,204.28,166.27,137.77,153.8,150.83125,166.63615384615383,179.05999999999997,5.264529102081849,10.771830243082334,23.65094449786334,22.283002670197185,-2.369999999999976,28.5,-0.014892547442503346,0.2221875730880174,171.02
2010-08-25,34,8,2010,112.0,139.44,-0.8229838658936564,-0.5680647467311559,161.52,156.77,152.02,156.77,204.28,175.77,133.02,157.3625,150.83125,163.34692307692305,178.8773076923077,4.055353457673779,10.771830243082334,20.77834304615205,22.411162318397352,4.75,14.25,0.03029916438094027,0.09676105113057654,166.27
2010-09-01,35,8,2010,111.0,154.73,-0.8854560256532096,-0.4647231720437691,171.02,161.52,159.14,144.89,194.77,180.52,118.76,162.1125,152.6125,160.78846153846155,178.69461538461536,6.246937249564781,12.86834626960099,17.027280486596073,22.456819940636493,9.5,19.0,0.058816245666171385,0.12498355479542167,166.27
2010-09-08,36,9,2010,111.0,151.37,-0.9350162426854147,-0.3546048870425359,166.27,171.02,156.77,128.27,180.52,204.28,137.77,163.89500000000004,155.285,158.59615384615384,178.14653846153848,6.132223631495071,13.24986576751664,13.820157101410826,22.58401911836059,-4.75,7.130000000000024,-0.027774529294819272,0.04480331783335445,190.02
2010-09-15,37,9,2010,111.0,145.25,-0.970941817426052,-0.23931566428755774,166.27,166.27,161.52,147.27,175.77,204.28,142.52,166.27000000000004,160.035,157.5,176.6846153846154,3.878358759406689,7.921693541881834,12.431725543945353,22.048559722715886,0.0,9.5,0.0,0.06059832876188054,166.27
2010-09-22,38,9,2010,112.0,166.66,-0.992708874098054,-0.12053668025532357,190.02,166.27,171.02,152.02,161.52,204.28,149.64,173.39500000000004,165.37875,158.59615384615384,176.13615384615383,11.307261678526173,11.63112995063817,14.613666285627167,21.505330330301838,23.75,28.5,0.14283995910266434,0.17644873699851416,161.52
2010-09-29,39,9,2010,111.0,170.94,-1.0,-1.8369701987210297e-16,166.27,190.02,166.27,159.14,156.77,194.77,137.77,172.20750000000004,167.16000000000003,158.96153846153845,174.6742307692308,11.874999999999995,10.309063973031687,14.751594177214026,20.79584384882305,-23.75,-4.75,-0.12498684349015887,-0.027774529294819272,152.02
2010-10-06,40,10,2010,113.0,196.93,-0.992708874098054,0.1205366802553232,161.52,166.27,166.27,156.77,144.89,190.02,140.14,171.02,167.4575,159.32692307692307,173.39538461538461,12.863060807340265,10.076271631911263,14.751614818167326,20.53129342847572,-4.75,-4.75,-0.028567991820532823,-0.028567991820532823,156.77
2010-10-13,41,10,2010,116.0,181.64,-0.9709418174260521,0.23931566428755738,152.02,161.52,190.02,161.52,128.27,199.52,152.02,167.45750000000004,166.86375,159.87538461538463,171.9338461538462,16.166290803190854,10.902111116007498,14.295621483157978,20.652690880740007,-9.5,-14.25,-0.058816245666171385,-0.08570397546159858,152.02
2010-10-20,42,10,2010,116.0,169.1,-0.9350162426854148,0.35460488704253557,156.77,152.02,166.27,171.02,147.27,194.77,159.14,159.14500000000004,166.27,162.0676923076923,170.2896153846154,6.13222363149506,11.354671788679395,10.803702416182201,20.061900703726234,4.75,-33.25,0.031245888698855362,-0.1749815808862225,154.39
2010-10-27,43,10,2010,116.0,150.14,-0.8854560256532101,0.464723172043768,152.02,156.77,161.52,166.27,152.02,185.27,175.77,155.58250000000004,163.895,162.43307692307692,168.64538461538464,4.547778761842583,12.176528944773994,10.331540208357536,19.724294913790246,-4.75,-14.25,-0.03029916438094027,-0.08570397546159858,166.27
2010-11-03,44,10,2010,116.0,135.77,-0.822983865893657,0.5680647467311548,154.39,152.02,152.02,166.27,159.14,190.02,175.77,153.8,162.41000000000003,162.6153846153846,167.4576923076923,2.2734555196879915,12.563766496218053,10.15182874772139,19.61260560103009,2.369999999999976,-7.130000000000024,0.01559005394027091,-0.044143140168400374,154.39
2010-11-10,45,11,2010,118.0,140.05,-0.7485107481711011,0.6631226582407952,166.27,154.39,156.77,190.02,156.77,199.52,187.65,157.3625,162.41000000000003,163.16384615384615,166.54423076923078,6.246937249564764,12.563766496218053,10.141017814187986,19.065167856188257,11.880000000000024,14.25,0.07694798885938225,0.09373766609656631,163.9
2010-11-17,46,11,2010,120.0,125.37,-0.6631226582407955,0.7485107481711007,154.39,166.27,152.02,166.27,161.52,204.28,204.28,156.7675,157.95625,162.98076923076923,164.80846153846153,6.432761848537516,5.955295212791218,10.286505287298828,17.965527365999606,-11.880000000000024,-2.380000000000024,-0.07145005112166969,-0.01518147604771336,147.27
2010-11-24,47,11,2010,120.0,140.66,-0.5680647467311559,0.8229838658936564,163.9,154.39,154.39,161.52,171.02,204.28,218.53,159.7375,157.66000000000003,163.16384615384615,163.25538461538463,6.250105999101137,5.526124966278156,10.279517286381276,16.061275224781294,9.51000000000002,11.879999999999995,0.06159725370814195,0.07814761215629518,144.89
2010-12-01,48,11,2010,119.0,142.5,-0.4647231720437684,0.88545602565321,147.27,163.9,166.27,152.02,166.27,194.77,209.03,157.9575,155.87875,161.33692307692309,161.06269230769232,8.781812170617167,6.340753532286951,10.860967870171981,13.995173613126738,-16.629999999999995,-7.119999999999976,-0.10146430750457591,-0.046116976488114414,137.77
2010-12-08,49,12,2010,121.0,170.94,-0.35460488704253595,0.9350162426854147,144.89,147.27,154.39,156.77,166.27,180.52,199.52,152.6125,154.98749999999998,159.69230769230768,159.14423076923077,8.539056837067323,7.377031439353501,11.642349529372794,12.53204314486016,-2.380000000000024,-21.380000000000024,-0.016160793101106963,-0.12858603476273545,147.27
2010-12-15,50,12,2010,122.0,177.67,-0.2393156642875578,0.970941817426052,137.77,144.89,163.9,152.02,190.02,175.77,185.27,148.45750000000004,152.6125,157.5,157.5,11.057888210081796,9.47993482497547,12.914373129707712,12.419252795559872,-7.119999999999976,-16.619999999999976,-0.04914072744840903,-0.10764945916186264,137.77
2010-12-22,51,12,2010,123.0,158.4,-0.12053668025532363,0.992708874098054,147.27,137.77,147.27,154.39,166.27,161.52,178.15,144.3,152.01875,154.21153846153848,156.40384615384616,4.49558301743675,9.669208030063276,8.698147164916543,11.992607081673558,9.5,-16.629999999999995,0.06895550555273289,-0.10146430750457591,128.27
2011-07-13,28,7,2011,147.0,137.3,-0.23931566428755743,-0.9709418174260521,133.02,137.77,147.27,142.52,147.27,137.77,128.27,140.7375,141.62875000000003,141.60615384615386,146.99576923076924,6.53918126883379,5.067576026641143,4.899599538839973,11.602623211353613,-4.75,-9.5,-0.034477752776366444,-0.06665731125456076,130.64
2011-07-20,29,7,2011,148.0,131.8,-0.3546048870425356,-0.9350162426854148,137.77,133.02,144.89,137.77,142.52,152.02,147.27,138.3625,141.03500000000003,140.87538461538463,146.99576923076924,4.893964820742655,5.224087069944354,4.688350128035631,11.602623211353613,4.75,-9.5,0.035708915952488374,-0.06450736742038432,128.27
2011-07-27,30,7,2011,149.0,119.26,-0.46472317204376806,-0.8854560256532101,130.64,137.77,137.77,147.27,133.02,133.02,152.02,134.8,140.14375,139.96153846153845,146.17346153846154,3.5644447908008,6.3479894173613545,5.438821634251762,11.983670536963542,-7.130000000000024,-14.25,-0.05175292153589328,-0.09835047277244813,130.64
2011-08-03,31,7,2011,149.0,110.7,-0.5680647467311556,-0.8229838658936566,128.27,130.64,133.02,142.52,142.52,128.27,159.14,132.425,137.76875,139.59615384615384,145.99076923076925,4.056817307529013,6.836418104539531,6.067268109097069,12.225974946180857,-2.369999999999976,-9.5,-0.018141457440293718,-0.06895550555273278,128.27
2011-08-10,32,8,2011,147.0,115.28,-0.663122658240795,-0.7485107481711013,130.64,128.27,137.77,147.27,142.52,137.77,156.77,131.83,136.28375,138.6823076923077,146.0819230769231,4.11458381856541,6.94631646990523,6.471400098181434,12.096720223013872,2.369999999999976,-2.380000000000024,0.018476650814687634,-0.017892046308825904,133.02
2011-08-17,33,8,2011,145.0,129.35,-0.7485107481711011,-0.6631226582407952,128.27,130.64,130.64,144.89,142.52,152.02,161.52,129.455,133.90875,137.58615384615385,145.71653846153848,1.368320137979538,5.8083276115363,6.95591060233418,12.494753120349689,-2.369999999999976,-9.5,-0.018141457440293718,-0.06895550555273278,152.02
2011-08-24,34,8,2011,144.0,133.02,-0.8229838658936564,-0.5680647467311559,133.02,128.27,128.27,137.77,137.77,156.77,171.02,130.05,132.425,136.85538461538462,144.98576923076922,2.273455519688114,3.7558830044259626,6.893118084223512,12.665788936526708,4.75,2.380000000000024,0.03703126218133623,0.01821800367421944,161.52
2011-08-31,35,8,2011,144.0,140.05,-0.8854560256532096,-0.4647231720437691,152.02,133.02,130.64,133.02,147.27,156.77,166.27,135.9875,134.20625,137.95153846153846,144.80307692307693,10.862821533407745,7.826318122669215,8.081304397756822,12.522459429116678,19.0,23.75,0.14283566380995327,0.18515631090668117,163.9
2011-09-07,36,9,2011,146.0,140.66,-0.9350162426854147,-0.3546048870425359,161.52,152.02,128.27,137.77,142.52,161.52,166.27,143.70750000000004,137.76875,139.0476923076923,144.98576923076922,15.694180184599222,12.374289517847252,10.151798817487615,12.73684456153259,9.5,30.880000000000024,0.062491777397710724,0.2363747703612984,166.27
2011-09-14,37,9,2011,146.0,145.25,-0.970941817426052,-0.23931566428755774,163.9,161.52,133.02,130.64,147.27,166.27,190.02,152.61500000000004,141.035,140.69230769230768,145.0773076923077,14.035292420656345,15.442781022677222,12.271670053314287,12.868301692980523,2.3799999999999955,35.629999999999995,0.01473501733531446,0.27777344663600223,163.9
2011-09-21,38,9,2011,145.0,158.4,-0.992708874098054,-0.12053668025532357,166.27,163.9,152.02,128.27,144.89,171.02,166.27,160.9275,145.48875,142.15384615384616,145.0773076923077,6.246937249564794,17.06884583720754,14.113556449067026,12.868301692980523,2.3700000000000045,33.25,0.014460036607687687,0.2499624116674184,152.02
2011-09-28,39,9,2011,143.0,172.16,-1.0,-1.8369701987210297e-16,163.9,166.27,161.52,130.64,137.77,166.27,161.52,163.89750000000004,149.94250000000002,143.61615384615385,144.80346153846156,1.9391815283774123,16.575455822219624,15.351221199229366,12.359854996661108,-2.3700000000000045,11.879999999999995,-0.014253924339929003,0.07814761215629518,152.02
2011-10-05,40,10,2011,141.0,171.86,-0.992708874098054,0.1205366802553232,152.02,163.9,163.9,128.27,133.02,161.52,152.02,161.52250000000004,152.615,144.71230769230772,144.25538461538463,6.432761848537541,14.627818898056969,15.407646453327866,11.666372951615298,-11.879999999999995,-9.5,-0.07248322147650998,-0.058816245666171385,161.52
2011-10-12,41,10,2011,140.0,160.54,-0.9709418174260521,0.23931566428755738,152.02,152.02,166.27,133.02,137.77,147.27,156.77,158.55250000000004,155.58375,146.17384615384617,143.89000000000001,7.604881655883946,10.92166122568524,15.104276181741957,11.245190260730464,0.0,-11.879999999999995,0.0,-0.07248322147650998,171.02
2011-10-19,42,10,2011,143.0,151.67,-0.9350162426854148,0.35460488704253557,161.52,152.02,163.9,152.02,130.64,142.52,152.02,157.365,159.14625,148.00076923076924,144.43807692307695,6.247887643035857,6.089379366691751,15.435781732464582,11.752344453506852,9.5,-4.75,0.062491777397710724,-0.028567991820532823,166.27
2011-10-26,43,10,2011,144.0,150.76,-0.8854560256532101,0.464723172043768,171.02,161.52,152.02,161.52,128.27,133.02,154.39,159.14500000000004,161.52125,151.1069230769231,145.5342307692308,9.095557523685223,6.596982941362858,15.711520393548946,12.844639714084712,9.5,7.1200000000000045,0.058816245666171385,0.043441122635753615,161.52
2011-11-02,44,10,2011,147.0,148.31,-0.822983865893657,0.5680647467311548,166.27,171.02,152.02,163.9,130.64,142.52,166.27,162.70750000000004,162.115,154.03,146.81307692307695,8.112169356384694,6.8072608294423915,14.604620844102156,13.19918748082141,-4.75,14.25,-0.027774529294819272,0.09373766609656631,152.02
2011-11-09,45,11,2011,147.0,135.47,-0.7485107481711011,0.6631226582407952,161.52,166.27,161.52,166.27,128.27,142.52,154.39,165.08250000000004,161.8175,156.4053846153846,147.54384615384618,4.547778761842628,6.770011078281993,12.89442878105611,13.475076571782845,-4.75,9.5,-0.028567991820532823,0.062491777397710724,147.27
2011-11-16,46,11,2011,150.0,135.47,-0.6631226582407955,0.7485107481711007,152.02,161.52,171.02,163.9,133.02,142.52,163.9,162.70750000000004,160.03625,158.2323076923077,147.9092307692308,8.112169356384694,7.286139360853337,9.91395410002596,13.462195934714424,-9.5,-9.5,-0.058816245666171385,-0.058816245666171385,152.02
2011-11-23,47,11,2011,151.0,129.35,-0.5680647467311559,0.8229838658936564,147.27,152.02,166.27,152.02,152.02,137.77,147.27,156.77000000000004,157.9575,159.32846153846154,148.09192307692308,8.672273827165139,8.324608527908113,7.350336552558916,13.418293488885697,-4.75,-23.75,-0.031245888698855362,-0.13887264647409658,147.27
2011-11-30,48,11,2011,150.0,123.85,-0.4647231720437684,0.88545602565321,152.02,147.27,161.52,152.02,161.52,147.27,144.89,153.20750000000004,157.9575,159.32846153846154,148.64000000000001,5.976952261256025,8.324608527908113,7.350336552558916,13.270030293862407,4.75,-14.25,0.032253683710192105,-0.08570397546159858,140.14
2011-12-07,49,12,2011,148.0,128.43,-0.35460488704253595,0.9350162426854147,147.27,152.02,152.02,161.52,163.9,142.52,137.77,149.64500000000004,157.36375,158.2323076923077,148.64,2.742413778650748,8.954186470986997,8.027623303159007,13.270030293862407,-4.75,-14.25,-0.031245888698855362,-0.08822436849925708,140.14
2011-12-14,50,12,2011,147.0,116.2,-0.2393156642875578,0.970941817426052,140.14,147.27,147.27,171.02,166.27,147.27,147.27,146.675,154.69125,156.4046153846154,148.54846153846154,4.898411307080453,10.579544194208385,9.242545298224309,13.3220423936605,-7.130000000000024,-11.880000000000024,-0.04841447681129918,-0.0781476121562954,142.52
2011-12-21,51,12,2011,144.0,107.94,-0.12053668025532363,0.992708874098054,140.14,140.14,152.02,166.27,163.9,144.89,137.77,144.8925,150.83125,154.3946153846154,148.27423076923077,5.820259873923192,9.3304515853083,9.74588085242823,13.422418313576784,0.0,-7.130000000000024,0.0,-0.04841447681129918,137.77
2011-12-28,52,12,2011,143.0,104.58,6.432490598706546e-16,1.0,142.52,140.14,147.27,161.52,152.02,137.77,128.27,142.5175,147.8625,152.75,148.18307692307692,3.3611146464628496,7.26651173928815,9.811891594725724,13.4543300893754,2.380000000000024,-9.5,0.016983016983017185,-0.062491777397710835,140.14
2012-01-11,2,1,2012,144.0,111.0,0.23931566428755774,0.970941817426052,140.14,137.77,140.14,147.27,161.52,137.77,137.77,140.1425,143.40875,150.74,148.4569230769231,1.9391815283774785,4.907889967047316,11.124687261521025,13.203480380334279,2.369999999999976,0.0,0.017202584016839495,0.0,128.27
2012-01-18,3,1,2012,145.0,110.7,0.3546048870425356,0.9350162426854148,137.77,140.14,142.52,152.02,171.02,130.64,152.02,139.55,142.22125,148.91307692307694,148.4569230769231,2.273455519688128,4.988797271322891,11.156937591034414,13.203480380334279,-2.369999999999976,-2.369999999999976,-0.01691165976880249,-0.01691165976880249,128.27
2012-01-25,4,1,2012,145.0,117.73,0.4647231720437685,0.8854560256532099,128.27,137.77,137.77,147.27,166.27,128.27,133.02,135.9875,139.2525,145.6246153846154,148.36576923076925,5.264905032381913,5.376280578356911,10.370494696801519,13.338891160236725,-9.5,-14.25,-0.06895550555273278,-0.09998596688184114,123.52
2012-02-01,5,1,2012,145.0,141.28,0.5680647467311558,0.8229838658936564,128.27,128.27,140.14,140.14,161.52,130.64,128.27,133.6125,136.8775,142.70153846153846,148.36576923076925,6.244402159801508,5.523207530832765,9.373898909696377,13.338891160236725,0.0,-9.5,0.0,-0.06895550555273278,118.76
2012-02-08,6,2,2012,146.0,120.79,0.6631226582407952,0.7485107481711011,123.52,128.27,137.77,140.14,152.02,128.27,137.77,129.45750000000004,134.8,139.77846153846156,148.09192307692308,5.976952261256066,7.038583461388725,8.931030965265892,13.783047564086553,-4.750000000000014,-16.61999999999999,-0.037031262181336344,-0.1185956900242614,137.77
2012-02-15,7,2,2012,149.0,129.35,0.7485107481711011,0.6631226582407953,118.76,123.52,128.27,142.52,147.27,133.02,152.02,124.70500000000001,132.1275,137.22,147.72615384615386,4.552131368930461,8.605808254566526,9.848797726963376,14.440615797652494,-4.759999999999991,-19.010000000000005,-0.03853626943005173,-0.13798359584815278,137.77
2012-02-22,8,2,2012,149.0,123.85,0.8229838658936564,0.5680647467311559,137.77,118.76,128.27,137.77,152.02,152.02,156.77,127.08000000000003,131.53375,136.48923076923077,147.90884615384616,8.115585828104713,7.923139596871218,9.382357079057806,14.276233208217453,19.010000000000005,9.5,0.16007073088582024,0.07406252436267247,137.77
2012-02-29,9,2,2012,153.0,117.12,0.8854560256532099,0.4647231720437686,137.77,137.77,123.52,140.14,147.27,161.52,156.77,129.455,131.53375,135.3930769230769,147.36076923076922,9.796014495701845,7.923139596871218,8.17087753815713,14.38520821485187,0.0,9.5,0.0,0.07406252436267247,142.52
2012-03-07,10,3,2012,154.0,106.11,0.9350162426854148,0.35460488704253557,137.77,137.77,118.76,137.77,140.14,163.9,161.52,133.01750000000004,131.2375,134.6623076923077,146.4473076923077,9.505000000000035,7.5927987499487415,7.409481711343896,14.203041521503945,0.0,14.250000000000014,0.0,0.11536593264248718,142.52
2012-03-14,11,3,2012,156.0,105.5,0.970941817426052,0.23931566428755804,142.52,137.77,137.77,128.27,140.14,166.27,166.27,138.95750000000004,131.83125,134.84538461538463,145.625,2.375,8.326850609414613,7.583466242845739,13.764310444044296,4.75,23.760000000000005,0.034477752776366444,0.2000673627484002,137.77
2012-03-21,12,3,2012,158.0,110.7,0.992708874098054,0.120536680255323,142.52,142.52,137.77,128.27,142.52,163.9,171.02,140.14500000000004,133.6125,135.02846153846156,144.71153846153845,2.7424137786507203,8.95655506160194,7.7488631920560795,13.112034683392535,0.0,4.75,0.0,0.034477752776366444,140.14
2012-03-28,13,3,2012,158.0,107.94,1.0,-1.6081226496766366e-16,137.77,142.52,137.77,123.52,137.77,152.02,166.27,140.14500000000004,134.8,134.66307692307694,143.70653846153846,2.7424137786507203,8.774967643412431,7.473262768712666,12.572769923071412,-4.75,0.0,-0.03332865562728038,0.0,140.14
2012-04-04,14,4,2012,156.0,99.38,0.992708874098054,-0.12053668025532288,140.14,137.77,142.52,118.76,140.14,152.02,161.52,140.7375,136.8775,134.8453846153846,143.24961538461537,2.2743259074577105,7.613423765208921,7.583466242845739,12.474040077143474,2.369999999999976,2.369999999999976,0.017202584016839495,0.017202584016839495,137.77
2012-04-11,15,4,2012,157.0,97.85,0.9709418174260521,-0.2393156642875575,140.14,140.14,142.52,137.77,137.77,161.52,147.27,140.1425,139.55,134.8453846153846,142.7926923076923,1.9391815283773737,2.104810816083825,7.583466242845739,12.356963561553716,0.0,-2.380000000000024,0.0,-0.016699410609037457,140.14
2012-04-18,16,4,2012,156.0,100.3,0.9350162426854148,-0.35460488704253545,137.77,140.14,137.77,137.77,128.27,171.02,142.52,138.955,139.55,134.8453846153846,141.8792307692308,1.3683201379794223,2.104810816083825,7.583466242845739,11.78165418710987,-2.369999999999976,-4.75,-0.01691165976880249,-0.03332865562728038,142.52
2012-04-25,17,4,2012,154.0,98.77,0.8854560256532099,-0.4647231720437685,140.14,137.77,140.14,137.77,128.27,166.27,133.02,139.5475,139.84625,135.75846153846155,140.69153846153847,1.185000000000002,1.9816727241875731,7.4390107386131685,10.17319799957172,2.369999999999976,2.369999999999976,0.017202584016839495,0.017202584016839495,144.89
2012-05-02,18,4,2012,154.0,103.05,0.8229838658936565,-0.5680647467311557,142.52,140.14,140.14,142.52,123.52,161.52,142.52,140.1425,140.44,136.85461538461539,139.77807692307692,1.9391815283773737,1.9823146643875222,7.292048883753385,8.75154798614936,2.380000000000024,2.380000000000024,0.016983016983017185,0.016983016983017185,137.77
2012-05-09,19,5,2012,153.0,107.03,0.7485107481711013,-0.663122658240795,144.89,142.52,137.77,142.52,118.76,152.02,142.52,141.33,140.73625,138.49846153846153,139.13846153846154,3.06482190890976,2.457669845911524,6.388232470921613,7.635505323060843,2.369999999999976,4.75,0.01662924501824281,0.033894676751819564,125.89
2012-05-16,20,5,2012,151.0,104.89,0.6631226582407952,-0.7485107481711012,137.77,144.89,140.14,137.77,137.77,147.27,142.52,141.33,140.1425,139.96076923076924,138.5903846153846,3.06482190890976,2.5376465475070615,2.463728412849495,7.171198215513425,-7.119999999999976,0.0,-0.04914072744840903,0.0,125.89
2012-05-23,21,5,2012,149.0,98.77,0.5680647467311558,-0.8229838658936564,125.89,137.77,142.52,140.14,137.77,152.02,137.77,137.7675,138.6575,139.0469230769231,137.76807692307693,8.453623976338987,5.668720566161128,4.611309258431561,7.359443467673046,-11.88000000000001,-14.249999999999986,-0.08623067431225961,-0.10168403025545869,121.14
2012-05-30,22,5,2012,147.0,100.91,0.46472317204376906,-0.8854560256532096,125.89,125.89,144.89,140.14,137.77,147.27,147.27,133.61,136.87625,138.1330769230769,136.76307692307694,9.376225253266908,7.175047909253027,5.8863378323789695,7.115464718054315,0.0,-16.63000000000001,0.0,-0.11668537749087848,114.01
2012-06-06,23,6,2012,145.0,87.15,0.35460488704253584,-0.9350162426854147,121.14,125.89,137.77,137.77,142.52,140.14,142.52,127.67250000000003,134.50125,136.85384615384618,135.7580769230769,7.094309339181683,8.881937429416933,7.545124848160625,7.411262790771629,-4.75,-23.749999999999986,-0.03773135276828976,-0.1639174546207467,116.39
2012-06-13,24,6,2012,143.0,86.85,0.23931566428755768,-0.970941817426052,114.01,121.14,125.89,140.14,142.52,140.14,147.27,121.73250000000002,131.53125,134.66076923076923,134.75307692307695,5.614198518043387,11.281217560305098,9.619244133105155,8.486901328157197,-7.1299999999999955,-23.760000000000005,-0.05885752022453361,-0.17246134862451912,128.27
2012-06-20,25,6,2012,142.0,84.7,0.12053668025532308,-0.992708874098054,116.39,114.01,125.89,142.52,137.77,142.52,144.89,119.35750000000002,128.5625,132.65076923076924,133.83961538461537,5.267911509001204,11.804963544450056,10.527307713384102,9.137124922325643,2.3799999999999955,-9.5,0.02087536181036742,-0.07546270553657952,121.14
2012-06-27,26,6,2012,139.0,82.56,-3.216245299353273e-16,-1.0,128.27,116.39,121.14,144.89,140.14,137.77,137.77,119.95250000000003,126.78125,131.92000000000002,133.29153846153847,6.287439197850535,10.388118814303262,10.471918003242521,9.022278511467725,11.88000000000001,2.3800000000000097,0.10207062462410876,0.018905393597585363,118.76
2012-07-04,27,7,2012,138.0,97.85,-0.12053668025532283,-0.992708874098054,121.14,128.27,114.01,137.77,140.14,140.14,133.02,119.95250000000001,123.81250000000001,130.45846153846153,132.65192307692308,6.287439197850535,7.452517791233676,10.554633931873928,9.277939865825662,-7.13000000000001,0.0,-0.05558587354798483,0.0,128.27
2012-07-11,28,7,2012,139.0,107.94,-0.23931566428755743,-0.9709418174260521,118.76,121.14,116.39,125.89,137.77,137.77,137.77,121.14000000000001,121.43625,128.81384615384616,131.82961538461538,5.1336731489256975,4.990327608778944,10.586010846442182,9.53171022672139,-2.3799999999999955,4.75,-0.01964668978041928,0.04166301201648981,135.39
2012-07-18,29,7,2012,139.0,125.07,-0.3546048870425356,-0.9350162426854148,128.27,118.76,128.27,125.89,140.14,128.27,130.64,124.11000000000003,121.73375,128.08307692307693,131.46423076923077,4.900836663264814,5.351632427861729,10.238425484918164,9.476811773199191,9.510000000000005,11.88000000000001,0.08007746716066011,0.10207062462410876,137.77
2012-07-25,30,7,2012,143.0,107.03,-0.46472317204376806,-0.8854560256532101,135.39,128.27,121.14,121.14,142.52,128.27,128.27,125.89000000000001,122.92125,127.71769230769232,131.73807692307693,7.512518441463808,7.155590097465094,9.849663406976621,9.483686633049272,7.119999999999976,7.119999999999976,0.05550791299602387,0.05550791299602387,133.02
2012-08-01,31,7,2012,143.0,108.56,-0.5680647467311556,-0.8229838658936566,137.77,135.39,118.76,114.01,144.89,123.52,130.64,130.0475,125.0,127.35230769230769,132.10346153846154,8.53905683706738,8.792530921189998,9.32914532870334,9.527629691507364,2.380000000000024,16.63000000000001,0.01757884629588613,0.13727918111276227,133.02
2012-08-08,32,8,2012,145.0,93.27,-0.663122658240795,-0.7485107481711013,133.02,137.77,128.27,116.39,137.77,118.76,128.27,133.6125,127.37625,126.43923076923078,132.46884615384616,4.055353457673834,7.923995993189356,7.948318964343248,9.366079789080148,-4.75,14.260000000000005,-0.034477752776366444,0.12007409902324029,128.27
2012-08-15,33,8,2012,149.0,111.61,-0.7485107481711011,-0.6631226582407952,133.02,133.02,135.39,128.27,125.89,137.77,133.02,134.8,129.455,126.07384615384616,133.0173076923077,2.273455519688135,6.720040391041017,7.479382258871577,8.938985426857416,0.0,4.75,0.0,0.03703126218133623,128.27
2012-08-22,34,8,2012,152.0,100.91,-0.8229838658936564,-0.5680647467311559,128.27,133.02,137.77,121.14,125.89,137.77,152.02,133.02000000000004,129.455,126.25692307692309,132.65192307692308,3.87835875940676,6.720040391041017,7.503596231822475,8.931101172524981,-4.75,-7.119999999999976,-0.035708915952488374,-0.05258881749021327,125.89
2012-08-29,35,8,2012,154.0,133.94,-0.8854560256532096,-0.4647231720437691,128.27,128.27,133.02,118.76,121.14,137.77,161.52,130.64500000000004,130.34625,126.44000000000003,132.28653846153847,2.742413778650805,5.880026573075955,7.522907239445233,8.907636248662863,0.0,-9.5,0.0,-0.06895550555273278,121.14
2012-09-05,36,9,2012,156.0,152.9,-0.9350162426854147,-0.3546048870425359,125.89,128.27,133.02,128.27,114.01,142.52,163.9,128.8625,131.2375,126.80538461538461,131.82961538461538,2.990132382799658,4.162508687259094,7.357572760295431,8.91979528050869,-2.3800000000000097,-7.13000000000001,-0.0185546113666486,-0.05360096226131417,114.01
2012-09-12,37,9,2012,156.0,168.19,-0.970941817426052,-0.23931566428755774,121.14,125.89,128.27,135.39,116.39,142.52,166.27,125.89250000000003,130.34625,127.35384615384616,131.0073076923077,3.3611146464628656,5.452184195355044,6.545168114035761,8.880250698126154,-4.75,-11.88000000000001,-0.03773135276828976,-0.08930987821380254,114.01
2012-09-19,38,9,2012,156.0,191.12,-0.992708874098054,-0.12053668025532357,114.01,121.14,128.27,137.77,128.27,137.77,163.9,122.32750000000001,127.67375000000001,127.17076923076924,129.91076923076923,6.287439197850524,7.48693898447313,6.901010145305227,9.157675217250688,-7.1299999999999955,-14.260000000000005,-0.05885752022453361,-0.11117174709596944,114.01
2012-09-26,39,9,2012,154.0,185.92,-1.0,-1.8369701987210297e-16,114.01,114.01,125.89,133.02,121.14,140.14,152.02,118.76250000000002,124.70375000000001,126.07384615384616,128.99692307692308,5.82025987392321,7.621177144740221,7.788039482072675,9.520355778744753,0.0,-14.260000000000005,0.0,-0.11117174709596944,114.01
2012-10-03,40,9,2012,154.0,193.57,-0.992708874098054,0.1205366802553232,114.01,114.01,121.14,133.02,118.76,140.14,152.02,115.79250000000002,122.32750000000001,125.52538461538462,127.99192307692309,3.5650000000001034,7.621399852675947,8.39208815430981,9.674933392736047,0.0,-11.879999999999995,0.0,-0.09436809913416466,128.27
2012-10-10,41,10,2012,154.0,156.87,-0.9709418174260521,0.23931566428755738,114.01,114.01,114.01,128.27,128.27,137.77,161.52,114.01,119.95125,125.16000000000001,126.98692307692308,0.0,6.721807659727408,8.804467615930173,9.719601131418894,0.0,-7.1299999999999955,0.0,-0.05885752022453361,128.27
2012-10-17,42,10,2012,157.0,152.9,-0.9350162426854148,0.35460488704253557,128.27,114.01,114.01,128.27,135.39,140.14,171.02,117.57500000000002,119.95125,125.16,126.62153846153845,7.1300000000000034,6.721807659727408,8.804467615930173,9.473471461850455,14.260000000000005,14.260000000000005,0.12507674765371468,0.12507674765371468,133.02
2012-10-24,43,10,2012,155.0,179.81,-0.8854560256532101,0.464723172043768,128.27,128.27,114.01,125.89,137.77,142.52,166.27,121.14000000000003,119.95125000000002,124.6123076923077,126.16499999999999,8.23301483864407,6.721807659727408,8.323377873840167,9.073513211542355,0.0,14.260000000000005,0.0,0.12507674765371468,128.27
2012-10-31,44,10,2012,152.0,167.27,-0.822983865893657,0.5680647467311548,133.02,128.27,114.01,121.14,133.02,144.89,161.52,125.89250000000001,120.84250000000002,124.24692307692308,125.79961538461538,8.232052700673561,7.977179505140072,7.784451794670726,8.565628747861282,4.75,19.010000000000005,0.03703126218133623,0.1667397596702045,125.89
2012-11-07,45,11,2012,151.0,181.95,-0.7485107481711011,0.6631226582407952,128.27,133.02,128.27,114.01,133.02,137.77,152.02,129.45750000000004,121.73375000000001,123.88153846153847,125.16038461538461,2.375000000000058,8.40214587812104,7.4423056980028965,7.655810593672491,-4.75,14.260000000000005,-0.035708915952488374,0.12507674765371468,123.52
2012-11-14,46,11,2012,150.0,162.99,-0.6631226582407955,0.7485107481711007,125.89,128.27,128.27,114.01,128.27,125.89,147.27,128.86250000000004,123.21875,123.33307692307693,124.70346153846155,2.990132382799617,7.875356567896553,6.959806492296914,7.214950002494531,-2.3800000000000097,-2.3800000000000097,-0.0185546113666486,-0.0185546113666486,123.52
2012-11-21,47,11,2012,150.0,183.48,-0.5680647467311559,0.8229838658936564,123.52,125.89,133.02,114.01,128.27,125.89,152.02,127.67500000000001,124.4075,122.9676923076923,124.6123076923077,4.056817307529004,6.950162896349735,6.801917810250099,7.214330908793468,-2.3700000000000045,-4.750000000000014,-0.01882595917070462,-0.037031262181336344,125.89
2012-11-28,48,11,2012,152.0,187.45,-0.4647231720437684,0.88545602565321,123.52,123.52,128.27,114.01,125.89,121.14,147.27,125.30000000000003,125.59625,122.60230769230769,124.52115384615385,2.273455519688046,5.5998467772478495,6.618459228858623,7.212513751489074,0.0,-9.500000000000014,0.0,-0.07141783190497675,123.52
2012-12-05,49,12,2012,152.0,175.83,-0.35460488704253595,0.9350162426854147,125.89,123.52,125.89,128.27,121.14,114.01,140.14,124.70500000000001,127.08125000000001,122.6023076923077,124.70384615384616,1.3683201379794103,3.1101512939903038,6.618459228858623,7.18354401499837,2.3700000000000045,-2.3800000000000097,0.01918717616580312,-0.0185546113666486,118.76
2012-12-12,50,12,2012,151.0,183.48,-0.2393156642875578,0.970941817426052,123.52,125.89,123.52,128.27,114.01,116.39,140.14,124.11250000000001,126.48750000000001,122.78538461538461,125.06961538461539,1.1849999999999854,3.298492079736023,6.607546967145855,6.851707221283464,-2.3700000000000045,-2.3700000000000045,-0.01882595917070462,-0.01882595917070462,114.01
2012-12-19,51,12,2012,149.0,175.83,-0.12053668025532363,0.992708874098054,118.76,123.52,123.52,133.02,114.01,128.27,142.52,122.92250000000001,125.29875000000001,123.15076923076923,125.16076923076925,2.9914586742925087,4.164343328452241,6.200651123788218,6.746574789079972,-4.759999999999991,-4.759999999999991,-0.03853626943005173,-0.03853626943005173,114.01
2012-12-26,52,12,2012,148.0,172.16,6.432490598706546e-16,1.0,114.01,118.76,125.89,128.27,114.01,121.14,137.77,120.54500000000002,122.9225,123.15076923076923,124.6123076923077,5.2697912672135105,4.536171293071168,6.200651123788218,7.056225794401195,-4.75,-9.509999999999991,-0.03999663186257996,-0.07699158031088071,114.01
2013-01-02,53,12,2012,148.0,152.9,0.12053668025532314,0.992708874098054,114.01,114.01,123.52,125.89,114.01,118.76,140.14,117.57500000000002,121.14,123.15076923076923,124.33807692307694,4.552131368930348,4.92016840595329,6.200651123788218,7.329815287841882,0.0,-11.879999999999995,0.0,-0.09436809913416466,114.01
2013-01-09,1,1,2013,148.0,114.06,0.12053668025532305,0.992708874098054,114.01,114.01,118.76,123.52,128.27,128.27,137.77,115.19750000000002,119.655,123.15076923076923,124.15538461538462,2.374999999999922,5.072179018931066,6.200651123788218,7.530846555745798,0.0,-9.509999999999991,0.0,-0.07699158031088071,128.27
2013-01-16,2,1,2013,147.0,106.42,0.23931566428755774,0.970941817426052,114.01,114.01,114.01,123.52,128.27,135.39,128.27,114.01,118.46625,122.05384615384615,123.60692307692308,0.0,5.150752892270017,6.4748353112379,7.7356808461751365,0.0,-4.75,0.0,-0.03999663186257996,114.01
2013-01-23,3,1,2013,147.0,101.83,0.3546048870425356,0.9350162426854148,128.27,114.01,114.01,125.89,133.02,137.77,128.27,117.57500000000002,119.06,122.05384615384615,123.33307692307693,7.1300000000000034,6.017410453967171,6.4748353112379,7.421516162744713,14.260000000000005,14.260000000000005,0.12507674765371468,0.12507674765371468,114.01
2013-01-30,4,1,2013,148.0,100.91,0.4647231720437685,0.8854560256532099,114.01,128.27,114.01,123.52,128.27,133.02,123.52,117.57500000000002,117.575,120.59153846153846,122.41923076923078,7.1300000000000034,5.537874785776823,5.914180481621317,7.024968568232218,-14.260000000000005,0.0,-0.11117174709596944,0.0,114.01
2013-02-06,5,2,2013,152.0,98.77,0.5680647467311558,0.8229838658936564,114.01,114.01,114.01,118.76,125.89,133.02,118.76,117.57500000000002,116.38625,119.49461538461539,121.68807692307693,7.1300000000000034,5.081304493654065,5.689508788671411,6.864966726349202,0.0,0.0,0.0,0.0,114.01
2013-02-13,6,2,2013,155.0,99.38,0.6631226582407952,0.7485107481711011,114.01,114.01,128.27,114.01,123.52,128.27,137.77,117.57500000000003,115.7925,118.58076923076922,120.95692307692308,7.1300000000000034,5.041671349868654,5.5284845143673245,6.6176592654715884,0.0,0.0,0.0,0.0,116.39
2013-02-20,7,2,2013,157.0,99.38,0.7485107481711011,0.6631226582407953,114.01,114.01,114.01,114.01,123.52,128.27,137.77,114.01,115.7925,117.84923076923077,120.40846153846154,0.0,5.041671349868654,5.449072492231938,6.578124165633967,0.0,-14.260000000000005,0.0,-0.11117174709596944,118.76
2013-02-27,8,2,2013,157.0,99.99,0.8229838658936564,0.5680647467311559,116.39,114.01,114.01,114.01,125.89,125.89,137.77,114.60500000000002,116.09,117.30076923076923,119.95153846153845,1.1899999999999977,4.991432660077293,5.18306450782402,6.420931204934199,2.3799999999999955,2.3799999999999955,0.02087536181036742,0.02087536181036742,118.76
2013-03-06,9,3,2013,156.0,99.38,0.8854560256532099,0.4647231720437686,118.76,116.39,114.01,114.01,123.52,121.14,142.52,115.79250000000002,116.68375,116.7523076923077,119.67730769230769,2.274325907457708,4.991177752517822,4.535175766243927,6.308432805505245,2.3700000000000045,4.75,0.02036257410430453,0.04166301201648981,118.76
2013-03-13,10,3,2013,154.0,99.38,0.9350162426854148,0.35460488704253557,118.76,118.76,114.01,128.27,118.76,114.01,142.52,116.98000000000002,117.2775,116.38615384615385,119.58576923076923,2.2734555196880355,4.909532273337537,4.116026681276779,6.303625098675504,0.0,4.75,0.0,0.04166301201648981,118.76
2013-03-20,11,3,2013,154.0,93.88,0.970941817426052,0.23931566428755804,118.76,118.76,116.39,114.01,114.01,114.01,137.77,118.16750000000002,116.08875,116.38615384615385,119.76846153846154,1.185000000000002,2.3537898771556782,4.116026681276779,6.203602625773014,0.0,4.75,0.0,0.04166301201648981,123.52
2013-03-27,12,3,2013,151.0,89.6,0.992708874098054,0.120536680255323,118.76,118.76,118.76,114.01,114.01,114.01,140.14,118.76,116.6825,116.75153846153846,119.95115384615384,0.0,2.353609689713773,4.098308281375102,6.09624955324344,0.0,2.3700000000000045,0.0,0.02036257410430453,123.52
2013-04-03,13,3,2013,151.0,80.42,1.0,-1.6081226496766366e-16,123.52,118.76,118.76,114.01,114.01,114.01,140.14,119.95000000000002,117.87125,117.48307692307692,120.31692307692308,2.3799999999999955,3.0956302727877123,4.405419739012459,6.010215815915617,4.759999999999991,4.759999999999991,0.04008083529808015,0.04008083529808015,118.76
2013-04-10,14,4,2013,150.0,87.15,0.992708874098054,-0.12053668025532288,123.52,123.52,118.76,114.01,114.01,128.27,137.77,121.14000000000001,119.06,118.21461538461539,120.6826923076923,2.7481872813426147,3.224340464134693,4.567255951119339,5.8993942453081045,0.0,4.759999999999991,0.0,0.04008083529808015,118.76
2013-04-17,15,4,2013,149.0,83.48,0.9709418174260521,-0.2393156642875575,118.76,123.52,118.76,116.39,128.27,128.27,140.14,121.14000000000001,119.65375,118.58,120.31692307692309,2.7481872813426147,2.5225210603847557,4.389390618292974,5.701657141032089,-4.759999999999991,0.0,-0.03853626943005173,0.0,118.76
2013-04-24,16,4,2013,147.0,0.0,0.9350162426854148,-0.35460488704253545,118.76,118.76,123.52,118.76,114.01,133.02,142.52,121.14000000000001,119.95,117.84846153846155,119.95115384615386,2.7481872813426147,2.2034518374778456,3.2962146121253335,5.471440268834233,0.0,0.0,0.0,0.0,116.39
2013-05-01,17,4,2013,145.0,0.0,0.8854560256532099,-0.4647231720437685,118.76,118.76,123.52,118.76,114.01,128.27,144.89,119.95000000000002,119.95,118.21384615384616,119.40269230769232,2.3799999999999955,2.2034518374778456,3.0922201799004747,4.780039797070196,0.0,-4.759999999999991,0.0,-0.03853626943005173,114.01
2013-05-08,18,5,2013,145.0,88.07,0.8229838658936565,-0.5680647467311557,116.39,118.76,118.76,118.76,114.01,125.89,137.77,118.16750000000002,119.65375,118.39692307692309,118.94576923076922,1.1850000000000023,2.5225210603847557,2.8861779357623303,4.455281964663065,-2.3700000000000045,-7.1299999999999955,-0.01995621421353999,-0.05772344559585485,114.01
2013-05-15,19,5,2013,146.0,85.01,0.7485107481711013,-0.663122658240795,114.01,116.39,118.76,118.76,114.01,123.52,125.89,116.98000000000002,119.06,118.39692307692309,118.48884615384615,2.2734555196880355,3.224340464134693,2.8861779357623303,4.32180362990053,-2.3799999999999955,-4.75,-0.020448492138499863,-0.03999663186257996,111.64
2013-05-22,20,5,2013,147.0,83.48,0.6631226582407952,-0.7485107481711012,114.01,114.01,118.76,123.52,116.39,123.52,125.89,115.79250000000002,118.46625,118.39692307692309,118.12307692307692,2.274325907457708,3.6910468414529034,2.8861779357623303,4.281208959380877,0.0,-4.75,0.0,-0.03999663186257996,111.64
2013-05-29,21,5,2013,146.0,94.8,0.5680647467311558,-0.8229838658936564,111.64,114.01,116.39,123.52,118.76,125.89,121.14,114.01250000000002,116.98125,118.03153846153847,117.66615384615385,1.9391815283773726,3.75656164028074,3.4138561924196584,4.3159889498725255,-2.3700000000000045,-7.1200000000000045,-0.020787650206122277,-0.05995284607611995,106.89
2013-06-05,22,6,2013,146.0,96.32,0.46472317204376906,-0.8854560256532096,111.64,111.64,114.01,118.76,118.76,123.52,114.01,112.82500000000002,115.49625,117.48384615384614,117.11807692307693,1.3683201379794145,3.091790685499861,3.8326938708498277,4.1306987488660445,0.0,-4.75,0.0,-0.040811066242804395,106.89
2013-06-12,23,6,2013,145.0,89.6,0.35460488704253584,-0.9350162426854147,106.89,111.64,114.01,118.76,118.76,118.76,116.39,111.04500000000002,114.0125,116.57076923076923,116.47846153846154,2.986821052557387,4.01279293546831,4.796155511684803,4.379766836088328,-4.75,-7.1200000000000045,-0.04254747402364745,-0.062450662222612086,114.01
2013-06-19,24,6,2013,145.0,90.21,0.23931566428755768,-0.970941817426052,106.89,106.89,111.64,118.76,118.76,114.01,128.27,109.26500000000001,112.52875,115.65769230769232,116.02192307692309,2.7424137786507248,4.196881282582091,5.432338590704623,4.736551504405286,0.0,-7.1200000000000045,0.0,-0.062450662222612086,114.01
2013-06-26,25,6,2013,145.0,98.77,0.12053668025532308,-0.992708874098054,114.01,106.89,111.64,116.39,123.52,114.01,121.14,109.85750000000002,111.935,115.2923076923077,116.02192307692309,3.5605559022901696,3.4608421766264836,5.365620737379016,4.736551504405286,7.1200000000000045,2.3700000000000045,0.06661053419403129,0.021228950197061947,114.01
2013-07-03,26,6,2013,144.0,93.88,-3.216245299353273e-16,-1.0,114.01,114.01,106.89,114.01,123.52,114.01,118.76,110.45000000000002,111.6375,114.56076923076924,116.02192307692309,4.11073391663014,3.1074231400819676,4.765073384422285,4.736551504405286,0.0,2.3700000000000045,0.0,0.021228950197061947,114.01
2013-07-10,27,7,2013,144.0,88.07,-0.12053668025532283,-0.992708874098054,114.01,114.01,106.89,114.01,118.76,114.01,128.27,112.23000000000002,111.63749999999999,113.82923076923079,116.02192307692309,3.560000000000005,3.1074231400819676,3.9322352878393625,4.736551504405286,0.0,7.1200000000000045,0.0,0.06661053419403129,114.01
2013-07-17,28,7,2013,146.0,86.23,-0.23931566428755743,-0.9709418174260521,114.01,114.01,114.01,111.64,118.76,128.27,135.39,114.01,111.6375,113.46384615384615,116.02192307692309,0.0,3.1074231400819676,3.646165882263191,4.736551504405286,0.0,7.1200000000000045,0.0,0.06661053419403129,117.58
2013-07-24,29,7,2013,147.0,81.03,-0.3546048870425356,-0.9350162426854148,114.01,114.01,114.01,111.64,118.76,114.01,137.77,114.01,111.93375,113.09846153846154,115.47346153846154,0.0,3.2186773570303067,3.2920076097297066,4.035266476764526,0.0,0.0,0.0,0.0,114.01
2013-07-31,30,7,2013,148.0,78.89,-0.46472317204376806,-0.8854560256532101,117.58,114.01,114.01,106.89,116.39,114.01,133.02,114.90250000000002,112.67625,113.0076923076923,115.61076923076924,1.7849999999999966,3.77780335835172,3.1354403035921474,4.044205655583476,3.569999999999993,3.569999999999993,0.03131304271555124,0.03131304271555124,117.58
2013-08-07,31,8,2013,148.0,87.15,-0.5680647467311556,-0.8229838658936566,114.01,117.58,114.01,106.89,114.01,114.01,133.02,114.90250000000002,113.56625,112.82461538461538,115.61076923076924,1.7849999999999966,2.9728290398351866,2.9874839340763395,4.044205655583476,-3.569999999999993,0.0,-0.030362306514713278,0.0,114.01
2013-08-14,32,8,2013,147.0,107.64,-0.663122658240795,-0.7485107481711013,117.58,114.01,114.01,114.01,114.01,114.01,128.27,115.79500000000002,114.9025,113.09923076923079,115.74807692307694,2.06114046100696,1.6525888781202547,3.2574132414532855,4.0482845939834915,3.569999999999993,3.569999999999993,0.03131304271555124,0.03131304271555124,114.01
2013-08-21,33,8,2013,147.0,108.56,-0.7485107481711011,-0.6631226582407952,114.01,117.58,117.58,114.01,111.64,116.39,128.27,115.79500000000002,114.9025,113.09923076923079,115.74807692307694,2.06114046100696,1.6525888781202547,3.2574132414532855,4.0482845939834915,-3.569999999999993,0.0,-0.030362306514713278,0.0,116.39
2013-08-28,34,8,2013,148.0,119.87,-0.8229838658936564,-0.5680647467311559,114.01,114.01,114.01,114.01,111.64,118.76,125.89,114.90250000000002,114.9025,113.28153846153847,115.65653846153847,1.7849999999999968,1.6525888781202547,3.235183781876759,4.060079745337462,0.0,-3.569999999999993,0.0,-0.030362306514713278,118.76
2013-09-04,35,9,2013,150.0,129.96,-0.8854560256532096,-0.4647231720437691,116.39,114.01,117.58,114.01,106.89,118.76,121.14,115.49750000000002,115.20000000000002,113.64692307692309,115.5653846153846,1.7849999999999968,1.6829141392497202,3.3018842716764483,4.013958874501813,2.3799999999999955,2.3799999999999955,0.02087536181036742,0.02087536181036742,128.27
2013-09-11,36,9,2013,150.0,138.52,-0.9350162426854147,-0.3546048870425359,118.76,116.39,114.01,114.01,106.89,118.76,114.01,115.79250000000002,115.79375,114.56,115.56538461538463,2.274325907457709,2.009356240213855,2.893651096214244,4.013958874501813,2.3700000000000045,1.1800000000000068,0.02036257410430453,0.010035720360605627,147.27
2013-09-18,37,9,2013,150.0,168.19,-0.970941817426052,-0.23931566428755774,128.27,118.76,114.01,117.58,114.01,118.76,114.01,119.35750000000003,117.57625,116.20461538461538,115.93115384615385,6.25010599910114,4.710462329456465,4.0254598399479,4.69263194970823,9.510000000000005,14.260000000000005,0.08007746716066011,0.12507674765371468,152.02
2013-09-25,38,9,2013,149.0,170.63,-0.992708874098054,-0.12053668025532357,147.27,128.27,116.39,114.01,114.01,123.52,114.01,127.67250000000001,121.28750000000001,118.76307692307692,117.02769230769232,14.037408058470062,11.506836166884126,9.441041948687728,7.728851044079955,19.0,33.260000000000005,0.14812504872534493,0.2917287957196737,166.27
2013-10-02,39,9,2013,148.0,181.95,-1.0,-1.8369701987210297e-16,152.02,147.27,118.76,117.58,114.01,123.52,114.01,136.58000000000004,126.03875,121.68692307692308,118.12384615384616,15.697963774536712,15.296033507792488,13.044459478141803,10.284842469159239,4.75,35.63000000000001,0.032253683710192105,0.3061259558381304,161.52
2013-10-09,40,10,2013,147.0,168.19,-0.992708874098054,0.1205366802553232,166.27,152.02,128.27,114.01,114.01,118.76,128.27,148.45750000000004,132.125,125.70692307692308,119.76807692307693,15.69418018459922,20.313415693647798,17.70246093278803,13.947175203383742,14.25,47.510000000000005,0.09373766609656631,0.4000505220613002,156.77
2013-10-16,41,10,2013,147.0,191.12,-0.9709418174260521,0.23931566428755738,161.52,166.27,147.27,114.01,114.01,118.76,128.27,156.77000000000004,138.06375000000003,129.36153846153846,121.41269230769231,8.672273827165142,21.186946073671127,19.859198475833058,16.167839078292864,-4.75,33.25,-0.028567991820532823,0.25921883526935363,152.02
2013-10-23,42,10,2013,147.0,196.01,-0.9350162426854148,0.35460488704253557,156.77,161.52,152.02,116.39,117.58,118.76,133.02,159.14500000000004,143.40875000000003,132.65076923076924,122.87461538461538,6.132223631495098,19.584963209785357,20.63080159273853,17.57556286001073,-4.75,9.5,-0.029408122833085693,0.06450736742038443,147.27
2013-10-30,43,10,2013,146.0,188.98,-0.8854560256532101,0.464723172043768,152.02,156.77,166.27,118.76,114.01,116.39,128.27,159.14500000000004,147.8625,135.3,124.15384615384616,6.132223631495098,16.346468163754643,20.74519864129136,18.45262736347913,-4.75,0.0,-0.03029916438094027,0.0,144.89
2013-11-06,44,11,2013,146.0,178.28,-0.822983865893657,0.5680647467311548,147.27,152.02,161.52,128.27,117.58,114.01,125.89,154.39500000000004,151.42625,137.85846153846154,125.34153846153846,6.132223631495098,11.478191666314105,19.935900550745203,18.920771377998708,-4.75,-19.0,-0.031245888698855362,-0.11427196728213151,142.52
2013-11-13,45,11,2013,145.0,211.61,-0.7485107481711011,0.6631226582407952,144.89,147.27,156.77,147.27,114.01,114.01,123.52,150.2375,153.50375,139.95923076923077,126.52923076923078,5.267911509001173,7.504520423437109,19.039730592254042,19.148840575466924,-2.380000000000024,-16.630000000000024,-0.016160793101106963,-0.10295938583457176,133.02
2013-11-20,46,11,2013,144.0,198.77,-0.6631226582407955,0.7485107481711007,142.52,144.89,152.02,152.02,114.01,111.64,123.52,146.675,152.91000000000003,142.1523076923077,127.62576923076925,4.056817307529019,8.221814189794076,17.37048845688411,19.219431453210262,-2.369999999999976,-14.25,-0.016357236524259577,-0.0908974931428207,133.02
2013-11-27,47,11,2013,145.0,162.07,-0.5680647467311559,0.8229838658936564,133.02,142.52,147.27,166.27,116.39,111.64,125.89,141.925,150.53500000000003,143.61461538461538,128.44807692307694,6.245352939052658,10.842262547223653,15.50381007762456,18.963792451771834,-9.5,-19.0,-0.06665731125456076,-0.12498355479542167,137.77
2013-12-04,48,12,2013,147.0,165.74,-0.4647231720437684,0.88545602565321,133.02,133.02,144.89,161.52,118.76,106.89,123.52,138.3625,146.37875000000003,144.89384615384617,129.27038461538461,6.2444021598015045,10.308611431367973,13.644932232920853,18.66702514719969,0.0,-14.25,0.0,-0.09676105113057654,144.89
2013-12-11,49,12,2013,146.0,164.52,-0.35460488704253595,0.9350162426854147,137.77,133.02,142.52,156.77,128.27,106.89,118.76,136.58250000000004,143.41,146.35615384615386,130.45807692307693,4.547778761842661,8.604131897777968,11.453467115870932,18.16164266122086,4.75,-7.119999999999976,0.035708915952488374,-0.04914072744840903,149.64
2013-12-18,50,12,2013,146.0,176.44,-0.2393156642875578,0.970941817426052,144.89,137.77,133.02,152.02,147.27,114.01,114.01,137.175,141.925,147.63461538461542,131.91961538461538,5.60961377161271,6.806263921675662,10.115893118737581,17.712616177351798,7.119999999999976,2.369999999999976,0.05168033679320594,0.01662924501824281,140.14
2013-12-25,51,12,2013,146.0,180.42,-0.12053668025532363,0.992708874098054,149.64,144.89,133.02,147.27,152.02,114.01,114.01,141.33,141.6275,147.81692307692308,133.29,7.381494880216774,6.337876503333261,10.130120420980624,17.649759431789153,4.75,16.619999999999976,0.03278349092414934,0.12494361750112737,140.14
2014-01-01,52,12,2013,147.0,179.5,6.432490598706546e-16,1.0,140.14,149.64,137.77,144.89,166.27,114.01,114.01,143.11,140.73624999999998,146.90307692307692,134.29500000000002,5.264529102081815,5.918505934784183,10.254449753329917,17.247369248671802,-9.5,7.119999999999976,-0.06348569901095968,0.05352578559615084,140.14
2014-01-08,1,1,2014,148.0,173.69,0.12053668025532305,0.992708874098054,140.14,140.14,144.89,142.52,161.52,114.01,114.01,143.70250000000001,140.14249999999998,144.8930769230769,135.3,4.547778761842575,5.6755433975275595,8.563415775469883,16.772854020709453,0.0,2.369999999999976,0.0,0.017202584016839495,135.39
2014-01-15,2,1,2014,147.0,171.24,0.23931566428755774,0.970941817426052,140.14,140.14,149.64,133.02,156.77,114.01,128.27,142.51500000000001,139.845,143.24846153846153,136.305,4.749999999999989,5.594921166309564,7.017599121912908,16.219884894783586,0.0,-4.75,0.0,-0.03278349092414934,133.02
2014-01-22,3,1,2014,146.0,169.71,0.3546048870425356,0.9350162426854148,135.39,140.14,140.14,133.02,152.02,117.58,114.01,138.95250000000001,140.14124999999999,141.60384615384615,137.12730769230768,2.375,5.2329490115248305,6.0188724559505005,15.57344651840327,-4.75,-14.25,-0.033894676751819564,-0.09522854851643947,133.02
2014-01-29,4,1,2014,147.0,180.42,0.4647231720437685,0.8854560256532099,133.02,135.39,140.14,137.77,147.27,114.01,114.01,137.1725,140.14125,140.1423076923077,137.72115384615384,3.560555902290152,5.2329490115248305,5.568803213504846,15.084972211290705,-2.369999999999976,-7.119999999999976,-0.017504985597163625,-0.05080633652062205,133.02
2014-02-05,5,2,2014,149.0,0.0,0.5680647467311558,0.8229838658936564,133.02,133.02,140.14,144.89,144.89,117.58,114.01,135.3925,139.54749999999999,139.04615384615386,138.4523076923077,3.3564006018352215,5.7811930306139105,5.450091036640029,14.331632791191875,0.0,-7.119999999999976,0.0,-0.05080633652062205,133.02
2014-02-12,6,2,2014,150.0,179.5,0.6631226582407952,0.7485107481711011,133.02,133.02,135.39,149.64,142.52,114.01,114.01,133.6125,138.06375,138.1330769230769,139.04615384615386,1.1849999999999148,5.737211710784443,5.383366952341315,13.739840196138092,0.0,-7.119999999999976,0.0,-0.05080633652062205,128.27
2014-02-19,7,2,2014,151.0,183.48,0.7485107481711011,0.6631226582407953,133.02,133.02,133.02,140.14,133.02,114.01,116.39,133.02,135.98624999999998,137.4023076923077,139.7773076923077,0.0,3.5317132123606636,5.383027577247409,12.82994389939276,0.0,-2.369999999999976,0.0,-0.017504985597163625,133.02
2014-02-26,8,2,2014,152.0,181.03,0.8229838658936564,0.5680647467311559,128.27,133.02,133.02,140.14,133.02,116.39,118.76,131.83250000000004,134.5025,137.03692307692307,140.32576923076925,2.375,3.9997455276294693,5.846528007592167,11.95964787878983,-4.75,-4.75,-0.035708915952488374,-0.035708915952488374,133.02
2014-03-05,9,3,2014,152.0,189.59,0.8854560256532099,0.4647231720437686,133.02,128.27,133.02,140.14,137.77,118.76,118.76,131.83250000000004,133.6125,137.03692307692307,140.96538461538464,2.375,3.296434220715851,5.846528007592167,11.037474070011681,4.75,0.0,0.03703126218133623,0.0,133.02
2014-03-12,10,3,2014,152.0,191.12,0.9350162426854148,0.35460488704253557,133.02,133.02,133.02,135.39,144.89,128.27,118.76,131.83250000000004,132.7225,136.67153846153846,141.51384615384615,2.375,1.981029674564924,5.944502847382081,10.213471134507149,0.0,0.0,0.0,0.0,142.52
2014-03-19,11,3,2014,151.0,176.75,0.970941817426052,0.23931566428755804,133.02,133.02,128.27,133.02,149.64,147.27,118.76,131.83250000000004,132.42625,135.75846153846152,141.69653846153847,2.375,1.679378605341376,5.469596033456177,10.00750316205234,0.0,0.0,0.0,0.0,137.77
2014-03-26,12,3,2014,150.0,143.42,0.992708874098054,0.120536680255323,142.52,133.02,133.02,133.02,140.14,152.02,123.52,135.39500000000004,133.61375,135.21076923076924,141.51384615384615,4.75,3.9639840618921656,4.164527707388839,9.944847541084314,9.5,14.25,0.07141783190497675,0.1110937865440087,133.02
2014-04-02,13,3,2014,150.0,127.21,1.0,-1.6081226496766366e-16,137.77,142.52,133.02,133.02,140.14,166.27,123.52,136.58250000000004,134.2075,135.02846153846156,140.96576923076924,4.547778761842607,4.210424987041848,3.978481381448488,9.73309166630222,-4.75,4.75,-0.03332865562728038,0.035708915952488374,128.27
2014-04-09,14,4,2014,149.0,113.14,0.992708874098054,-0.12053668025532288,133.02,137.77,133.02,133.02,140.14,161.52,118.76,136.58250000000004,134.2075,134.48076923076925,139.68692307692308,4.547778761842607,4.210424987041848,3.6962401201232478,8.36333989228425,-4.75,0.0,-0.034477752776366444,0.0,128.27
2014-04-16,15,4,2014,149.0,117.42,0.9709418174260521,-0.2393156642875575,128.27,133.02,142.52,128.27,135.39,156.77,118.76,135.39500000000004,133.61375,133.5676923076923,138.40807692307692,6.132223631495077,4.707398242592578,3.6475429032070537,7.375032484936842,-4.75,-4.75,-0.035708915952488374,-0.035708915952488374,125.89
2014-04-23,16,4,2014,150.0,115.28,0.9350162426854148,-0.35460488704253545,128.27,128.27,137.77,133.02,133.02,152.02,118.76,131.83250000000004,133.61375,133.02,137.31192307692308,4.547778761842607,4.707398242592578,3.878358759402371,6.615610641042454,0.0,-14.25,0.0,-0.09998596688184114,125.89
2014-04-30,17,4,2014,150.0,110.09,0.8854560256532099,-0.4647231720437685,125.89,128.27,133.02,133.02,133.02,147.27,116.39,128.86250000000004,132.72250000000003,132.4715384615385,136.30692307692308,2.990132382799586,5.451950502874412,4.353412160118016,6.267470794018474,-2.3800000000000097,-11.88000000000001,-0.0185546113666486,-0.08623067431225961,125.89
2014-05-07,18,5,2014,150.0,111.61,0.8229838658936565,-0.5680647467311557,125.89,125.89,128.27,133.02,133.02,144.89,114.01,127.08000000000001,131.83125,131.92307692307693,135.4846153846154,1.3740936406713338,5.955864906610358,4.712851904833059,6.173401157075618,0.0,-7.13000000000001,0.0,-0.05360096226131417,123.52
2014-05-14,19,5,2014,149.0,108.56,0.7485107481711013,-0.663122658240795,125.89,125.89,128.27,142.52,133.02,142.52,114.01,126.48500000000003,130.94,131.3746153846154,134.75384615384615,1.190000000000033,6.277362958628764,4.981766111501888,6.13997659730179,0.0,-2.3800000000000097,0.0,-0.0185546113666486,125.89
2014-05-21,20,5,2014,148.0,114.06,0.6631226582407952,-0.7485107481711012,123.52,125.89,125.89,137.77,128.27,133.02,111.64,125.29750000000001,128.565,130.64384615384617,134.02307692307693,1.1850000000000023,4.654828522245253,5.399547108260417,6.307089198186079,-2.3700000000000045,-4.750000000000014,-0.01882595917070462,-0.037031262181336344,123.52
2014-05-28,21,5,2014,148.0,110.09,0.5680647467311558,-0.8229838658936564,125.89,123.52,125.89,133.02,133.02,133.02,111.64,125.29750000000001,127.08000000000001,130.46076923076924,133.74884615384616,1.1850000000000023,2.8398641818770614,5.525618308594251,6.504367349359513,2.3700000000000045,0.0,0.01918717616580312,0.0,118.76
2014-06-04,22,6,2014,148.0,107.94,0.46472317204376906,-0.8854560256532096,123.52,125.89,125.89,128.27,133.02,137.77,106.89,124.70500000000001,125.89250000000001,129.73,133.38346153846152,1.3683201379794145,1.7953332361017018,5.781232567538145,6.806751908105009,-2.3700000000000045,-2.3700000000000045,-0.01882595917070462,-0.01882595917070462,114.01
2014-06-11,23,6,2014,147.0,114.06,0.35460488704253584,-0.9350162426854147,118.76,123.52,123.52,128.27,133.02,144.89,106.89,122.92250000000001,124.70375,128.6330769230769,132.6523076923077,2.991458674292525,2.84046242464049,6.422269049452266,7.318473779523189,-4.759999999999991,-7.1299999999999955,-0.03853626943005173,-0.0566367463658749,109.26
2014-06-18,24,6,2014,146.0,112.23,0.23931566428755768,-0.970941817426052,114.01,118.76,125.89,125.89,142.52,149.64,114.01,120.54500000000002,122.92125,127.17076923076925,131.46461538461537,5.269791267213528,4.353935617027826,7.425952757655808,7.746225006168125,-4.75,-9.509999999999991,-0.03999663186257996,-0.07699158031088071,109.26
2014-06-25,25,6,2014,148.0,112.84,0.12053668025532308,-0.992708874098054,109.26,114.01,123.52,125.89,137.77,140.14,114.01,116.38750000000002,120.8425,124.61230769230771,129.91153846153847,6.136097429691499,6.278579798473168,7.42652695168219,8.000217843189818,-4.75,-16.629999999999995,-0.04166301201648981,-0.13209945190245453,104.51
2014-07-02,26,6,2014,148.0,115.59,-3.216245299353273e-16,-1.0,109.26,109.26,118.76,125.89,133.02,140.14,114.01,112.82250000000002,118.76375,122.41923076923078,128.72384615384615,4.547778761842605,7.071586884958008,7.426773033576915,8.683952591730124,0.0,-14.259999999999991,0.0,-0.11544689119170981,111.64
2014-07-09,27,7,2014,148.0,105.5,-0.12053668025532283,-0.992708874098054,104.51,109.26,114.01,123.52,128.27,140.14,114.01,109.26000000000002,116.09125,120.22615384615385,127.35346153846154,3.8783587594066957,7.975850044268232,8.204282965275803,9.575867142901155,-4.75,-14.25,-0.043474281530294756,-0.11998989558773998,114.01
2014-07-16,28,7,2014,147.0,123.85,-0.23931566428755743,-0.9709418174260521,111.64,104.51,109.26,125.89,128.27,135.39,114.01,108.66750000000002,114.60625000000002,118.94692307692307,126.25730769230769,2.9901323827995703,7.4860325893395565,8.141806090187309,9.684229884795762,7.1299999999999955,-2.3700000000000045,0.06822313654195766,-0.020787650206122277,111.64
2014-07-23,29,7,2014,146.0,167.27,-0.3546048870425356,-0.9350162426854148,114.01,111.64,109.26,123.52,125.89,133.02,117.58,109.85500000000002,113.12125,117.85,125.43500000000002,4.056817307528975,5.948294923764527,7.731318343807038,9.784921563305106,2.3700000000000045,4.75,0.021228950197061947,0.043474281530294645,110.45
2014-07-30,30,7,2014,146.0,171.24,-0.46472317204376806,-0.8854560256532101,111.64,114.01,104.51,118.76,125.89,133.02,114.01,110.45000000000002,111.63625,116.75384615384615,124.6126923076923,4.114583818565369,4.210425623218468,7.503231013435388,10.01759674081424,-2.3700000000000045,2.3799999999999955,-0.020787650206122277,0.02178290316675824,109.26
2014-08-06,31,8,2014,145.0,143.11,-0.5680647467311556,-0.8229838658936566,110.45,111.64,111.64,114.01,125.89,133.02,117.58,111.93500000000002,110.5975,115.56615384615385,123.74461538461539,1.4927491416845555,3.0734148062882745,7.1502500404515725,10.235453377656889,-1.1899999999999977,5.939999999999998,-0.010659261913292695,0.056836666347718,108.08
2014-08-13,32,8,2014,145.0,135.16,-0.663122658240795,-0.7485107481711013,109.26,110.45,114.01,109.26,123.52,133.02,114.01,111.34000000000002,110.00375,114.28692307692307,122.83076923076922,2.027921760489452,2.7631397126298403,6.617055468777192,10.432968867232841,-1.1899999999999977,-2.3799999999999955,-0.01077410593028516,-0.02131852382658539,114.01
2014-08-20,33,8,2014,145.0,142.81,-0.7485107481711011,-0.6631226582407952,108.08,109.26,111.64,109.26,125.89,128.27,114.01,109.85750000000002,109.85625,113.09923076923077,121.87153846153845,1.5324136734794032,2.8389683111144715,6.193836266180908,10.603796562481584,-1.1800000000000068,-5.930000000000007,-0.01079992678015751,-0.052012981317428375,116.39
2014-08-27,34,8,2014,144.0,143.42,-0.8229838658936564,-0.5680647467311559,114.01,108.08,110.45,104.51,123.52,133.02,116.39,110.45000000000002,110.45,112.18538461538462,121.32307692307693,2.5629800363379047,3.173461381983495,4.888187488530527,10.628367614731864,5.930000000000007,2.3700000000000045,0.054866765358993375,0.021228950197061947,123.52
2014-09-03,35,8,2014,144.0,182.25,-0.8854560256532096,-0.4647231720437691,116.39,114.01,109.26,111.64,118.76,133.02,118.76,111.93500000000002,111.935,111.6369230769231,120.68346153846154,3.922979309997268,2.7478355118316506,3.7862390851880265,10.394104845463929,2.3799999999999955,5.939999999999998,0.02087536181036742,0.0537799909461294,123.52
2014-09-10,36,9,2014,144.0,203.96,-0.9350162426854147,-0.3546048870425359,123.52,116.39,108.08,114.01,114.01,133.02,128.27,115.50000000000001,113.41999999999999,112.00307692307693,120.31807692307692,6.387200743152926,4.918443423926767,4.661488289899739,10.106077387091467,7.1299999999999955,14.259999999999991,0.06125955838130426,0.13051436939410577,123.52
2014-09-17,37,9,2014,143.0,193.57,-0.970941817426052,-0.23931566428755774,123.52,123.52,114.01,111.64,109.26,142.52,147.27,119.36000000000001,114.60875,112.7346153846154,119.9526923076923,4.900836663264747,6.090912287997789,5.645119743905064,9.795432224336706,0.0,15.439999999999998,0.0,0.1428571428571428,121.14
2014-09-24,38,9,2014,143.0,252.28,-0.992708874098054,-0.12053668025532357,123.52,123.52,116.39,110.45,109.26,137.77,152.02,121.73750000000001,116.09375,113.83153846153846,119.22192307692308,3.5649999999999955,6.683130014132331,6.265101550322078,8.690960830304203,0.0,9.509999999999991,0.0,0.08341373563722465,121.14
2014-10-01,39,9,2014,142.0,326.28,-1.0,-1.8369701987210297e-16,121.14,123.52,123.52,109.26,104.51,133.02,166.27,122.92500000000001,117.43,114.74538461538461,118.5823076923077,1.1899999999999977,6.458414223770112,6.407522422098494,7.841762713929469,-2.3799999999999955,4.75,-0.019268134715025864,0.040811066242804284,116.39
2014-10-08,40,10,2014,141.0,272.77,-0.992708874098054,0.1205366802553232,121.14,121.14,123.52,108.08,111.64,128.27,161.52,122.33000000000001,118.915,116.02461538461537,118.12538461538462,1.3740936406713056,5.623308634610185,5.827596153048807,7.293826557177655,0.0,-2.3799999999999955,0.0,-0.019268134715025864,118.76
2014-10-15,41,10,2014,140.0,254.73,-0.9709418174260521,0.23931566428755738,116.39,121.14,123.52,114.01,114.01,128.27,156.77,120.54750000000001,119.95375,116.39000000000001,117.66846153846154,2.990132382799575,3.8115911094706214,5.676733215499263,6.999050616940694,-4.75,-7.1299999999999955,-0.03921083044411422,-0.05772344559585485,116.39
2014-10-22,42,10,2014,138.0,266.96,-0.9350162426854148,0.35460488704253557,118.76,116.39,121.14,116.39,111.64,125.89,152.02,119.35750000000002,120.5475,116.75538461538463,117.30269230769233,2.2743259074577113,3.0466410075117976,5.663630483741248,6.663296816259573,2.3700000000000045,-4.759999999999991,0.02036257410430453,-0.03853626943005173,116.39
2014-10-29,43,10,2014,137.0,267.57,-0.8854560256532101,0.464723172043768,116.39,118.76,121.14,123.52,110.45,125.89,147.27,118.17000000000002,120.5475,117.12076923076923,116.93730769230768,2.2734555196880395,3.0466410075117976,5.455511680150711,6.429955245689904,-2.3700000000000045,-4.75,-0.01995621421353999,-0.03921083044411422,121.14
2014-11-05,44,11,2014,137.0,259.92,-0.822983865893657,0.5680647467311548,116.39,116.39,116.39,123.52,109.26,125.89,144.89,116.98250000000002,119.65625,117.5776923076923,116.57192307692307,1.1850000000000094,3.095355680014102,5.086518380063391,6.165341203362791,0.0,-4.75,0.0,-0.03921083044411422,118.76
2014-11-12,45,11,2014,139.0,234.54,-0.7485107481711011,0.6631226582407952,121.14,116.39,118.76,123.52,108.08,123.52,142.52,118.17000000000002,119.35875,118.49153846153845,116.38923076923076,2.2734555196880395,2.768018566736075,4.50112550027045,5.944606915907245,4.75,4.75,0.040811066242804284,0.040811066242804284,116.39
2014-11-19,46,11,2014,138.0,204.58,-0.6631226582407955,0.7485107481711007,118.76,121.14,116.39,121.14,114.01,125.89,133.02,118.17000000000002,118.76375,119.31307692307692,116.20615384615385,2.2734555196880395,2.198823955162345,3.240620785725754,5.787434718026767,-2.3799999999999955,0.0,-0.01964668978041928,0.0,114.01
2014-11-26,47,11,2014,137.0,168.19,-0.5680647467311559,0.8229838658936564,116.39,118.76,116.39,121.14,116.39,123.52,133.02,118.17000000000002,118.17,119.49615384615385,115.84076923076924,2.2734555196880395,2.104810816085427,2.9721696296892564,5.441124092010076,-2.3700000000000045,0.0,-0.01995621421353999,0.0,114.01
2014-12-03,48,11,2014,136.0,175.83,-0.4647231720437684,0.88545602565321,114.01,116.39,121.14,116.39,123.52,118.76,137.77,117.57500000000002,117.27875,119.31307692307692,115.47500000000001,3.0674038968917463,2.175896777376196,3.240620785725754,5.2193809977848185,-2.3799999999999955,-2.3799999999999955,-0.020448492138499863,-0.020448492138499863,109.26
2014-12-10,49,12,2014,133.0,153.81,-0.35460488704253595,0.9350162426854147,114.01,114.01,118.76,118.76,123.52,114.01,144.89,115.79250000000002,116.98125,118.58153846153846,115.29230769230769,2.274325907457712,2.4590499762705473,3.284901942095831,5.182801024694637,0.0,-7.1299999999999955,0.0,-0.05885752022453361,106.89
2014-12-17,50,12,2014,129.0,151.37,-0.2393156642875578,0.970941817426052,109.26,114.01,116.39,116.39,123.52,109.26,149.64,113.41750000000002,115.79375,117.48461538461538,115.1096153846154,2.990132382799578,3.5355538564008238,3.8334875665678547,5.311919789133796,-4.75,-9.5,-0.04166301201648981,-0.07999326372516002,102.14
2014-12-24,51,12,2014,124.0,136.69,-0.12053668025532363,0.992708874098054,106.89,109.26,114.01,116.39,121.14,109.26,140.14,111.04250000000002,114.60625,116.20538461538462,115.01846153846154,3.560555902290172,4.707759362410971,4.38647469573948,5.4352197323106415,-2.3700000000000045,-9.5,-0.021691378363536518,-0.08162213248560868,102.14
2014-12-31,52,12,2014,121.0,119.26,6.432490598706546e-16,1.0,102.14,106.89,114.01,121.14,121.14,104.51,140.14,108.07500000000002,112.82500000000002,114.74384615384616,114.74461538461537,4.941555085867883,6.346920513137284,5.602152173433924,5.896729419448664,-4.75,-11.870000000000005,-0.044438207503040505,-0.1041136742391019,99.76
2015-01-07,1,1,2015,118.0,122.32,0.12053668025532305,0.992708874098054,102.14,102.14,109.26,118.76,116.39,111.64,140.14,105.10750000000002,110.45,113.2823076923077,114.65346153846154,3.560555902290172,6.345851288165519,6.23689446471984,6.076835980878463,0.0,-11.870000000000005,0.0,-0.1041136742391019,95.01
2015-01-14,2,1,2015,115.0,144.33,0.23931566428755774,0.970941817426052,99.76,102.14,106.89,116.39,118.76,114.01,135.39,102.73250000000002,108.075,112.00307692307692,114.19653846153847,2.990132382799578,6.346920513137369,7.180457720568554,6.7245948233703485,-2.3799999999999955,-9.5,-0.023301351086743693,-0.0869485630605894,92.64
2015-01-21,3,1,2015,111.0,152.9,0.3546048870425356,0.9350162426854148,95.01,99.76,102.14,114.01,116.39,111.64,133.02,99.76250000000002,105.4025,110.17615384615384,113.46576923076924,3.361114646462786,6.82851950070534,8.25846488807941,7.706382379862383,-4.75,-11.879999999999995,-0.047614274258219735,-0.11114229581813073,87.89
2015-01-28,4,1,2015,108.0,143.72,0.4647231720437685,0.8854560256532099,92.64,95.01,102.14,114.01,116.39,110.45,133.02,97.38750000000002,102.73125,108.34923076923077,112.735,4.336137874499226,7.152506928149597,9.327121261439022,8.720556977626963,-2.3700000000000045,-9.5,-0.02494474265866753,-0.09300959467397685,76.01
2015-02-04,5,2,2015,107.0,134.55,0.5680647467311558,0.8229838658936564,87.89,92.64,99.76,109.26,121.14,109.26,133.02,93.82500000000002,99.46625,106.15692307692308,111.86730769230768,4.941555085867879,7.229692618447117,10.549042914416534,9.98735302578101,-4.75,-14.25,-0.05127374784110539,-0.13951439201096538,76.01
2015-02-11,6,2,2015,107.0,125.37,0.6631226582407952,0.7485107481711011,76.01,87.89,95.01,106.89,118.76,108.08,133.02,87.88750000000002,95.31,102.68538461538462,110.58846153846154,8.453623976338982,9.870316249099096,12.46014152901241,12.21492093869218,-11.879999999999995,-23.75,-0.1351689612015018,-0.23807137129109868,76.01
2015-02-18,7,2,2015,108.0,128.43,0.7485107481711011,0.6631226582407953,76.01,76.01,92.64,102.14,116.39,114.01,128.27,83.13750000000002,91.45,99.39692307692309,109.355,8.455496732895114,10.698189432934191,13.464962795227597,13.971296074453493,0.0,-19.0,0.0,-0.19997894958425433,80.76
2015-02-25,8,2,2015,109.0,137.61,0.8229838658936564,0.5680647467311559,76.01,76.01,87.89,102.14,114.01,116.39,133.02,78.98000000000002,88.18375,96.29076923076923,107.89346153846154,5.939999999999994,10.953989406999614,13.869690252209875,15.381299539977162,0.0,-16.629999999999995,0.0,-0.1795120898100172,80.76
2015-03-04,9,3,2015,111.0,120.18,0.8854560256532099,0.4647231720437686,80.76,76.01,76.01,99.76,114.01,123.52,133.02,77.19750000000002,85.51125,93.73307692307692,106.52307692307691,2.375,9.58515435080001,13.387214288648416,16.16145557039609,4.75,-7.1299999999999955,0.062491777397710724,-0.0811241324382751,85.51
2015-03-11,10,3,2015,111.0,111.61,0.9350162426854148,0.35460488704253557,80.76,80.76,76.01,95.01,109.26,123.52,133.02,78.38500000000002,83.13625,91.17538461538462,104.87846153846155,2.7424137786507234,7.723330032169011,12.324480797299772,16.534005126964935,0.0,4.75,0.0,0.062491777397710724,85.51
2015-03-18,11,3,2015,110.0,121.4,0.970941817426052,0.23931566428755804,85.51,80.76,76.01,92.64,106.89,123.52,142.52,80.76000000000002,81.94875,89.34846153846154,103.41653846153847,3.8783587594066975,6.221119415812884,11.121929423553118,16.5001767123417,4.75,9.5,0.058816245666171385,0.12498355479542167,85.51
2015-03-25,12,3,2015,108.0,133.02,0.992708874098054,0.120536680255323,85.51,85.51,80.76,87.89,102.14,121.14,137.77,83.13500000000002,81.0575,87.70384615384616,101.9546153846154,2.7424137786507234,4.824659129345377,9.815948365166943,16.330735496180083,0.0,9.5,0.0,0.12498355479542167,85.51
2015-04-01,13,3,2015,107.0,129.35,1.0,-1.6081226496766366e-16,85.51,85.51,80.76,76.01,102.14,121.14,133.02,84.32250000000002,80.76,86.42461538461541,100.58423076923079,2.375,4.397645473929858,8.80989464123572,16.15034691220774,0.0,4.75,0.0,0.058816245666171385,80.76
2015-04-08,14,4,2015,105.0,134.55,0.992708874098054,-0.12053668025532288,85.51,85.51,85.51,76.01,99.76,116.39,128.27,85.51,81.9475,85.14538461538463,99.21384615384615,0.0,4.2104249870432735,7.438416739446162,15.845136307884129,0.0,4.75,0.0,0.058816245666171385,80.76
2015-04-15,15,4,2015,104.0,142.81,0.9709418174260521,-0.2393156642875575,80.76,85.51,85.51,76.01,95.01,118.76,128.27,84.32250000000002,82.54125,83.68384615384616,97.84346153846155,2.375,3.534113093441196,6.067920481869147,15.8409671276253,-4.75,-4.75,-0.055549058589638656,-0.055549058589638656,80.76
2015-04-22,16,4,2015,105.0,123.85,0.9350162426854148,-0.35460488704253545,80.76,80.76,85.51,80.76,92.64,116.39,125.89,83.13500000000002,83.13499999999999,82.58769230769232,96.38192307692307,2.7424137786507234,2.538981798185659,5.0537348463649305,15.584878060283003,0.0,-4.75,0.0,-0.055549058589638656,80.76
2015-04-29,17,4,2015,106.0,123.85,0.8854560256532099,-0.4647231720437685,80.76,80.76,85.51,80.76,87.89,116.39,125.89,81.94750000000002,83.135,81.67384615384616,95.01153846153846,2.375,2.538981798185659,4.0611770429624885,15.319406174473816,0.0,-4.75,0.0,-0.055549058589638656,80.76
2015-05-06,18,5,2015,108.0,120.79,0.8229838658936565,-0.5680647467311557,80.76,80.76,80.76,85.51,76.01,121.14,125.89,80.76,83.135,81.12538461538462,93.64115384615386,0.0,2.538981798185659,3.6078839952253268,14.918908894936992,0.0,-4.75,0.0,-0.055549058589638656,77.2
2015-05-13,19,5,2015,109.0,124.76,0.7485107481711013,-0.663122658240795,80.76,80.76,80.76,85.51,76.01,118.76,123.52,80.76,82.54125,81.49076923076925,92.08807692307694,0.0,2.4583585551753706,3.27150185066443,14.016234021801015,0.0,0.0,0.0,0.0,77.2
2015-05-20,20,5,2015,110.0,116.2,0.6631226582407952,-0.7485107481711012,77.2,80.76,80.76,85.51,76.01,116.39,125.89,79.87000000000002,81.5025,81.58230769230771,90.48961538461539,1.7800000000000011,2.7616803890961874,3.118434847381359,13.198790393297433,-3.5600000000000023,-3.5600000000000023,-0.044081228330856925,-0.044081228330856925,78.38
2015-05-27,21,5,2015,110.0,112.53,0.5680647467311558,-0.8229838658936564,77.2,77.2,80.76,85.51,80.76,114.01,123.52,78.98000000000002,80.46375,81.67384615384617,88.98230769230771,2.055366958315069,2.5969099082406983,2.954385267296546,12.3319329572288,0.0,-3.5600000000000023,0.0,-0.044081228330856925,78.38
2015-06-03,22,5,2015,110.0,114.06,0.46472317204376906,-0.8854560256532096,78.38,77.2,80.76,80.76,80.76,114.01,118.76,78.38500000000002,79.5725,81.49076923076925,87.61192307692308,1.6782034044378142,1.6788750485553638,3.086520321046685,11.382637662417887,1.1799999999999926,-2.3800000000000097,0.015284974093264125,-0.02947003467062914,78.38
2015-06-10,23,6,2015,109.0,113.14,0.35460488704253584,-0.9350162426854147,78.38,78.38,77.2,80.76,85.51,109.26,114.01,77.79000000000002,79.275,81.3076923076923,86.24153846153847,0.6812733176437581,1.6489910335298505,3.201906082949477,10.156090071405929,0.0,-2.3800000000000097,0.0,-0.02947003467062914,81.95
2015-06-17,24,6,2015,108.0,120.79,0.23931566428755768,-0.970941817426052,78.38,78.38,77.2,80.76,85.51,106.89,109.26,78.08500000000001,78.9775,80.75923076923078,85.05384615384615,0.590000000000008,1.5548059135023626,3.0280341850063217,9.108089624912227,0.0,1.1799999999999926,0.0,0.015284974093264125,87.89
2015-07-08,27,7,2015,107.0,129.96,-0.12053668025532283,-0.992708874098054,85.51,87.89,78.38,77.2,80.76,99.76,111.64,83.43250000000002,80.61125,80.66846153846154,82.90692307692308,4.1597626134191925,4.087941981357761,3.1231256943148953,6.037502642144038,-2.3799999999999955,7.13000000000001,-0.027079303675048294,0.0909670834396532,87.89
2015-07-15,28,7,2015,106.0,116.81,-0.23931566428755743,-0.9709418174260521,85.51,85.51,81.95,77.2,80.76,95.01,114.01,85.21500000000002,81.65,81.03384615384616,82.35884615384617,2.4488024283991074,4.152589553530401,3.4002880722499147,5.004900260288406,0.0,7.13000000000001,0.0,0.0909670834396532,92.64
2015-07-22,29,7,2015,105.0,114.67,-0.3546048870425356,-0.9350162426854148,87.89,85.51,87.89,78.38,80.76,92.64,111.64,86.70000000000002,82.98625,81.58230769230771,82.08500000000001,1.3740936406713173,4.235202601000102,3.8919235900381834,4.448900313566315,2.3799999999999955,5.939999999999998,0.027833001988071482,0.0724832214765101,90.26
2015-07-29,30,7,2015,103.0,107.03,-0.46472317204376806,-0.8854560256532101,92.64,87.89,85.51,78.38,80.76,87.89,110.45,87.88750000000002,84.76875,82.49615384615385,82.08500000000001,3.3611146464627883,4.9586502699917245,4.937144144910036,4.448900313566315,4.75,4.75,0.05404482876322669,0.05404482876322669,87.89
2015-08-05,31,8,2015,101.0,100.3,-0.5680647467311556,-0.8229838658936566,90.26,92.64,85.51,78.38,80.76,76.01,109.26,89.07500000000002,86.25375,83.22692307692309,82.17615384615384,3.0674038968917476,4.532633852733504,5.344977992800105,4.594494163173465,-2.3799999999999955,4.75,-0.025690846286701152,0.055549058589638545,86.7
2015-08-12,32,8,2015,99.0,103.05,-0.663122658240795,-0.7485107481711013,87.89,90.26,87.89,81.95,77.2,76.01,108.08,89.67000000000002,87.44250000000001,83.77538461538461,82.63307692307693,2.2734555196880413,3.233524172094106,5.435788221561957,4.54723104250228,-2.3700000000000045,2.3799999999999955,-0.02625747839574566,0.027833001988071482,89.07
2015-08-19,33,8,2015,99.0,96.94,-0.7485107481711011,-0.6631226582407952,86.7,87.89,92.64,87.89,77.2,76.01,114.01,89.37250000000003,88.03625,84.50615384615384,83.04423076923078,2.6333929318150284,2.412858041547324,5.106767631384289,4.405506711453908,-1.1899999999999977,-1.1899999999999977,-0.013539651837524147,-0.013539651837524147,91.45
2015-08-26,34,8,2015,97.0,103.97,-0.8229838658936564,-0.5680647467311559,89.07,86.7,90.26,85.51,78.38,80.76,116.39,88.48000000000002,88.18375,85.41923076923078,83.54653846153846,1.5311215932555295,2.438570644004887,4.739545445036937,4.315004465642111,2.3699999999999903,-3.5700000000000074,0.027335640138408168,-0.03853626943005184,90.26
2015-09-02,35,8,2015,95.0,122.32,-0.8854560256532096,-0.4647231720437691,91.45,89.07,87.89,85.51,78.38,80.76,123.52,88.77750000000002,88.92625,86.42461538461538,83.95769230769231,2.027434750285861,2.4123310451752933,4.502208005302179,4.542185648076057,2.3800000000000097,1.1899999999999977,0.02672055686538699,0.013184134721914376,90.26
2015-09-09,36,9,2015,96.0,135.47,-0.9350162426854147,-0.3546048870425359,90.26,91.45,86.7,87.89,78.38,85.51,123.52,89.37000000000002,89.52000000000001,87.33846153846154,84.32307692307693,2.0279217604894693,2.00082839988893,3.898465181217032,4.655358004911722,-1.1899999999999977,2.3700000000000045,-0.01301257517769272,0.0269655250881784,85.51
2015-09-16,37,9,2015,95.0,152.9,-0.970941817426052,-0.23931566428755774,90.26,90.26,89.07,92.64,81.95,85.51,123.52,90.26000000000002,89.81625000000001,88.2523076923077,84.50576923076923,0.9716309313040288,1.897810298385791,2.8838809321295953,4.794911613853253,0.0,3.5600000000000023,0.0,0.04106113033448677,85.51
2015-09-23,38,9,2015,94.0,184.39,-0.992708874098054,-0.12053668025532357,85.51,90.26,91.45,90.26,87.89,85.51,121.14,89.37,88.92500000000001,88.52615384615386,84.50576923076923,2.6337678966327602,2.050344918739829,2.3563302628502525,4.794911613853253,-4.75,-3.559999999999988,-0.05262574783957452,-0.03996856405074645,84.32
2015-09-30,39,9,2015,93.0,197.85,-1.0,-1.8369701987210297e-16,85.51,85.51,90.26,87.89,85.51,85.51,121.14,87.88500000000002,88.33125000000001,88.34307692307692,84.50576923076923,2.742413778650715,2.283077105906997,2.498070537472452,4.794911613853253,0.0,-5.939999999999998,0.0,-0.06495352651722253,84.32
2015-10-07,40,10,2015,94.0,181.03,-0.992708874098054,0.1205366802553232,84.32,85.51,90.26,86.7,85.51,80.76,116.39,86.40000000000002,87.88499999999999,88.25153846153846,84.46000000000001,2.633767896632742,2.693627400275841,2.6289124689046237,4.790620001633342,-1.190000000000012,-5.940000000000012,-0.013916500994035963,-0.06580988256148912,84.32
2015-10-14,41,10,2015,96.0,152.9,-0.9709418174260521,0.23931566428755738,84.32,84.32,85.51,89.07,87.89,80.76,118.76,84.91500000000002,87.5875,88.16,84.59692307692308,0.6870468203355593,2.9613305407395623,2.7502454435797854,4.731144275320246,0.0,-5.940000000000012,0.0,-0.06580988256148912,84.32
2015-10-21,42,10,2015,96.0,158.09,-0.9350162426854148,0.35460488704253557,84.32,84.32,85.51,91.45,92.64,80.76,116.39,84.6175,86.99374999999999,87.88538461538461,84.73384615384614,0.5949999999998834,3.094806421378038,2.950402840801251,4.666735113056444,0.0,-1.190000000000012,0.0,-0.013916500994035963,80.76
2015-10-28,43,10,2015,94.0,128.43,-0.8854560256532101,0.464723172043768,84.32,84.32,84.32,90.26,90.26,80.76,116.39,84.32,86.1025,87.24538461538462,84.87076923076923,0.0,2.6180949999303103,2.7270148984449913,4.597185158840642,0.0,-1.190000000000012,0.0,-0.013916500994035963,80.76
2015-11-04,44,11,2015,94.0,110.7,-0.822983865893657,0.5680647467311548,80.76,84.32,84.32,90.26,87.89,80.76,121.14,83.43,84.91499999999999,86.51461538461538,84.87076923076923,1.779999999999993,2.617446956772477,3.0993187837018406,4.597185158840642,-3.559999999999988,-3.559999999999988,-0.042220113851992314,-0.042220113851992314,80.76
2015-11-11,45,11,2015,94.0,95.71,-0.7485107481711011,0.6631226582407952,80.76,80.76,84.32,85.51,86.7,77.2,118.76,82.54000000000002,83.72749999999999,85.96615384615384,84.87076923076924,2.0553669583150573,1.9037913301253988,3.4470120840551206,4.597185158840642,0.0,-3.559999999999988,0.0,-0.042220113851992314,78.38
2015-11-18,46,11,2015,94.0,103.97,-0.6631226582407955,0.7485107481711007,80.76,80.76,84.32,85.51,89.07,77.2,116.39,81.65000000000002,83.13374999999999,85.50923076923075,85.0076923076923,1.7799999999999845,2.006396467750985,3.7241787943434006,4.408732523252876,0.0,-3.559999999999988,0.0,-0.042220113851992314,73.63
2015-12-02,48,11,2015,91.0,85.62,-0.4647231720437684,0.88545602565321,73.63,78.38,80.76,84.32,90.26,78.38,114.01,78.38250000000002,80.90625,83.31615384615385,84.87038461538462,3.36111464646279,3.671336609477519,4.544957899433183,4.707120972123312,-4.75,-7.13000000000001,-0.06060219443735648,-0.08828628033680053,68.88
2016-07-06,27,7,2016,91.0,138.52,-0.12053668025532283,-0.992708874098054,76.01,73.63,77.2,71.26,66.51,66.51,85.51,75.71250000000002,75.26625,73.08538461538461,68.24423076923077,1.4973838296620163,2.283449380108899,3.5499521484564536,5.858587661260297,2.3800000000000097,-2.3699999999999903,0.03232378106749989,-0.03023730543505987,80.76
2016-07-13,28,7,2016,91.0,118.49,-0.23931566428755743,-0.9709418174260521,76.01,76.01,76.01,73.63,68.88,66.51,87.89,75.41500000000002,75.86,73.81615384615385,68.60961538461538,1.189999999999981,1.6116451222558268,3.022158551038165,6.039551957406253,0.0,-1.1899999999999977,0.0,-0.015414507772020691,83.14
2016-07-20,29,7,2016,91.0,129.04,-0.3546048870425356,-0.9350162426854148,80.76,76.01,73.63,76.01,70.07,64.13,92.64,76.60250000000002,76.75125,74.73,69.1576923076923,2.990132382799568,2.099805688310754,3.1963025513742203,6.472458764765836,4.75,4.75,0.062491777397710724,0.062491777397710724,83.14
2016-07-27,30,7,2016,90.0,120.79,-0.46472317204376806,-0.8854560256532101,83.14,80.76,76.01,78.38,71.26,61.76,90.26,78.98000000000002,77.64250000000001,75.73538461538462,69.88884615384616,3.564444790800741,3.0420000469764665,3.633963894931477,6.938720531585051,2.3799999999999955,9.510000000000005,0.02947003467062892,0.12915931006383286,78.38
2016-08-03,31,7,2016,89.0,120.18,-0.5680647467311556,-0.8229838658936566,83.14,83.14,76.01,77.2,71.26,59.38,87.89,80.76250000000002,78.23750000000001,76.64923076923077,70.71115384615385,3.3611146464627564,3.617867367083083,3.898836282648566,7.198833420453593,0.0,7.1299999999999955,0.0,0.09380344691487963,76.01
2016-08-10,32,8,2016,87.0,111.0,-0.663122658240795,-0.7485107481711013,78.38,83.14,80.76,76.01,71.26,59.38,86.7,81.35500000000002,78.385,77.19692307692308,71.44192307692308,2.2786765164600395,3.593498096774079,3.56444568998406,6.963078640508149,-4.760000000000005,2.3699999999999903,-0.05725282655761377,0.03118010788054182,76.01
2016-08-17,33,8,2016,87.0,119.26,-0.7485107481711011,-0.6631226582407952,76.01,78.38,83.14,73.63,73.63,60.57,89.07,80.16750000000002,78.385,77.56230769230768,72.08153846153847,3.5661124958886488,3.593498096774079,3.121023213204123,6.56308506256897,-2.3699999999999903,-4.75,-0.03023730543505987,-0.058816245666171385,78.38
2016-08-24,34,8,2016,89.0,119.26,-0.8229838658936564,-0.5680647467311559,76.01,76.01,83.14,76.01,76.01,61.76,91.45,78.38500000000002,78.6825,77.74538461538461,72.67538461538462,3.3611158861306634,3.223023203689177,2.935420513259861,6.166361799814213,0.0,-7.1299999999999955,0.0,-0.08575896078903045,78.38
2016-08-31,35,8,2016,91.0,117.73,-0.8854560256532096,-0.4647231720437691,78.38,76.01,78.38,76.01,78.38,61.76,90.26,77.19500000000002,78.97875,77.9276923076923,73.3146153846154,1.3683201379794008,3.046362878221256,2.891934628818432,5.842511261966697,2.3699999999999903,-4.760000000000005,0.03118010788054182,-0.05725282655761377,78.38
2016-09-07,36,9,2016,91.0,123.85,-0.9350162426854147,-0.3546048870425359,78.38,78.38,76.01,80.76,77.2,62.95,90.26,77.19500000000002,79.275,77.9276923076923,73.95384615384616,1.3683201379794008,2.823503396254656,2.891934628818432,5.421801971248874,0.0,0.0,0.0,0.0,78.38
2016-09-14,37,9,2016,91.0,132.41,-0.970941817426052,-0.23931566428755774,78.38,78.38,76.01,83.14,76.01,66.51,85.51,77.78750000000001,78.9775,78.01846153846154,74.5473076923077,1.1849999999999716,2.769552568315259,2.885702820658103,4.99698913963116,0.0,2.3699999999999903,0.0,0.03118010788054182,77.2
2016-09-21,38,9,2016,90.0,127.82,-0.992708874098054,-0.12053668025532357,78.38,78.38,78.38,83.14,73.63,66.51,85.51,78.38,78.38250000000001,78.20076923076923,75.00384615384615,0.0,2.2003684756562456,2.8224116801471695,4.770407175015328,0.0,2.3699999999999903,0.0,0.03118010788054182,78.38
2016-09-28,39,9,2016,90.0,163.6,-1.0,-1.8369701987210297e-16,77.2,78.38,78.38,78.38,76.01,66.51,84.32,78.08500000000001,77.63999999999999,78.47538461538463,75.41499999999999,0.5899999999999951,1.0853175967452249,2.4953510620753483,4.459605587947542,-1.1799999999999926,-1.1799999999999926,-0.015054860933911618,-0.015054860933911618,78.38
2016-10-05,40,10,2016,90.0,133.94,-0.992708874098054,0.1205366802553232,78.38,77.2,78.38,76.01,76.01,66.51,84.32,78.08500000000001,77.63999999999999,78.6576923076923,75.87153846153845,0.5899999999999951,1.0853175967452249,2.3843278362450477,4.1049976295382065,1.1799999999999926,0.0,0.015284974093264125,0.0,77.2
2016-10-12,41,10,2016,92.0,105.5,-0.9709418174260521,0.23931566428755738,78.38,78.38,78.38,76.01,80.76,68.88,84.32,78.08500000000001,77.93625,78.84,76.32807692307692,0.5899999999999951,0.8810697637882591,2.251943604960806,3.6579229289172734,0.0,0.0,0.0,0.0,83.14
2016-10-19,42,10,2016,94.0,112.53,-0.9350162426854148,0.35460488704253557,77.2,78.38,77.2,78.38,83.14,70.07,84.32,77.79000000000002,78.085,78.56615384615385,76.64807692307693,0.6812733176437513,0.5462338589485839,2.215161914537177,3.329468449151995,-1.1799999999999926,-1.1799999999999926,-0.015054860933911618,-0.015054860933911618,85.51
2016-10-26,43,10,2016,94.0,156.87,-0.8854560256532101,0.464723172043768,83.14,77.2,78.38,78.38,83.14,71.26,80.76,79.275,78.67999999999999,78.56615384615385,77.15076923076923,2.6360260494413494,1.8793007818499152,2.215161914537177,3.2829120281645716,5.939999999999998,5.939999999999998,0.07694300518134711,0.07694300518134711,85.51
2016-11-02,44,10,2016,94.0,137.61,-0.822983865893657,0.5680647467311548,85.51,83.14,78.38,78.38,78.38,71.26,80.76,81.05750000000002,79.57124999999999,78.74846153846154,77.69884615384615,3.9247452146604482,3.0455280447762436,2.6731406190386955,3.4455958287989383,2.3700000000000045,7.13000000000001,0.028506134231417013,0.0909670834396532,84.32
2016-11-09,45,11,2016,93.0,91.74,-0.7485107481711011,0.6631226582407952,85.51,85.51,77.2,78.38,76.01,71.26,80.76,82.84000000000002,80.4625,79.2969230769231,78.24692307692308,3.9224737092809345,3.633608006231126,3.2585819630907755,3.5131100401066244,0.0,7.13000000000001,0.0,0.0909670834396532,84.32
2016-11-16,46,11,2016,92.0,78.89,-0.6631226582407955,0.7485107481711007,84.32,85.51,83.14,77.2,76.01,73.63,78.38,84.62000000000002,81.205,79.93615384615386,78.74923076923076,1.134988986730796,3.752233620518149,3.3731255003260867,3.4061919183550127,-1.190000000000012,7.11999999999999,-0.013916500994035963,0.09222797927461124,95.01
2016-11-23,47,11,2016,91.0,74.92,-0.5680647467311559,0.8229838658936564,84.32,84.32,85.51,78.38,78.38,76.01,73.63,84.91500000000002,82.095,80.57538461538462,79.16038461538461,0.6870468203358094,3.502676527633149,3.354438888448423,3.408725839108403,0.0,1.1799999999999926,0.0,0.014192927592013405,91.45
2016-12-07,49,12,2016,94.0,71.25,-0.35460488704253595,0.9350162426854147,91.45,95.01,84.32,77.2,78.38,77.2,68.88,88.77500000000002,85.80749999999999,82.86,80.39384615384614,5.345555786507798,5.376280578358171,5.657958995956596,5.0700659379770965,-3.5600000000000023,5.939999999999998,-0.03746974002736558,0.0694655595836744,95.01
2016-12-14,50,12,2016,94.0,79.51,-0.2393156642875578,0.970941817426052,95.01,91.45,84.32,83.14,78.38,76.01,66.51,91.44750000000002,88.03375,84.13923076923076,81.07884615384614,5.039314602866846,4.97534187627364,6.392889880607045,5.775363764771472,3.5600000000000023,10.690000000000012,0.038928376161837086,0.12677893738140433,91.45
2016-12-21,51,12,2016,95.0,85.01,-0.12053668025532363,0.992708874098054,95.01,95.01,95.01,85.51,77.2,73.63,66.51,94.12,89.51750000000001,85.41846153846154,81.8096153846154,1.7800000000001133,5.076350629573682,6.795585388261887,6.287670144513329,0.0,10.690000000000012,0.0,0.12677893738140433,86.7
2017-01-04,1,1,2017,98.0,81.95,0.12053668025532305,0.992708874098054,86.7,91.45,95.01,84.32,78.38,76.01,66.51,92.04250000000002,90.40875,87.15461538461538,82.90615384615384,3.9372357054157097,4.684068553551801,6.027115970595358,6.239932100226301,-4.75,-4.75,-0.051940951339529806,-0.051940951339529806,84.32
2017-01-11,2,1,2017,98.0,97.85,0.23931566428755774,0.970941817426052,86.7,86.7,95.01,84.32,77.2,80.76,66.51,89.96500000000002,90.70625,87.79461538461538,83.3173076923077,4.040532143171274,4.302115551025189,5.429867425300486,6.118365505720322,0.0,-8.310000000000002,0.0,-0.08746447742342911,85.51
2017-01-18,3,1,2017,98.0,105.5,0.3546048870425356,0.9350162426854148,84.32,86.7,91.45,95.01,83.14,83.14,64.13,87.2925,90.70625,88.3423076923077,83.45423076923076,2.9901323827996027,4.302115551025189,4.561880375901144,6.09864914425032,-2.3800000000000097,-10.690000000000012,-0.027450980392156987,-0.11251447216082533,85.51
2017-01-25,4,1,2017,97.0,114.67,0.4647231720437685,0.8854560256532099,85.51,84.32,86.7,91.45,85.51,83.14,61.76,85.8075,89.51875,88.5246153846154,83.54538461538462,1.1393382582300917,4.2553309003549815,4.380400695865592,6.111462823760248,1.190000000000012,-5.939999999999998,0.014112903225806495,-0.06495352651722253,85.51
2017-02-01,5,1,2017,97.0,94.18,0.5680647467311558,0.8229838658936564,85.51,85.51,86.7,95.01,85.51,78.38,59.38,85.51000000000002,88.77625,88.5246153846154,83.63653846153845,0.9716309313040474,4.386420400355967,4.380400695865592,6.1228385197154465,0.0,-1.1899999999999977,0.0,-0.013725490196078383,84.32
2017-02-08,6,2,2017,97.0,105.5,0.6631226582407952,0.7485107481711011,85.51,85.51,84.32,95.01,84.32,76.01,59.38,85.21250000000002,87.58875,88.52461538461537,83.91076923076922,0.5950000000000786,3.688055769267974,4.380400695865592,6.03705949818825,0.0,-1.1899999999999977,0.0,-0.013725490196078383,86.7
2017-02-15,7,2,2017,97.0,96.32,0.7485107481711011,0.6631226582407953,84.32,85.51,85.51,91.45,84.32,76.01,60.57,85.21250000000002,86.25250000000001,88.52461538461537,84.23038461538462,0.5950000000000786,2.2846553350753656,4.380400695865592,5.818046050539931,-1.190000000000012,0.0,-0.013916500994035963,0.0,87.89
2017-02-22,8,2,2017,97.0,88.68,0.8229838658936564,0.5680647467311559,86.7,84.32,85.51,86.7,95.01,78.38,61.76,85.51000000000002,85.65875,88.70769230769231,84.64153846153846,0.9716309313040474,0.9930823229161414,4.237428768018663,5.587022600501166,2.3800000000000097,1.1899999999999977,0.02822580645161299,0.013916500994035852,90.26
2017-03-01,9,2,2017,97.0,94.18,0.8854560256532099,0.4647231720437686,87.89,86.7,85.51,86.7,91.45,78.38,61.76,86.10500000000002,85.8075,88.16,85.00730769230769,1.536283393995647,1.2317670234620135,3.791653113519567,5.470786822897376,1.1899999999999977,2.3799999999999955,0.013725490196078383,0.027833001988071482,93.82
2017-03-08,10,3,2017,97.0,93.88,0.9350162426854148,0.35460488704253557,90.26,87.89,84.32,84.32,95.01,78.38,62.95,87.29250000000002,86.25250000000001,88.06846153846155,85.46423076923078,2.473181149855419,2.002311164651571,3.7192804997508158,5.390655005160718,2.3700000000000045,4.75,0.0269655250881784,0.055549058589638545,100.95
2017-03-15,11,3,2017,97.0,94.8,0.970941817426052,0.23931566428755804,93.82,90.26,86.7,85.51,95.01,78.38,66.51,89.6675,87.44,87.97692307692309,86.05807692307691,3.138995327595578,3.169407335327976,3.5447481918352004,5.429337358637313,3.559999999999988,9.5,0.039441613117660035,0.11266603415559784,99.76
2017-03-22,12,3,2017,96.0,81.95,0.992708874098054,0.120536680255323,100.95,93.82,87.89,85.51,91.45,77.2,66.51,93.23000000000002,89.37,88.43384615384616,86.92615384615384,5.694529538659625,5.597346310027016,4.716154044800532,5.933520423444489,7.13000000000001,14.25,0.07599658921338737,0.16435986159169547,97.39
2017-03-29,13,3,2017,96.0,77.98,1.0,-1.6081226496766366e-16,99.76,100.95,90.26,85.51,86.7,78.38,66.51,96.19750000000002,91.15125,89.07307692307693,87.79384615384615,5.039314602866851,6.402919953322724,5.633071075667299,6.101478559778152,-1.1899999999999977,11.870000000000005,-0.011788013868251568,0.135055182614632,100.95
2017-04-05,14,4,2017,96.0,77.98,0.992708874098054,-0.12053668025532288,97.39,99.76,93.82,84.32,86.7,78.38,66.51,97.98000000000002,92.63625,89.8953846153846,88.525,3.1434057962662876,6.284200000234201,6.024444117344536,6.067182047709424,-2.3700000000000045,7.1299999999999955,-0.02375701684041709,0.07899401728340338,99.76
2017-04-12,15,4,2017,97.0,74.31,0.9709418174260521,-0.2393156642875575,100.95,97.39,100.95,86.7,84.32,77.2,68.88,99.76250000000002,94.715,90.99153846153847,89.39307692307693,1.6782009216222722,5.8776453011218734,6.657708372192465,6.171335524332903,3.5600000000000023,7.13000000000001,0.036554060991888404,0.07599658921338737,105.7
2017-04-19,16,4,2017,98.0,74.92,0.9350162426854148,-0.35460488704253545,99.76,100.95,99.76,87.89,85.51,83.14,70.07,99.465,96.34750000000001,92.17923076923077,90.26076923076924,1.4927491416847303,5.095072549611001,6.744995010542202,5.971135183921237,-1.1899999999999977,-1.1899999999999977,-0.011788013868251568,-0.011788013868251568,104.51
2017-04-26,17,4,2017,98.0,72.78,0.8854560256532099,-0.4647231720437685,105.7,99.76,97.39,90.26,85.51,85.51,71.26,100.95000000000002,98.57375,93.73230769230769,91.12846153846155,3.4953397545876084,4.751071871552355,7.376287632047817,6.509840976437739,5.939999999999998,5.939999999999998,0.05954290296712106,0.05954290296712106,99.76
2017-05-03,18,4,2017,97.0,81.03,0.8229838658936565,-0.5680647467311557,104.51,105.7,100.95,93.82,85.51,85.51,71.26,102.73000000000002,100.35499999999999,95.19384615384615,91.85923076923078,2.8271658364282914,3.7558830044266815,7.492765998456475,6.908153399039526,-1.1899999999999977,7.1200000000000045,-0.011258278145695355,0.07310812198377659,96.2
2017-05-10,19,5,2017,97.0,93.27,0.7485107481711013,-0.663122658240795,99.76,104.51,99.76,100.95,84.32,84.32,71.26,102.43250000000002,101.09750000000001,96.28999999999999,92.4073076923077,3.1239438215180186,2.7251199187397943,6.983022268325781,6.949428498918755,-4.75,-1.1899999999999977,-0.04545019615347812,-0.011788013868251568,93.82
2017-05-17,20,5,2017,96.0,81.03,0.6631226582407952,-0.7485107481711012,96.2,99.76,105.7,99.76,86.7,84.32,73.63,101.54250000000002,100.50375,97.20384615384616,92.86423076923076,4.389778847884471,3.2321462904610514,5.993203843323411,6.785029505069296,-3.5600000000000023,-3.5600000000000023,-0.03568564554931841,-0.03568564554931841,92.64
2017-05-24,21,5,2017,96.0,80.42,0.5680647467311558,-0.8229838658936564,93.82,96.2,104.51,97.39,87.89,95.01,76.01,98.57250000000002,99.76125,97.75153846153846,93.22961538461537,4.650414856046054,4.014905932016512,5.2300571159244456,6.558518418530148,-2.3800000000000097,-11.88000000000001,-0.02474012474012488,-0.11239356669820255,90.26
2017-05-31,22,5,2017,97.0,85.01,0.46472317204376906,-0.8854560256532096,92.64,93.82,99.76,100.95,90.26,91.45,78.38,95.60500000000002,99.1675,98.11692307692309,93.13846153846154,3.1408862868093577,4.707218620686907,4.61324431142095,6.549247097072069,-1.1799999999999926,-11.870000000000005,-0.012577275634193086,-0.11357764807195492,87.89
2017-06-07,23,6,2017,97.0,81.95,0.35460488704253584,-0.9350162426854147,90.26,92.64,96.2,99.76,93.82,95.01,77.2,93.23000000000002,97.83125,98.11692307692307,93.09269230769232,2.472380768948622,5.567598706554528,4.61324431142095,6.565656437979668,-2.3799999999999955,-9.5,-0.025690846286701152,-0.09522854851643947,85.51
2017-06-14,24,6,2017,95.0,77.98,0.23931566428755768,-0.970941817426052,87.89,90.26,93.82,105.7,100.95,95.01,76.01,91.1525,96.3475,97.66076923076922,92.81884615384615,2.631138853551234,6.486065833776682,5.313549443850328,6.630650844029578,-2.3700000000000045,-8.310000000000002,-0.02625747839574566,-0.08638253638253646,87.89
2017-06-21,25,6,2017,94.0,90.21,0.12053668025532308,-0.992708874098054,85.51,87.89,92.64,104.51,99.76,91.45,73.63,89.07500000000002,93.82375,96.47307692307692,92.45346153846154,3.067403896891775,6.250839800728507,6.173126415644146,6.765456934938485,-2.3799999999999955,-8.309999999999988,-0.027079303675048294,-0.08857386484758034,90.26
2017-06-28,26,6,2017,93.0,97.24,-3.216245299353273e-16,-1.0,87.89,85.51,90.26,99.76,97.39,86.7,76.01,87.88750000000002,91.74624999999999,95.56,92.31653846153846,1.93918152837741,4.780860465000072,6.514835633633948,6.822363193095726,2.3799999999999955,-4.75,0.027833001988071482,-0.05127374784110539,90.26
2017-07-05,27,7,2017,93.0,88.07,-0.12053668025532283,-0.992708874098054,90.26,87.89,87.89,96.2,100.95,86.7,76.01,87.88750000000002,90.55875,95.01153846153846,92.45346153846154,1.93918152837741,3.519413252652189,6.646725818212839,6.7403631607286005,2.3700000000000045,0.0,0.0269655250881784,0.0,90.26
2017-07-12,28,7,2017,94.0,95.41,-0.23931566428755743,-0.9709418174260521,90.26,90.26,85.51,93.82,99.76,84.32,80.76,88.48000000000002,89.81625000000001,94.18923076923078,92.59038461538461,2.2734555196880737,2.687510465112074,6.510689238391505,6.654423780178077,0.0,2.3700000000000045,0.0,0.0269655250881784,91.45
2017-07-19,29,7,2017,94.0,94.18,-0.3546048870425356,-0.9350162426854148,90.26,90.26,87.89,92.64,105.7,85.51,83.14,89.66750000000002,89.37125,93.45846153846153,92.81884615384617,1.185000000000092,2.175896777377396,6.364825012192373,6.458198712909827,0.0,4.75,0.0,0.055549058589638545,93.82
2017-07-26,30,7,2017,95.0,91.13,-0.46472317204376806,-0.8854560256532101,91.45,90.26,90.26,90.26,104.51,85.51,83.14,90.55750000000002,89.2225,92.3623076923077,93.0473076923077,0.5949999999999989,1.9494010069253016,5.201685870693031,6.292235569460498,1.1899999999999977,3.5600000000000023,0.013184134721914376,0.040505176925702546,91.45
2017-08-02,31,7,2017,96.0,91.13,-0.5680647467311556,-0.8229838658936566,93.82,91.45,90.26,87.89,99.76,85.51,78.38,91.44750000000002,89.6675,91.53999999999999,93.36692307692309,1.6782009216221192,2.5376465475095187,3.768934420575372,6.102247959063234,2.3699999999999903,3.559999999999988,0.025915800984144255,0.039441613117660035,90.26
2017-08-09,32,8,2017,97.0,90.21,-0.663122658240795,-0.7485107481711013,91.45,93.82,90.26,85.51,96.2,84.32,76.01,91.74500000000002,90.11250000000001,90.90076923076923,93.59538461538462,1.492749141684566,2.4931663746159107,2.851696750866956,5.904310446292522,-2.3699999999999903,1.1899999999999977,-0.025261138350031853,0.013184134721914376,90.26
2017-08-16,33,8,2017,211.0,94.18,-0.7485107481711011,-0.6631226582407952,90.26,91.45,91.45,87.89,93.82,86.7,76.01,91.745,90.70625000000001,90.44384615384615,93.82384615384616,1.492749141684566,1.670311668975375,2.366444373799969,5.640060337924554,-1.1899999999999977,0.0,-0.01301257517769272,0.0,95.01
2017-08-23,34,8,2017,98.0,104.58,-0.8229838658936564,-0.5680647467311559,90.26,90.26,93.82,90.26,92.64,87.89,78.38,91.44750000000002,91.00250000000001,90.17,93.96076923076923,1.6782009216221192,1.2589876886159994,2.1381689986053676,5.501713858849835,0.0,-1.1899999999999977,0.0,-0.01301257517769272,97.39
2017-08-30,35,8,2017,98.0,102.44,-0.8854560256532096,-0.4647231720437691,95.01,90.26,91.45,90.26,90.26,90.26,78.38,91.74500000000002,91.59625,90.35230769230769,94.2346153846154,2.247791508718435,1.8432807514477938,2.4452987337678014,5.362903117360845,4.75,1.190000000000012,0.05262574783957463,0.01268386271583899,95.01
2017-09-06,36,9,2017,104.0,103.36,-0.9350162426854147,-0.3546048870425359,97.39,95.01,90.26,90.26,87.89,93.82,78.38,93.23000000000002,92.4875,90.90076923076923,94.50884615384615,3.5644447908007693,2.651445697313181,3.1273510130628392,5.333748645692755,2.3799999999999955,5.939999999999998,0.02504999473739611,0.06495352651722253,102.14
2017-09-13,37,9,2017,106.0,105.5,-0.970941817426052,-0.23931566428755774,95.01,97.39,90.26,91.45,85.51,100.95,78.38,94.41750000000002,93.08125,91.44846153846154,94.55461538461539,2.9901323827995956,2.612937249823409,3.1791687754026534,5.332706802947122,-2.3799999999999955,4.75,-0.024437827292329795,0.05262574783957463,111.64
2017-09-20,38,9,2017,105.0,133.02,-0.992708874098054,-0.12053668025532357,102.14,95.01,95.01,93.82,87.89,99.76,77.2,97.38750000000002,94.4175,92.72769230769231,94.60038461538463,3.3611146464628234,4.016173552037536,3.862808032683958,5.394540559324629,7.1299999999999955,11.879999999999995,0.07504473213345952,0.13161976512297802,114.01
2017-09-27,39,9,2017,105.0,187.45,-1.0,-1.8369701987210297e-16,111.64,102.14,97.39,91.45,90.26,97.39,78.38,101.54500000000002,96.645,94.55461538461539,95.0573076923077,7.35375867612387,7.26509266483619,6.257915807706514,6.279571041208378,9.5,16.629999999999995,0.09300959467397685,0.1750342069255868,111.64
2017-10-04,40,10,2017,105.0,236.99,-0.992708874098054,0.1205366802553232,114.01,111.64,95.01,90.26,90.26,100.95,78.38,105.70000000000002,99.465,96.38153846153847,95.69653846153845,8.780459365355965,9.105783091770311,8.096382778901818,7.290992767689846,2.3700000000000045,16.620000000000005,0.021228950197061947,0.17065407125988297,109.26
2017-10-11,41,10,2017,105.0,126.29,-0.9709418174260521,0.23931566428755738,111.64,114.01,102.14,90.26,90.26,99.76,77.2,109.85750000000002,102.1375,98.02615384615386,96.10769230769232,5.264905032381949,9.155541257313482,8.882578959643066,7.876964546167665,-2.3700000000000045,16.629999999999995,-0.020787650206122277,0.1750342069255868,114.01
2017-10-18,42,10,2017,105.0,129.96,-0.9350162426854148,0.35460488704253557,109.26,111.64,111.64,95.01,91.45,105.7,83.14,111.63750000000002,104.5125,99.48769230769231,96.47307692307692,1.9391815283775884,8.029388430728176,9.059614739640134,8.263986819561723,-2.3799999999999955,7.1200000000000045,-0.02131852382658539,0.06970824358723315,121.14
2017-10-25,43,10,2017,106.0,122.32,-0.8854560256532101,0.464723172043768,114.01,109.26,114.01,97.39,93.82,104.51,85.51,112.23000000000002,106.8875,101.22307692307693,96.7926923076923,2.273455519688226,7.616500414987897,9.539663153217706,8.779723256548696,4.75,2.3700000000000045,0.043474281530294645,0.021228950197061947,117.58
2017-11-01,44,10,2017,106.0,135.47,-0.822983865893657,0.5680647467311548,121.14,114.01,111.64,95.01,91.45,99.76,85.51,114.01250000000002,109.85625,103.32461538461538,97.4323076923077,5.132129999652604,8.004471852841915,10.710300038888478,9.898861068909985,7.1299999999999955,7.1299999999999955,0.06253837382685723,0.06253837382685723,116.39
2017-11-08,45,11,2017,109.0,122.32,-0.7485107481711011,0.6631226582407952,117.58,121.14,109.26,102.14,90.26,96.2,84.32,115.49750000000002,112.67750000000001,105.33461538461539,98.11769230769231,5.07588005505787,5.657745007642982,10.747924307651946,10.654546562927088,-3.5600000000000023,5.939999999999998,-0.02938748555390458,0.05320673593694014,116.39
2017-11-15,46,11,2017,110.0,116.2,-0.6631226582407955,0.7485107481711007,116.39,117.58,114.01,111.64,90.26,93.82,84.32,117.28,114.45875000000001,107.34461538461538,98.89423076923079,2.9706677139437345,3.8066011742865773,10.118756194464645,11.229435310141733,-1.1899999999999977,7.1299999999999955,-0.01012076883823776,0.06525718469705288,114.01
2017-11-29,48,11,2017,110.0,91.74,-0.4647231720437684,0.88545602565321,114.01,116.39,117.58,111.64,97.39,90.26,91.45,116.09250000000002,115.05250000000001,110.81615384615385,100.58423076923077,1.4973838296623614,3.6722035035531913,7.927902768553214,11.912971140091676,-2.3799999999999955,-7.1299999999999955,-0.020448492138499863,-0.05885752022453361,117.58
2018-07-11,27,7,2018,122.0,127.21,-0.12053668025532283,-0.992708874098054,116.39,117.58,116.39,116.39,115.2,114.01,90.26,117.28,116.53750000000001,115.74846153846154,115.29192307692308,1.1349889867311949,1.1766265338157709,1.424200630473544,2.0414838118095795,-1.1899999999999977,1.1899999999999977,-0.01012076883823776,0.010329861111111116,117.58
2018-07-18,28,7,2018,122.0,126.29,-0.23931566428755743,-0.9709418174260521,117.58,116.39,118.76,116.39,115.2,116.39,91.45,117.57750000000001,116.68625,115.93153846153845,115.42923076923077,0.9675527548069207,1.2293545054536812,1.498837583765501,2.0716484703370264,1.1899999999999977,1.1899999999999977,0.010224246069249876,0.010224246069249876,117.58
2018-07-25,29,7,2018,122.0,136.08,-0.3546048870425356,-0.9350162426854148,117.58,117.58,117.58,115.2,114.01,116.39,93.82,117.28250000000001,116.835,116.11461538461539,115.475,0.5950000000009248,1.2600000000314344,1.546628674360546,2.1065749452688207,0.0,-1.1800000000000068,0.0,-0.009936005389019953,117.58
2018-08-01,30,7,2018,122.0,165.74,-0.46472317204376806,-0.8854560256532101,117.58,117.58,116.39,115.2,114.01,118.76,91.45,117.28250000000001,117.13250000000001,116.38923076923076,115.52076923076925,0.5950000000009248,1.0880487121811748,1.456087574833731,2.1399138731850167,0.0,0.0,0.0,0.0,115.2
2018-08-08,31,8,2018,122.0,181.95,-0.5680647467311556,-0.8229838658936566,117.58,117.58,117.58,116.39,114.01,116.39,90.26,117.58,117.42999999999999,116.66384615384615,115.47538461538463,1.0610561539514378e-06,0.7601315676111677,1.2980468562305214,2.0801446695333907,0.0,1.1899999999999977,0.0,0.010224246069249876,115.2
2018-08-15,32,8,2018,121.0,160.54,-0.663122658240795,-0.7485107481711013,115.2,117.58,117.58,118.76,116.39,110.45,90.26,116.98500000000001,117.28125,116.75538461538461,115.42961538461539,1.1900000000004505,1.0528117115985445,1.12583757991755,2.072292413292149,-2.3799999999999955,-2.3799999999999955,-0.02024153767647552,-0.02024153767647552,117.58
2018-08-22,33,8,2018,121.0,142.19,-0.7485107481711011,-0.6631226582407952,115.2,115.2,117.58,117.58,116.39,110.45,95.01,116.39000000000001,116.83625,116.66384615384617,115.6123076923077,1.3740936406716835,1.0901892037986802,1.2037063488672288,1.8082949044812182,0.0,-2.3799999999999955,0.0,-0.02024153767647552,118.76
2018-08-29,34,8,2018,122.0,181.33,-0.8229838658936564,-0.5680647467311559,117.58,115.2,117.58,116.39,115.2,112.83,97.39,116.39000000000001,116.83624999999999,116.75538461538461,115.88653846153846,1.3740936406716835,1.0901892037986802,1.2261838862997962,1.5101706984628265,2.3799999999999955,0.0,0.020659722222222232,0.0,118.76
2018-09-05,35,9,2018,123.0,164.52,-0.8854560256532096,-0.4647231720437691,118.76,117.58,115.2,117.58,115.2,114.01,95.01,116.685,117.1325,117.02923076923076,116.11461538461539,1.7811138836884421,1.2603372564830018,1.2472199855086465,1.4775282894712756,1.1800000000000068,1.1800000000000068,0.010035720360605627,0.010035720360605627,118.76
2018-09-12,36,9,2018,123.0,149.23,-0.9350162426854147,-0.3546048870425359,118.76,118.76,115.2,117.58,116.39,114.01,102.14,117.57500000000002,117.28,117.30307692307692,116.2973076923077,1.6782034044381495,1.3832466984057756,1.2021257880109946,1.5003747737057072,0.0,3.5600000000000023,0.0,0.030902777777777724,118.76
2018-09-19,37,9,2018,123.0,158.4,-0.970941817426052,-0.23931566428755774,118.76,118.76,117.58,117.58,118.76,116.39,111.64,118.46500000000002,117.42750000000001,117.48538461538462,116.48,0.5900000000010143,1.4793796962893884,1.231466709397782,1.4999119974298207,0.0,3.5600000000000023,0.0,0.030902777777777724,121.14
2018-09-26,38,9,2018,123.0,147.7,-0.992708874098054,-0.12053668025532357,118.76,118.76,118.76,117.58,117.58,116.39,114.01,118.76,117.575,117.48538461538463,116.57115384615386,1.1029879375515614e-06,1.5537144433606556,1.231466709397782,1.5648343731585437,0.0,1.1800000000000068,0.0,0.010035720360605627,125.89
2018-10-03,39,9,2018,125.0,159.93,-1.0,-1.8369701987210297e-16,121.14,118.76,118.76,115.2,116.39,116.39,111.64,119.35500000000002,118.02000000000001,117.75923076923075,116.75384615384615,1.1900000000005289,2.000828399886671,1.5961018218102263,1.8021255825880769,2.3799999999999955,2.3799999999999955,0.020040417649040076,0.020040417649040076,127.08
2018-10-10,40,10,2018,128.0,152.9,-0.992708874098054,0.1205366802553232,125.89,121.14,118.76,115.2,117.58,115.2,109.26,121.13750000000002,119.35625,118.49000000000001,117.11923076923077,3.361114646462993,3.110424580584912,2.705900959005209,2.5381661459898623,4.75,7.1299999999999955,0.03921083044411433,0.06003704951162003,131.83
2018-10-17,41,10,2018,128.0,155.34,-0.9709418174260521,0.23931566428755738,127.08,125.89,118.76,117.58,117.58,115.2,114.01,123.21750000000002,120.84125,119.22076923076924,117.57615384615386,3.926256699028759,3.6344244484520836,3.5809739399945495,3.1696208945894577,1.1899999999999977,8.319999999999993,0.009452696798792681,0.07005725833614007,131.83
2018-10-24,42,10,2018,128.0,155.34,-0.9350162426854148,0.35460488704253557,131.83,127.08,121.14,118.76,117.58,114.01,121.14,126.48500000000001,122.6225,120.31692307692308,118.21576923076924,4.391131213404492,5.031292790420187,4.954466645718397,4.185936619760098,4.750000000000014,13.070000000000007,0.03737802958766134,0.11005389019872025,130.64
2018-10-31,43,10,2018,127.0,145.25,-0.8854560256532101,0.464723172043768,131.83,131.83,125.89,118.76,117.58,114.01,117.58,129.15750000000003,124.25625000000001,121.41307692307693,118.90115384615386,3.123943821518261,5.678322029570439,5.802304692407729,4.872358219119112,0.0,10.690000000000012,0.0,0.0882450057784383,129.45
2018-11-07,44,11,2018,126.0,109.47,-0.822983865893657,0.5680647467311548,130.64,131.83,127.08,118.76,115.2,114.01,116.39,130.34500000000003,125.74125000000001,122.4176923076923,119.54076923076923,2.2477915087189233,5.588318012994739,6.20029724266373,5.2791559348676245,-1.1900000000000261,4.749999999999986,-0.009026776909656586,0.03773135276828965,128.27
2018-11-14,45,11,2018,125.0,102.44,-0.7485107481711011,0.6631226582407952,129.45,130.64,131.83,118.76,115.2,116.39,116.39,130.9375,127.07750000000001,123.51384615384616,120.13461538461539,1.1393382582310398,4.918442697796101,6.0763359826713925,5.496077314429472,-1.1899999999999977,2.3699999999999903,-0.00910900183710961,0.018649669499527732,127.08
2019-07-10,27,7,2019,115.0,138.52,-0.12053668025532283,-0.992708874098054,112.83,112.83,114.01,109.26,112.83,118.76,117.58,113.12500000000001,112.82625,111.9123076923077,110.63307692307694,0.5900000000008346,1.7953347280647398,2.0669105521793902,3.6903645014933577,0.0,-2.3700000000000045,0.0,-0.02057291666666672,121.14
2019-07-17,28,7,2019,115.0,152.9,-0.23931566428755743,-0.9709418174260521,115.2,112.83,112.83,111.64,111.64,114.01,117.58,113.42250000000001,113.56875,112.09461538461538,110.49615384615385,1.1850000000004204,1.2574740838320875,2.250928013735292,3.4339028255646418,2.3700000000000045,1.1899999999999977,0.021005051847912792,0.010437680905183822,128.27
2019-07-24,29,7,2019,115.0,162.99,-0.3546048870425356,-0.9350162426854148,121.14,115.2,112.83,114.01,109.26,111.64,117.58,115.50000000000001,114.75625,112.82538461538462,110.7703846153846,3.9224737092810558,2.7617589503938254,3.359937041526033,3.9687846812582257,5.939999999999998,8.310000000000002,0.051562499999999956,0.0736506248338209,133.02
2019-07-31,30,7,2019,114.0,157.79,-0.46472317204376806,-0.8854560256532101,128.27,121.14,112.83,115.2,109.26,109.26,117.58,119.36000000000003,116.53875,114.28769230769232,111.41,6.892096923288389,5.477711820257997,5.271747265443578,5.248332306555663,7.13000000000001,15.440000000000012,0.05885752022453361,0.13684303819906063,130.64
2019-08-07,31,8,2019,114.0,164.52,-0.5680647467311556,-0.8229838658936566,133.02,128.27,115.2,114.01,109.26,104.51,115.2,124.40750000000003,118.76625,116.11538461538461,112.32384615384616,7.843227970676457,7.92989450029403,7.16293423975263,6.720956525333292,4.75,20.190000000000012,0.03703126218133623,0.1789417708056369,128.27
2019-08-14,32,8,2019,114.0,158.71,-0.663122658240795,-0.7485107481711013,130.64,133.02,121.14,112.83,109.26,102.14,115.2,128.2675,120.845,117.75999999999999,113.32884615384616,5.132129999652681,8.651812361750322,7.876641627830855,7.422792103745042,-2.380000000000024,15.439999999999984,-0.017892046308825904,0.13402777777777763,131.83
2019-08-21,33,8,2019,113.0,144.03,-0.7485107481711011,-0.6631226582407952,128.27,130.64,128.27,112.83,111.64,104.51,117.58,130.05,122.775,119.22230769230768,114.33384615384617,2.273455519688421,8.324389295493997,7.931526916723832,7.613759164527032,-2.369999999999976,7.13000000000001,-0.018141457440293718,0.05885752022453361,135.39
2019-08-28,34,8,2019,113.0,143.11,-0.8229838658936564,-0.5680647467311559,131.83,128.27,133.02,112.83,114.01,105.7,118.76,130.94000000000003,125.15,120.77538461538462,115.38461538461539,2.027921760489903,7.773886691082613,8.291638976886492,8.074982714915754,3.5600000000000023,3.5600000000000023,0.027753956498012045,0.027753956498012045,138.95
2019-09-04,35,9,2019,112.0,134.24,-0.8854560256532096,-0.4647231720437691,135.39,131.83,130.64,115.2,115.2,108.08,118.76,131.53250000000003,127.97,122.42,116.52653846153846,2.9670004493879687,6.681415589962237,8.933411069310571,8.72388351243272,3.559999999999974,2.369999999999976,0.02700447546082052,0.01781686964366247,142.52
2019-09-11,36,9,2019,112.0,120.18,-0.9350162426854147,-0.3546048870425359,138.95,135.39,128.27,121.14,114.01,109.26,118.76,133.61,130.93875,124.24692307692308,117.71384615384615,4.595940237499645,5.338122830847752,9.72708022705365,9.586384126218707,3.5600000000000023,8.310000000000002,0.02629440874510669,0.06360992039191671,141.33
2019-09-18,37,9,2019,113.0,115.9,-0.970941817426052,-0.23931566428755774,142.52,138.95,131.83,128.27,112.83,109.26,118.76,137.1725,133.61125,126.44,118.99307692307691,4.599814307846379,5.077129215560988,10.416250125002582,10.580736371060336,3.5700000000000216,14.25,0.025692695214105887,0.1110937865440087,140.14
2019-09-25,38,9,2019,116.0,113.75,-0.992708874098054,-0.12053668025532357,141.33,142.52,135.39,133.02,112.83,111.64,121.14,139.5475,135.24375,128.6323076923077,120.22653846153847,3.1440353581559672,5.212216247850779,10.311718377525002,11.248907126405388,-1.1899999999999977,9.5,-0.008349705304518618,0.07206250474095421,136.58
2019-10-02,39,9,2019,116.0,110.09,-1.0,-1.8369701987210297e-16,140.14,141.33,138.95,130.64,112.83,112.83,125.89,140.735,136.13375,130.7330769230769,121.32269230769231,1.5362833939960936,5.3833312509278635,9.580015992168729,11.755891648938007,-1.1900000000000261,4.75,-0.008420009905894199,0.035083831893049755,135.39
2019-10-09,40,10,2019,115.0,117.42,-0.992708874098054,0.1205366802553232,136.58,140.14,142.52,128.27,115.2,112.83,127.08,140.14250000000004,136.87625,132.56,122.23615384615384,2.5660654057658236,4.905815608620832,8.018714568637956,11.989978507712854,-3.559999999999974,-2.369999999999976,-0.02540316826031097,-0.01705649514213725,135.39
2019-10-16,41,10,2019,115.0,113.14,-0.9709418174260521,0.23931566428755738,135.39,136.58,141.33,131.83,121.14,111.64,131.83,138.36,137.76625,134.11307692307693,123.10384615384615,2.8271658364284553,3.5911356639949177,6.102459046172329,12.097871573769321,-1.1900000000000261,-7.130000000000024,-0.008712842290233058,-0.050028066236317836,135.39
2019-10-23,42,10,2019,115.0,120.48,-0.9350162426854148,0.35460488704253557,135.39,135.39,140.14,135.39,128.27,109.26,131.83,136.875,138.21125,135.20923076923077,124.0173076923077,2.247791508718773,2.9055879046247934,4.695651288755979,12.094292061198509,0.0,-5.940000000000026,0.0,-0.0420292931437064,133.02
2019-10-30,43,10,2019,116.0,112.23,-0.8854560256532101,0.464723172043768,135.39,135.39,136.58,138.95,133.02,109.26,130.64,135.6875,138.21125,135.75692307692307,125.02230769230769,0.5950000000013306,2.9055879046247934,4.208818885413268,11.90310356426293,0.0,-4.75,0.0,-0.033894676751819564,128.27
2019-11-06,44,11,2019,116.0,105.19,-0.822983865893657,0.5680647467311548,133.02,135.39,135.39,142.52,130.64,109.26,129.45,134.7975,137.47,135.75692307692307,125.93615384615386,1.1850000000006484,3.4038801389110946,4.208818885413268,11.551444265346852,-2.369999999999976,-3.5600000000000023,-0.017504985597163625,-0.026065309708595663,124.7
2019-11-13,45,11,2019,116.0,123.23,-0.7485107481711011,0.6631226582407952,128.27,133.02,135.39,141.33,128.27,109.26,128.27,133.0175,135.68875,135.57461538461538,126.66730769230769,3.3564006018354626,4.050740452603613,4.490813985945656,11.044184191762117,-4.75,-7.119999999999976,-0.035708915952488374,-0.05258881749021327,117.58
2019-11-20,46,11,2019,116.0,121.09,-0.6631226582407955,0.7485107481711007,124.7,128.27,135.39,140.14,131.83,111.64,127.08,130.34500000000003,133.61,135.3,127.26115384615385,4.788155525182402,4.9167178367065265,5.049161646579365,10.470982886788335,-3.5700000000000074,-10.689999999999984,-0.027831917049972787,-0.07895708693404224,117.58
2019-12-04,48,12,2019,116.0,107.33,-0.4647231720437684,0.88545602565321,117.58,117.58,128.27,135.39,138.95,115.2,124.7,122.03250000000003,128.415,132.83384615384614,127.62692307692308,5.343889812985924,7.706904140356608,8.380589218007234,10.010783293722602,0.0,-15.440000000000012,0.0,-0.11607277101187796,119.95
2020-07-08,27,7,2020,92.0,90.21,-0.12053668025532283,-0.992708874098054,97.39,95.01,87.89,86.7,93.82,118.76,115.2,92.34,88.77624999999999,90.16846153846154,100.21846153846153,4.587185048225817,4.908063154509093,4.349135634716246,11.77736530547052,2.3799999999999955,11.879999999999995,0.02504999473739611,0.1389311191673488,99.76
2020-07-15,28,7,2020,92.0,88.99,-0.23931566428755743,-0.9709418174260521,97.39,97.39,89.07,84.32,93.82,115.2,121.14,94.715,90.1125,90.44307692307692,99.39653846153846,3.9270132840790257,5.659693959426065,4.697661447662141,11.16119238874149,0.0,9.5,0.0,0.10808965752645361,102.14
2020-07-22,29,7,2020,92.0,104.89,-0.3546048870425356,-0.9350162426854148,99.76,97.39,95.01,84.32,93.82,117.58,128.27,97.38750000000002,92.04249999999999,90.89999999999999,98.8026923076923,1.939181528377301,6.0231333800907665,5.303329143088177,10.687411494912043,2.3700000000000045,10.690000000000012,0.024335147345723396,0.12001796339957349,98.57
2020-07-29,30,7,2020,92.0,114.67,-0.46472317204376806,-0.8854560256532101,102.14,99.76,97.39,85.51,91.45,117.58,133.02,99.17000000000002,94.27000000000001,91.53999999999999,98.20884615384615,2.273455519687962,6.0542240271983765,6.123656315192373,10.009796132560565,2.3799999999999955,7.1299999999999955,0.023857257417802646,0.07504473213345952,103.33
2020-08-05,31,8,2020,91.0,111.31,-0.5680647467311556,-0.8229838658936566,98.57,102.14,97.39,87.89,89.07,115.2,130.64,99.46500000000002,95.9025,92.0876923076923,97.47769230769231,2.0288995375160845,5.0285946631033624,6.425880165188655,9.199761000242264,-3.5700000000000074,1.1799999999999926,-0.03495202663011565,0.012116233699558387,108.08
2020-08-12,32,8,2020,92.0,105.19,-0.663122658240795,-0.7485107481711013,103.33,98.57,99.76,89.07,86.7,104.51,128.27,100.95,97.83250000000001,93.1846153846154,97.02115384615385,2.1726328114370763,4.442903651579663,7.054219322954169,8.557196422627262,4.760000000000005,5.939999999999998,0.04829055493557877,0.06099188828421798,115.2
2020-08-19,33,8,2020,92.0,113.14,-0.7485107481711011,-0.6631226582407952,108.08,103.33,102.14,95.01,84.32,105.7,131.83,103.03,100.20875,94.82923076923076,97.15846153846154,3.9275183004028946,4.161611767101378,7.862381383879295,8.709455409984121,4.75,8.319999999999993,0.04596922481370358,0.0834001603849237,115.2
2020-08-26,34,8,2020,92.0,111.0,-0.8229838658936564,-0.5680647467311559,115.2,108.08,98.57,97.39,84.32,108.08,135.39,106.29500000000002,102.7325,97.2046153846154,97.52384615384615,7.09347352618351,6.187419840756772,9.004521656164878,9.26376471071155,7.1200000000000045,13.060000000000002,0.06587712805329393,0.12786371646759354,117.58
2020-09-02,35,8,2020,92.0,111.61,-0.8854560256532096,-0.4647231720437691,115.2,115.2,103.33,97.39,85.51,111.64,138.95,110.45250000000001,104.95875000000001,99.58,97.79769230769232,5.814816563458065,7.123761922513085,9.387250218599695,9.684002605409523,0.0,16.63000000000001,0.0,0.1687125900375368,117.58
2020-09-09,36,9,2020,92.0,109.47,-0.9350162426854147,-0.3546048870425359,117.58,115.2,108.08,99.76,87.89,112.83,142.52,114.01500000000001,107.4825,102.0469230769231,98.02615384615385,4.112659318089238,7.618505196470425,9.593254908711877,10.085377167732721,2.3799999999999955,14.25,0.020659722222222232,0.13790767444111096,114.01
2020-09-16,37,9,2020,91.0,118.65,-0.970941817426052,-0.23931566428755774,117.58,117.58,115.2,102.14,89.07,110.45,141.33,116.39000000000001,109.71000000000001,104.33076923076922,98.20884615384615,1.3740936406711437,7.643108941117439,9.475481924010186,10.40231140734714,0.0,9.5,0.0,0.08789785344189482,112.83
2020-09-23,38,9,2020,91.0,138.22,-0.992708874098054,-0.12053668025532357,114.01,117.58,115.2,98.57,95.01,100.95,140.14,116.09250000000002,111.19375,106.24923076923076,98.34576923076924,1.7849999999998707,7.096204090925991,8.613783007032676,10.591591447212036,-3.569999999999993,-1.1899999999999977,-0.030362306514713278,-0.010329861111111116,112.83
2020-09-30,39,9,2020,90.0,145.86,-1.0,-1.8369701987210297e-16,112.83,114.01,117.58,103.33,97.39,95.01,136.58,115.50000000000001,112.97625,107.61999999999999,98.8026923076923,2.449612214208515,4.933740793187269,8.077366526284296,10.95833547860158,-1.1800000000000068,-2.3700000000000045,-0.010349969300938566,-0.02057291666666672,112.83
2020-10-07,40,10,2020,90.0,156.87,-0.992708874098054,0.1205366802553232,112.83,112.83,117.58,108.08,97.39,93.82,135.39,114.31250000000001,114.16375,108.8076923076923,99.48807692307693,2.2482344925147126,3.072518452821943,7.566810373645423,11.264626409867555,0.0,-4.75,0.0,-0.040398026875318904,112.83
2020-10-14,41,10,2020,90.0,193.87,-0.9709418174260521,0.23931566428755738,112.83,112.83,114.01,115.2,99.76,93.82,135.39,113.12500000000003,114.75750000000001,109.99538461538462,100.21923076923076,0.5899999999996224,2.001040800630606,6.798018847896036,11.496566069251053,0.0,-4.75,0.0,-0.040398026875318904,112.83
2020-10-21,42,10,2020,90.0,192.34,-0.9350162426854148,0.35460488704253557,112.83,112.83,112.83,115.2,102.14,93.82,135.39,112.83,114.46124999999999,111.00076923076924,100.95038461538462,0.0,2.099200102777892,6.087475477753302,11.676399952305198,0.0,-1.1800000000000068,0.0,-0.010349969300938566,112.83
2020-10-28,43,10,2020,90.0,157.79,-0.8854560256532101,0.464723172043768,112.83,112.83,112.83,117.58,98.57,91.45,133.02,112.83,114.165,111.82307692307693,101.68153846153845,0.0,2.146745044430866,5.482781205148564,11.806509286766362,0.0,0.0,0.0,0.0,111.64
2020-11-04,44,11,2020,90.0,182.25,-0.822983865893657,0.5680647467311548,112.83,112.83,112.83,117.58,103.33,89.07,128.27,112.83,113.57125,112.92,102.50384615384617,0.0,1.6715812659412421,3.7689344205767124,11.809935504287193,0.0,0.0,0.0,0.0,110.45
2020-11-11,45,11,2020,90.0,203.35,-0.7485107481711011,0.6631226582407952,111.64,112.83,112.83,114.01,108.08,86.7,124.7,112.5325,112.82875,113.55923076923077,103.37192307692308,0.5949999999999989,0.6334133721942068,2.496943002736747,11.610810486520071,-1.1899999999999977,-1.1899999999999977,-0.010546840379331734,-0.010546840379331734,108.08
2020-11-18,46,11,2020,92.0,157.48,-0.6631226582407955,0.7485107481711007,110.45,111.64,112.83,112.83,115.2,84.32,117.58,111.93750000000001,112.38374999999999,113.74153846153845,104.28538461538461,1.1393382582300415,0.8853883329220669,2.1219089131815223,11.172688926404058,-1.1899999999999977,-2.3799999999999955,-0.010659261913292695,-0.02109368075866347,109.26
2021-07-07,27,7,2021,126.0,84.09,-0.12053668025532283,-0.992708874098054,204.28,201.9,181.71,180.52,171.02,112.83,97.39,193.29000000000002,188.39125,181.16307692307694,160.37923076923076,11.450312950599619,9.351345873344822,12.23364853223461,26.512790109391236,2.3799999999999955,21.379999999999995,0.011788013868251568,0.11689447785675222,219.71
2021-07-14,28,7,2021,126.0,84.09,-0.23931566428755743,-0.9709418174260521,218.53,204.28,185.27,187.65,168.65,116.39,99.76,202.495,193.1425,184.8176923076923,164.4446153846154,13.630383951549952,13.51151017255004,15.587708915384622,27.028927056880566,14.25,36.81999999999999,0.06975719600548258,0.20263056518628586,213.78
2021-07-21,29,7,2021,126.0,84.4,-0.3546048870425356,-0.9350162426854148,219.71,218.53,201.9,182.9,161.52,125.89,102.14,211.10500000000002,197.15,188.7453846153846,168.41846153846154,9.31824912023025,16.147137738401906,17.491071348635895,27.275271832531313,1.1800000000000068,34.44,0.005399716286093481,0.18589086198521065,209.03
2021-07-28,30,7,2021,126.0,85.62,-0.46472317204376806,-0.8854560256532101,213.78,219.71,204.28,182.9,173.4,125.89,98.57,214.07500000000002,201.01,192.76538461538465,171.79884615384617,7.014967331832142,15.943686614368978,16.699990327035348,27.23997684682198,-5.930000000000007,11.879999999999995,-0.026990123344408534,0.05884101040118872,204.28
2021-08-04,31,8,2021,127.0,103.05,-0.5680647467311556,-0.8229838658936566,209.03,213.78,218.53,181.71,173.4,127.08,103.33,215.2625,204.27625,195.50615384615384,174.99653846153845,4.88189427032912,14.294900127070589,16.172358382160123,26.505160998161713,-4.75,4.75,-0.022219103751520253,0.023252398668494267,204.28
2021-08-11,32,8,2021,127.0,106.42,-0.663122658240795,-0.7485107481711013,204.28,209.03,219.71,185.27,180.52,127.08,108.08,211.70000000000002,207.0975,197.88153846153847,177.96576923076924,6.599792926044873,11.067958580647236,14.870240328787501,25.21538485497743,-4.75,-14.25,-0.022724010907525183,-0.06520843820070465,204.28
2021-08-18,33,8,2021,127.0,113.14,-0.7485107481711011,-0.6631226582407952,204.28,204.28,213.78,201.9,187.65,128.27,115.2,207.84250000000003,209.47375,199.7092307692308,180.935,4.547778761843136,7.008402992127786,13.992795444762866,23.468483930582483,0.0,-15.430000000000007,0.0,-0.07022893814573761,209.03
2021-08-25,34,8,2021,125.0,115.59,-0.8229838658936564,-0.5680647467311559,204.28,204.28,209.03,204.28,182.9,153.21,115.2,205.4675,209.77125,200.98846153846154,183.85846153846154,2.3750000000009726,6.683981784839463,13.55167015915629,21.27761071028579,0.0,-9.5,0.0,-0.044438207503040505,211.4
2021-09-01,35,8,2021,126.0,131.49,-0.8854560256532096,-0.4647231720437691,209.03,204.28,204.28,218.53,182.9,153.21,117.58,205.46750000000003,210.365,202.99846153846153,186.0053846153846,2.3750000000009726,6.327994491604747,12.545669137298672,20.873768079725323,4.75,0.0,0.023252398668494267,0.0,212.59
2021-09-08,36,9,2021,127.0,172.16,-0.9350162426854147,-0.3546048870425359,211.4,209.03,204.28,219.71,181.71,153.21,117.58,207.24750000000003,209.47375,205.19076923076923,188.24346153846153,3.560555902290837,5.455717675724121,11.153783708932451,20.329260083398665,2.3700000000000045,7.1200000000000045,0.011338085442281098,0.03485412179361669,210.21
2021-09-15,37,9,2021,127.0,183.17,-0.970941817426052,-0.23931566428755774,212.59,211.4,204.28,213.78,185.27,154.39,114.01,209.325,208.58375,207.56615384615387,190.5273076923077,3.674456875966612,3.9087335819100577,8.769895988039613,19.556856712200513,1.1899999999999977,8.310000000000002,0.0056291390728475665,0.04067945956530261,213.78
2021-09-22,38,9,2021,128.0,216.81,-0.992708874098054,-0.12053668025532357,210.21,212.59,209.03,209.03,201.9,166.27,112.83,210.8075,208.13750000000002,209.4846153846154,192.6742307692308,1.5324136734810923,3.4016372108664696,5.663905624486161,18.464482916795102,-2.3799999999999955,5.930000000000007,-0.011195258478761905,0.029028784021930765,216.15
2021-09-29,39,9,2021,129.0,238.21,-1.0,-1.8369701987210297e-16,213.78,210.21,211.4,204.28,204.28,171.02,112.83,211.995,208.73125000000002,210.39846153846156,194.50153846153847,1.5362833939973433,3.9500250903445493,5.283822552777529,18.094068573387894,3.569999999999993,4.75,0.016983016983016963,0.022724010907525294,220.9
2021-10-06,40,10,2021,131.0,211.61,-0.992708874098054,0.1205366802553232,216.15,213.78,212.59,204.28,218.53,171.02,112.83,213.18250000000003,210.215,211.31153846153848,196.2373076923077,2.4731811498564964,4.256608307770419,5.162620210310628,17.91515661281083,2.3700000000000045,4.75,0.011086163345495281,0.02246925260170296,220.9
2021-10-13,41,10,2021,135.0,151.37,-0.9709418174260521,0.23931566428755738,220.9,216.15,210.21,204.28,219.71,168.65,112.83,215.26000000000002,212.29250000000002,211.49384615384616,198.15576923076924,4.483101604916596,4.94610886022627,5.4713809019633635,17.77691068168527,4.75,8.310000000000002,0.021975479990747226,0.03908932687332434,223.28
2021-10-20,42,10,2021,139.0,192.65,-0.9350162426854148,0.35460488704253557,220.9,220.9,213.78,209.03,213.78,161.52,112.83,217.9325,214.37,211.5853846153846,200.16538461538462,3.560555902291026,4.576474001431702,5.628008255421046,17.25360373505064,0.0,10.689999999999998,0.0,0.050853907996765146,237.53
2021-10-27,43,10,2021,140.0,179.81,-0.8854560256532101,0.464723172043768,223.28,220.9,216.15,211.4,209.03,173.4,112.83,220.3075,216.15125,212.31615384615387,202.5407692307692,2.9901323828006525,4.95837657044639,6.487803349956239,15.920159527611961,2.3799999999999955,9.5,0.010774105930285272,0.044438207503040505,232.78
2021-11-03,44,10,2021,141.0,144.64,-0.822983865893657,0.5680647467311548,237.53,223.28,220.9,212.59,204.28,173.4,111.64,225.65250000000003,219.41750000000002,214.50846153846152,205.0073076923077,7.997421980447231,8.62908660950576,9.43202686431943,16.19033009118517,14.25,21.379999999999995,0.06382121103547123,0.09891279204256298,214.96
2021-11-10,45,11,2021,141.0,155.34,-0.7485107481711011,0.6631226582407952,232.78,237.53,220.9,210.21,204.28,180.52,110.45,228.6225,221.94125,216.70076923076925,207.29115384615386,7.84872972737251,9.275275024805469,10.1419282038635,15.735126901788282,-4.75,11.879999999999995,-0.019997474003283777,0.0537799909461294,199.52
2021-11-17,46,11,2021,141.0,139.75,-0.6631226582407955,0.7485107481711007,214.96,232.78,223.28,213.78,204.28,187.65,108.08,227.13750000000002,222.535,217.5223076923077,208.61576923076925,10.0501024041221,8.539909668311658,9.461700123697856,14.813982900780319,-17.819999999999993,-5.939999999999998,-0.07655296846808146,-0.0268899954730647,178.15
2022-07-06,27,7,2022,214.0,123.54,-0.12053668025532283,-0.992708874098054,213.78,214.96,218.53,211.4,209.03,176.96,218.53,215.5575,217.63625000000002,214.69000000000003,198.29192307692307,2.0582577583960515,4.523601401861442,5.293020561709545,20.56601585513937,-1.1800000000000068,-9.5,-0.005489393375511797,-0.04254747402364745,205.46
2022-07-13,28,7,2022,210.0,124.76,-0.23931566428755743,-0.9709418174260521,209.03,213.78,214.96,220.9,207.84,184.09,219.71,213.18250000000003,217.34,214.69000000000003,199.5253846153846,2.823666351866769,5.038642107332092,5.293020561709545,20.193784634043993,-4.75,-9.5,-0.022219103751520253,-0.0434722921338031,194.77
2022-07-20,29,7,2022,205.0,140.36,-0.3546048870425356,-0.9350162426854148,205.46,209.03,214.96,223.28,210.21,178.15,213.78,210.8075,215.41000000000003,214.5069230769231,200.34730769230768,4.390682369138646,6.283504481696061,5.582916478890728,19.974110755213506,-3.569999999999993,-9.5,-0.017078888197866293,-0.04419426870115373,192.4
2022-07-27,30,7,2022,199.0,151.37,-0.46472317204376806,-0.8854560256532101,194.77,205.46,213.78,223.28,212.59,166.27,209.03,205.76000000000002,211.84625,213.31923076923078,200.9865384615385,8.080499159499091,8.773720399176359,7.782309491767437,19.495527064905396,-10.689999999999998,-20.189999999999998,-0.052029592134722025,-0.09392445106066238,192.4
2022-08-03,31,7,2022,194.0,138.83,-0.5680647467311556,-0.8229838658936566,192.4,194.77,209.03,218.53,210.21,163.9,204.28,200.41500000000002,207.98624999999998,211.76615384615386,201.99153846153848,8.078293961804858,9.761999118304665,9.714670639864082,18.269230239352137,-2.3700000000000045,-21.379999999999995,-0.01216819838784211,-0.10000935541210587,187.65
2022-08-10,32,8,2022,188.0,136.69,-0.663122658240795,-0.7485107481711013,192.4,192.4,205.46,214.96,211.4,161.52,204.28,196.25750000000002,204.72,210.39615384615385,203.0876923076923,6.235898090892768,10.095895912982735,11.108272096702066,16.678022978205036,0.0,-16.629999999999995,0.0,-0.07955795818781985,180.52
2022-08-17,33,8,2022,185.0,137.0,-0.7485107481711011,-0.6631226582407952,187.65,192.4,194.77,214.96,220.9,171.02,204.28,191.805,201.30625,208.56923076923078,204.09269230769235,2.9868210525574685,10.7357053630828,12.759685511758663,14.748694737553388,-4.75,-17.810000000000002,-0.024688149688149696,-0.08668353937506079,173.4
2022-08-24,34,8,2022,185.0,141.89,-0.8229838658936564,-0.5680647467311559,180.52,187.65,192.4,213.78,223.28,172.21,209.03,188.24250000000004,197.00125,205.46307692307693,204.45807692307693,5.6141985180434055,11.365151545092802,14.326548423943473,13.994995682523186,-7.1299999999999955,-14.25,-0.037996269650945935,-0.07316321815474658,168.65
2022-08-31,35,8,2022,193.0,156.87,-0.8854560256532096,-0.4647231720437691,173.4,180.52,192.4,209.03,223.28,181.71,211.4,183.49250000000004,191.95375,201.62615384615387,204.50384615384615,8.313095592697975,11.807026887774928,15.764443926371056,13.886840987617777,-7.1200000000000045,-19.0,-0.039441613117660146,-0.09875259875259879,159.14
2022-09-07,36,9,2022,192.0,197.85,-0.9350162426854147,-0.3546048870425359,168.65,173.4,187.65,205.46,218.53,186.46,212.59,177.555,186.90625,197.42384615384617,204.00153846153847,8.31190511655831,12.091848420086768,16.761011076533972,14.94053217052385,-4.75,-23.75,-0.027393310265282578,-0.12344074844074848,159.14
2022-09-14,37,9,2022,190.0,249.83,-0.970941817426052,-0.23931566428755774,159.14,168.65,180.52,194.77,214.96,210.21,210.21,170.4275,181.11625,192.8553846153846,202.95076923076925,8.967747301673317,12.994613100932522,18.52934637063802,17.037174160775965,-9.51000000000002,-28.51000000000002,-0.056388971242217756,-0.15193178790301098,173.4
2022-09-21,38,9,2022,187.0,291.11,-0.992708874098054,-0.12053668025532357,159.14,159.14,173.4,192.4,214.96,203.09,213.78,165.0825,176.6625,188.56153846153845,200.98653846153846,7.130555728693446,13.731420434278743,19.426079483584967,18.997901345634443,0.0,-21.380000000000024,0.0,-0.11843563040106375,171.02
2022-09-28,39,9,2022,184.0,353.8,-1.0,-1.8369701987210297e-16,173.4,159.14,168.65,192.4,213.78,209.03,216.15,165.0825,174.28750000000002,185.3646153846154,199.8446153846154,7.130555728693446,12.17558065497433,18.093737689867677,19.74405758313502,14.26000000000002,0.0,0.08960663566670868,0.0,171.02
2022-10-05,40,10,2022,182.0,575.2,-0.992708874098054,0.1205366802553232,171.02,173.4,159.14,187.65,209.03,209.03,220.9,165.675,171.615,182.07538461538462,198.3826923076923,7.608265242484839,9.733515001569854,16.294903403305874,20.431950187427933,-2.3799999999999955,2.3700000000000045,-0.013725490196078383,0.014052772013044779,171.02
2022-10-12,41,10,2022,197.0,634.52,-0.9709418174260521,0.23931566428755738,171.02,171.02,159.14,180.52,205.46,207.84,220.9,168.64500000000004,169.53625,179.15153846153845,196.92076923076925,6.435223383846324,7.288468264520909,14.349278057422312,20.991806767989594,0.0,11.880000000000024,0.0,0.07465125047128329,175.77
2022-10-19,42,10,2022,201.0,592.63,-0.9350162426854148,0.35460488704253557,171.02,171.02,173.4,173.4,194.77,210.21,223.28,171.61500000000004,168.34875,176.5023076923077,195.5046153846154,1.1900000000008852,5.881325014709085,12.088453963628199,21.462410159303,0.0,11.880000000000024,0.0,0.07465125047128329,175.77
2022-10-26,43,10,2022,202.0,632.07,-0.8854560256532101,0.464723172043768,175.77,171.02,171.02,168.65,192.4,212.59,237.53,172.20750000000004,168.64499999999998,175.0407692307692,194.18,2.3750000000004365,6.22193814544838,10.772755343564427,21.580976066897417,4.75,2.3700000000000045,0.027774529294819272,0.013667820069204195,168.65
2022-11-02,44,10,2022,201.0,588.65,-0.822983865893657,0.5680647467311548,175.77,175.77,171.02,159.14,192.4,210.21,232.78,173.395,169.535,173.76153846153846,192.76384615384615,2.742413778651084,6.712636271567003,9.445203232464168,21.532598928494075,0.0,4.75,0.0,0.027774529294819272,161.52
2022-11-09,45,11,2022,201.0,372.15,-0.7485107481711011,0.6631226582407952,168.65,175.77,171.02,159.14,187.65,211.4,214.96,172.8025,170.72375,171.9346153846154,191.16538461538462,3.5605559022904525,5.302810407166822,7.669683408702737,21.72739988692052,-7.1200000000000045,-2.3700000000000045,-0.04050748136769644,-0.013858028300783531,161.52
2022-11-16,46,11,2022,200.0,368.79,-0.6631226582407955,0.7485107481711007,161.52,168.65,175.77,173.4,180.52,220.9,199.52,170.42750000000004,171.02125,169.92461538461538,189.24692307692308,6.821233392869811,4.577215115586842,6.550178897536231,22.068723527967055,-7.1299999999999955,-9.5,-0.042276904832493356,-0.055549058589638656,157.96
2023-07-05,27,7,2023,142.0,79.2,-0.12053668025532283,-0.992708874098054,125.89,128.27,125.89,142.52,137.77,149.64,209.03,126.48500000000001,131.08625,135.11846153846153,135.71115384615385,1.190000000000134,5.953171873650278,7.0964390672971165,7.153790227243402,-2.3800000000000097,-4.749999999999986,-0.0185546113666486,-0.03635946111451305,121.14
2023-07-12,28,7,2023,144.0,94.8,-0.23931566428755743,-0.9709418174260521,123.52,125.89,125.89,135.39,142.52,144.89,205.46,125.89250000000001,128.71125,134.0223076923077,134.70653846153846,1.9391815283774612,4.300735609845404,7.725427877949444,6.9506511593145355,-2.3700000000000045,-2.3700000000000045,-0.01882595917070462,-0.01882595917070462,122.33
2023-07-19,29,7,2023,144.0,112.53,-0.3546048870425356,-0.9350162426854148,121.14,123.52,128.27,134.2,142.52,134.2,194.77,124.70500000000001,126.92999999999999,132.3776923076923,133.7930769230769,3.0674038968918076,4.084982951538955,8.03517283971315,7.117421313500098,-2.3799999999999955,-4.75,-0.019268134715025864,-0.03773135276828976,121.14
2023-07-26,30,7,2023,148.0,116.51,-0.46472317204376806,-0.8854560256532101,122.33,121.14,125.89,130.64,142.52,134.2,192.4,123.22000000000003,125.44625,130.82461538461538,133.33653846153845,2.0279217604895567,3.1054005377854823,7.860773515142796,7.462598980146329,1.1899999999999977,-5.940000000000012,0.00982334489020964,-0.04630856786466053,118.76
2023-08-02,31,7,2023,156.0,120.79,-0.5680647467311556,-0.8229838658936566,121.14,122.33,123.52,125.89,142.52,134.2,192.4,122.03250000000001,124.25875,129.18,132.83423076923077,1.1393382582302312,2.61293724982195,7.434990472979252,7.832520500109467,-1.1899999999999977,-4.75,-0.009727785498242492,-0.03773135276828976,123.52
2023-08-09,32,8,2023,160.0,126.29,-0.663122658240795,-0.7485107481711013,118.76,121.14,121.14,125.89,142.52,134.2,187.65,120.84250000000002,123.3675,127.3523076923077,132.2403846153846,1.4973838296621913,3.1398987699913037,6.773378223904236,8.29640668278585,-2.3799999999999955,-4.759999999999991,-0.01964668978041928,-0.03853626943005173,123.52
2023-08-16,33,8,2023,165.0,122.93,-0.7485107481711011,-0.6631226582407952,123.52,118.76,122.33,128.27,135.39,130.64,180.52,121.43750000000001,123.07124999999999,125.89076923076922,131.82961538461538,2.0323119019154308,2.9753964321834623,5.061309879098898,8.458314480212584,4.759999999999991,2.3799999999999955,0.04008083529808015,0.01964668978041928,130.64
2023-08-23,34,8,2023,166.0,121.71,-0.8229838658936564,-0.5680647467311559,123.52,123.52,121.14,125.89,134.2,123.52,173.4,121.73500000000001,122.47749999999999,124.97769230769231,131.55576923076922,2.27867651646018,2.1489183325754126,4.202670091428977,8.612228131246614,0.0,1.1899999999999977,0.0,0.009727785498242492,130.64
2023-08-30,35,8,2023,169.0,178.58,-0.8854560256532096,-0.4647231720437691,130.64,123.52,118.76,123.52,130.64,125.89,168.65,124.11000000000001,123.07124999999999,124.70384615384614,131.82961538461538,4.89760485679823,3.4741060001212682,3.628419165556977,8.458314480212584,7.11999999999999,9.499999999999986,0.05764248704663211,0.07842166088822844,135.39
2023-09-06,36,9,2023,170.0,197.24,-0.9350162426854147,-0.3546048870425359,130.64,130.64,123.52,121.14,125.89,137.77,159.14,127.08000000000001,123.96124999999999,124.70384615384616,132.0123076923077,4.110733916630156,4.395349612302096,3.628419165556977,8.375787632310077,0.0,11.879999999999981,0.0,0.10003368137419999,137.77
2023-09-13,37,9,2023,171.0,233.93,-0.970941817426052,-0.23931566428755774,135.39,130.64,123.52,122.33,125.89,140.14,159.14,130.0475,125.74249999999999,125.43461538461537,131.92076923076922,4.893964820742655,5.76327969625118,4.688902884083474,8.323185410925038,4.75,11.86999999999999,0.03635946111451327,0.09609779792746109,137.77
2023-09-20,38,9,2023,175.0,256.56,-0.992708874098054,-0.12053668025532357,137.77,135.39,130.64,121.14,128.27,144.89,173.4,133.61,127.67249999999999,126.34846153846152,131.82961538461538,3.564444790800742,6.925358680763104,5.808955508740007,8.242152864766213,2.380000000000024,14.250000000000014,0.01757884629588613,0.11536593264248718,144.89
2023-09-27,39,9,2023,173.0,305.79,-1.0,-1.8369701987210297e-16,137.77,137.77,130.64,118.76,125.89,137.77,171.02,135.3925,129.75125,127.07923076923076,131.55576923076922,3.3611146464627564,7.175757675281648,6.61276853460523,7.9021309394767405,0.0,7.130000000000024,0.0,0.05457746478873249,144.89
2023-10-04,40,10,2023,173.0,302.12,-0.992708874098054,0.1205366802553232,144.89,137.77,135.39,123.52,123.52,137.77,171.02,138.955,133.01749999999998,128.54076923076923,131.82961538461538,4.112659318089235,7.401424090775088,8.229947814269503,8.242152864766213,7.119999999999976,14.25,0.05168033679320594,0.10907838334353959,144.89
2023-10-11,41,10,2023,170.0,201.21,-0.9709418174260521,0.23931566428755738,144.89,144.89,137.77,123.52,121.14,142.52,171.02,141.33,135.68875,130.1846153846154,132.10346153846154,4.110733916630063,7.340072863598418,9.218390690518406,8.559585944336412,0.0,9.5,0.0,0.07016766378609951,142.52
2023-10-18,42,10,2023,168.0,179.19,-0.9350162426854148,0.35460488704253557,144.89,144.89,137.77,130.64,122.33,142.52,175.77,143.11,138.35999999999999,132.01153846153846,132.1946153846154,3.55999999999991,6.054946030201067,9.621151045267824,8.686628911503801,0.0,7.119999999999976,0.0,0.05168033679320594,141.33
2023-10-25,43,10,2023,172.0,194.48,-0.8854560256532101,0.464723172043768,142.52,144.89,144.89,130.64,121.14,142.52,175.77,144.2975,139.845,133.56461538461537,132.1946153846154,1.1849999999999858,5.3009702615994465,9.557447022594758,8.686628911503801,-2.369999999999976,4.75,-0.016357236524259577,0.034477752776366444,140.14
2023-11-01,44,10,2023,168.0,172.16,-0.822983865893657,0.5680647467311548,141.33,142.52,144.89,135.39,118.76,142.52,168.65,143.40750000000003,141.18125,135.1176923076923,132.14884615384614,1.7794451382383054,3.7775783531730363,8.994030570183694,8.633018627073877,-1.1899999999999977,-3.559999999999974,-0.008349705304518618,-0.024570363724204403,136.58
2023-11-08,45,11,2023,165.0,156.87,-0.7485107481711011,0.6631226582407952,140.14,141.33,144.89,137.77,123.52,142.52,161.52,142.22000000000003,141.775,136.76230769230767,132.0573076923077,2.0279217604894515,3.038232568934261,7.600431077515712,8.530662603898854,-1.1900000000000261,-4.75,-0.008420009905894199,-0.03278349092414934,137.77
2023-11-15,46,11,2023,162.0,151.37,-0.6631226582407955,0.7485107481711007,136.58,140.14,142.52,137.77,123.52,135.39,161.52,140.14250000000004,141.62625,137.76692307692306,131.82884615384617,2.566065405765542,3.281702247756929,6.485579368379863,8.316092508829168,-3.559999999999974,-8.309999999999974,-0.02540316826031097,-0.05735385464835374,140.14
2024-07-03,26,6,2024,144.0,97.24,-3.216245299353273e-16,-1.0,154.39,154.39,153.21,157.96,156.77,150.83,123.52,153.5025,155.87875000000003,155.67384615384617,153.43461538461537,1.1341186005002013,3.028174544424805,3.268890072742154,4.703312220783183,0.0,-2.380000000000024,0.0,-0.01518147604771336,150.83
2024-07-10,27,7,2024,146.0,97.55,-0.12053668025532283,-0.992708874098054,152.02,154.39,152.02,161.52,155.58,150.83,121.14,153.205,155.13625000000002,155.30846153846156,153.4803846153846,1.3683201379796095,3.1698757862216187,3.399033799362738,4.682697069656378,-2.369999999999976,-1.1899999999999977,-0.015350735151240191,-0.0077671170289145275,149.64
2024-07-17,28,7,2024,144.0,110.09,-0.23931566428755743,-0.9709418174260521,150.83,152.02,154.39,156.77,148.46,144.89,122.33,152.90750000000003,153.8,154.94307692307692,153.48038461538462,1.7794451382384768,2.198824361221984,3.6158041627788533,4.682697069656378,-1.1899999999999977,-1.1899999999999977,-0.007827917379292226,-0.007827917379292226,150.83
2024-07-24,29,7,2024,143.0,130.27,-0.3546048870425356,-0.9350162426854148,149.64,150.83,154.39,156.77,157.96,144.89,121.14,151.72000000000003,152.90875,155.03384615384616,153.66307692307694,2.02792176048963,2.266964222432597,3.4505278302995275,4.419399750402839,-1.1900000000000261,-4.75,-0.007889677119936489,-0.03076624133687411,150.83
2024-07-31,30,7,2024,142.0,133.02,-0.46472317204376806,-0.8854560256532101,150.83,149.64,152.02,153.21,157.96,149.64,118.76,150.83,152.16625000000002,154.48538461538462,153.89153846153846,0.9716309313044005,1.7310355076216484,3.512752044061128,4.088910556428933,1.1900000000000261,-3.559999999999974,0.007952419139267697,-0.023058488244057096,150.83
2024-08-07,31,8,2024,142.0,135.47,-0.5680647467311556,-0.8229838658936566,150.83,150.83,150.83,152.02,157.96,149.64,123.52,150.53250000000003,151.86875,153.93692307692305,153.93730769230768,0.5950000000006855,1.7305444023910754,3.4815163952270236,4.045850771043448,0.0,-1.1899999999999977,0.0,-0.007827917379292226,148.46
2024-08-14,32,8,2024,140.0,137.91,-0.663122658240795,-0.7485107481711013,150.83,150.83,149.64,154.39,161.52,147.27,123.52,150.53250000000003,151.72,153.38846153846154,153.9830769230769,0.5950000000006855,1.7664573101683376,3.3542109011224057,4.001783371680748,0.0,0.0,0.0,0.0,147.27
2024-08-21,33,8,2024,139.0,161.76,-0.7485107481711011,-0.6631226582407952,148.46,150.83,150.83,154.39,156.77,147.27,130.64,150.2375,150.97875,152.38384615384618,154.02884615384616,1.1850000000003575,1.7298095477551005,2.5828973991112387,3.928059395604779,-2.3700000000000045,-1.1799999999999784,-0.015713054432142215,-0.007885592087676918,144.89
2024-08-28,34,8,2024,138.0,187.76,-0.8229838658936564,-0.5680647467311559,147.27,148.46,150.83,152.02,156.77,152.02,130.64,149.34750000000003,150.08875000000003,151.65307692307692,154.02884615384616,1.7794451382385919,1.5458279104247272,2.582425812467612,3.928059395604779,-1.1899999999999977,-3.5600000000000023,-0.008015627104944079,-0.023602731552078482,142.52
2024-09-04,35,9,2024,137.0,205.49,-0.8854560256532096,-0.4647231720437691,144.89,147.27,150.83,150.83,153.21,152.02,135.39,147.8625,149.1975,150.73923076923077,153.7546153846154,2.4731811498556304,2.193163077792317,2.7191740827469624,4.304737140194312,-2.380000000000024,-5.940000000000026,-0.016160793101106963,-0.03938208579195135,142.52
2024-09-11,36,9,2024,134.0,233.63,-0.9350162426854147,-0.3546048870425359,142.52,144.89,148.46,149.64,152.02,156.77,137.77,145.78500000000003,148.15875,149.91692307692307,153.38923076923078,2.6345208292973417,3.092887866900547,3.4325340120039685,4.829101716119672,-2.369999999999976,-8.310000000000002,-0.016357236524259577,-0.05509514022409334,140.14
2024-09-18,37,9,2024,133.0,242.49,-0.970941817426052,-0.23931566428755774,142.52,142.52,147.27,150.83,154.39,159.14,137.77,144.3,147.26875,149.18615384615384,152.84115384615387,2.273455519688436,3.5901907530012136,3.9236113009572255,5.222666236262792,0.0,-5.939999999999998,0.0,-0.040010777313754575,144.89
2024-09-25,38,9,2024,134.0,241.27,-0.992708874098054,-0.12053668025532357,140.14,142.52,144.89,150.83,154.39,160.33,144.89,142.5175,145.9325,148.09,152.11038461538462,1.9391815283779232,4.036942796589548,4.319234114204273,5.62019678002193,-2.380000000000024,-7.130000000000024,-0.016699410609037457,-0.04841447681129918,144.89
2024-10-02,39,9,2024,134.0,247.39,-1.0,-1.8369701987210297e-16,144.89,140.14,142.52,150.83,152.02,156.77,144.89,142.5175,145.19,147.35923076923078,151.51653846153846,1.9391815283779232,3.5207385588935045,3.9526055995524034,5.531973204786586,4.75,0.0,0.033894676751819564,0.0,143.71
2024-10-09,40,10,2024,135.0,249.53,-0.992708874098054,0.1205366802553232,144.89,144.89,142.52,148.46,150.83,155.58,144.89,143.11,144.4475,146.81076923076924,151.0596153846154,2.2734555196884774,2.689640177755046,3.740999112395758,5.571183343435147,0.0,2.369999999999976,0.0,0.01662924501824281,143.71
2024-10-16,41,10,2024,137.0,241.58,-0.9709418174260521,0.23931566428755738,143.71,144.89,140.14,147.27,149.64,148.46,142.52,143.40750000000003,143.85375,146.26307692307694,150.60307692307694,2.2482344925152464,2.14684444511213,3.622865773145258,5.671387674446323,-1.1799999999999784,1.1899999999999977,-0.008144109324314863,0.008349705304518729,142.52
2024-10-23,42,10,2024,134.0,241.88,-0.9350162426854148,0.35460488704253557,143.71,143.71,144.89,144.89,150.83,157.96,141.33,144.3,143.40875,145.80692307692308,150.42038461538462,0.6812733176450173,1.6487349046450028,3.534490497496585,5.817799914587079,0.0,3.5700000000000216,0.0,0.025474525474525667,142.52
2024-10-30,43,10,2024,135.0,266.35,-0.8854560256532101,0.464723172043768,142.52,143.71,144.89,142.52,150.83,157.96,140.14,143.70750000000004,143.1125,145.1676923076923,149.82653846153846,0.9675527548073025,1.5548059134992018,3.293580002176852,5.8054153631309875,-1.1899999999999977,-2.369999999999976,-0.008280565026790088,-0.016357236524259577,141.33
2024-11-06,44,11,2024,133.0,196.93,-0.822983865893657,0.5680647467311548,142.52,142.52,143.71,142.52,150.83,157.96,136.58,143.11500000000004,143.1125,144.52846153846153,149.2326923076923,0.68704682033714,1.5548059134992018,2.8839869571827603,5.729343807239571,0.0,-2.369999999999976,0.0,-0.016357236524259577,140.14
2024-11-13,45,11,2024,133.0,171.55,-0.7485107481711011,0.6631226582407952,141.33,142.52,143.71,140.14,148.46,161.52,137.77,142.52000000000004,142.96375,143.7976923076923,148.59307692307692,0.9716309313051362,1.67208968917704,2.298315157690838,5.643702167359854,-1.1899999999999977,-2.3799999999999955,-0.008349705304518618,-0.016561130053580064,140.14
2024-11-20,46,11,2024,132.0,164.21,-0.6631226582407955,0.7485107481711007,140.14,141.33,142.52,144.89,147.27,156.77,140.14,141.6275,142.96375,143.15769230769232,147.77076923076922,1.1393382582311486,1.67208968917704,2.0351869440924295,5.22705494371657,-1.1900000000000261,-3.5700000000000216,-0.008420009905894199,-0.024841695080370374,136.58
2024-12-04,48,12,2024,134.0,151.37,-0.4647231720437684,0.88545602565321,136.58,140.14,141.33,143.71,142.52,153.21,154.39,139.5475,141.33125,141.97,146.35461538461539,2.0563296590453923,2.377143769333637,2.306266824683155,5.108422246268485,-3.559999999999974,-5.939999999999998,-0.02540316826031097,-0.041678360931799,131.83
2025-07-09,27,7,2025,141.0,144.33,-0.12053668025532283,-0.992708874098054,129.45,129.45,125.89,129.45,135.39,125.89,150.83,128.26500000000001,128.26625,128.81461538461537,128.1296153846154,1.6782034044396636,1.2681588172639349,2.252863420116966,2.755745243337552,0.0,2.3699999999999903,0.0,0.018649669499527732,134.2
2025-07-16,28,7,2025,142.0,168.19,-0.23931566428755743,-0.9709418174260521,133.02,129.45,128.27,128.27,128.27,123.52,149.64,130.0475,128.7125,128.6323076923077,128.40384615384616,2.0582577583980144,2.0997057617208963,1.7059266975439744,2.87609468123151,3.5700000000000216,7.13000000000001,0.02757821552723083,0.05663674636587501,140.14
2025-07-23,29,7,2025,144.0,182.56,-0.3546048870425356,-0.9350162426854148,134.2,133.02,129.45,128.27,127.08,124.7,150.83,131.53,129.45374999999999,129.08846153846156,128.81461538461537,2.449612214209657,2.8380724721599146,2.2928361118612943,2.9131045031335896,1.1799999999999784,5.929999999999978,0.008870846489249518,0.04623060731269968,140.14
2025-07-30,30,7,2025,144.0,183.17,-0.46472317204376806,-0.8854560256532101,140.14,134.2,129.45,127.08,128.27,124.7,150.83,134.20250000000001,130.9375,130.09307692307692,129.40846153846152,4.4436649663692585,4.653188614896461,3.7424087265933026,3.5458129587563674,5.939999999999998,10.689999999999998,0.04426229508196711,0.08258014677481662,136.58
2025-08-06,31,8,2025,143.0,172.16,-0.5680647467311556,-0.8229838658936566,140.14,140.14,133.02,125.89,129.45,122.33,150.83,136.875,132.57,131.00615384615386,130.00230769230768,3.8007499260018687,5.3458982941611355,4.608382829979697,3.990724553456577,0.0,10.689999999999998,0.0,0.08258014677481662,136.58
2025-08-13,32,8,2025,142.0,170.63,-0.663122658240795,-0.7485107481711013,136.58,140.14,134.2,128.27,129.45,127.08,148.46,137.76500000000001,133.90625,131.55461538461537,130.55038461538464,2.9094501198685228,4.7392523144569205,4.82685131216028,3.8716337438058757,-3.559999999999974,3.5600000000000023,-0.02540316826031097,0.02676289279807542,136.58
2025-08-20,33,8,2025,140.0,176.14,-0.7485107481711011,-0.6631226582407952,136.58,136.58,140.14,129.45,128.27,128.27,147.27,138.36,134.945,132.1030769230769,130.91576923076923,2.055366958315738,4.208379396269015,4.970718232162232,3.9778397887091503,0.0,2.380000000000024,0.0,0.017734724292101545,135.39
2025-08-27,34,8,2025,140.0,178.28,-0.8229838658936564,-0.5680647467311559,136.58,136.58,140.14,129.45,128.27,129.45,144.89,137.47000000000003,135.83625,132.7423076923077,131.23538461538462,1.7800000000008402,3.587613363078692,4.971039719957659,4.089047058444786,0.0,-3.559999999999974,0.0,-0.02540316826031097,138.95
2025-09-03,35,8,2025,141.0,187.45,-0.8854560256532096,-0.4647231720437691,135.39,136.58,136.58,133.02,127.08,130.64,142.52,136.28250000000003,136.57875,133.29,131.46384615384616,0.5950000000027829,2.538314612397678,4.827387146959309,4.150777350738847,-1.1900000000000261,-4.75,-0.008712842290233058,-0.033894676751819564,138.95
2025-09-10,36,9,2025,142.0,203.66,-0.9350162426854147,-0.3546048870425359,138.95,135.39,136.58,134.2,125.89,128.27,142.52,136.875,137.32,134.2030769230769,131.78346153846152,1.4927491416856193,2.1929692851922566,4.675087137535691,4.397415552171905,3.5600000000000023,2.369999999999976,0.02629440874510669,0.017352467418362716,141.33
2025-09-17,37,9,2025,141.0,219.25,-0.970941817426052,-0.23931566428755774,138.95,138.95,136.58,140.14,128.27,128.27,140.14,137.4675,137.91375,135.2076923076923,132.19423076923078,1.7794451382391674,1.8425908584138755,4.108761276921776,4.5521838039162015,0.0,2.369999999999976,0.0,0.017352467418362716,141.33
2025-09-24,38,9,2025,141.0,213.14,-0.992708874098054,-0.12053668025532357,141.33,138.95,135.39,140.14,129.45,130.64,144.89,138.655,138.0625,136.2123076923077,132.69653846153847,2.44880242839967,2.0806437877518267,3.8602011040962503,4.814818744094411,2.380000000000024,4.75,0.017128463476070666,0.03477815199882861,141.33
2025-10-01,39,9,2025,142.0,203.05,-1.0,-1.8369701987210297e-16,141.33,141.33,138.95,136.58,129.45,133.02,144.89,140.14000000000001,138.21125,137.12615384615384,133.1076923076923,1.3740936406721855,2.283077105905569,3.5168559312245935,5.081236312312151,0.0,5.940000000000026,0.0,0.04387325504099282,140.14
2025-10-08,40,10,2025,140.0,185.92,-0.992708874098054,0.1205366802553232,141.33,141.33,138.95,136.58,133.02,135.39,143.71,140.735,138.805,138.04,133.4273076923077,1.1900000000009423,2.4122425843590722,2.833016648962361,5.330728698926576,0.0,2.380000000000024,0.0,0.017128463476070666,138.95
2025-10-15,41,10,2025,138.0,196.01,-0.9709418174260521,0.23931566428755738,140.14,141.33,141.33,136.58,134.2,128.27,143.71,141.03250000000003,139.25,138.5876923076923,133.61,0.5950000000018099,2.2671505086015062,2.443048484455616,5.479989051085856,-1.1900000000000261,1.1899999999999977,-0.008420009905894199,0.008564231738035222,141.33
2025-10-22,42,10,2025,137.0,193.87,-0.9350162426854148,0.35460488704253557,138.95,140.14,141.33,135.39,140.14,127.08,142.52,140.4375,139.54625,138.9530769230769,134.02076923076922,1.1393382582310523,2.0085100199103776,2.056811385832039,5.463954555506114,-1.1899999999999977,-2.380000000000024,-0.008491508491508482,-0.016840019811788176,142.52
2025-10-29,43,10,2025,140.0,184.7,-0.8854560256532101,0.464723172043768,141.33,138.95,141.33,138.95,140.14,128.27,142.52,140.4375,140.28875,139.04461538461538,134.56884615384615,1.1393382582310523,1.1793271387022848,2.1388806082564686,5.454577766922473,2.380000000000024,0.0,0.017128463476070666,0.0,141.33
2025-11-05,44,11,2025,142.0,184.7,-0.822983865893657,0.5680647467311548,142.52,141.33,140.14,138.95,136.58,129.45,141.33,140.735,140.73499999999999,139.2276923076923,135.1169230769231,1.5362833939963427,1.2721635115343166,2.3334600698107804,5.511971530574718,1.1899999999999977,1.1899999999999977,0.008420009905893977,0.008420009905893977,135.39
2025-11-12,45,11,2025,145.0,171.55,-0.7485107481711011,0.6631226582407952,141.33,142.52,138.95,141.33,136.58,129.45,140.14,141.03250000000003,141.0325,139.59307692307692,135.57384615384615,1.497383829662765,1.0548222599466979,2.254888706098102,5.515816586454305,-1.1899999999999977,1.1900000000000261,-0.008349705304518618,0.008491508491508704,138.95
2025-11-19,46,11,2025,146.0,164.82,-0.6631226582407955,0.7485107481711007,135.39,141.33,141.33,141.33,136.58,128.27,140.14,140.14250000000004,140.29,139.50153846153847,135.8023076923077,3.217611691923435,2.2401339245856904,2.4064595230053385,5.373196670656876,-5.940000000000026,-3.5600000000000023,-0.0420292931437064,-0.025620726880172695,141.33
2026-07-08,27,7,2026,173.0,176.75,-0.12053668025532283,-0.992708874098054,171.02,174.58,176.96,172.21,161.52,125.89,133.02,174.58250000000004,175.1775,171.75153846153847,158.23115384615386,2.5660654057655634,2.375714929999784,5.211835642958849,16.70906683855789,-3.5600000000000023,-5.939999999999998,-0.020391797456753347,-0.03356690777576854,166.27
2026-07-15,28,7,2026,181.0,204.58,-0.23931566428755743,-0.9709418174260521,169.83,171.02,175.77,176.96,165.08,130.64,134.2,172.8,174.88,172.39076923076922,159.92115384615383,2.827165836428228,2.8930902904375575,4.278382602373657,15.484375693433503,-1.1899999999999977,-7.1299999999999955,-0.006958250497017926,-0.04029159132007232,173.4
2026-07-22,29,7,2026,194.0,209.77,-0.3546048870425356,-0.9350162426854148,166.27,169.83,174.58,176.96,168.65,130.64,140.14,170.42500000000004,173.54375000000002,172.4823076923077,161.29153846153847,3.427151392434704,4.037520234365487,4.118679306617012,14.322349441989976,-3.5600000000000023,-9.5,-0.02096213860919749,-0.05404790351026911,172.21
2026-07-29,30,7,2026,200.0,230.26,-0.46472317204376806,-0.8854560256532101,173.4,166.27,171.02,176.96,166.27,135.39,140.14,170.13000000000002,173.09875,172.8476923076923,162.93615384615384,2.9706677139436377,3.7961764128128688,3.9579269696928545,13.061418935758585,7.1299999999999955,-1.1800000000000068,0.042882059301136755,-0.00675907893229466,172.21
2026-08-05,31,8,2026,202.0,230.26,-0.5680647467311556,-0.8229838658936566,172.21,173.4,169.83,176.96,169.83,137.77,136.58,170.42750000000004,172.505,173.30461538461537,164.35230769230773,3.1440353581557794,3.462802333378901,3.4449083572324555,11.89972682297985,-1.1899999999999977,1.1899999999999977,-0.006862745098039191,0.006958250497017815,174.58
2026-08-12,32,8,2026,198.0,218.34,-0.663122658240795,-0.7485107481711013,172.21,172.21,166.27,175.77,172.21,142.52,136.58,171.02250000000004,171.91125,173.48769230769233,165.6769230769231,3.2176116919231132,2.960614981973066,3.3052764731696955,10.676313884194924,0.0,2.3799999999999955,0.0,0.01401401401401392,173.4
2026-08-19,33,8,2026,206.0,211.61,-0.7485107481711011,-0.6631226582407952,174.58,172.21,173.4,174.58,176.96,143.71,136.58,173.10000000000002,171.7625,173.67000000000002,166.91,1.1349889867307295,2.762295887750531,3.2942728079683956,9.70171366306008,2.3700000000000045,8.310000000000002,0.013762266999593598,0.0499789499007639,174.58
