date,origin_port,destination_port,cargo_type,freight_rate,bdi,oil_price,commodity_price,commodity_demand,weather_disruption,port_congestion,usd_index
2021-01-01,Shanghai,Los Angeles,Iron Ore,3101.74,1499.09,75.31,110.4,100.03,1,47.25,99.46
2021-01-02,Mumbai,Dubai,Steel,1895.21,1520.83,75.74,110.58,107.17,0,62.08,100.33
2021-01-03,Mumbai,Rotterdam,Coal,2134.44,1522.21,76.08,110.7,103.83,0,42.67,99.68
2021-01-04,Mumbai,Dubai,Iron Ore,2054.85,1535.91,76.4,111.17,96.57,0,28.08,100.32
2021-01-05,Mumbai,Dubai,Coal,1678.98,1541.85,76.62,111.44,95.66,0,29.33,99.32
2021-01-06,Singapore,Rotterdam,Iron Ore,2891.44,1555.24,76.88,111.83,105.12,0,48.93,102.08
2021-01-07,Mumbai,Rotterdam,Steel,2344.73,1559.43,77.27,111.84,103.18,0,59.48,102.62
2021-01-08,Mumbai,Rotterdam,Coal,2252.65,1566.66,77.28,111.74,102.22,1,52.23,100.35
2021-01-09,Mumbai,Rotterdam,Coal,2371.89,1575.5,77.43,112.02,97.31,2,66.33,98.54
2021-01-10,Mumbai,Dubai,Iron Ore,2351.27,1575.97,77.52,112.2,104.75,1,57.15,99.9
2021-01-11,Shanghai,Los Angeles,Coal,2562.21,1590.36,77.78,112.61,98.1,0,61.29,100.48
2021-01-12,Mumbai,Rotterdam,Iron Ore,2380.74,1594.68,78.16,112.84,101.54,0,10.76,101.58
2021-01-13,Mumbai,Dubai,Iron Ore,2298.9,1601.26,78.28,113.14,109.45,0,50.01,99.38
2021-01-14,Singapore,Rotterdam,Iron Ore,3026.32,1601.67,78.12,112.99,99.08,1,62.76,99.8
2021-01-15,Shanghai,Los Angeles,Iron Ore,3240.75,1589.51,78.26,113.71,94.69,3,43.92,101.79
2021-01-16,Singapore,Rotterdam,Steel,2540.57,1596.28,78.59,113.92,97.46,0,26.71,102.5
2021-01-17,Shanghai,Los Angeles,Iron Ore,3087.18,1623.84,78.87,114.34,107.85,0,27.24,100.22
2021-01-18,Mumbai,Dubai,Coal,1819.28,1638.33,79.13,114.38,104.32,0,29.07,99.22
2021-01-19,Shanghai,Rotterdam,Steel,2978.04,1646.34,79.29,114.7,102.57,1,40.77,106.21
2021-01-20,Shanghai,Los Angeles,Coal,2514.86,1652.36,79.29,114.62,100.83,1,51.64,102.52
2021-01-21,Singapore,Rotterdam,Steel,2805.6,1660.61,79.56,114.97,105.96,0,52.99,101.01
2021-01-22,Mumbai,Dubai,Iron Ore,2317.6,1673.01,79.63,115.13,99.45,2,72.22,102.78
2021-01-23,Shanghai,Los Angeles,Steel,2628.0,1671.53,80.15,115.37,105.38,0,27.43,101.35
2021-01-24,Shanghai,Rotterdam,Steel,3030.86,1688.35,80.42,115.78,100.36,2,43.33,102.91
2021-01-25,Shanghai,Rotterdam,Coal,3071.63,1701.92,80.52,115.71,99.68,2,75.74,101.91
2021-01-26,Mumbai,Rotterdam,Coal,2415.35,1715.45,80.62,115.77,101.14,1,57.7,101.87
2021-01-27,Mumbai,Rotterdam,Iron Ore,2617.7,1726.68,80.79,116.12,102.6,0,41.24,101.62
2021-01-28,Singapore,Rotterdam,Steel,2840.26,1734.5,80.94,116.87,104.39,0,47.1,99.68
2021-01-29,Shanghai,Los Angeles,Steel,3027.42,1747.47,81.29,117.07,105.96,0,39.55,104.82
2021-01-30,Shanghai,Los Angeles,Steel,2729.33,1759.72,81.5,117.44,86.49,0,47.87,100.56
2021-01-31,Mumbai,Rotterdam,Iron Ore,2789.46,1764.33,81.57,117.64,101.05,1,42.96,99.99
2021-02-01,Shanghai,Los Angeles,Iron Ore,3238.39,1767.11,82.03,118.34,103.27,0,44.03,101.77
2021-02-02,Shanghai,Los Angeles,Iron Ore,3196.15,1775.22,82.21,118.13,112.9,0,17.34,100.71
2021-02-03,Shanghai,Rotterdam,Iron Ore,3400.03,1794.82,82.5,118.37,100.12,1,37.68,102.13
2021-02-04,Mumbai,Rotterdam,Iron Ore,2555.06,1792.04,82.58,118.17,106.48,0,29.84,103.3
2021-02-05,Mumbai,Dubai,Coal,1885.45,1787.35,82.8,117.76,113.28,0,34.38,103.81
2021-02-06,Mumbai,Rotterdam,Steel,2532.46,1795.62,83.01,118.04,99.38,0,26.1,103.6
2021-02-07,Mumbai,Dubai,Steel,2142.38,1802.9,82.9,118.28,108.05,0,32.0,101.97
2021-02-08,Shanghai,Rotterdam,Steel,2923.59,1811.07,83.36,118.41,102.21,0,17.28,102.56
2021-02-09,Singapore,Rotterdam,Steel,2905.45,1819.72,83.72,118.59,103.83,1,56.23,103.15
2021-02-10,Shanghai,Los Angeles,Steel,2832.8,1824.53,83.81,119.56,102.47,0,38.76,99.96
2021-02-11,Shanghai,Rotterdam,Steel,3404.26,1842.95,83.8,119.69,102.95,2,30.42,103.5
2021-02-12,Shanghai,Los Angeles,Steel,2944.86,1836.54,84.01,120.01,120.35,0,27.48,100.51
2021-02-13,Singapore,Rotterdam,Steel,2914.01,1836.22,84.17,120.04,111.09,0,45.05,105.81
2021-02-14,Singapore,Rotterdam,Coal,2755.21,1841.59,84.38,120.3,112.5,0,31.85,102.19
2021-02-15,Shanghai,Rotterdam,Steel,2970.47,1834.55,84.55,120.42,109.57,0,29.55,102.57
2021-02-16,Singapore,Rotterdam,Coal,2755.14,1839.13,84.77,120.5,99.2,0,38.88,101.74
2021-02-17,Mumbai,Dubai,Iron Ore,2347.95,1858.31,85.13,121.13,109.33,0,45.15,102.0
2021-02-18,Singapore,Rotterdam,Steel,2729.21,1864.25,85.35,121.6,112.83,0,18.45,106.4
2021-02-19,Shanghai,Los Angeles,Iron Ore,3381.33,1871.77,85.33,121.8,103.31,0,48.25,104.44
2021-02-20,Shanghai,Los Angeles,Iron Ore,3270.84,1867.24,85.67,121.39,112.52,0,28.0,100.75
2021-02-21,Shanghai,Los Angeles,Iron Ore,3443.38,1867.75,86.05,121.47,111.32,0,39.73,105.38
2021-02-22,Shanghai,Los Angeles,Coal,2901.09,1870.07,86.65,122.3,117.17,1,47.47,104.95
2021-02-23,Mumbai,Dubai,Iron Ore,2342.18,1872.74,86.6,122.4,105.92,2,48.09,102.78
2021-02-24,Mumbai,Rotterdam,Iron Ore,2694.55,1888.08,86.76,122.83,102.62,0,24.65,103.7
2021-02-25,Shanghai,Rotterdam,Iron Ore,3402.36,1897.52,86.57,123.34,106.4,0,35.71,103.26
2021-02-26,Shanghai,Los Angeles,Steel,3593.63,1893.47,86.77,123.54,115.49,2,80.38,106.28
2021-02-27,Singapore,Rotterdam,Steel,2728.05,1900.17,86.8,123.47,99.26,0,19.57,102.17
2021-02-28,Shanghai,Los Angeles,Coal,3129.14,1908.76,87.2,123.0,98.15,2,81.38,103.62
2021-03-01,Singapore,Rotterdam,Coal,2734.55,1922.35,87.19,123.3,109.03,0,36.1,102.79
2021-03-02,Singapore,Rotterdam,Steel,3138.96,1939.35,87.04,123.23,106.46,1,48.53,101.32
2021-03-03,Shanghai,Los Angeles,Coal,2797.06,1935.45,87.07,123.4,108.79,0,23.7,106.79
2021-03-04,Mumbai,Dubai,Steel,2437.08,1933.05,86.87,123.21,113.56,2,44.43,101.76
2021-03-05,Singapore,Rotterdam,Iron Ore,3141.16,1926.95,87.08,123.26,106.15,0,32.46,103.9
2021-03-06,Singapore,Rotterdam,Iron Ore,3177.75,1928.9,86.86,123.39,99.63,0,24.31,100.99
2021-03-07,Shanghai,Los Angeles,Coal,2575.58,1936.33,86.96,123.57,119.29,0,36.87,103.03
2021-03-08,Singapore,Rotterdam,Steel,3010.83,1947.79,86.73,123.39,104.15,0,33.89,104.29
2021-03-09,Singapore,Rotterdam,Steel,3285.2,1950.61,86.76,123.8,103.91,1,75.76,102.45
2021-03-10,Shanghai,Los Angeles,Coal,2721.99,1951.34,87.09,123.74,114.79,0,22.51,104.59
2021-03-11,Shanghai,Los Angeles,Steel,3504.51,1955.7,87.22,123.42,107.41,2,57.54,103.33
2021-03-12,Shanghai,Rotterdam,Iron Ore,3787.42,1952.04,87.16,123.48,109.08,0,43.72,105.5
2021-03-13,Mumbai,Dubai,Coal,2004.41,1971.63,87.23,123.58,111.87,1,31.95,105.82
2021-03-14,Mumbai,Dubai,Coal,1981.26,1961.5,87.29,123.7,114.93,0,50.3,102.92
2021-03-15,Singapore,Rotterdam,Steel,3310.53,1965.58,87.43,124.12,107.89,2,50.03,103.94
2021-03-16,Mumbai,Dubai,Coal,1955.68,1984.22,87.28,124.13,117.21,2,18.61,104.12
2021-03-17,Singapore,Rotterdam,Steel,3020.28,1986.58,87.43,124.17,98.98,0,49.9,104.79
2021-03-18,Shanghai,Rotterdam,Steel,3551.47,1987.23,87.07,123.96,113.5,1,31.25,103.9
2021-03-19,Shanghai,Los Angeles,Steel,3257.31,1986.4,87.03,124.23,105.54,1,32.28,104.18
2021-03-20,Shanghai,Los Angeles,Steel,3138.84,1986.83,87.0,124.33,116.64,0,50.32,103.55
2021-03-21,Shanghai,Los Angeles,Steel,3031.19,1999.55,87.14,124.28,110.52,0,34.79,104.1
2021-03-22,Mumbai,Dubai,Coal,2084.16,1983.45,87.18,123.85,106.48,0,53.77,105.88
2021-03-23,Shanghai,Rotterdam,Iron Ore,4082.33,1997.16,87.0,124.25,113.19,1,66.15,104.92
2021-03-24,Mumbai,Dubai,Iron Ore,2272.28,1987.07,86.88,123.99,114.36,0,30.33,105.01
2021-03-25,Mumbai,Dubai,Coal,2131.15,1986.09,86.94,123.87,113.13,0,51.9,105.05
2021-03-26,Shanghai,Rotterdam,Coal,3096.1,1983.66,86.95,123.99,104.79,0,28.67,103.75
2021-03-27,Shanghai,Rotterdam,Iron Ore,4092.97,1989.22,86.89,123.72,107.54,0,73.5,104.46
2021-03-28,Shanghai,Rotterdam,Iron Ore,3814.16,1977.15,86.83,123.37,109.95,1,37.61,102.36
2021-03-29,Shanghai,Rotterdam,Iron Ore,4150.59,1981.41,86.95,122.85,109.78,2,71.39,105.9
2021-03-30,Shanghai,Los Angeles,Iron Ore,3450.9,1998.02,86.88,123.05,113.74,0,52.66,99.82
2021-03-31,Mumbai,Rotterdam,Iron Ore,3111.91,1987.39,86.88,122.92,99.92,0,44.74,103.87
2021-04-01,Mumbai,Rotterdam,Steel,2683.71,1989.02,87.2,123.65,111.67,1,37.94,105.71
2021-04-02,Shanghai,Rotterdam,Coal,2943.93,1983.7,86.99,123.4,108.55,0,37.73,101.95
2021-04-03,Mumbai,Rotterdam,Steel,2467.57,1986.93,86.71,123.17,105.8,0,7.7,104.6
2021-04-04,Mumbai,Rotterdam,Iron Ore,3077.93,1986.76,86.82,123.02,106.28,0,43.37,102.97
2021-04-05,Shanghai,Rotterdam,Iron Ore,3939.89,1981.16,86.7,123.06,108.91,0,45.24,103.44
2021-04-06,Mumbai,Rotterdam,Iron Ore,2854.77,1984.44,86.64,122.93,91.96,0,42.0,105.41
2021-04-07,Mumbai,Dubai,Steel,2251.36,1998.11,86.51,123.06,106.45,1,3.4,104.28
2021-04-08,Singapore,Rotterdam,Steel,2977.58,1995.67,86.45,122.79,105.55,0,21.02,100.92
2021-04-09,Singapore,Rotterdam,Iron Ore,3380.31,2000.37,86.66,122.41,112.58,1,36.78,102.5
2021-04-10,Shanghai,Rotterdam,Steel,3514.23,1988.81,86.75,121.92,105.86,0,44.37,105.42
2021-04-11,Shanghai,Los Angeles,Steel,3174.64,1979.81,86.85,121.33,108.79,0,44.34,104.62
2021-04-12,Shanghai,Rotterdam,Iron Ore,4008.36,1982.09,86.6,121.15,117.54,1,45.45,106.55
2021-04-13,Shanghai,Los Angeles,Steel,3425.46,1992.31,86.39,121.03,114.77,0,49.53,106.44
2021-04-14,Singapore,Rotterdam,Coal,2791.12,1993.37,85.92,120.82,114.27,0,24.61,103.39
2021-04-15,Shanghai,Rotterdam,Coal,3245.44,1988.93,85.75,121.07,107.22,0,49.15,107.64
2021-04-16,Mumbai,Dubai,Coal,2281.28,1986.85,85.84,121.31,112.4,0,47.12,103.91
2021-04-17,Mumbai,Rotterdam,Coal,2505.06,1974.62,85.87,121.16,108.47,1,53.66,102.41
2021-04-18,Shanghai,Los Angeles,Iron Ore,3408.43,1977.09,85.78,120.64,108.61,0,37.27,102.89
2021-04-19,Mumbai,Rotterdam,Iron Ore,3002.26,1981.65,85.72,120.43,111.59,1,75.46,100.43
2021-04-20,Mumbai,Rotterdam,Iron Ore,3135.82,1975.38,85.55,120.2,106.5,0,47.4,106.21
2021-04-21,Shanghai,Rotterdam,Coal,2918.49,1968.83,85.51,119.95,116.9,0,25.47,106.16
2021-04-22,Mumbai,Rotterdam,Coal,2822.48,1968.03,85.56,119.69,108.57,3,67.72,102.23
2021-04-23,Mumbai,Dubai,Steel,2292.66,1961.47,85.24,119.43,112.4,1,59.29,103.38
2021-04-24,Mumbai,Rotterdam,Steel,2766.65,1957.74,85.21,119.24,116.53,0,31.18,103.84
2021-04-25,Shanghai,Rotterdam,Coal,3054.38,1971.2,85.27,118.98,114.34,0,56.34,102.23
2021-04-26,Mumbai,Dubai,Coal,1883.74,1965.75,85.12,118.93,102.07,0,45.73,101.01
2021-04-27,Singapore,Rotterdam,Coal,2557.16,1959.27,85.14,118.91,111.26,0,4.86,103.3
2021-04-28,Mumbai,Rotterdam,Coal,2451.59,1950.34,85.47,118.57,113.22,1,52.5,103.1
2021-04-29,Shanghai,Rotterdam,Steel,3492.75,1952.42,85.37,118.77,113.35,1,41.91,102.97
2021-04-30,Singapore,Rotterdam,Coal,2741.72,1946.96,85.33,118.4,103.24,0,48.06,103.86
2021-05-01,Singapore,Rotterdam,Steel,3259.87,1937.62,85.12,117.88,105.44,1,62.16,105.63
2021-05-02,Shanghai,Los Angeles,Coal,2859.02,1943.93,85.04,117.84,113.61,0,42.93,103.0
2021-05-03,Mumbai,Dubai,Coal,1993.6,1950.89,85.01,117.51,104.74,0,64.98,103.68
2021-05-04,Mumbai,Rotterdam,Coal,2268.67,1941.56,84.93,117.45,106.96,0,37.32,104.47
2021-05-05,Shanghai,Rotterdam,Steel,3844.91,1921.98,84.66,116.71,116.25,2,65.37,104.18
2021-05-06,Shanghai,Los Angeles,Steel,3353.49,1925.27,84.58,116.92,108.03,1,60.07,102.39
2021-05-07,Mumbai,Dubai,Iron Ore,2153.63,1914.9,84.68,116.94,104.54,0,38.54,103.41
2021-05-08,Shanghai,Los Angeles,Coal,2801.1,1916.21,84.63,116.41,103.69,0,51.68,104.05
2021-05-09,Mumbai,Dubai,Iron Ore,2546.59,1895.31,84.65,115.89,109.63,2,47.08,101.5
2021-05-10,Mumbai,Dubai,Iron Ore,2482.66,1897.2,84.49,116.15,101.2,0,33.66,105.04
2021-05-11,Mumbai,Rotterdam,Steel,2542.96,1882.14,84.47,115.8,106.52,0,20.31,105.25
2021-05-12,Mumbai,Dubai,Steel,2259.9,1882.5,84.38,115.43,109.32,2,59.62,101.98
2021-05-13,Shanghai,Los Angeles,Iron Ore,3816.16,1877.02,84.1,114.7,114.03,1,52.88,103.31
2021-05-14,Mumbai,Dubai,Coal,1992.96,1863.68,84.01,114.44,110.76,0,57.69,103.93
2021-05-15,Mumbai,Rotterdam,Steel,2683.9,1854.61,83.73,114.21,103.74,0,51.87,102.1
2021-05-16,Mumbai,Rotterdam,Coal,2159.84,1854.17,83.49,114.21,113.08,0,35.73,103.6
2021-05-17,Shanghai,Los Angeles,Coal,2404.91,1848.99,83.37,113.68,105.57,0,22.33,103.07
2021-05-18,Singapore,Rotterdam,Iron Ore,3326.76,1847.52,83.27,113.11,100.77,2,62.49,100.58
2021-05-19,Singapore,Rotterdam,Iron Ore,2939.91,1857.1,82.94,113.04,105.96,0,56.66,103.42
2021-05-20,Mumbai,Dubai,Iron Ore,2691.33,1838.24,82.95,113.1,113.88,1,59.33,101.03
2021-05-21,Shanghai,Rotterdam,Iron Ore,3569.9,1844.74,82.88,112.51,107.39,0,56.27,104.03
2021-05-22,Mumbai,Dubai,Steel,1987.44,1839.04,82.62,112.59,106.5,0,36.82,101.57
2021-05-23,Shanghai,Los Angeles,Steel,3038.63,1825.21,82.23,112.4,114.49,0,33.0,102.28
2021-05-24,Shanghai,Los Angeles,Iron Ore,3310.64,1807.85,82.04,112.47,99.01,1,36.95,104.52
2021-05-25,Shanghai,Los Angeles,Steel,2989.54,1799.52,81.81,112.25,99.6,0,39.16,103.16
2021-05-26,Shanghai,Los Angeles,Iron Ore,3317.48,1799.98,81.66,111.41,97.81,0,38.82,100.74
2021-05-27,Shanghai,Los Angeles,Coal,2669.99,1791.97,81.44,111.16,107.62,0,43.1,100.78
2021-05-28,Mumbai,Rotterdam,Coal,2112.86,1796.98,80.97,111.21,106.44,0,38.06,101.35
2021-05-29,Singapore,Rotterdam,Coal,2642.52,1778.21,80.74,110.78,113.18,0,38.0,102.78
2021-05-30,Shanghai,Los Angeles,Iron Ore,3213.64,1770.87,80.52,110.46,106.54,0,28.35,102.67
2021-05-31,Shanghai,Rotterdam,Coal,2825.0,1753.53,80.44,110.2,103.16,0,54.12,100.81
2021-06-01,Shanghai,Rotterdam,Steel,3254.26,1749.04,80.16,109.25,105.04,0,41.15,100.26
2021-06-02,Shanghai,Rotterdam,Coal,2676.62,1748.67,80.23,109.44,105.47,0,37.38,102.37
2021-06-03,Shanghai,Rotterdam,Coal,2532.03,1737.76,79.76,108.99,96.37,0,28.79,101.62
2021-06-04,Mumbai,Rotterdam,Coal,2139.46,1709.31,79.78,108.89,118.13,0,20.02,105.07
2021-06-05,Shanghai,Rotterdam,Steel,3037.55,1703.22,79.56,108.64,107.02,0,59.62,101.82
2021-06-06,Shanghai,Los Angeles,Iron Ore,3214.3,1698.97,79.5,108.72,105.32,0,48.32,104.43
2021-06-07,Mumbai,Dubai,Steel,1902.61,1694.39,79.33,108.59,107.19,1,23.64,99.89
2021-06-08,Shanghai,Rotterdam,Iron Ore,3301.57,1696.41,79.31,108.29,107.5,0,51.45,99.22
2021-06-09,Mumbai,Rotterdam,Iron Ore,2811.49,1679.91,79.06,107.83,103.09,0,53.84,99.84
2021-06-10,Mumbai,Rotterdam,Coal,2053.26,1677.36,78.7,107.79,100.48,0,41.87,103.24
2021-06-11,Shanghai,Rotterdam,Iron Ore,3439.43,1678.86,78.72,107.08,106.47,1,71.97,104.02
2021-06-12,Mumbai,Dubai,Steel,2170.88,1656.55,78.51,107.0,105.24,1,51.25,100.15
2021-06-13,Shanghai,Rotterdam,Steel,2654.01,1650.96,78.35,106.48,99.1,0,18.75,100.57
2021-06-14,Mumbai,Rotterdam,Iron Ore,2500.78,1638.74,78.34,106.55,110.08,0,45.48,99.44
2021-06-15,Singapore,Rotterdam,Coal,2476.22,1629.86,77.99,106.34,104.29,0,43.67,98.41
2021-06-16,Shanghai,Los Angeles,Coal,2786.98,1624.37,77.88,106.26,106.3,2,46.95,102.14
2021-06-17,Mumbai,Rotterdam,Steel,2558.64,1612.16,77.59,106.03,109.45,1,56.6,101.33
2021-06-18,Shanghai,Rotterdam,Coal,2366.47,1598.41,77.37,105.34,102.43,0,14.99,100.94
2021-06-19,Shanghai,Los Angeles,Iron Ore,3279.26,1590.3,77.18,104.87,103.74,1,62.86,98.76
2021-06-20,Shanghai,Rotterdam,Iron Ore,3115.94,1573.18,76.75,104.79,106.04,1,34.83,103.25
2021-06-21,Shanghai,Rotterdam,Steel,2637.1,1556.05,76.43,104.58,98.19,0,25.23,99.97
2021-06-22,Singapore,Rotterdam,Iron Ore,2913.12,1553.02,76.43,104.62,101.92,0,38.29,101.46
2021-06-23,Shanghai,Los Angeles,Steel,2652.27,1535.33,76.36,104.46,102.11,0,46.49,98.41
2021-06-24,Shanghai,Los Angeles,Iron Ore,2924.53,1532.14,76.15,103.97,96.53,0,42.46,100.24
2021-06-25,Singapore,Rotterdam,Steel,2663.57,1527.31,75.98,103.51,112.73,1,36.86,100.89
2021-06-26,Mumbai,Rotterdam,Coal,1798.72,1504.95,75.73,103.28,93.93,0,32.41,100.88
2021-06-27,Shanghai,Rotterdam,Iron Ore,3087.35,1490.96,75.73,102.44,94.3,1,31.0,100.55
2021-06-28,Mumbai,Dubai,Iron Ore,2346.49,1491.93,75.49,102.6,107.19,3,60.63,100.99
2021-06-29,Shanghai,Rotterdam,Steel,2624.27,1475.5,75.32,102.46,104.02,0,56.13,98.48
2021-06-30,Shanghai,Rotterdam,Steel,2696.9,1463.18,75.29,102.51,95.15,0,39.94,100.41
2021-07-01,Mumbai,Rotterdam,Iron Ore,2444.03,1458.28,74.96,101.85,103.14,1,60.89,100.21
2021-07-02,Shanghai,Rotterdam,Steel,3083.65,1455.95,74.99,101.91,107.27,1,69.83,100.32
2021-07-03,Singapore,Rotterdam,Iron Ore,2618.18,1445.34,74.55,102.21,99.61,1,39.18,100.01
2021-07-04,Singapore,Rotterdam,Coal,2213.39,1431.96,74.59,101.62,112.59,0,37.2,97.93
2021-07-05,Shanghai,Los Angeles,Steel,2718.68,1434.75,74.33,101.55,90.8,0,72.57,97.79
2021-07-06,Mumbai,Dubai,Iron Ore,2049.38,1440.08,74.09,101.3,102.72,0,61.67,96.38
2021-07-07,Shanghai,Rotterdam,Coal,2601.0,1439.34,73.6,100.65,104.91,2,30.91,100.86
2021-07-08,Shanghai,Rotterdam,Coal,2274.77,1431.46,73.32,100.52,103.36,0,45.81,100.8
2021-07-09,Mumbai,Rotterdam,Iron Ore,2655.56,1416.45,72.96,100.47,97.71,2,56.01,100.76
2021-07-10,Singapore,Rotterdam,Steel,2493.28,1401.29,72.67,100.07,97.11,0,52.4,99.89
2021-07-11,Mumbai,Dubai,Iron Ore,2288.76,1396.97,72.44,100.1,100.61,3,52.83,96.16
2021-07-12,Shanghai,Los Angeles,Coal,2289.84,1391.84,72.38,99.43,102.3,0,27.41,97.75
2021-07-13,Singapore,Rotterdam,Iron Ore,2547.02,1394.6,72.21,98.8,101.07,0,29.86,99.48
2021-07-14,Shanghai,Los Angeles,Steel,2316.06,1391.38,72.06,98.59,103.09,0,31.42,99.36
2021-07-15,Mumbai,Rotterdam,Coal,1805.8,1370.97,71.69,98.34,92.63,0,52.23,98.75
2021-07-16,Mumbai,Rotterdam,Iron Ore,2277.73,1371.02,71.36,97.91,96.41,0,22.28,99.57
2021-07-17,Shanghai,Rotterdam,Steel,2599.93,1354.72,71.43,97.86,92.69,0,30.66,98.97
2021-07-18,Mumbai,Dubai,Coal,1365.02,1343.36,71.12,97.75,95.29,0,13.16,99.07
2021-07-19,Shanghai,Los Angeles,Steel,2237.49,1337.12,71.17,97.71,102.13,0,55.11,97.86
2021-07-20,Singapore,Rotterdam,Coal,2259.3,1344.89,70.94,97.44,97.43,1,67.07,100.23
2021-07-21,Mumbai,Rotterdam,Iron Ore,2190.16,1361.62,70.74,97.34,109.76,0,35.09,98.05
2021-07-22,Shanghai,Rotterdam,Steel,2474.76,1358.37,70.71,96.99,97.53,0,35.53,96.63
2021-07-23,Shanghai,Rotterdam,Coal,2475.06,1348.85,70.7,97.26,96.7,1,54.8,97.41
2021-07-24,Shanghai,Los Angeles,Steel,2601.34,1345.13,70.5,96.82,96.78,0,62.12,97.98
2021-07-25,Mumbai,Rotterdam,Steel,2287.91,1344.29,70.25,97.11,92.9,2,62.13,99.93
2021-07-26,Mumbai,Dubai,Iron Ore,1813.82,1333.83,70.05,96.88,95.64,0,29.54,98.31
2021-07-27,Mumbai,Rotterdam,Steel,1700.02,1340.37,69.91,96.3,101.41,0,15.72,98.03
2021-07-28,Shanghai,Los Angeles,Coal,2037.8,1334.45,69.86,96.41,96.19,0,23.27,96.37
2021-07-29,Shanghai,Los Angeles,Coal,2353.71,1330.73,69.68,96.21,91.5,0,41.1,99.36
2021-07-30,Mumbai,Rotterdam,Coal,1747.33,1328.43,69.59,96.19,90.68,0,30.17,97.15
2021-07-31,Shanghai,Los Angeles,Coal,2170.08,1324.24,69.65,96.27,92.91,0,42.92,97.91
2021-08-01,Mumbai,Rotterdam,Iron Ore,2116.87,1323.46,69.53,96.13,95.38,0,31.71,100.22
2021-08-02,Singapore,Rotterdam,Steel,2221.91,1311.11,69.4,95.76,100.83,0,24.13,98.71
2021-08-03,Mumbai,Rotterdam,Iron Ore,1761.19,1299.3,68.99,95.79,88.01,0,22.34,95.44
2021-08-04,Mumbai,Rotterdam,Steel,1986.42,1283.24,68.42,95.57,92.97,0,63.44,95.17
2021-08-05,Shanghai,Los Angeles,Steel,2374.86,1279.57,68.31,95.52,95.15,0,53.33,97.67
2021-08-06,Shanghai,Los Angeles,Steel,2525.45,1278.7,68.12,94.77,85.11,0,65.96,95.89
2021-08-07,Shanghai,Rotterdam,Iron Ore,2648.91,1275.35,67.88,94.67,89.98,0,48.1,98.63
2021-08-08,Shanghai,Rotterdam,Steel,2176.25,1281.82,67.75,94.31,90.61,0,33.55,97.67
2021-08-09,Singapore,Rotterdam,Iron Ore,2525.13,1274.94,67.58,94.51,89.89,0,59.85,97.8
2021-08-10,Shanghai,Rotterdam,Coal,2078.53,1273.54,67.58,94.47,94.69,0,39.5,96.43
2021-08-11,Mumbai,Rotterdam,Coal,1579.41,1258.15,67.44,94.33,92.8,0,43.31,100.05
2021-08-12,Shanghai,Los Angeles,Steel,2149.33,1248.49,67.17,94.25,90.69,0,39.36,101.65
2021-08-13,Shanghai,Rotterdam,Iron Ore,2410.54,1247.59,67.16,93.81,95.48,0,0.0,96.92
2021-08-14,Shanghai,Rotterdam,Coal,2406.11,1248.02,66.97,94.02,101.83,0,64.07,97.81
2021-08-15,Singapore,Rotterdam,Iron Ore,2480.56,1239.4,66.9,94.33,101.28,0,47.37,97.38
2021-08-16,Singapore,Rotterdam,Iron Ore,2391.39,1232.66,66.68,94.25,83.35,0,44.95,96.8
2021-08-17,Mumbai,Rotterdam,Steel,1897.09,1214.46,66.44,94.46,95.73,0,39.07,95.89
2021-08-18,Shanghai,Los Angeles,Coal,2029.58,1205.65,66.31,94.14,91.83,0,42.45,95.46
2021-08-19,Singapore,Rotterdam,Steel,2268.34,1206.93,66.17,93.77,93.38,1,39.04,95.34
2021-08-20,Shanghai,Rotterdam,Steel,2229.75,1205.8,66.11,93.61,90.5,1,57.25,97.6
2021-08-21,Shanghai,Los Angeles,Coal,1922.51,1204.18,65.93,93.55,92.97,0,20.39,96.17
2021-08-22,Shanghai,Los Angeles,Coal,1912.44,1199.06,65.52,93.28,93.03,0,42.79,93.04
2021-08-23,Shanghai,Rotterdam,Iron Ore,2656.47,1193.72,65.33,93.25,89.27,0,48.42,97.53
2021-08-24,Singapore,Rotterdam,Coal,1951.02,1183.16,65.32,93.17,87.57,1,45.02,96.76
2021-08-25,Shanghai,Rotterdam,Iron Ore,2512.44,1183.58,65.15,92.77,89.71,0,45.56,98.8
2021-08-26,Shanghai,Los Angeles,Iron Ore,2551.09,1181.91,64.99,92.75,93.02,3,49.13,97.3
2021-08-27,Mumbai,Dubai,Iron Ore,1719.49,1180.92,65.02,92.81,94.75,0,25.51,94.48
2021-08-28,Mumbai,Dubai,Coal,1457.53,1171.91,64.8,92.71,95.92,0,43.55,93.32
2021-08-29,Mumbai,Rotterdam,Steel,1872.13,1150.0,64.46,92.86,89.09,0,50.18,95.55
2021-08-30,Shanghai,Rotterdam,Iron Ore,2228.03,1154.22,64.33,92.42,92.89,0,11.88,95.65
2021-08-31,Shanghai,Rotterdam,Steel,2223.0,1145.97,64.15,92.4,96.2,0,47.83,97.97
2021-09-01,Mumbai,Rotterdam,Steel,1776.05,1134.76,63.9,91.98,97.13,0,31.85,96.51
2021-09-02,Mumbai,Rotterdam,Coal,1511.08,1136.14,63.77,91.58,90.92,0,37.11,98.19
2021-09-03,Mumbai,Rotterdam,Steel,1817.41,1128.96,63.75,91.3,90.03,1,27.91,94.47
2021-09-04,Shanghai,Los Angeles,Steel,1848.45,1133.53,63.65,90.95,92.01,0,27.23,97.87
2021-09-05,Shanghai,Rotterdam,Coal,2001.13,1134.69,63.61,90.7,85.23,0,54.49,97.47
2021-09-06,Shanghai,Los Angeles,Iron Ore,2516.08,1136.51,63.79,90.53,89.94,0,40.49,93.34
2021-09-07,Mumbai,Rotterdam,Steel,1876.53,1122.07,63.66,90.64,94.56,1,42.26,98.32
2021-09-08,Shanghai,Rotterdam,Coal,2133.78,1128.39,63.62,90.46,93.98,1,46.25,96.45
2021-09-09,Shanghai,Los Angeles,Steel,2342.86,1127.25,63.46,89.96,89.35,0,47.34,96.87
2021-09-10,Shanghai,Los Angeles,Steel,1918.54,1121.19,63.26,90.15,91.73,0,46.61,94.96
2021-09-11,Mumbai,Rotterdam,Iron Ore,1798.2,1119.38,63.1,89.86,86.46,0,38.87,98.15
2021-09-12,Shanghai,Rotterdam,Steel,2255.03,1102.34,62.96,89.76,94.04,0,56.39,94.43
2021-09-13,Mumbai,Rotterdam,Coal,1702.89,1102.93,62.95,89.79,90.08,0,54.56,97.44
2021-09-14,Shanghai,Rotterdam,Steel,2537.73,1092.15,63.25,89.76,89.04,2,62.2,97.4
2021-09-15,Mumbai,Dubai,Iron Ore,1500.06,1078.93,63.08,89.96,88.56,0,40.82,94.69
2021-09-16,Singapore,Rotterdam,Iron Ore,2314.06,1064.5,62.96,90.02,90.01,0,49.86,99.11
2021-09-17,Singapore,Rotterdam,Coal,1766.86,1071.28,62.9,89.74,88.05,0,44.71,96.46
2021-09-18,Singapore,Rotterdam,Iron Ore,2511.78,1064.28,62.92,90.22,93.54,1,63.91,97.08
2021-09-19,Mumbai,Rotterdam,Steel,1666.12,1074.72,62.91,90.22,88.23,0,53.49,93.79
2021-09-20,Mumbai,Dubai,Iron Ore,1529.39,1068.76,63.06,90.13,98.14,0,24.73,99.25
2021-09-21,Shanghai,Rotterdam,Coal,1858.33,1053.56,62.66,90.32,97.47,0,23.71,94.22
2021-09-22,Shanghai,Los Angeles,Iron Ore,2274.47,1043.24,62.27,90.34,85.66,0,29.48,97.58
2021-09-23,Shanghai,Rotterdam,Iron Ore,2527.59,1051.88,62.17,90.41,90.44,1,62.64,94.55
2021-09-24,Shanghai,Los Angeles,Iron Ore,2110.21,1049.54,62.31,91.0,86.82,0,16.36,95.1
2021-09-25,Shanghai,Rotterdam,Coal,2121.48,1044.2,62.05,90.9,88.42,1,53.92,97.2
2021-09-26,Mumbai,Dubai,Iron Ore,1671.25,1044.68,61.58,90.8,100.05,0,45.44,97.56
2021-09-27,Shanghai,Los Angeles,Iron Ore,2434.55,1048.03,61.65,90.81,88.49,0,57.44,94.1
2021-09-28,Mumbai,Rotterdam,Steel,1834.87,1056.46,61.67,91.06,91.81,1,50.71,97.64
2021-09-29,Shanghai,Rotterdam,Coal,1819.74,1067.69,61.5,90.67,92.71,0,19.85,97.57
2021-09-30,Shanghai,Rotterdam,Iron Ore,2217.93,1064.6,61.35,90.17,85.0,0,25.61,94.59
2021-10-01,Shanghai,Los Angeles,Coal,1758.75,1053.93,61.2,90.02,85.72,0,22.27,98.4
2021-10-02,Mumbai,Rotterdam,Iron Ore,1827.12,1050.7,61.22,89.62,83.97,0,31.93,93.82
2021-10-03,Mumbai,Rotterdam,Iron Ore,1815.48,1053.02,61.13,89.52,85.58,0,37.26,95.07
2021-10-04,Mumbai,Dubai,Iron Ore,1717.21,1045.69,61.21,89.66,75.76,3,46.52,96.72
2021-10-05,Mumbai,Rotterdam,Steel,1933.95,1038.56,60.8,89.45,92.75,3,86.06,94.73
2021-10-06,Mumbai,Rotterdam,Steel,1711.85,1041.98,60.68,89.11,100.31,0,20.12,96.41
2021-10-07,Mumbai,Rotterdam,Steel,1793.95,1042.41,60.54,89.15,90.79,0,60.19,96.38
2021-10-08,Singapore,Rotterdam,Coal,1922.92,1043.64,60.52,89.4,82.99,0,57.78,95.75
2021-10-09,Mumbai,Dubai,Coal,1318.32,1038.69,60.47,89.01,86.88,0,53.47,97.29
2021-10-10,Shanghai,Rotterdam,Steel,1897.33,1038.11,60.62,89.25,87.83,0,29.59,95.71
2021-10-11,Shanghai,Los Angeles,Coal,1814.92,1032.13,60.37,89.5,85.06,0,45.14,96.41
2021-10-12,Shanghai,Rotterdam,Iron Ore,2228.8,1040.8,60.42,89.78,94.48,0,20.84,97.79
2021-10-13,Mumbai,Dubai,Iron Ore,1704.3,1050.78,60.54,90.14,94.27,0,53.66,97.27
2021-10-14,Shanghai,Los Angeles,Iron Ore,2003.66,1037.86,60.86,90.75,84.47,0,38.89,97.28
2021-10-15,Mumbai,Dubai,Steel,1424.06,1032.41,60.84,90.72,93.92,0,33.86,94.39
2021-10-16,Mumbai,Rotterdam,Coal,1624.97,1022.57,60.94,90.81,97.97,1,29.64,96.92
2021-10-17,Shanghai,Los Angeles,Steel,1839.7,1019.65,60.72,90.77,99.89,0,2.84,94.83
2021-10-18,Mumbai,Rotterdam,Coal,1530.86,1021.4,60.42,90.84,104.75,0,24.42,94.25
2021-10-19,Shanghai,Rotterdam,Iron Ore,2347.98,1012.36,60.61,91.3,85.97,0,56.69,96.08
2021-10-20,Shanghai,Rotterdam,Steel,2097.8,1007.68,60.67,91.05,104.65,0,33.96,94.86
2021-10-21,Shanghai,Los Angeles,Coal,1785.89,1002.49,60.92,90.92,88.82,0,37.46,97.42
2021-10-22,Shanghai,Los Angeles,Coal,1810.71,1007.13,60.78,91.35,87.69,0,49.83,97.48
2021-10-23,Mumbai,Dubai,Iron Ore,1927.45,1010.8,60.94,91.7,92.35,2,83.09,93.43
2021-10-24,Mumbai,Dubai,Steel,1417.6,1008.28,61.3,91.71,87.87,0,59.88,95.07
2021-10-25,Mumbai,Rotterdam,Steel,1561.59,1013.09,61.44,92.02,92.84,0,25.41,94.15
2021-10-26,Shanghai,Los Angeles,Steel,2062.33,1012.24,61.57,92.21,84.31,0,10.86,95.67
2021-10-27,Shanghai,Rotterdam,Iron Ore,2921.69,1013.73,61.65,92.7,89.79,2,91.39,97.08
2021-10-28,Mumbai,Dubai,Steel,1479.34,1030.91,61.51,92.83,97.49,1,82.03,96.06
2021-10-29,Mumbai,Dubai,Iron Ore,1614.27,1045.56,61.81,93.21,90.86,1,50.83,95.57
2021-10-30,Shanghai,Rotterdam,Iron Ore,2294.46,1039.23,61.81,93.99,91.93,0,20.94,98.44
2021-10-31,Mumbai,Dubai,Iron Ore,1970.85,1050.05,61.99,94.26,93.68,3,78.45,93.07
2021-11-01,Mumbai,Rotterdam,Coal,1430.68,1060.86,61.86,94.41,97.25,0,38.38,98.41
2021-11-02,Shanghai,Los Angeles,Steel,2172.96,1056.12,61.79,94.72,83.21,0,38.31,95.78
2021-11-03,Shanghai,Rotterdam,Steel,2493.33,1067.24,62.11,94.77,94.5,1,61.42,96.51
2021-11-04,Shanghai,Los Angeles,Iron Ore,2657.68,1084.23,62.17,95.5,90.33,2,61.02,95.88
2021-11-05,Mumbai,Dubai,Iron Ore,1682.78,1080.07,62.51,95.69,92.6,0,22.21,99.02
2021-11-06,Mumbai,Dubai,Steel,1526.62,1077.67,62.61,95.77,97.16,0,35.13,94.9
2021-11-07,Shanghai,Rotterdam,Iron Ore,2509.65,1090.87,62.46,95.72,85.99,0,49.92,96.8
2021-11-08,Mumbai,Rotterdam,Steel,1935.99,1098.22,62.72,96.14,87.0,0,47.65,97.62
2021-11-09,Singapore,Rotterdam,Coal,1955.61,1107.93,62.76,96.52,82.5,0,43.93,94.45
2021-11-10,Shanghai,Rotterdam,Iron Ore,2727.16,1116.07,62.99,96.56,89.54,2,70.0,95.53
2021-11-11,Singapore,Rotterdam,Steel,2137.06,1124.72,63.13,96.87,99.04,0,34.57,96.73
2021-11-12,Singapore,Rotterdam,Iron Ore,2342.09,1119.75,63.03,96.66,91.9,1,50.68,95.67
2021-11-13,Mumbai,Rotterdam,Steel,1721.47,1133.88,63.19,96.88,85.92,1,0.0,95.82
2021-11-14,Singapore,Rotterdam,Steel,2097.93,1149.09,63.66,97.17,90.31,0,33.26,96.57
2021-11-15,Singapore,Rotterdam,Iron Ore,2310.13,1153.22,63.88,97.77,85.42,1,59.46,98.12
2021-11-16,Mumbai,Rotterdam,Coal,1592.0,1158.95,64.02,97.76,87.35,0,34.14,96.68
2021-11-17,Singapore,Rotterdam,Steel,2101.53,1152.88,64.33,97.63,95.05,0,33.01,98.86
2021-11-18,Singapore,Rotterdam,Steel,1971.61,1163.27,64.51,97.59,87.36,0,24.38,95.79
2021-11-19,Singapore,Rotterdam,Steel,2257.02,1174.22,64.69,97.45,98.92,0,55.05,95.46
2021-11-20,Shanghai,Rotterdam,Coal,2326.98,1180.2,64.69,97.98,93.13,1,56.23,100.28
2021-11-21,Shanghai,Rotterdam,Coal,2519.2,1195.77,64.88,98.56,94.04,3,76.38,96.46
2021-11-22,Shanghai,Rotterdam,Iron Ore,2435.06,1199.76,65.19,98.84,92.36,0,14.11,95.53
2021-11-23,Mumbai,Rotterdam,Coal,1924.76,1211.04,65.23,99.35,97.75,1,45.59,94.94
2021-11-24,Mumbai,Dubai,Iron Ore,1762.79,1209.73,65.61,99.59,97.94,0,35.8,99.22
2021-11-25,Singapore,Rotterdam,Iron Ore,2510.19,1216.48,65.76,99.78,95.84,1,43.79,97.15
2021-11-26,Singapore,Rotterdam,Coal,1842.93,1222.11,65.8,99.9,97.12,0,30.76,97.34
2021-11-27,Mumbai,Rotterdam,Iron Ore,2104.8,1231.03,66.12,100.04,93.38,0,34.81,97.54
2021-11-28,Singapore,Rotterdam,Coal,2078.25,1235.26,66.25,99.87,97.3,0,52.74,99.35
2021-11-29,Shanghai,Rotterdam,Iron Ore,2574.95,1241.48,66.54,100.15,93.04,0,11.31,97.62
2021-11-30,Mumbai,Dubai,Coal,1538.86,1255.44,66.67,100.36,94.89,0,66.66,101.47
2021-12-01,Shanghai,Los Angeles,Coal,2163.92,1259.37,66.84,100.77,93.65,2,63.26,98.21
2021-12-02,Singapore,Rotterdam,Iron Ore,2238.78,1254.02,67.09,101.02,92.89,0,39.37,99.66
2021-12-03,Shanghai,Rotterdam,Steel,2819.91,1275.58,67.32,101.21,91.88,2,69.6,99.34
2021-12-04,Shanghai,Los Angeles,Iron Ore,2535.52,1294.28,67.2,101.22,97.82,1,26.22,98.14
2021-12-05,Mumbai,Dubai,Coal,1510.41,1291.64,67.22,101.47,102.19,0,30.03,97.37
2021-12-06,Shanghai,Los Angeles,Steel,2390.05,1304.93,67.54,101.88,101.65,0,38.18,98.81
2021-12-07,Shanghai,Rotterdam,Iron Ore,2918.58,1308.74,67.71,101.83,89.67,1,68.48,99.14
2021-12-08,Shanghai,Los Angeles,Iron Ore,2626.98,1318.74,67.82,102.09,102.55,0,39.3,97.58
2021-12-09,Mumbai,Rotterdam,Iron Ore,2098.92,1329.05,67.81,102.39,94.67,0,46.75,98.76
2021-12-10,Shanghai,Los Angeles,Steel,2355.71,1335.18,67.84,102.45,99.43,0,31.16,100.42
2021-12-11,Singapore,Rotterdam,Coal,2025.5,1336.97,67.73,102.54,92.06,0,47.3,101.74
2021-12-12,Singapore,Rotterdam,Iron Ore,3014.55,1339.55,67.91,102.85,97.46,3,89.16,99.98
2021-12-13,Mumbai,Rotterdam,Iron Ore,2219.76,1340.38,68.02,102.81,98.48,0,54.93,101.56
2021-12-14,Shanghai,Rotterdam,Iron Ore,2694.82,1341.93,68.07,103.14,89.65,0,38.78,97.89
2021-12-15,Singapore,Rotterdam,Iron Ore,2701.13,1349.64,68.26,103.16,100.28,0,50.13,99.95
2021-12-16,Mumbai,Dubai,Iron Ore,1990.81,1352.2,68.51,103.68,104.14,1,56.66,100.97
2021-12-17,Singapore,Rotterdam,Coal,2364.29,1365.98,69.02,104.51,96.7,1,55.6,97.68
2021-12-18,Singapore,Rotterdam,Coal,2391.73,1386.24,69.0,104.55,104.54,0,56.68,98.37
2021-12-19,Shanghai,Rotterdam,Iron Ore,2996.5,1390.0,69.37,104.93,96.96,0,56.57,101.77
2021-12-20,Shanghai,Los Angeles,Steel,2549.66,1400.34,69.72,105.0,102.32,0,38.09,97.77
2021-12-21,Singapore,Rotterdam,Coal,2195.25,1412.79,69.81,105.52,87.15,0,49.63,97.29
2021-12-22,Mumbai,Rotterdam,Steel,2172.8,1425.05,70.04,105.46,110.51,0,34.25,101.66
2021-12-23,Shanghai,Los Angeles,Coal,2588.81,1434.16,70.18,105.83,106.06,3,50.15,101.23
2021-12-24,Mumbai,Dubai,Iron Ore,2001.84,1448.62,70.41,105.87,97.33,0,35.96,100.15
2021-12-25,Shanghai,Rotterdam,Coal,2410.74,1461.02,70.84,106.07,89.07,0,38.86,99.5
2021-12-26,Mumbai,Dubai,Iron Ore,1905.07,1459.68,71.14,106.07,100.54,1,23.08,98.98
2021-12-27,Shanghai,Los Angeles,Coal,2437.11,1475.21,71.42,106.54,92.05,0,52.9,100.13
2021-12-28,Shanghai,Los Angeles,Iron Ore,2595.39,1490.89,71.56,106.58,101.67,0,0.0,102.15
2021-12-29,Shanghai,Los Angeles,Iron Ore,3067.0,1493.37,71.54,106.98,101.67,0,80.72,100.2
2021-12-30,Mumbai,Dubai,Iron Ore,1994.57,1502.28,71.72,107.15,95.08,0,62.53,103.16
2021-12-31,Shanghai,Los Angeles,Iron Ore,3160.28,1516.34,72.11,107.38,105.56,2,52.08,98.64
2022-01-01,Mumbai,Dubai,Steel,1933.44,1525.42,72.13,107.74,104.2,0,40.14,100.04
2022-01-02,Shanghai,Los Angeles,Iron Ore,3023.86,1542.6,72.18,107.81,105.22,0,44.54,99.58
2022-01-03,Mumbai,Rotterdam,Steel,2189.33,1570.11,72.41,108.12,100.56,0,31.16,98.58
2022-01-04,Shanghai,Los Angeles,Steel,2957.29,1572.4,72.47,108.76,93.61,2,58.89,100.05
2022-01-05,Mumbai,Dubai,Iron Ore,2162.42,1569.93,72.55,108.82,105.75,0,37.84,100.97
2022-01-06,Singapore,Rotterdam,Steel,2526.14,1580.92,72.69,109.37,99.68,0,38.59,101.2
2022-01-07,Shanghai,Los Angeles,Coal,2527.28,1595.24,72.7,110.0,94.25,2,58.72,103.74
2022-01-08,Singapore,Rotterdam,Iron Ore,2872.73,1601.93,72.75,110.05,108.13,0,20.3,101.25
2022-01-09,Mumbai,Rotterdam,Steel,2334.8,1622.06,73.06,109.95,112.04,1,48.59,102.34
2022-01-10,Shanghai,Rotterdam,Iron Ore,3048.27,1619.84,73.07,110.28,101.51,0,42.45,100.78
2022-01-11,Mumbai,Rotterdam,Iron Ore,2338.73,1633.84,73.03,110.39,112.68,0,41.93,103.27
2022-01-12,Shanghai,Los Angeles,Iron Ore,3024.47,1637.43,73.14,111.11,102.51,0,36.76,104.42
2022-01-13,Singapore,Rotterdam,Steel,2551.44,1659.59,73.45,111.37,100.32,0,57.07,101.68
2022-01-14,Singapore,Rotterdam,Coal,2289.78,1683.9,73.63,111.42,99.23,0,34.7,99.47
2022-01-15,Mumbai,Dubai,Coal,1846.65,1686.1,73.76,111.39,110.74,0,43.41,100.2
2022-01-16,Singapore,Rotterdam,Steel,2821.92,1690.0,73.96,111.91,98.82,0,59.46,101.51
2022-01-17,Mumbai,Dubai,Iron Ore,2075.25,1705.13,73.9,112.01,106.56,0,38.81,101.84
2022-01-18,Shanghai,Rotterdam,Steel,2918.2,1710.25,74.17,112.27,100.25,0,43.22,102.27
2022-01-19,Shanghai,Los Angeles,Steel,2973.09,1718.06,74.42,112.75,100.91,2,54.55,101.97
2022-01-20,Mumbai,Dubai,Steel,2002.99,1726.38,74.56,112.88,108.52,0,58.56,101.36
2022-01-21,Shanghai,Rotterdam,Iron Ore,3530.87,1719.1,74.9,113.11,101.63,2,52.13,100.46
2022-01-22,Singapore,Rotterdam,Steel,2758.24,1727.01,74.92,113.34,101.67,0,59.25,102.08
2022-01-23,Singapore,Rotterdam,Iron Ore,2970.8,1729.45,75.28,113.75,109.52,0,38.45,104.32
2022-01-24,Shanghai,Rotterdam,Steel,2795.2,1733.42,75.5,114.14,112.0,0,27.11,103.13
2022-01-25,Singapore,Rotterdam,Coal,2774.8,1752.81,75.64,114.32,107.39,1,58.19,102.47
2022-01-26,Shanghai,Rotterdam,Steel,3141.78,1750.55,75.82,114.57,101.05,1,43.43,103.27
2022-01-27,Mumbai,Dubai,Steel,2118.14,1764.78,75.99,114.71,101.93,0,49.31,101.24
2022-01-28,Mumbai,Dubai,Coal,1977.47,1770.2,76.36,114.57,105.03,2,15.06,101.09
2022-01-29,Shanghai,Rotterdam,Iron Ore,3251.72,1775.55,76.38,114.86,106.39,0,40.08,100.79
2022-01-30,Mumbai,Dubai,Iron Ore,2140.22,1789.39,76.44,115.56,100.0,0,33.11,101.79
2022-01-31,Mumbai,Dubai,Steel,2078.2,1799.56,76.78,115.56,108.7,3,48.05,101.4
2022-02-01,Mumbai,Dubai,Coal,2217.41,1811.49,76.86,115.59,105.66,1,39.7,103.9
2022-02-02,Mumbai,Rotterdam,Iron Ore,2818.9,1826.53,77.17,115.59,96.8,2,47.39,101.44
2022-02-03,Shanghai,Los Angeles,Steel,3044.19,1831.09,77.6,115.99,100.88,0,39.28,101.0
2022-02-04,Singapore,Rotterdam,Coal,2327.01,1833.32,77.71,116.31,103.14,0,19.49,105.18
2022-02-05,Mumbai,Rotterdam,Iron Ore,2815.7,1831.69,77.98,116.49,105.44,0,44.74,101.64
2022-02-06,Mumbai,Dubai,Iron Ore,2579.84,1832.04,77.98,116.46,115.39,0,60.49,102.61
2022-02-07,Shanghai,Rotterdam,Coal,2980.49,1862.51,78.26,116.69,107.27,1,52.21,103.11
2022-02-08,Mumbai,Dubai,Coal,1829.91,1879.25,78.45,116.51,102.01,0,52.13,100.78
2022-02-09,Shanghai,Los Angeles,Coal,2800.78,1875.13,78.68,116.74,107.45,0,56.42,104.39
2022-02-10,Mumbai,Dubai,Coal,1737.32,1871.15,78.74,117.16,104.72,0,58.55,103.55
2022-02-11,Shanghai,Rotterdam,Steel,3325.0,1881.5,78.65,117.04,108.24,0,68.05,104.98
2022-02-12,Shanghai,Los Angeles,Coal,2809.01,1892.28,78.88,116.85,109.64,0,32.51,101.68
2022-02-13,Mumbai,Dubai,Iron Ore,2295.66,1902.98,78.72,117.43,112.91,0,29.22,102.9
2022-02-14,Shanghai,Los Angeles,Iron Ore,3538.98,1907.14,78.82,117.47,106.87,1,59.75,102.86
2022-02-15,Singapore,Rotterdam,Steel,3080.7,1912.24,79.11,117.93,115.31,0,50.62,103.24
2022-02-16,Singapore,Rotterdam,Iron Ore,3523.52,1920.85,79.28,118.07,111.77,1,59.64,100.71
2022-02-17,Mumbai,Dubai,Iron Ore,2292.5,1927.42,79.71,118.21,103.81,0,68.34,103.11
2022-02-18,Shanghai,Los Angeles,Coal,2854.26,1915.45,80.01,118.49,118.52,0,40.17,100.85
2022-02-19,Shanghai,Rotterdam,Iron Ore,3819.94,1919.28,80.04,118.44,109.21,0,46.39,103.57
2022-02-20,Mumbai,Dubai,Steel,2043.22,1918.02,80.18,118.64,103.51,1,33.29,99.88
2022-02-21,Singapore,Rotterdam,Coal,2875.89,1924.86,80.31,118.71,116.06,0,72.03,100.34
2022-02-22,Singapore,Rotterdam,Coal,2908.04,1954.07,80.2,118.54,118.29,0,34.95,104.39
2022-02-23,Mumbai,Dubai,Steel,2266.1,1962.22,80.18,118.78,107.84,0,35.38,102.38
2022-02-24,Shanghai,Los Angeles,Coal,2744.48,1964.8,80.22,118.87,105.59,0,34.8,101.76
2022-02-25,Singapore,Rotterdam,Coal,2796.55,1977.14,80.03,118.98,107.35,1,38.33,105.19
2022-02-26,Shanghai,Los Angeles,Steel,3235.3,1985.85,80.16,118.82,111.88,1,37.06,103.81
2022-02-27,Singapore,Rotterdam,Coal,2640.68,1993.94,80.23,119.36,114.79,0,32.14,104.67
2022-02-28,Singapore,Rotterdam,Steel,2919.12,2003.4,80.09,119.72,111.35,0,19.51,103.15
2022-03-01,Mumbai,Rotterdam,Steel,2646.27,2024.32,80.26,120.09,109.09,1,36.22,107.45
2022-03-02,Singapore,Rotterdam,Iron Ore,3564.17,2019.62,80.47,120.15,116.16,0,69.23,102.56
2022-03-03,Shanghai,Rotterdam,Iron Ore,3621.51,2027.63,80.61,119.84,107.19,0,51.03,106.12
2022-03-04,Mumbai,Dubai,Coal,1947.19,2024.31,80.66,120.45,113.99,0,53.89,103.44
2022-03-05,Mumbai,Dubai,Coal,2073.07,2032.72,80.84,120.56,107.48,0,57.66,101.08
2022-03-06,Shanghai,Los Angeles,Steel,3538.18,2029.2,81.03,120.48,111.15,0,67.51,104.32
2022-03-07,Singapore,Rotterdam,Coal,2759.34,2029.55,81.17,120.7,108.5,1,21.43,104.1
2022-03-08,Shanghai,Rotterdam,Steel,3202.27,2030.75,81.13,121.1,108.86,0,21.55,102.08
2022-03-09,Shanghai,Los Angeles,Steel,3213.52,2041.98,81.25,121.19,107.32,0,27.94,102.3
2022-03-10,Mumbai,Rotterdam,Coal,2491.97,2052.62,81.51,121.61,116.0,1,40.95,103.67
2022-03-11,Shanghai,Los Angeles,Steel,3362.37,2045.81,81.5,121.98,105.67,0,35.49,104.26
2022-03-12,Shanghai,Los Angeles,Iron Ore,3483.67,2049.26,81.88,121.8,105.69,0,33.3,100.05
2022-03-13,Singapore,Rotterdam,Coal,2922.8,2046.46,81.87,121.72,120.06,0,43.29,105.36
2022-03-14,Mumbai,Rotterdam,Iron Ore,2870.86,2039.13,81.95,122.04,114.4,0,40.53,103.06
2022-03-15,Shanghai,Los Angeles,Coal,3110.57,2039.99,81.91,121.44,97.63,2,45.16,101.83
2022-03-16,Shanghai,Rotterdam,Steel,3319.89,2039.97,82.0,121.47,106.78,1,15.37,105.26
2022-03-17,Shanghai,Rotterdam,Coal,2926.53,2061.7,81.79,121.19,100.6,0,25.11,103.83
2022-03-18,Mumbai,Dubai,Iron Ore,2466.59,2067.33,81.76,121.13,104.94,1,39.76,105.7
2022-03-19,Mumbai,Rotterdam,Steel,2525.19,2058.33,81.65,121.12,94.05,0,36.29,104.55
2022-03-20,Mumbai,Rotterdam,Coal,2578.75,2055.69,81.71,121.08,109.09,2,39.05,103.91
2022-03-21,Mumbai,Dubai,Coal,2060.92,2065.6,81.9,121.0,104.1,0,32.64,103.7
2022-03-22,Shanghai,Los Angeles,Coal,2844.51,2083.9,82.04,120.77,110.14,0,23.04,104.66
2022-03-23,Mumbai,Rotterdam,Iron Ore,2925.16,2072.65,81.72,121.39,101.75,0,38.11,103.33
2022-03-24,Shanghai,Rotterdam,Iron Ore,3607.69,2058.91,82.06,121.89,110.31,0,23.9,102.68
2022-03-25,Shanghai,Rotterdam,Coal,3002.04,2075.03,82.13,121.64,107.85,0,27.27,104.88
2022-03-26,Singapore,Rotterdam,Steel,3027.68,2079.16,82.04,122.06,117.45,0,20.37,103.76
2022-03-27,Mumbai,Rotterdam,Steel,2826.82,2073.07,82.08,121.99,117.02,1,45.7,104.03
2022-03-28,Shanghai,Los Angeles,Iron Ore,3775.65,2078.06,82.12,122.04,113.9,0,27.0,105.62
2022-03-29,Mumbai,Dubai,Steel,2534.33,2057.54,82.04,122.04,108.35,2,69.6,103.82
2022-03-30,Mumbai,Dubai,Iron Ore,2607.54,2057.98,82.08,121.89,119.92,0,46.09,104.02
2022-03-31,Shanghai,Los Angeles,Coal,2946.92,2060.87,81.99,122.15,102.23,0,38.95,103.1
2022-04-01,Singapore,Rotterdam,Iron Ore,3561.09,2068.38,81.93,122.18,102.98,2,44.04,104.65
2022-04-02,Mumbai,Dubai,Iron Ore,2629.07,2060.24,81.83,122.06,109.58,0,45.71,104.52
2022-04-03,Mumbai,Rotterdam,Coal,2589.11,2060.75,81.61,121.73,121.27,1,58.36,105.35
2022-04-04,Singapore,Rotterdam,Steel,3350.71,2053.03,81.63,121.5,108.98,1,50.14,103.13
2022-04-05,Mumbai,Rotterdam,Iron Ore,3027.26,2054.6,81.7,121.07,109.06,0,64.06,103.31
2022-04-06,Shanghai,Rotterdam,Iron Ore,3605.18,2046.82,81.76,121.06,102.76,0,46.89,105.18
2022-04-07,Singapore,Rotterdam,Coal,2927.21,2042.79,81.87,120.73,114.68,0,53.7,104.36
2022-04-08,Mumbai,Dubai,Steel,2165.38,2033.91,81.9,120.64,114.7,0,42.0,102.61
2022-04-09,Singapore,Rotterdam,Iron Ore,3517.35,2038.05,81.79,120.95,113.86,0,50.13,105.92
2022-04-10,Singapore,Rotterdam,Coal,2733.37,2043.71,81.89,121.21,106.74,1,36.05,101.41
2022-04-11,Singapore,Rotterdam,Iron Ore,3289.2,2040.48,81.65,121.17,106.33,0,33.12,105.12
2022-04-12,Singapore,Rotterdam,Coal,2655.16,2039.29,81.48,121.1,103.37,0,45.24,102.03
2022-04-13,Mumbai,Rotterdam,Steel,2963.05,2026.06,81.3,121.52,110.22,0,45.13,106.75
2022-04-14,Shanghai,Rotterdam,Steel,3650.78,2021.87,81.41,121.6,104.36,3,71.61,101.59
2022-04-15,Shanghai,Los Angeles,Steel,3278.14,2019.53,81.51,121.46,103.84,0,56.51,105.62
2022-04-16,Singapore,Rotterdam,Steel,3069.89,2038.42,81.53,121.04,107.56,0,18.63,103.75
2022-04-17,Mumbai,Dubai,Iron Ore,2482.29,2027.3,81.64,121.07,107.19,0,25.38,103.31
2022-04-18,Singapore,Rotterdam,Iron Ore,3755.02,2036.65,81.45,121.21,106.9,2,59.44,104.11
2022-04-19,Mumbai,Dubai,Steel,2364.36,2042.12,81.44,120.97,111.87,2,45.13,104.76
2022-04-20,Mumbai,Rotterdam,Steel,3046.19,2041.72,81.36,120.97,109.88,0,90.67,102.44
2022-04-21,Mumbai,Dubai,Steel,2460.36,2053.0,81.42,120.79,107.99,1,55.74,102.55
2022-04-22,Shanghai,Los Angeles,Iron Ore,3546.28,2053.05,81.33,120.66,110.29,0,38.83,104.72
2022-04-23,Shanghai,Rotterdam,Steel,3605.5,2053.1,81.2,119.94,104.35,2,48.27,101.16
2022-04-24,Mumbai,Dubai,Steel,2181.07,2049.47,81.21,119.79,109.77,0,32.8,102.82
2022-04-25,Mumbai,Dubai,Steel,2141.86,2055.92,81.26,119.93,109.93,0,40.45,108.23
2022-04-26,Shanghai,Rotterdam,Coal,3138.4,2061.21,81.07,119.67,101.6,0,41.68,102.19
2022-04-27,Shanghai,Los Angeles,Steel,3321.47,2052.59,80.98,119.58,114.02,0,33.15,105.34
2022-04-28,Singapore,Rotterdam,Coal,2759.77,2038.3,80.73,119.28,104.56,1,43.9,102.71
2022-04-29,Mumbai,Dubai,Coal,2066.42,2032.79,80.26,119.25,109.34,0,60.16,104.32
2022-04-30,Shanghai,Rotterdam,Steel,3745.44,2022.38,80.2,119.08,114.63,2,76.77,104.5
2022-05-01,Mumbai,Rotterdam,Coal,2400.3,2017.74,80.19,118.72,113.35,0,43.78,105.18
2022-05-02,Shanghai,Rotterdam,Steel,3201.13,2023.37,80.13,118.92,108.81,0,19.88,103.16
2022-05-03,Mumbai,Rotterdam,Iron Ore,2986.34,2015.31,79.73,119.02,106.74,0,48.08,106.4
2022-05-04,Shanghai,Los Angeles,Iron Ore,3565.77,2010.45,79.57,118.73,113.2,0,63.31,102.5
2022-05-05,Singapore,Rotterdam,Iron Ore,3505.0,2006.26,79.12,118.72,111.74,1,68.55,103.7
2022-05-06,Shanghai,Rotterdam,Iron Ore,3780.97,2008.28,79.21,118.71,105.18,0,51.02,103.68
2022-05-07,Mumbai,Dubai,Coal,1996.05,1985.41,78.93,118.72,104.2,0,61.34,101.59
2022-05-08,Shanghai,Los Angeles,Steel,2953.15,1975.54,79.0,118.15,97.71,0,40.8,102.8
2022-05-09,Shanghai,Rotterdam,Steel,3269.63,1972.1,79.02,118.25,108.74,0,49.42,103.43
2022-05-10,Mumbai,Dubai,Steel,2380.33,1976.45,78.76,117.95,107.45,3,53.79,102.5
2022-05-11,Shanghai,Rotterdam,Iron Ore,3758.44,1967.14,78.46,117.7,113.44,0,44.38,106.76
2022-05-12,Mumbai,Rotterdam,Iron Ore,3132.54,1946.65,78.38,118.19,109.44,1,67.94,101.8
2022-05-13,Shanghai,Rotterdam,Steel,3317.04,1946.01,78.12,118.1,114.21,0,31.16,104.78
2022-05-14,Shanghai,Rotterdam,Iron Ore,3492.82,1935.21,78.0,117.83,103.94,0,27.08,104.25
2022-05-15,Shanghai,Rotterdam,Steel,3615.97,1919.88,77.79,117.11,113.0,2,57.46,102.9
2022-05-16,Shanghai,Los Angeles,Steel,2957.68,1908.96,77.38,117.28,104.54,0,36.6,101.58
2022-05-17,Shanghai,Rotterdam,Steel,3239.93,1901.45,76.9,116.76,110.96,0,49.74,101.67
2022-05-18,Mumbai,Dubai,Steel,1959.91,1890.47,76.78,116.32,99.65,0,33.2,102.0
2022-05-19,Mumbai,Rotterdam,Steel,2603.37,1866.59,76.55,116.05,108.0,0,65.78,100.05
2022-05-20,Mumbai,Rotterdam,Steel,2538.13,1867.43,76.31,116.22,96.77,1,28.65,101.17
2022-05-21,Shanghai,Rotterdam,Steel,3266.61,1871.18,76.26,116.22,105.23,0,58.81,100.4
2022-05-22,Shanghai,Los Angeles,Iron Ore,3650.58,1869.86,76.28,115.98,108.64,2,44.53,104.59
2022-05-23,Shanghai,Los Angeles,Steel,2707.31,1854.13,76.08,115.86,103.7,0,13.06,103.45
2022-05-24,Mumbai,Dubai,Steel,2117.0,1845.79,75.87,115.51,100.91,0,43.57,103.65
2022-05-25,Shanghai,Rotterdam,Iron Ore,3269.27,1838.92,75.78,115.34,110.26,0,36.18,103.3
2022-05-26,Mumbai,Rotterdam,Iron Ore,2604.3,1836.8,75.41,115.15,105.37,0,23.36,102.61
2022-05-27,Shanghai,Los Angeles,Iron Ore,3578.86,1835.16,75.28,115.18,103.3,3,38.78,104.49
2022-05-28,Shanghai,Rotterdam,Steel,3059.84,1822.21,75.19,115.21,105.82,0,39.87,101.33
2022-05-29,Shanghai,Los Angeles,Coal,2851.43,1815.7,75.12,115.12,118.65,0,54.64,102.35
2022-05-30,Shanghai,Los Angeles,Coal,2746.67,1812.12,74.66,114.81,111.09,1,56.77,103.25
2022-05-31,Mumbai,Rotterdam,Iron Ore,2642.13,1816.44,74.37,114.78,110.99,1,48.85,100.09
2022-06-01,Singapore,Rotterdam,Coal,2618.02,1814.68,74.06,114.53,107.21,0,47.18,106.66
2022-06-02,Mumbai,Dubai,Iron Ore,2499.78,1813.52,73.89,114.04,105.71,1,47.59,101.99
2022-06-03,Mumbai,Dubai,Steel,1797.15,1806.65,73.78,113.71,92.75,0,18.55,102.1
2022-06-04,Mumbai,Rotterdam,Coal,2187.33,1810.32,73.83,113.5,101.18,0,18.69,103.72
2022-06-05,Shanghai,Los Angeles,Steel,2869.32,1805.92,73.57,113.5,102.02,0,36.95,103.14
2022-06-06,Shanghai,Rotterdam,Coal,2532.45,1791.28,73.31,113.22,94.89,0,37.59,101.76
2022-06-07,Shanghai,Los Angeles,Steel,2809.88,1794.7,73.29,112.69,98.32,0,52.76,101.84
2022-06-08,Mumbai,Rotterdam,Coal,2165.87,1792.41,73.15,112.46,94.05,0,51.36,99.33
2022-06-09,Mumbai,Dubai,Steel,1987.9,1780.93,73.15,112.26,103.6,0,49.08,100.68
2022-06-10,Shanghai,Los Angeles,Steel,2846.31,1769.11,73.0,112.06,107.73,1,43.8,102.23
2022-06-11,Mumbai,Dubai,Coal,1811.35,1763.45,72.63,112.05,109.01,3,43.29,102.06
2022-06-12,Shanghai,Rotterdam,Steel,3050.93,1759.06,72.24,112.06,105.39,1,54.18,103.16
2022-06-13,Mumbai,Dubai,Steel,1998.2,1752.5,71.81,111.67,98.33,0,47.88,101.08
2022-06-14,Mumbai,Dubai,Steel,1790.34,1746.8,71.71,111.27,93.33,0,4.17,99.11
2022-06-15,Singapore,Rotterdam,Coal,2282.03,1752.17,71.69,110.76,94.04,0,27.48,102.71
2022-06-16,Singapore,Rotterdam,Coal,2368.27,1752.47,71.77,110.69,96.31,0,29.63,103.22
2022-06-17,Singapore,Rotterdam,Steel,2767.37,1745.69,71.7,110.8,98.05,0,41.78,102.34
2022-06-18,Mumbai,Dubai,Steel,1935.14,1744.87,71.67,110.47,101.52,0,27.95,100.68
2022-06-19,Mumbai,Rotterdam,Coal,2138.1,1728.23,71.39,110.16,97.08,1,47.43,102.43
2022-06-20,Mumbai,Dubai,Coal,1821.34,1722.99,71.01,110.28,103.68,0,36.84,105.94
2022-06-21,Mumbai,Rotterdam,Steel,2175.95,1729.02,70.94,110.15,100.66,0,37.61,100.9
2022-06-22,Mumbai,Rotterdam,Steel,2212.8,1718.81,70.79,110.0,101.7,0,29.25,98.69
2022-06-23,Singapore,Rotterdam,Steel,2583.36,1703.53,70.61,109.45,107.18,0,30.42,99.71
2022-06-24,Shanghai,Los Angeles,Iron Ore,2735.63,1689.8,70.46,109.37,95.41,0,23.8,101.46
2022-06-25,Shanghai,Rotterdam,Coal,2568.01,1672.54,70.3,108.88,103.23,0,45.7,98.05
2022-06-26,Singapore,Rotterdam,Iron Ore,2671.09,1657.71,70.29,108.34,100.9,0,48.57,100.64
2022-06-27,Singapore,Rotterdam,Coal,2456.39,1646.18,70.28,107.99,99.13,0,28.44,100.89
2022-06-28,Shanghai,Los Angeles,Coal,2451.3,1626.36,70.16,107.59,105.05,0,62.81,102.55
2022-06-29,Shanghai,Rotterdam,Coal,2785.09,1617.89,70.08,107.28,104.85,1,43.28,102.15
2022-06-30,Mumbai,Dubai,Coal,1818.58,1616.52,69.95,106.66,95.55,1,70.95,101.41
2022-07-01,Mumbai,Dubai,Coal,1690.35,1600.66,69.67,106.64,99.2,0,30.37,96.8
2022-07-02,Singapore,Rotterdam,Coal,2095.46,1604.21,69.58,106.66,101.34,0,9.6,101.36
2022-07-03,Shanghai,Rotterdam,Coal,2646.2,1599.69,69.16,105.92,98.4,1,54.03,100.96
2022-07-04,Singapore,Rotterdam,Iron Ore,2850.27,1599.34,69.12,105.91,102.52,0,43.73,100.22
2022-07-05,Mumbai,Rotterdam,Steel,2237.85,1585.49,68.73,105.45,100.83,0,40.52,97.17
2022-07-06,Singapore,Rotterdam,Steel,2565.15,1583.74,68.57,105.4,108.41,0,30.37,98.53
2022-07-07,Singapore,Rotterdam,Iron Ore,2640.44,1566.44,68.23,105.13,91.43,0,39.48,97.88
2022-07-08,Mumbai,Dubai,Iron Ore,1990.42,1565.0,68.11,104.88,98.29,1,40.33,96.54
2022-07-09,Mumbai,Dubai,Iron Ore,1863.31,1557.84,67.9,104.58,94.19,1,43.46,99.49
2022-07-10,Mumbai,Dubai,Iron Ore,2072.97,1553.74,67.46,104.62,101.58,0,52.62,98.23
2022-07-11,Mumbai,Rotterdam,Coal,1988.13,1535.83,67.32,104.06,90.31,0,42.76,103.3
2022-07-12,Mumbai,Dubai,Steel,1966.7,1520.2,67.03,103.96,99.96,0,49.15,99.04
2022-07-13,Shanghai,Rotterdam,Coal,2382.47,1516.52,66.96,103.98,94.91,0,36.52,101.16
2022-07-14,Shanghai,Los Angeles,Steel,2780.0,1500.51,66.75,103.9,94.22,3,58.87,96.8
2022-07-15,Shanghai,Rotterdam,Steel,2320.53,1495.83,66.61,104.23,90.49,0,22.7,98.29
2022-07-16,Shanghai,Rotterdam,Iron Ore,2907.83,1476.53,66.27,103.85,95.23,0,34.45,99.17
2022-07-17,Mumbai,Dubai,Coal,1323.33,1475.0,65.98,103.84,102.81,1,0.0,97.59
2022-07-18,Shanghai,Los Angeles,Iron Ore,2761.47,1456.86,65.71,103.57,97.09,1,39.15,98.25
2022-07-19,Shanghai,Los Angeles,Coal,2331.05,1453.03,65.64,103.63,100.19,1,46.77,98.5
2022-07-20,Shanghai,Los Angeles,Steel,2539.11,1449.84,65.7,103.38,105.21,0,48.46,98.41
2022-07-21,Mumbai,Rotterdam,Iron Ore,2197.26,1436.11,65.38,103.04,98.05,0,35.97,101.47
2022-07-22,Mumbai,Dubai,Iron Ore,1884.36,1432.67,65.35,103.12,93.77,0,45.22,99.19
2022-07-23,Shanghai,Los Angeles,Steel,2027.33,1426.7,64.83,102.76,98.74,0,7.3,99.28
2022-07-24,Mumbai,Rotterdam,Steel,2291.68,1414.39,64.46,102.16,93.52,3,63.15,99.31
2022-07-25,Singapore,Rotterdam,Steel,1937.03,1398.38,64.12,101.8,93.56,0,14.81,99.35
2022-07-26,Singapore,Rotterdam,Iron Ore,2697.25,1374.79,63.73,101.71,88.33,2,37.88,98.25
2022-07-27,Mumbai,Rotterdam,Coal,1729.45,1369.76,63.31,101.83,100.4,0,37.19,97.83
2022-07-28,Mumbai,Rotterdam,Iron Ore,2117.59,1349.48,63.18,101.62,93.69,1,67.14,98.5
2022-07-29,Mumbai,Dubai,Coal,1419.9,1342.54,62.97,101.72,96.37,0,45.57,99.92
2022-07-30,Mumbai,Dubai,Iron Ore,1991.45,1332.81,62.84,101.15,90.13,3,64.27,99.81
2022-07-31,Singapore,Rotterdam,Iron Ore,2581.55,1330.68,62.76,100.81,97.34,0,39.71,97.7
2022-08-01,Shanghai,Los Angeles,Steel,2273.92,1320.77,62.62,100.52,91.2,0,29.3,99.16
2022-08-02,Singapore,Rotterdam,Coal,2110.92,1310.72,62.54,100.27,94.15,1,39.84,97.65
2022-08-03,Shanghai,Los Angeles,Iron Ore,2713.65,1309.23,62.36,100.07,99.1,0,46.41,97.94
2022-08-04,Shanghai,Los Angeles,Iron Ore,2423.48,1304.65,62.0,100.02,98.52,0,19.22,97.12
2022-08-05,Mumbai,Dubai,Steel,1964.84,1300.0,61.99,99.7,94.32,3,72.9,97.5
2022-08-06,Shanghai,Rotterdam,Steel,2384.52,1296.65,61.73,99.52,85.44,0,34.17,99.73
2022-08-07,Shanghai,Rotterdam,Coal,2150.59,1277.36,61.42,99.3,109.11,0,52.38,97.8
2022-08-08,Mumbai,Rotterdam,Iron Ore,2310.04,1276.48,61.23,98.86,102.73,0,54.42,97.8
2022-08-09,Mumbai,Dubai,Coal,1296.4,1274.54,60.93,98.62,97.48,1,22.9,95.38
2022-08-10,Shanghai,Los Angeles,Iron Ore,2498.48,1259.66,60.7,98.38,89.97,0,31.28,97.03
2022-08-11,Shanghai,Rotterdam,Coal,1908.63,1251.05,60.6,98.14,93.03,0,27.17,97.08
2022-08-12,Shanghai,Los Angeles,Steel,2153.98,1244.18,60.49,97.95,90.75,0,12.81,96.14
2022-08-13,Shanghai,Rotterdam,Iron Ore,2681.8,1236.64,60.2,97.78,99.66,0,24.51,97.37
2022-08-14,Shanghai,Rotterdam,Coal,2267.47,1232.94,59.97,97.48,94.52,0,76.62,96.64
2022-08-15,Shanghai,Rotterdam,Steel,2329.69,1238.13,59.99,97.61,89.17,0,49.14,97.35
2022-08-16,Mumbai,Dubai,Steel,1704.1,1240.62,59.91,97.13,90.61,0,68.76,97.37
2022-08-17,Singapore,Rotterdam,Coal,1964.09,1224.06,60.08,96.77,98.45,0,52.44,95.7
2022-08-18,Shanghai,Los Angeles,Iron Ore,2584.31,1223.08,60.11,97.29,100.72,0,28.87,96.49
2022-08-19,Mumbai,Dubai,Iron Ore,1707.99,1227.87,60.14,96.85,100.25,0,34.27,97.16
2022-08-20,Mumbai,Dubai,Steel,1541.76,1225.23,59.8,96.34,96.28,0,48.83,98.77
2022-08-21,Mumbai,Dubai,Iron Ore,1645.63,1228.33,59.78,96.36,91.12,0,46.56,97.34
2022-08-22,Mumbai,Dubai,Iron Ore,1499.28,1238.92,59.64,95.67,76.06,0,31.34,95.91
2022-08-23,Mumbai,Dubai,Iron Ore,1531.48,1241.71,59.42,95.45,93.65,0,17.35,97.46
2022-08-24,Mumbai,Rotterdam,Steel,1982.99,1238.42,59.32,95.83,92.05,0,89.32,99.38
2022-08-25,Shanghai,Los Angeles,Coal,2037.34,1241.62,59.34,95.29,92.65,1,45.88,98.16
2022-08-26,Mumbai,Dubai,Iron Ore,1584.22,1237.73,59.29,94.64,92.12,0,35.11,97.56
2022-08-27,Shanghai,Los Angeles,Steel,2370.46,1233.0,59.04,94.12,85.12,0,41.7,97.79
2022-08-28,Mumbai,Rotterdam,Steel,1687.23,1225.39,59.04,94.2,94.44,0,36.36,98.82
2022-08-29,Mumbai,Rotterdam,Coal,1658.68,1233.21,58.83,94.34,94.72,0,41.84,98.24
2022-08-30,Shanghai,Los Angeles,Iron Ore,2820.68,1222.11,58.76,94.08,94.88,2,75.3,97.44
2022-08-31,Shanghai,Rotterdam,Iron Ore,2555.53,1229.94,58.6,94.11,96.12,0,38.13,98.16
2022-09-01,Singapore,Rotterdam,Coal,1812.86,1229.64,58.47,94.33,94.32,0,22.56,94.9
2022-09-02,Shanghai,Rotterdam,Coal,2003.5,1214.28,58.48,94.65,89.16,0,37.58,94.23
2022-09-03,Shanghai,Rotterdam,Steel,2259.09,1213.18,58.23,94.47,90.78,0,33.03,96.69
2022-09-04,Shanghai,Rotterdam,Steel,2380.32,1192.46,58.43,93.78,91.51,0,61.36,96.52
2022-09-05,Mumbai,Dubai,Coal,1381.64,1193.69,58.06,93.46,91.52,0,57.57,95.58
2022-09-06,Mumbai,Rotterdam,Iron Ore,1913.69,1197.13,57.89,93.24,95.9,1,49.61,97.6
2022-09-07,Shanghai,Rotterdam,Steel,2104.37,1188.88,57.86,93.07,94.05,0,20.82,93.54
2022-09-08,Mumbai,Rotterdam,Steel,1611.11,1186.49,57.87,92.93,101.16,0,21.61,95.51
2022-09-09,Shanghai,Los Angeles,Iron Ore,2332.2,1198.89,57.77,93.11,101.74,0,40.23,95.55
2022-09-10,Singapore,Rotterdam,Steel,2076.17,1191.74,57.69,93.33,91.04,0,45.04,93.8
2022-09-11,Shanghai,Los Angeles,Iron Ore,2232.43,1180.31,57.68,93.2,71.4,0,34.38,98.48
2022-09-12,Shanghai,Los Angeles,Iron Ore,2506.75,1189.34,57.58,93.39,96.71,0,32.8,94.17
2022-09-13,Mumbai,Dubai,Iron Ore,1531.6,1202.36,57.72,93.4,87.77,0,31.11,95.31
2022-09-14,Singapore,Rotterdam,Coal,1902.89,1199.84,57.79,93.34,86.41,0,39.65,97.53
2022-09-15,Shanghai,Los Angeles,Coal,1896.6,1205.54,57.86,93.5,88.38,1,12.26,97.12
2022-09-16,Shanghai,Los Angeles,Coal,1983.84,1214.01,57.66,93.45,88.1,0,23.48,94.47
2022-09-17,Singapore,Rotterdam,Iron Ore,2378.19,1205.96,57.6,93.9,93.35,1,38.59,97.14
2022-09-18,Singapore,Rotterdam,Iron Ore,2186.25,1200.1,57.51,93.48,82.45,0,58.11,96.53
2022-09-19,Shanghai,Los Angeles,Coal,1669.42,1208.12,57.31,93.29,84.82,0,27.79,99.58
2022-09-20,Singapore,Rotterdam,Steel,2318.04,1219.92,57.33,93.21,91.89,2,58.71,96.68
2022-09-21,Shanghai,Los Angeles,Iron Ore,2321.06,1222.89,57.21,93.28,93.26,0,43.4,95.85
2022-09-22,Shanghai,Los Angeles,Steel,2267.15,1214.46,57.27,93.55,93.33,1,67.47,94.76
2022-09-23,Mumbai,Dubai,Steel,1498.47,1229.11,57.08,93.51,86.16,1,66.94,94.92
2022-09-24,Shanghai,Rotterdam,Iron Ore,2430.09,1223.77,57.31,93.12,85.18,0,39.14,94.79
2022-09-25,Shanghai,Los Angeles,Iron Ore,2428.68,1220.14,57.16,93.3,87.52,0,32.87,98.08
2022-09-26,Mumbai,Rotterdam,Steel,1684.8,1222.07,57.17,93.47,91.24,0,30.04,96.04
2022-09-27,Shanghai,Rotterdam,Steel,2549.27,1233.85,57.27,92.96,97.45,2,52.38,96.86
2022-09-28,Shanghai,Rotterdam,Coal,2042.55,1240.17,57.18,92.95,79.78,1,41.49,98.28
2022-09-29,Shanghai,Rotterdam,Coal,1936.92,1243.13,57.29,92.54,88.9,0,48.3,92.46
2022-09-30,Mumbai,Dubai,Iron Ore,1703.13,1246.63,57.1,92.36,83.34,0,46.3,97.92
2022-10-01,Shanghai,Los Angeles,Coal,1835.91,1246.91,57.32,92.14,81.74,0,48.88,96.08
2022-10-02,Mumbai,Dubai,Coal,1424.35,1251.46,57.33,92.34,94.84,0,58.89,96.65
2022-10-03,Shanghai,Los Angeles,Coal,2038.32,1231.45,57.24,92.38,92.73,0,67.94,94.76
2022-10-04,Mumbai,Dubai,Coal,1446.43,1229.46,57.21,92.07,92.26,0,41.87,94.87
2022-10-05,Mumbai,Dubai,Steel,1450.42,1231.92,57.34,92.3,94.63,0,56.49,96.74
2022-10-06,Mumbai,Rotterdam,Iron Ore,1924.82,1223.38,57.27,91.97,87.64,0,34.73,99.59
2022-10-07,Mumbai,Dubai,Coal,1380.22,1227.29,57.18,92.07,87.89,1,65.78,97.53
2022-10-08,Singapore,Rotterdam,Steel,2332.29,1226.63,57.17,91.9,101.0,2,71.92,97.93
2022-10-09,Mumbai,Rotterdam,Steel,1560.74,1241.79,57.02,91.84,88.86,1,63.13,95.75
2022-10-10,Mumbai,Dubai,Steel,1804.5,1255.63,57.32,92.0,93.8,1,49.41,95.15
2022-10-11,Shanghai,Rotterdam,Coal,2039.85,1253.32,57.27,92.18,90.18,0,29.97,94.89
2022-10-12,Singapore,Rotterdam,Coal,1660.66,1253.66,57.43,92.56,80.94,0,19.08,95.34
2022-10-13,Singapore,Rotterdam,Iron Ore,2101.22,1254.77,57.5,92.59,79.99,0,39.4,93.01
2022-10-14,Singapore,Rotterdam,Coal,2006.87,1253.0,57.4,92.72,87.36,1,71.0,95.01
2022-10-15,Mumbai,Rotterdam,Coal,1861.18,1256.55,57.45,92.67,95.57,2,51.35,95.28
2022-10-16,Mumbai,Dubai,Steel,1446.15,1252.62,57.61,92.78,94.28,1,59.78,95.87
2022-10-17,Mumbai,Dubai,Iron Ore,1780.09,1245.85,57.64,92.96,94.95,1,60.66,96.35
2022-10-18,Shanghai,Rotterdam,Coal,2173.21,1253.25,57.88,93.01,85.49,0,35.74,96.71
2022-10-19,Shanghai,Rotterdam,Coal,2057.39,1260.84,58.09,92.63,98.56,0,59.75,96.17
2022-10-20,Singapore,Rotterdam,Steel,1868.0,1257.11,58.29,92.8,85.71,0,0.0,95.34
2022-10-21,Shanghai,Rotterdam,Steel,2403.27,1267.11,58.29,92.97,91.65,0,21.66,93.29
2022-10-22,Mumbai,Rotterdam,Coal,1635.82,1265.04,58.2,92.89,90.6,0,26.27,95.4
2022-10-23,Mumbai,Dubai,Iron Ore,1622.25,1270.18,58.19,92.66,89.84,0,27.7,94.83
2022-10-24,Singapore,Rotterdam,Iron Ore,2392.64,1280.0,58.29,93.13,97.47,0,45.04,97.01
2022-10-25,Shanghai,Rotterdam,Steel,2243.7,1283.12,58.46,93.35,87.32,0,44.35,97.7
2022-10-26,Mumbai,Rotterdam,Steel,1936.08,1290.29,58.22,93.4,84.17,0,45.91,97.77
2022-10-27,Mumbai,Rotterdam,Coal,1630.09,1289.82,58.3,93.23,91.09,0,48.94,97.53
2022-10-28,Shanghai,Rotterdam,Steel,2010.79,1292.04,58.42,93.14,89.07,0,25.75,96.23
2022-10-29,Mumbai,Dubai,Coal,1336.03,1294.32,58.47,93.58,108.03,0,21.73,95.67
2022-10-30,Shanghai,Rotterdam,Iron Ore,2474.49,1292.4,58.76,93.74,94.61,0,45.94,95.37
2022-10-31,Singapore,Rotterdam,Iron Ore,2353.83,1295.18,58.93,93.72,89.26,1,38.55,94.26
2022-11-01,Shanghai,Rotterdam,Coal,1916.68,1287.11,59.23,93.98,86.11,0,16.44,98.05
2022-11-02,Mumbai,Rotterdam,Steel,1969.58,1287.62,59.3,93.91,82.08,0,54.57,96.33
2022-11-03,Shanghai,Rotterdam,Iron Ore,2835.16,1289.91,59.55,94.42,86.45,1,68.93,94.76
2022-11-04,Mumbai,Dubai,Steel,1739.13,1292.56,59.91,94.9,92.24,1,71.36,95.43
2022-11-05,Shanghai,Los Angeles,Iron Ore,2620.21,1295.44,60.22,94.93,98.9,1,50.81,95.41
2022-11-06,Shanghai,Rotterdam,Coal,2065.63,1299.89,60.17,94.92,97.47,0,49.39,96.81
2022-11-07,Mumbai,Dubai,Coal,1253.63,1308.78,60.26,94.42,93.11,0,60.55,98.39
2022-11-08,Mumbai,Dubai,Coal,1387.64,1320.96,60.33,94.2,90.45,0,30.38,96.31
2022-11-09,Mumbai,Rotterdam,Iron Ore,2200.94,1321.06,60.53,94.03,93.52,0,56.66,93.49
2022-11-10,Mumbai,Dubai,Steel,1725.63,1316.84,60.76,94.22,89.69,2,60.13,96.63
2022-11-11,Mumbai,Dubai,Steel,1585.97,1314.03,60.77,94.31,100.98,0,53.71,96.72
2022-11-12,Mumbai,Dubai,Steel,1619.76,1315.77,60.92,94.14,91.56,0,42.79,96.66
2022-11-13,Mumbai,Dubai,Iron Ore,1785.63,1318.71,60.75,94.24,92.19,0,59.44,96.11
2022-11-14,Singapore,Rotterdam,Iron Ore,2499.27,1318.41,61.11,94.55,81.66,0,43.35,97.42
2022-11-15,Singapore,Rotterdam,Iron Ore,2366.79,1314.01,61.17,94.86,91.88,0,17.74,97.24
2022-11-16,Mumbai,Rotterdam,Iron Ore,2372.21,1316.43,61.33,94.56,97.16,1,69.78,97.15
2022-11-17,Shanghai,Rotterdam,Iron Ore,2696.87,1324.06,61.43,94.72,87.76,1,33.79,97.86
2022-11-18,Mumbai,Dubai,Steel,1682.72,1335.09,61.75,94.56,89.47,2,74.8,96.65
2022-11-19,Shanghai,Rotterdam,Iron Ore,2692.65,1337.01,61.48,94.98,97.32,0,38.65,96.61
2022-11-20,Shanghai,Rotterdam,Iron Ore,2714.17,1340.19,61.63,95.37,86.1,0,57.64,99.46
2022-11-21,Mumbai,Rotterdam,Steel,2046.11,1339.34,61.78,95.34,98.91,0,57.02,98.29
2022-11-22,Mumbai,Dubai,Iron Ore,1815.43,1345.76,61.87,95.35,91.09,0,46.45,98.74
2022-11-23,Mumbai,Dubai,Steel,1835.93,1345.73,62.29,95.43,91.94,2,63.63,99.39
2022-11-24,Shanghai,Los Angeles,Steel,2588.5,1357.17,62.32,95.08,88.4,0,46.34,98.4
2022-11-25,Shanghai,Rotterdam,Coal,2149.69,1349.82,62.6,95.37,96.05,1,17.79,99.06
2022-11-26,Shanghai,Rotterdam,Coal,2353.85,1353.97,62.82,95.51,106.6,0,41.77,95.35
2022-11-27,Singapore,Rotterdam,Coal,1910.6,1363.49,63.18,95.97,98.35,0,23.26,98.08
2022-11-28,Shanghai,Los Angeles,Coal,2190.79,1372.15,63.26,95.91,90.27,0,42.57,97.56
2022-11-29,Singapore,Rotterdam,Iron Ore,2491.24,1400.97,63.32,95.97,100.41,0,22.86,100.41
2022-11-30,Singapore,Rotterdam,Coal,2102.15,1411.11,63.66,95.82,93.3,1,30.23,99.34
2022-12-01,Singapore,Rotterdam,Steel,2589.18,1410.51,63.9,95.79,101.9,0,64.07,97.07
2022-12-02,Mumbai,Rotterdam,Iron Ore,2266.45,1417.24,63.85,95.72,99.21,1,64.04,98.63
2022-12-03,Mumbai,Rotterdam,Coal,1770.52,1410.6,63.95,96.19,80.61,1,47.94,98.38
2022-12-04,Singapore,Rotterdam,Steel,2295.58,1417.6,64.19,96.25,90.46,0,42.77,98.87
2022-12-05,Shanghai,Los Angeles,Iron Ore,2853.52,1418.64,64.5,96.51,100.36,1,44.28,96.73
2022-12-06,Shanghai,Rotterdam,Iron Ore,2821.96,1433.73,64.59,96.65,96.55,0,48.55,98.86
2022-12-07,Shanghai,Los Angeles,Coal,2241.0,1437.17,64.34,96.57,90.83,0,29.86,98.04
2022-12-08,Mumbai,Dubai,Iron Ore,1919.55,1444.13,64.61,96.76,92.94,1,62.91,98.87
2022-12-09,Mumbai,Rotterdam,Steel,2146.99,1447.0,64.62,97.15,86.73,3,60.2,97.42
2022-12-10,Shanghai,Rotterdam,Iron Ore,2782.89,1468.91,64.51,97.09,95.98,0,33.7,97.69
2022-12-11,Shanghai,Rotterdam,Steel,2596.98,1474.4,64.27,97.53,107.64,0,40.33,100.4
2022-12-12,Mumbai,Dubai,Iron Ore,1914.46,1497.17,64.59,97.56,100.77,0,31.13,97.12
2022-12-13,Mumbai,Dubai,Coal,1608.29,1511.84,64.81,97.69,107.86,0,44.93,97.3
2022-12-14,Singapore,Rotterdam,Steel,2326.39,1523.9,64.97,98.06,101.49,0,31.94,98.75
2022-12-15,Mumbai,Rotterdam,Iron Ore,2540.69,1535.1,65.38,98.15,102.38,2,63.03,97.74
2022-12-16,Mumbai,Rotterdam,Iron Ore,2410.0,1546.54,65.67,98.4,107.28,0,58.24,97.64
2022-12-17,Shanghai,Los Angeles,Iron Ore,2670.49,1539.44,66.11,98.58,99.46,0,29.21,99.19
2022-12-18,Singapore,Rotterdam,Steel,2385.23,1545.57,66.1,98.86,96.8,0,38.04,96.84
2022-12-19,Singapore,Rotterdam,Steel,2447.69,1560.73,66.3,98.52,103.07,0,46.92,97.65
2022-12-20,Singapore,Rotterdam,Steel,2508.85,1568.76,66.26,98.31,105.35,0,33.46,102.31
2022-12-21,Singapore,Rotterdam,Coal,2244.36,1565.98,66.43,98.72,95.85,0,46.96,99.99
2022-12-22,Mumbai,Rotterdam,Coal,2254.61,1574.04,66.59,99.23,94.81,1,56.33,98.25
2022-12-23,Mumbai,Rotterdam,Steel,2216.25,1596.17,66.89,99.26,99.28,0,56.25,100.06
2022-12-24,Singapore,Rotterdam,Iron Ore,2625.21,1614.67,67.1,99.45,102.91,0,30.91,100.35
2022-12-25,Shanghai,Los Angeles,Coal,2679.02,1622.72,67.4,99.78,102.92,1,33.86,101.06
2022-12-26,Shanghai,Rotterdam,Steel,2709.73,1638.89,67.71,100.21,91.98,0,35.39,99.45
2022-12-27,Shanghai,Rotterdam,Iron Ore,3056.08,1644.53,68.24,99.96,108.83,0,25.48,101.17
2022-12-28,Shanghai,Los Angeles,Coal,2471.44,1639.48,68.4,100.0,96.24,0,48.47,96.72
2022-12-29,Singapore,Rotterdam,Iron Ore,2719.19,1640.68,68.47,100.18,98.29,0,22.57,98.26
2022-12-30,Mumbai,Rotterdam,Iron Ore,2602.41,1661.78,68.71,100.61,95.27,0,75.0,100.16
2022-12-31,Shanghai,Rotterdam,Iron Ore,3123.25,1668.19,68.8,101.49,113.45,0,59.44,100.48
2023-01-01,Mumbai,Dubai,Iron Ore,2179.13,1676.99,69.28,101.76,101.38,1,48.19,98.7
2023-01-02,Mumbai,Dubai,Coal,1666.48,1683.19,69.44,101.66,96.09,1,61.01,100.53
2023-01-03,Shanghai,Los Angeles,Coal,2325.2,1707.02,69.56,102.02,104.84,0,15.45,99.27
2023-01-04,Singapore,Rotterdam,Coal,2475.43,1728.61,69.7,102.61,104.53,0,77.85,99.86
2023-01-05,Shanghai,Rotterdam,Steel,2832.74,1754.94,70.01,102.89,99.92,0,31.15,101.88
2023-01-06,Singapore,Rotterdam,Coal,2416.5,1762.23,70.19,102.92,105.23,0,38.19,101.78
2023-01-07,Shanghai,Rotterdam,Iron Ore,3009.18,1773.14,70.3,103.42,97.07,0,12.16,98.98
2023-01-08,Shanghai,Los Angeles,Coal,2559.6,1769.54,70.76,103.84,98.91,0,47.29,98.96
2023-01-09,Shanghai,Los Angeles,Iron Ore,2832.58,1789.86,70.83,103.84,91.49,0,23.4,100.0
2023-01-10,Mumbai,Dubai,Steel,1985.47,1789.0,71.04,104.19,95.09,1,49.52,100.64
2023-01-11,Singapore,Rotterdam,Iron Ore,3025.86,1799.2,71.34,104.69,110.92,0,31.84,99.77
2023-01-12,Mumbai,Dubai,Iron Ore,2300.92,1798.86,71.3,105.24,110.26,1,31.83,102.38
2023-01-13,Singapore,Rotterdam,Iron Ore,2897.3,1802.55,71.57,105.48,102.55,1,35.93,101.41
2023-01-14,Mumbai,Dubai,Steel,1847.0,1804.22,71.62,105.64,110.7,0,43.39,101.56
2023-01-15,Mumbai,Rotterdam,Coal,2059.03,1807.69,71.94,106.2,101.75,1,28.78,99.12
2023-01-16,Mumbai,Rotterdam,Coal,2264.39,1811.68,71.99,106.14,101.5,1,36.77,102.84
2023-01-17,Mumbai,Rotterdam,Steel,2526.28,1815.55,72.3,106.5,103.17,0,49.95,96.92
2023-01-18,Mumbai,Rotterdam,Iron Ore,2680.95,1830.43,72.66,106.4,102.42,0,79.04,102.47
2023-01-19,Shanghai,Rotterdam,Coal,2760.8,1829.76,72.98,106.91,102.13,0,47.16,102.69
2023-01-20,Mumbai,Rotterdam,Steel,2735.28,1839.64,73.22,107.09,109.09,2,42.24,100.7
2023-01-21,Shanghai,Los Angeles,Coal,2625.35,1857.46,73.38,107.65,104.29,0,34.49,103.32
2023-01-22,Shanghai,Los Angeles,Steel,3059.29,1861.37,73.48,108.02,107.26,0,40.47,101.38
2023-01-23,Shanghai,Rotterdam,Iron Ore,3413.48,1863.59,73.89,107.95,109.01,0,34.76,101.64
2023-01-24,Mumbai,Rotterdam,Coal,2148.83,1869.66,73.98,108.54,105.95,0,53.55,102.11
2023-01-25,Mumbai,Rotterdam,Steel,2382.83,1886.94,74.01,109.17,99.32,0,43.26,106.45
2023-01-26,Mumbai,Rotterdam,Coal,2327.03,1896.28,74.3,109.62,97.56,1,61.62,103.75
2023-01-27,Mumbai,Dubai,Coal,1848.4,1899.76,74.36,109.66,105.22,0,35.28,102.84
2023-01-28,Singapore,Rotterdam,Coal,2862.91,1911.28,74.4,109.82,103.78,1,67.88,100.48
2023-01-29,Mumbai,Dubai,Coal,1980.44,1910.05,74.37,110.08,105.22,1,45.5,102.13
2023-01-30,Singapore,Rotterdam,Steel,2474.87,1923.02,74.48,110.13,104.85,0,25.43,100.75
2023-01-31,Mumbai,Rotterdam,Iron Ore,2792.22,1933.74,74.64,110.78,118.0,0,72.66,103.27
2023-02-01,Mumbai,Rotterdam,Steel,2208.28,1938.64,74.86,111.03,98.58,1,20.63,102.3
2023-02-02,Mumbai,Dubai,Steel,2214.04,1939.22,75.18,110.58,95.43,2,44.92,100.46
2023-02-03,Mumbai,Dubai,Steel,2082.09,1939.34,75.43,110.88,107.18,0,30.59,102.33
2023-02-04,Singapore,Rotterdam,Iron Ore,3405.03,1950.75,75.57,111.0,103.78,0,77.62,100.99
2023-02-05,Shanghai,Los Angeles,Coal,2791.03,1967.63,75.71,111.2,107.38,0,67.1,102.55
2023-02-06,Singapore,Rotterdam,Coal,2937.16,1969.49,75.95,111.31,108.86,1,70.41,101.09
2023-02-07,Mumbai,Dubai,Coal,2076.93,1980.03,76.31,111.72,112.5,1,43.04,102.47
2023-02-08,Mumbai,Dubai,Iron Ore,2322.86,1970.12,76.49,112.2,98.68,0,76.39,103.61
2023-02-09,Shanghai,Rotterdam,Coal,2879.88,1972.13,76.58,112.48,103.57,1,53.53,102.46
2023-02-10,Mumbai,Dubai,Iron Ore,2405.75,1978.48,76.59,112.59,108.63,0,54.66,102.01
2023-02-11,Shanghai,Rotterdam,Coal,3231.59,1977.7,76.53,112.77,110.46,1,50.7,102.95
2023-02-12,Shanghai,Los Angeles,Coal,2990.09,1976.61,76.78,112.97,117.71,0,39.26,103.74
2023-02-13,Singapore,Rotterdam,Steel,3003.97,1977.58,77.02,112.96,111.65,0,36.22,101.09
2023-02-14,Singapore,Rotterdam,Iron Ore,3135.81,1986.12,77.26,113.29,106.71,0,36.86,103.19
2023-02-15,Shanghai,Rotterdam,Steel,3338.41,1990.71,77.38,113.59,102.66,0,49.13,104.82
2023-02-16,Singapore,Rotterdam,Steel,2924.51,1978.8,77.74,114.15,104.41,0,45.51,103.75
2023-02-17,Mumbai,Dubai,Steel,2059.22,1967.72,77.81,114.64,104.39,0,39.53,103.03
2023-02-18,Mumbai,Rotterdam,Iron Ore,2714.79,1968.64,78.09,114.64,110.74,0,62.64,103.95
2023-02-19,Shanghai,Rotterdam,Iron Ore,3298.54,1977.97,78.22,115.02,108.86,0,0.0,103.71
2023-02-20,Singapore,Rotterdam,Coal,2622.85,1961.55,78.26,114.95,101.07,0,47.65,104.21
2023-02-21,Shanghai,Rotterdam,Steel,3452.26,1962.99,78.48,115.29,105.62,1,58.77,100.08
2023-02-22,Shanghai,Rotterdam,Coal,2953.93,1964.11,78.67,115.32,112.29,1,65.2,100.83
2023-02-23,Mumbai,Rotterdam,Steel,2592.89,1980.42,78.85,115.22,109.77,0,39.03,104.71
2023-02-24,Mumbai,Dubai,Iron Ore,2168.04,1982.43,78.98,115.44,110.95,0,43.12,100.99
2023-02-25,Shanghai,Rotterdam,Iron Ore,3794.23,1990.46,79.1,114.92,110.13,0,54.79,103.89
2023-02-26,Singapore,Rotterdam,Iron Ore,3807.63,1996.44,79.57,114.63,116.44,2,78.37,102.8
2023-02-27,Shanghai,Los Angeles,Steel,3365.51,1984.12,79.86,114.73,109.58,2,51.49,101.87
2023-02-28,Shanghai,Rotterdam,Iron Ore,3664.37,1994.87,80.08,114.88,106.56,0,44.0,103.92
2023-03-01,Shanghai,Rotterdam,Steel,3603.76,2001.07,80.21,114.93,104.01,2,81.18,103.74
2023-03-02,Mumbai,Rotterdam,Coal,2330.04,2009.48,80.46,114.66,109.92,1,16.14,106.63
2023-03-03,Mumbai,Dubai,Steel,2305.66,2045.11,80.64,114.58,96.55,1,37.65,102.56
2023-03-04,Shanghai,Los Angeles,Coal,2672.22,2032.53,80.74,114.8,107.92,0,61.99,105.7
2023-03-05,Singapore,Rotterdam,Steel,3093.73,2050.29,80.79,115.07,107.89,0,56.39,104.1
2023-03-06,Shanghai,Los Angeles,Coal,2901.94,2051.82,80.87,115.18,102.17,0,47.84,102.61
2023-03-07,Singapore,Rotterdam,Iron Ore,3263.83,2057.81,80.48,115.58,104.43,0,33.27,104.83
2023-03-08,Mumbai,Dubai,Coal,2126.63,2061.01,80.6,115.79,113.19,0,26.77,104.5
2023-03-09,Singapore,Rotterdam,Iron Ore,3200.21,2061.04,80.61,115.7,110.36,0,31.13,103.74
2023-03-10,Mumbai,Rotterdam,Iron Ore,2966.41,2059.77,80.93,115.73,109.78,0,63.22,104.11
2023-03-11,Mumbai,Rotterdam,Coal,2178.49,2065.56,81.01,115.47,110.87,0,30.57,102.84
2023-03-12,Mumbai,Rotterdam,Steel,2816.49,2056.44,80.9,115.54,109.86,0,41.52,102.52
2023-03-13,Mumbai,Rotterdam,Steel,2603.82,2065.32,80.96,115.9,115.67,0,28.69,104.92
2023-03-14,Shanghai,Los Angeles,Steel,3530.58,2064.72,80.87,116.15,110.13,2,68.64,103.47
2023-03-15,Mumbai,Dubai,Steel,2271.68,2058.27,81.0,116.58,102.27,1,39.92,103.7
2023-03-16,Singapore,Rotterdam,Steel,3175.83,2057.13,81.11,116.58,117.76,0,38.54,104.26
2023-03-17,Singapore,Rotterdam,Iron Ore,3274.13,2069.5,81.31,116.99,111.51,0,14.75,104.26
2023-03-18,Mumbai,Rotterdam,Steel,2810.2,2067.38,81.24,117.0,106.75,0,15.8,101.74
2023-03-19,Mumbai,Rotterdam,Iron Ore,2939.23,2072.27,81.29,117.43,103.47,0,40.12,105.82
2023-03-20,Shanghai,Rotterdam,Iron Ore,3686.22,2068.31,81.13,117.48,111.76,1,28.12,104.09
2023-03-21,Mumbai,Dubai,Iron Ore,2553.09,2076.11,81.28,117.71,109.23,0,71.58,103.62
2023-03-22,Shanghai,Los Angeles,Coal,2770.81,2083.18,81.4,118.13,117.71,0,9.08,104.58
2023-03-23,Singapore,Rotterdam,Coal,2720.05,2099.41,81.51,118.12,108.14,1,36.0,104.3
2023-03-24,Shanghai,Rotterdam,Iron Ore,3702.2,2099.31,81.54,118.22,105.71,0,40.25,105.11
2023-03-25,Shanghai,Rotterdam,Coal,3150.83,2105.81,81.63,118.57,114.4,0,34.52,104.78
2023-03-26,Singapore,Rotterdam,Steel,2991.86,2107.6,81.89,118.57,114.57,0,23.44,105.05
2023-03-27,Shanghai,Los Angeles,Steel,3107.46,2118.83,81.87,118.27,110.8,0,25.63,106.01
2023-03-28,Shanghai,Rotterdam,Iron Ore,3808.61,2113.79,81.91,118.82,113.35,0,25.14,105.31
2023-03-29,Shanghai,Rotterdam,Steel,3250.31,2120.31,81.76,118.72,109.8,0,35.7,103.75
2023-03-30,Mumbai,Dubai,Iron Ore,2429.12,2119.17,81.64,118.77,111.16,0,69.28,102.31
2023-03-31,Shanghai,Los Angeles,Iron Ore,3657.16,2118.92,81.66,119.07,115.82,1,49.17,106.5
2023-04-01,Shanghai,Rotterdam,Steel,3393.33,2119.78,81.83,118.92,113.13,0,57.74,103.64
2023-04-02,Shanghai,Los Angeles,Coal,3168.25,2121.77,81.79,118.67,109.15,1,55.6,103.29
2023-04-03,Singapore,Rotterdam,Steel,3234.61,2120.66,81.75,118.73,116.76,0,56.71,101.39
2023-04-04,Mumbai,Rotterdam,Steel,2438.65,2122.06,81.68,118.27,98.17,0,0.0,104.5
2023-04-05,Shanghai,Rotterdam,Iron Ore,3896.94,2134.21,81.59,118.18,120.24,0,35.43,104.22
2023-04-06,Mumbai,Dubai,Iron Ore,2494.72,2141.47,81.62,118.23,101.44,0,59.61,101.71
2023-04-07,Singapore,Rotterdam,Iron Ore,3451.02,2147.66,81.37,118.14,106.82,0,31.42,104.66
2023-04-08,Shanghai,Los Angeles,Iron Ore,3920.86,2143.1,81.54,117.72,109.73,0,66.44,103.23
2023-04-09,Singapore,Rotterdam,Coal,3011.32,2134.93,81.42,118.09,109.18,1,70.26,108.0
2023-04-10,Shanghai,Rotterdam,Coal,3162.49,2141.36,81.5,118.08,114.92,0,32.96,103.1
2023-04-11,Shanghai,Los Angeles,Coal,2886.15,2147.02,81.28,118.4,104.57,0,32.45,103.29
2023-04-12,Mumbai,Rotterdam,Iron Ore,3249.67,2157.3,81.34,118.29,111.14,2,40.8,102.62
2023-04-13,Singapore,Rotterdam,Iron Ore,3205.42,2150.82,81.4,118.02,106.91,0,30.56,105.84
2023-04-14,Shanghai,Rotterdam,Iron Ore,3474.89,2147.2,81.42,118.03,111.24,0,21.51,103.35
2023-04-15,Mumbai,Dubai,Coal,2132.16,2132.15,81.22,117.92,109.4,1,54.43,102.8
2023-04-16,Shanghai,Los Angeles,Iron Ore,3348.18,2126.93,81.21,117.56,110.15,0,18.16,104.93
2023-04-17,Singapore,Rotterdam,Steel,3118.68,2132.68,80.98,117.86,106.89,0,49.06,101.78
2023-04-18,Singapore,Rotterdam,Steel,3136.44,2126.58,80.88,117.64,107.04,0,49.42,104.77
2023-04-19,Mumbai,Rotterdam,Iron Ore,2890.63,2129.2,80.98,117.1,110.98,0,15.08,106.49
2023-04-20,Mumbai,Rotterdam,Steel,2781.89,2125.03,81.03,117.35,114.21,0,63.25,104.64
2023-04-21,Mumbai,Dubai,Steel,2201.52,2124.83,80.97,117.14,106.44,0,47.7,104.73
2023-04-22,Mumbai,Dubai,Coal,2205.88,2112.72,80.75,116.9,105.03,2,67.25,105.05
2023-04-23,Shanghai,Rotterdam,Iron Ore,3718.27,2110.34,80.77,116.37,112.38,1,36.62,106.29
2023-04-24,Shanghai,Rotterdam,Iron Ore,3646.93,2083.21,80.7,116.71,109.09,0,49.34,105.51
2023-04-25,Mumbai,Dubai,Coal,1938.01,2078.37,80.27,116.29,113.33,0,56.9,104.33
2023-04-26,Mumbai,Dubai,Steel,2307.23,2061.85,80.31,116.2,104.58,1,46.52,105.0
2023-04-27,Shanghai,Los Angeles,Steel,3283.59,2067.89,80.22,116.32,100.14,0,70.03,102.29
2023-04-28,Mumbai,Rotterdam,Iron Ore,2985.78,2070.36,80.31,116.31,106.3,0,40.66,104.75
2023-04-29,Shanghai,Rotterdam,Steel,3286.2,2070.22,80.05,116.18,105.06,0,57.11,102.05
2023-04-30,Mumbai,Rotterdam,Coal,2460.38,2078.38,79.48,115.63,108.41,1,52.4,102.97
2023-05-01,Mumbai,Rotterdam,Coal,2603.95,2066.65,79.42,115.31,105.54,0,48.78,98.87
2023-05-02,Mumbai,Dubai,Iron Ore,2555.0,2076.36,79.36,115.23,112.34,3,38.93,104.06
2023-05-03,Shanghai,Los Angeles,Coal,2889.4,2079.42,79.0,114.9,107.11,0,45.57,102.45
2023-05-04,Singapore,Rotterdam,Coal,2577.45,2073.0,78.75,114.81,109.21,0,28.98,105.05
2023-05-05,Shanghai,Los Angeles,Iron Ore,3275.82,2077.44,79.05,114.84,109.16,0,27.3,103.93
2023-05-06,Shanghai,Los Angeles,Coal,3163.71,2063.82,78.89,114.94,109.25,0,66.16,104.99
2023-05-07,Mumbai,Rotterdam,Coal,2473.4,2052.33,78.88,114.49,108.05,1,44.79,101.64
2023-05-08,Shanghai,Los Angeles,Coal,3043.62,2042.44,78.66,114.89,110.63,2,40.95,104.79
2023-05-09,Shanghai,Rotterdam,Steel,3048.43,2033.08,78.22,114.92,103.99,0,34.61,106.35
2023-05-10,Mumbai,Rotterdam,Iron Ore,3044.7,2019.37,78.07,114.77,114.86,2,36.49,104.29
2023-05-11,Shanghai,Rotterdam,Iron Ore,3982.32,2023.79,77.9,114.88,106.58,1,69.51,104.29
2023-05-12,Singapore,Rotterdam,Iron Ore,3290.7,2016.23,77.71,115.3,101.09,0,29.56,103.31
2023-05-13,Mumbai,Rotterdam,Steel,2687.54,2013.46,77.56,114.78,108.48,0,47.94,102.23
2023-05-14,Singapore,Rotterdam,Steel,2948.89,2003.19,77.46,114.55,103.17,0,60.34,104.11
2023-05-15,Mumbai,Rotterdam,Iron Ore,2811.55,1982.8,77.3,113.78,110.63,0,32.5,100.66
2023-05-16,Mumbai,Dubai,Steel,2285.21,1979.04,76.97,113.65,118.24,0,47.98,102.25
2023-05-17,Shanghai,Los Angeles,Iron Ore,3071.65,1957.71,76.9,113.56,103.13,0,24.55,100.17
2023-05-18,Mumbai,Dubai,Steel,2170.66,1951.02,76.46,113.37,108.61,0,76.69,101.72
2023-05-19,Singapore,Rotterdam,Coal,2867.66,1933.83,76.0,113.02,98.04,1,62.05,103.69
2023-05-20,Shanghai,Los Angeles,Coal,2956.45,1943.39,75.96,112.31,108.96,1,45.11,103.44
2023-05-21,Mumbai,Rotterdam,Iron Ore,2514.89,1944.24,75.88,112.21,102.14,0,28.41,102.7
2023-05-22,Shanghai,Los Angeles,Steel,3085.86,1938.55,75.72,112.38,103.31,0,38.29,102.83
2023-05-23,Shanghai,Rotterdam,Steel,3119.91,1942.03,75.35,112.04,100.79,0,34.9,99.69
2023-05-24,Shanghai,Los Angeles,Coal,2976.58,1928.53,75.08,111.94,109.83,0,69.29,101.91
2023-05-25,Shanghai,Rotterdam,Coal,2705.46,1926.06,74.88,111.35,111.07,0,21.62,101.39
2023-05-26,Shanghai,Los Angeles,Steel,3079.98,1920.76,74.47,111.25,106.01,0,42.02,101.37
2023-05-27,Shanghai,Rotterdam,Steel,3178.91,1915.87,74.19,110.95,101.43,0,39.72,103.2
2023-05-28,Singapore,Rotterdam,Steel,2856.13,1918.98,74.12,110.54,113.56,0,38.24,100.95
2023-05-29,Mumbai,Dubai,Steel,2059.38,1917.67,74.16,110.14,101.72,0,38.37,101.28
2023-05-30,Mumbai,Rotterdam,Steel,2347.53,1912.74,73.93,109.82,94.51,0,38.26,99.0
2023-05-31,Shanghai,Los Angeles,Steel,3344.09,1892.18,73.86,109.7,107.47,1,61.1,101.63
2023-06-01,Mumbai,Dubai,Iron Ore,2455.18,1877.1,73.4,109.15,99.5,2,65.13,100.38
2023-06-02,Mumbai,Rotterdam,Steel,2380.25,1868.65,73.32,108.82,109.82,0,46.28,102.07
2023-06-03,Mumbai,Rotterdam,Coal,1941.05,1861.85,73.02,108.59,102.82,0,0.0,100.46
2023-06-04,Shanghai,Rotterdam,Iron Ore,3382.06,1845.2,72.88,108.09,107.59,0,44.5,101.99
2023-06-05,Singapore,Rotterdam,Steel,2759.75,1856.81,72.66,108.3,111.43,0,15.17,101.55
2023-06-06,Singapore,Rotterdam,Coal,2397.11,1861.19,72.67,107.86,98.22,0,49.69,104.21
2023-06-07,Mumbai,Dubai,Iron Ore,2476.12,1858.2,72.35,107.46,101.28,0,62.12,102.39
2023-06-08,Singapore,Rotterdam,Coal,2698.83,1850.91,72.26,106.98,103.57,2,42.11,98.82
2023-06-09,Shanghai,Los Angeles,Steel,2948.81,1841.28,72.03,107.19,111.48,0,36.07,99.62
2023-06-10,Singapore,Rotterdam,Steel,2793.67,1825.68,71.81,107.09,100.34,1,39.01,101.54
2023-06-11,Mumbai,Dubai,Steel,2053.18,1818.26,71.59,106.61,100.5,0,58.53,99.99
2023-06-12,Singapore,Rotterdam,Steel,2740.4,1812.23,71.27,106.64,105.7,0,41.43,96.87
2023-06-13,Shanghai,Los Angeles,Iron Ore,3338.4,1794.16,71.07,106.45,100.26,0,65.92,103.28
2023-06-14,Shanghai,Rotterdam,Iron Ore,3265.17,1788.64,70.87,106.27,103.75,0,46.21,102.27
2023-06-15,Mumbai,Dubai,Coal,1833.53,1779.17,70.7,105.94,95.06,0,43.64,101.91
2023-06-16,Shanghai,Rotterdam,Steel,2936.55,1755.64,70.52,105.5,113.73,0,41.02,100.15
2023-06-17,Shanghai,Rotterdam,Coal,2674.48,1740.44,70.44,105.34,95.75,0,52.27,101.64
2023-06-18,Shanghai,Rotterdam,Iron Ore,2912.12,1728.78,70.38,104.95,100.71,0,13.93,99.87
2023-06-19,Mumbai,Rotterdam,Steel,2410.95,1735.5,70.02,105.15,101.99,0,41.28,101.17
2023-06-20,Mumbai,Rotterdam,Steel,2447.09,1731.54,69.95,104.58,111.55,2,54.95,99.41
2023-06-21,Shanghai,Rotterdam,Iron Ore,3124.45,1712.41,69.57,104.71,95.19,0,50.88,103.0
2023-06-22,Mumbai,Dubai,Iron Ore,2082.08,1707.83,69.45,104.43,111.57,0,37.18,98.3
2023-06-23,Shanghai,Los Angeles,Iron Ore,2860.82,1686.96,69.34,104.25,105.26,0,24.42,102.44
2023-06-24,Shanghai,Los Angeles,Iron Ore,3194.65,1687.1,68.85,104.2,103.39,1,48.11,100.58
2023-06-25,Singapore,Rotterdam,Iron Ore,2678.88,1674.79,68.66,103.79,96.21,0,23.76,99.72
2023-06-26,Mumbai,Dubai,Steel,1908.17,1665.49,68.38,103.75,103.82,0,11.12,100.64
2023-06-27,Mumbai,Rotterdam,Iron Ore,2378.78,1667.53,68.06,102.82,97.18,0,50.91,101.42
2023-06-28,Shanghai,Rotterdam,Steel,2873.17,1648.65,68.06,102.38,106.96,0,48.69,102.3
2023-06-29,Singapore,Rotterdam,Steel,2467.82,1628.89,67.76,101.89,95.6,0,47.01,100.65
2023-06-30,Shanghai,Los Angeles,Iron Ore,3325.65,1615.62,67.43,101.32,99.71,2,75.54,98.78
2023-07-01,Mumbai,Rotterdam,Iron Ore,2430.41,1615.33,67.23,101.01,97.33,1,38.02,100.13
2023-07-02,Mumbai,Rotterdam,Steel,2019.05,1594.58,67.13,100.84,95.0,0,18.53,102.7
2023-07-03,Shanghai,Rotterdam,Iron Ore,3084.97,1563.32,66.9,100.76,103.47,0,38.95,101.93
2023-07-04,Shanghai,Los Angeles,Iron Ore,2736.66,1551.11,66.87,100.56,102.27,0,34.79,101.2
2023-07-05,Mumbai,Dubai,Iron Ore,1984.05,1546.94,66.74,100.14,105.46,0,27.37,100.96
2023-07-06,Mumbai,Rotterdam,Coal,1895.35,1547.96,66.21,99.98,90.35,1,46.8,100.75
2023-07-07,Shanghai,Rotterdam,Steel,2643.23,1535.68,65.93,99.75,104.4,0,30.83,101.37
2023-07-08,Mumbai,Dubai,Coal,1424.67,1523.83,65.64,99.73,111.43,0,12.46,98.88
2023-07-09,Shanghai,Los Angeles,Iron Ore,2666.45,1524.52,65.5,99.66,96.48,0,33.38,97.46
2023-07-10,Mumbai,Rotterdam,Coal,1931.85,1501.04,64.9,99.42,108.04,1,30.95,99.53
2023-07-11,Mumbai,Dubai,Iron Ore,2102.28,1489.43,65.08,98.94,97.08,0,43.47,98.13
2023-07-12,Mumbai,Dubai,Coal,1530.16,1482.48,64.96,98.52,91.36,0,30.16,97.71
2023-07-13,Mumbai,Dubai,Iron Ore,2125.62,1477.62,64.78,98.13,96.53,0,56.67,98.14
2023-07-14,Mumbai,Rotterdam,Coal,1979.01,1465.12,64.75,97.8,103.13,0,64.06,102.88
2023-07-15,Mumbai,Rotterdam,Coal,2018.94,1457.0,64.9,97.61,93.53,2,66.19,99.29
2023-07-16,Singapore,Rotterdam,Coal,2151.87,1428.74,64.83,97.54,94.55,0,16.73,99.56
2023-07-17,Shanghai,Los Angeles,Steel,2619.67,1415.15,64.78,97.28,100.35,0,62.58,97.12
2023-07-18,Shanghai,Rotterdam,Coal,2355.07,1410.5,64.6,97.03,97.24,0,63.64,96.12
2023-07-19,Mumbai,Dubai,Steel,1827.19,1394.4,64.38,96.82,99.98,1,48.28,97.59
2023-07-20,Singapore,Rotterdam,Iron Ore,2599.89,1386.67,64.11,96.45,98.08,0,59.84,100.91
2023-07-21,Shanghai,Rotterdam,Coal,2031.75,1382.1,63.79,95.97,99.13,0,31.72,99.19
2023-07-22,Singapore,Rotterdam,Iron Ore,2423.27,1371.25,63.49,95.29,94.4,0,12.01,99.52
2023-07-23,Mumbai,Rotterdam,Iron Ore,2205.64,1364.56,63.1,94.87,97.56,0,28.6,99.67
2023-07-24,Mumbai,Dubai,Coal,1822.44,1348.86,62.89,94.75,91.61,1,73.94,97.61
2023-07-25,Shanghai,Rotterdam,Steel,2526.48,1339.27,62.45,94.34,102.53,1,25.63,100.52
2023-07-26,Shanghai,Rotterdam,Coal,2176.65,1336.26,62.29,94.04,92.76,0,39.99,97.42
2023-07-27,Shanghai,Rotterdam,Iron Ore,2779.28,1329.69,62.1,93.92,101.42,0,40.51,100.42
2023-07-28,Shanghai,Rotterdam,Iron Ore,2969.89,1317.24,61.93,93.82,94.45,2,48.31,98.91
2023-07-29,Shanghai,Rotterdam,Coal,2329.52,1311.33,61.67,93.32,96.47,0,33.35,95.5
2023-07-30,Singapore,Rotterdam,Steel,2205.39,1309.42,61.95,93.34,92.84,0,41.08,97.0
2023-07-31,Mumbai,Dubai,Steel,1539.81,1285.46,61.97,93.4,90.08,0,31.57,95.39
2023-08-01,Mumbai,Rotterdam,Iron Ore,1860.43,1287.24,61.6,92.89,86.29,0,18.67,99.75
2023-08-02,Mumbai,Rotterdam,Iron Ore,2111.61,1277.13,61.46,92.46,89.58,0,43.23,97.91
2023-08-03,Mumbai,Rotterdam,Steel,1897.49,1273.2,61.19,92.54,93.09,1,64.1,94.54
2023-08-04,Mumbai,Rotterdam,Coal,1920.34,1275.51,60.87,92.28,95.63,1,61.04,98.39
2023-08-05,Singapore,Rotterdam,Iron Ore,2383.2,1257.36,60.49,91.51,99.48,0,27.85,96.96
2023-08-06,Shanghai,Los Angeles,Steel,2202.03,1244.58,60.39,90.95,92.05,0,21.23,95.49
2023-08-07,Mumbai,Dubai,Iron Ore,1678.97,1235.26,60.12,90.68,89.73,0,35.74,100.17
2023-08-08,Shanghai,Rotterdam,Coal,2336.07,1222.06,60.1,90.18,86.79,0,63.52,97.76
2023-08-09,Shanghai,Los Angeles,Steel,2373.37,1229.1,60.08,89.87,96.27,0,49.68,97.11
2023-08-10,Mumbai,Rotterdam,Iron Ore,2021.6,1215.5,60.13,89.68,100.65,0,50.56,96.89
2023-08-11,Shanghai,Los Angeles,Coal,2249.51,1204.4,59.84,89.84,99.93,2,69.35,95.17
2023-08-12,Mumbai,Dubai,Iron Ore,1720.42,1199.47,59.75,89.57,97.02,1,54.31,95.43
2023-08-13,Shanghai,Rotterdam,Coal,2136.95,1183.39,59.69,89.65,96.53,0,41.81,99.26
2023-08-14,Shanghai,Rotterdam,Coal,2043.48,1173.86,59.47,89.81,101.7,0,49.93,96.57
2023-08-15,Mumbai,Dubai,Steel,1596.17,1170.14,59.2,89.98,94.75,0,31.81,97.27
2023-08-16,Mumbai,Dubai,Coal,1594.04,1161.31,59.3,89.87,96.19,2,34.78,94.12
2023-08-17,Mumbai,Rotterdam,Iron Ore,1913.44,1154.5,59.18,89.2,91.24,0,50.84,95.16
2023-08-18,Shanghai,Rotterdam,Coal,2069.27,1144.32,59.14,89.13,85.91,0,58.57,98.0
2023-08-19,Shanghai,Los Angeles,Coal,1842.53,1126.36,58.87,89.22,89.19,0,23.23,97.61
2023-08-20,Singapore,Rotterdam,Steel,2295.52,1123.19,58.55,89.03,92.45,1,60.33,99.63
2023-08-21,Singapore,Rotterdam,Coal,2218.93,1131.61,58.33,89.3,92.68,1,73.21,98.97
2023-08-22,Mumbai,Dubai,Coal,1198.77,1126.24,58.18,89.35,101.9,0,39.97,96.56
2023-08-23,Mumbai,Rotterdam,Iron Ore,1940.59,1122.65,57.89,89.33,92.57,1,35.73,97.57
2023-08-24,Singapore,Rotterdam,Steel,2037.35,1122.91,57.76,89.44,97.95,0,41.85,96.35
2023-08-25,Shanghai,Rotterdam,Steel,1997.31,1107.59,57.39,89.37,89.78,0,31.74,99.86
2023-08-26,Mumbai,Dubai,Steel,1460.36,1116.16,57.1,88.59,90.29,1,38.75,98.46
2023-08-27,Shanghai,Los Angeles,Coal,2056.42,1112.86,57.08,88.32,85.11,1,54.5,96.96
2023-08-28,Mumbai,Dubai,Steel,1340.2,1121.11,57.05,88.47,87.94,0,15.94,96.96
2023-08-29,Shanghai,Los Angeles,Coal,1649.14,1110.57,56.88,88.13,94.2,0,18.34,98.79
2023-08-30,Mumbai,Dubai,Coal,1683.18,1120.56,56.62,87.94,91.51,1,48.29,97.46
2023-08-31,Mumbai,Dubai,Iron Ore,1724.49,1122.33,56.36,87.55,96.1,1,47.67,98.89
2023-09-01,Mumbai,Dubai,Iron Ore,1727.86,1122.45,56.2,87.86,92.2,1,53.15,93.23
2023-09-02,Shanghai,Los Angeles,Iron Ore,2326.74,1120.15,56.2,88.16,89.45,0,68.13,97.18
2023-09-03,Shanghai,Los Angeles,Iron Ore,2636.18,1114.12,56.24,87.82,101.87,2,57.57,95.68
2023-09-04,Mumbai,Dubai,Iron Ore,1872.9,1119.82,56.07,87.74,90.59,3,72.97,99.06
2023-09-05,Singapore,Rotterdam,Coal,1566.84,1117.16,55.81,87.45,96.79,0,25.37,98.71
2023-09-06,Mumbai,Rotterdam,Coal,1566.52,1097.78,55.76,87.5,88.9,1,59.52,96.41
2023-09-07,Mumbai,Rotterdam,Steel,1758.72,1085.33,55.55,87.52,94.38,0,32.1,98.64
2023-09-08,Mumbai,Rotterdam,Coal,1747.17,1080.47,55.4,87.62,95.41,0,41.07,98.98
2023-09-09,Shanghai,Los Angeles,Coal,1894.78,1079.71,55.52,87.61,91.75,0,38.37,96.39
2023-09-10,Shanghai,Los Angeles,Iron Ore,2378.5,1076.16,55.57,88.25,78.87,0,55.49,99.96
2023-09-11,Singapore,Rotterdam,Coal,1679.84,1082.95,55.52,87.9,90.67,0,20.35,96.19
2023-09-12,Mumbai,Rotterdam,Iron Ore,1818.41,1064.52,55.26,87.39,96.68,1,13.75,95.89
2023-09-13,Mumbai,Rotterdam,Steel,1789.68,1062.98,55.23,87.21,93.11,0,36.8,97.49
2023-09-14,Mumbai,Dubai,Steel,1612.3,1045.9,55.33,86.74,92.65,0,47.03,95.64
2023-09-15,Shanghai,Los Angeles,Coal,2157.14,1049.58,55.21,86.3,81.76,2,58.28,96.28
2023-09-16,Mumbai,Rotterdam,Steel,1627.73,1046.56,55.36,85.98,86.73,0,58.48,98.25
2023-09-17,Singapore,Rotterdam,Coal,1785.02,1047.81,55.5,85.68,92.34,0,46.56,96.14
2023-09-18,Singapore,Rotterdam,Steel,1937.92,1038.92,55.71,85.39,92.3,0,31.54,93.56
2023-09-19,Mumbai,Rotterdam,Iron Ore,1672.8,1047.33,55.71,85.46,96.28,0,5.12,96.64
2023-09-20,Shanghai,Los Angeles,Iron Ore,2241.35,1053.99,55.76,85.28,89.45,0,36.44,95.03
2023-09-21,Singapore,Rotterdam,Iron Ore,2419.33,1057.12,55.93,85.19,92.17,1,63.42,97.36
2023-09-22,Mumbai,Dubai,Iron Ore,1622.02,1054.69,55.96,85.38,90.2,0,34.12,97.09
2023-09-23,Singapore,Rotterdam,Coal,2004.54,1058.09,55.86,85.15,85.16,1,48.42,98.24
2023-09-24,Shanghai,Rotterdam,Steel,2056.97,1051.33,55.77,85.05,78.79,0,46.32,97.39
2023-09-25,Shanghai,Rotterdam,Coal,1710.97,1057.23,55.78,85.11,92.21,0,24.77,97.66
2023-09-26,Shanghai,Los Angeles,Iron Ore,2319.69,1069.62,55.57,84.6,90.91,0,49.35,95.01
2023-09-27,Mumbai,Rotterdam,Coal,1875.68,1077.53,55.53,83.99,86.93,1,72.56,97.22
2023-09-28,Shanghai,Los Angeles,Steel,1926.52,1071.18,55.68,84.06,81.92,0,37.41,98.96
2023-09-29,Shanghai,Los Angeles,Coal,1845.38,1073.72,55.34,84.17,93.15,0,23.06,94.97
2023-09-30,Shanghai,Los Angeles,Steel,2079.26,1063.16,55.57,84.68,88.67,0,39.0,98.7
2023-10-01,Shanghai,Los Angeles,Coal,1719.06,1067.67,55.74,84.72,92.78,0,6.63,95.18
2023-10-02,Mumbai,Dubai,Steel,1463.87,1071.36,55.67,84.92,99.32,0,45.05,94.72
2023-10-03,Mumbai,Dubai,Steel,1306.71,1056.63,55.76,84.88,79.3,0,46.78,96.45
2023-10-04,Singapore,Rotterdam,Iron Ore,2002.32,1047.72,55.77,84.97,86.52,0,65.13,97.08
2023-10-05,Shanghai,Rotterdam,Steel,2098.65,1045.98,55.96,85.4,88.98,1,45.09,97.38
2023-10-06,Shanghai,Los Angeles,Iron Ore,2248.73,1044.25,56.13,84.89,97.31,0,46.13,94.57
2023-10-07,Singapore,Rotterdam,Iron Ore,2115.48,1035.39,55.94,85.02,81.87,0,27.08,96.67
2023-10-08,Shanghai,Rotterdam,Iron Ore,2321.82,1039.47,56.05,85.58,99.75,0,34.65,95.0
2023-10-09,Mumbai,Rotterdam,Coal,1381.99,1042.6,56.04,85.68,90.78,0,17.12,93.81
2023-10-10,Mumbai,Dubai,Coal,1251.67,1042.31,56.09,86.13,89.64,1,45.08,94.66
2023-10-11,Shanghai,Rotterdam,Coal,1952.74,1037.67,56.01,86.02,89.16,0,35.42,94.93
2023-10-12,Mumbai,Rotterdam,Coal,1660.82,1047.62,56.31,86.06,88.0,0,44.49,96.85
2023-10-13,Shanghai,Rotterdam,Steel,2327.33,1062.56,56.51,86.12,95.46,1,38.65,97.81
2023-10-14,Mumbai,Dubai,Steel,1469.89,1060.53,56.44,85.62,84.91,0,41.25,93.89
2023-10-15,Mumbai,Dubai,Coal,1121.74,1057.63,56.29,85.39,92.02,0,35.0,96.64
2023-10-16,Singapore,Rotterdam,Steel,1887.82,1063.69,56.28,85.18,88.41,0,35.03,94.37
2023-10-17,Shanghai,Los Angeles,Steel,2339.97,1063.1,56.4,85.45,86.57,1,49.21,97.1
2023-10-18,Shanghai,Rotterdam,Iron Ore,2789.95,1064.4,56.49,85.74,103.36,2,56.61,95.24
2023-10-19,Shanghai,Rotterdam,Iron Ore,2405.34,1072.88,56.74,85.9,92.57,1,59.42,94.61
2023-10-20,Mumbai,Rotterdam,Iron Ore,1846.73,1060.3,56.93,86.18,93.6,0,38.19,97.41
2023-10-21,Mumbai,Dubai,Iron Ore,1873.55,1073.69,57.14,86.23,96.28,3,58.75,95.36
2023-10-22,Shanghai,Rotterdam,Steel,2026.48,1077.25,57.26,86.62,83.54,0,37.29,95.79
2023-10-23,Mumbai,Dubai,Coal,1062.29,1077.08,57.13,86.71,99.47,0,29.28,92.95
2023-10-24,Shanghai,Rotterdam,Steel,2195.44,1079.62,57.18,86.83,78.23,1,42.6,97.73
2023-10-25,Singapore,Rotterdam,Steel,2025.49,1082.71,57.42,86.86,87.0,0,70.47,97.57
2023-10-26,Shanghai,Los Angeles,Steel,1906.66,1072.39,57.49,87.14,88.62,0,26.31,96.37
2023-10-27,Shanghai,Rotterdam,Iron Ore,2333.36,1088.01,57.66,87.14,93.9,0,35.82,94.1
2023-10-28,Mumbai,Dubai,Iron Ore,1548.15,1092.13,57.7,87.5,92.16,0,34.19,98.24
2023-10-29,Singapore,Rotterdam,Iron Ore,2286.17,1099.6,57.64,87.34,90.31,1,44.29,95.46
2023-10-30,Shanghai,Rotterdam,Coal,1863.96,1111.27,57.72,87.18,91.16,0,35.03,95.81
2023-10-31,Mumbai,Rotterdam,Steel,1697.77,1107.29,57.87,87.48,86.42,0,44.19,99.99
2023-11-01,Shanghai,Los Angeles,Coal,1577.78,1115.4,57.87,87.59,83.91,0,14.35,95.5
2023-11-02,Shanghai,Rotterdam,Iron Ore,2811.12,1117.7,57.94,87.61,95.12,2,71.56,97.71
2023-11-03,Singapore,Rotterdam,Coal,1697.13,1129.04,57.91,87.97,95.04,1,57.49,97.47
2023-11-04,Mumbai,Rotterdam,Steel,1661.76,1116.72,58.19,87.96,99.59,0,21.36,97.25
2023-11-05,Singapore,Rotterdam,Steel,2271.47,1120.74,58.26,88.05,87.81,3,29.96,97.13
2023-11-06,Singapore,Rotterdam,Iron Ore,2173.15,1120.86,58.6,88.55,95.33,1,33.34,97.31
2023-11-07,Mumbai,Rotterdam,Iron Ore,1970.87,1129.38,58.95,89.09,90.55,0,36.36,97.19
2023-11-08,Singapore,Rotterdam,Coal,2156.03,1138.32,59.06,89.63,98.02,0,78.7,96.75
2023-11-09,Mumbai,Rotterdam,Iron Ore,1654.34,1137.95,59.04,89.72,97.28,0,48.15,99.14
2023-11-10,Shanghai,Rotterdam,Iron Ore,2419.93,1137.67,58.86,90.19,93.34,1,20.89,94.94
2023-11-11,Mumbai,Rotterdam,Steel,1428.95,1142.31,58.77,90.12,90.7,0,29.66,98.49
2023-11-12,Mumbai,Rotterdam,Iron Ore,1940.88,1140.78,58.7,90.06,97.31,0,39.2,98.24
2023-11-13,Shanghai,Los Angeles,Iron Ore,2391.69,1153.26,59.04,89.65,95.86,0,43.81,98.1
2023-11-14,Mumbai,Rotterdam,Steel,1634.4,1156.17,59.2,90.24,89.32,2,36.28,98.77
2023-11-15,Mumbai,Rotterdam,Steel,1938.28,1138.88,59.4,90.21,86.22,0,37.98,97.0
2023-11-16,Shanghai,Rotterdam,Coal,2242.73,1141.95,59.21,90.36,91.54,2,45.24,94.39
2023-11-17,Shanghai,Los Angeles,Iron Ore,2489.5,1139.82,59.18,90.31,100.68,2,39.44,97.13
2023-11-18,Mumbai,Dubai,Steel,1684.17,1133.05,59.47,90.68,98.96,0,43.89,95.8
2023-11-19,Shanghai,Rotterdam,Coal,1896.72,1129.53,59.66,90.77,87.79,0,51.61,96.24
2023-11-20,Shanghai,Rotterdam,Coal,1965.58,1136.88,59.8,90.64,87.65,0,52.62,95.53
2023-11-21,Mumbai,Dubai,Iron Ore,1675.2,1154.08,60.04,90.95,99.99,2,64.62,96.73
2023-11-22,Mumbai,Rotterdam,Iron Ore,2106.04,1163.25,60.44,90.79,88.07,0,32.54,96.6
2023-11-23,Singapore,Rotterdam,Coal,1999.83,1165.16,60.57,90.78,96.43,0,50.72,93.99
2023-11-24,Shanghai,Los Angeles,Steel,2276.15,1175.66,60.75,90.46,90.94,0,44.64,98.66
2023-11-25,Singapore,Rotterdam,Coal,1974.35,1178.92,60.94,90.31,102.25,0,42.01,100.99
2023-11-26,Mumbai,Dubai,Iron Ore,1879.3,1180.39,61.47,90.57,90.45,2,46.82,98.63
2023-11-27,Shanghai,Rotterdam,Steel,2307.98,1178.27,61.33,90.29,100.16,0,32.55,97.47
2023-11-28,Shanghai,Rotterdam,Steel,2477.99,1171.44,61.6,90.14,95.51,1,49.11,97.75
2023-11-29,Shanghai,Los Angeles,Coal,2200.86,1175.6,61.76,90.36,95.99,0,76.6,97.26
2023-11-30,Shanghai,Rotterdam,Iron Ore,2463.61,1184.21,62.02,90.44,85.03,0,44.52,98.09
2023-12-01,Shanghai,Rotterdam,Coal,2249.05,1190.86,62.1,91.16,84.01,2,46.83,97.96
2023-12-02,Shanghai,Los Angeles,Coal,2000.78,1195.03,62.27,91.84,94.08,0,27.51,96.81
2023-12-03,Shanghai,Los Angeles,Coal,2235.45,1195.04,62.56,91.85,96.56,2,48.62,100.66
2023-12-04,Mumbai,Dubai,Steel,1533.52,1207.54,63.21,92.22,89.86,0,72.66,95.96
2023-12-05,Shanghai,Rotterdam,Steel,2171.24,1204.71,63.52,92.64,90.19,0,34.01,99.33
2023-12-06,Shanghai,Rotterdam,Iron Ore,2812.04,1218.69,63.58,92.73,98.6,0,53.6,98.16
2023-12-07,Mumbai,Dubai,Iron Ore,1973.93,1218.51,63.7,92.59,98.76,3,58.36,101.23
2023-12-08,Mumbai,Rotterdam,Coal,1967.22,1220.38,63.82,92.82,95.42,2,59.92,98.95
2023-12-09,Mumbai,Rotterdam,Coal,1665.21,1216.6,63.74,93.02,100.17,0,51.88,97.97
2023-12-10,Mumbai,Rotterdam,Coal,1516.74,1220.59,63.89,93.15,90.55,0,31.42,98.2
2023-12-11,Mumbai,Dubai,Iron Ore,1632.04,1236.46,64.19,93.5,94.81,0,30.38,98.69
2023-12-12,Shanghai,Rotterdam,Steel,2584.25,1248.69,64.19,93.55,104.99,0,64.88,96.99
2023-12-13,Mumbai,Dubai,Steel,1703.15,1264.67,64.55,93.51,97.25,1,62.77,97.61
2023-12-14,Mumbai,Dubai,Coal,1653.53,1277.06,64.82,93.78,97.71,0,51.86,96.15
2023-12-15,Mumbai,Rotterdam,Coal,2053.89,1276.47,64.9,94.13,108.77,2,67.81,97.51
2023-12-16,Singapore,Rotterdam,Coal,2229.77,1282.11,65.08,94.08,90.41,0,46.89,99.1
2023-12-17,Shanghai,Rotterdam,Coal,2562.8,1284.2,65.52,94.56,101.56,1,78.27,99.48
2023-12-18,Mumbai,Rotterdam,Iron Ore,1960.82,1303.2,65.83,94.37,106.06,0,40.66,96.13
2023-12-19,Singapore,Rotterdam,Steel,2425.66,1302.02,66.03,94.48,96.28,0,48.66,98.96
2023-12-20,Singapore,Rotterdam,Coal,2058.63,1317.6,66.2,94.67,102.37,2,34.24,100.08
2023-12-21,Shanghai,Los Angeles,Iron Ore,2568.37,1333.2,66.42,94.76,93.34,0,27.63,99.05
2023-12-22,Shanghai,Rotterdam,Coal,2232.0,1356.32,66.54,94.88,94.98,1,29.99,98.42
2023-12-23,Singapore,Rotterdam,Coal,2641.69,1361.54,66.43,95.6,100.51,2,75.11,98.82
2023-12-24,Mumbai,Rotterdam,Steel,2016.95,1375.77,66.94,95.64,102.75,0,1.71,98.69
2023-12-25,Shanghai,Los Angeles,Coal,2160.89,1402.56,67.17,96.51,104.53,0,33.97,98.62
2023-12-26,Shanghai,Rotterdam,Steel,2389.46,1406.18,67.43,96.87,106.95,0,0.0,99.9
2023-12-27,Mumbai,Dubai,Steel,1697.6,1402.47,67.63,97.15,98.93,0,27.53,103.17
2023-12-28,Mumbai,Rotterdam,Steel,2133.84,1396.01,67.73,97.53,105.41,0,32.64,98.66
2023-12-29,Singapore,Rotterdam,Iron Ore,2733.72,1410.31,67.91,98.42,97.9,0,60.77,99.37
2023-12-30,Singapore,Rotterdam,Iron Ore,2574.88,1403.84,67.87,98.43,104.3,0,45.95,99.84
2023-12-31,Mumbai,Rotterdam,Steel,1952.85,1409.46,68.42,98.41,100.99,0,27.5,98.95
2024-01-01,Singapore,Rotterdam,Coal,2264.25,1423.71,68.49,98.54,102.4,0,55.99,101.72
2024-01-02,Shanghai,Los Angeles,Steel,2680.42,1433.79,68.54,98.81,102.46,0,40.27,96.58
2024-01-03,Shanghai,Rotterdam,Coal,2414.21,1445.79,68.68,98.64,92.49,0,40.56,99.41
2024-01-04,Shanghai,Los Angeles,Steel,2350.29,1456.15,69.08,98.9,95.07,0,21.96,101.5
2024-01-05,Singapore,Rotterdam,Coal,2225.52,1474.96,69.29,99.58,101.37,0,25.15,99.9
2024-01-06,Mumbai,Dubai,Iron Ore,1846.55,1475.9,69.31,99.87,92.59,0,27.62,99.18
2024-01-07,Shanghai,Rotterdam,Coal,2552.6,1479.03,69.71,100.06,105.36,0,40.7,101.14
2024-01-08,Shanghai,Rotterdam,Steel,2984.31,1481.38,70.02,100.16,105.73,0,41.17,101.91
2024-01-09,Mumbai,Rotterdam,Iron Ore,2563.49,1496.53,70.3,100.64,103.18,1,71.16,100.93
2024-01-10,Mumbai,Rotterdam,Coal,2046.7,1512.22,70.62,100.69,96.11,0,45.78,99.48
2024-01-11,Mumbai,Dubai,Coal,1466.82,1524.29,71.18,101.4,108.78,0,0.0,101.44
2024-01-12,Shanghai,Rotterdam,Coal,2811.19,1542.19,71.71,102.14,112.24,2,59.94,100.22
2024-01-13,Mumbai,Dubai,Coal,1683.85,1541.17,71.81,102.45,102.95,1,26.25,102.0
2024-01-14,Mumbai,Rotterdam,Coal,1927.23,1562.88,72.25,102.7,104.94,0,25.51,103.18
2024-01-15,Mumbai,Rotterdam,Iron Ore,2640.47,1583.4,72.51,103.21,103.56,0,27.82,97.11
2024-01-16,Shanghai,Rotterdam,Iron Ore,3018.97,1597.58,72.78,103.73,105.37,0,30.05,101.25
2024-01-17,Shanghai,Los Angeles,Iron Ore,2926.06,1620.1,72.73,103.78,102.29,0,19.37,98.55
2024-01-18,Singapore,Rotterdam,Iron Ore,3083.99,1615.06,72.9,103.89,102.87,3,67.05,104.88
2024-01-19,Mumbai,Rotterdam,Steel,2226.5,1619.03,72.97,103.81,107.74,0,18.84,100.58
2024-01-20,Mumbai,Rotterdam,Iron Ore,2910.99,1621.27,73.29,104.15,115.1,2,61.35,102.47
2024-01-21,Shanghai,Los Angeles,Coal,2580.84,1635.11,73.65,104.56,96.53,0,73.55,101.36
2024-01-22,Shanghai,Los Angeles,Coal,2504.88,1634.73,73.53,104.47,103.18,3,44.06,100.27
2024-01-23,Mumbai,Dubai,Iron Ore,2072.32,1648.76,73.72,104.59,97.95,0,35.73,100.16
2024-01-24,Mumbai,Dubai,Coal,1644.28,1667.63,74.07,104.49,111.97,0,2.15,103.98
2024-01-25,Singapore,Rotterdam,Iron Ore,2961.14,1681.04,74.23,104.5,101.23,0,35.49,103.1
2024-01-26,Singapore,Rotterdam,Coal,2643.9,1691.1,74.53,104.87,97.11,0,49.64,104.65
2024-01-27,Shanghai,Rotterdam,Steel,2982.97,1690.92,74.77,104.92,107.67,0,50.81,101.87
2024-01-28,Mumbai,Dubai,Steel,2005.43,1691.8,75.0,105.08,113.35,1,49.16,102.28
2024-01-29,Mumbai,Rotterdam,Iron Ore,2535.49,1709.38,75.14,104.9,108.1,0,53.34,101.51
2024-01-30,Mumbai,Dubai,Iron Ore,2462.29,1723.13,75.14,105.17,105.96,1,86.19,101.54
2024-01-31,Mumbai,Rotterdam,Iron Ore,2779.75,1730.27,75.15,105.38,107.13,0,65.68,100.47
2024-02-01,Shanghai,Los Angeles,Coal,2530.41,1734.29,75.44,105.42,112.31,0,32.16,102.22
2024-02-02,Mumbai,Dubai,Iron Ore,2357.07,1725.38,75.61,105.59,101.01,2,34.23,100.97
2024-02-03,Shanghai,Los Angeles,Steel,2877.39,1724.02,75.77,105.85,104.96,0,33.91,102.87
2024-02-04,Singapore,Rotterdam,Coal,2422.57,1746.44,75.87,105.86,103.4,0,25.8,102.52
2024-02-05,Singapore,Rotterdam,Iron Ore,2944.45,1743.25,76.0,105.71,99.97,0,46.77,102.75
2024-02-06,Shanghai,Rotterdam,Coal,2579.65,1751.72,76.32,106.37,104.3,0,22.28,104.89
2024-02-07,Mumbai,Dubai,Coal,1773.4,1766.65,76.44,106.41,111.62,2,54.91,102.38
2024-02-08,Shanghai,Los Angeles,Iron Ore,3306.71,1763.4,76.4,106.59,109.05,0,52.57,103.62
2024-02-09,Mumbai,Rotterdam,Coal,2187.72,1771.57,76.67,107.05,109.57,0,38.49,105.62
2024-02-10,Singapore,Rotterdam,Steel,2880.13,1785.67,76.8,108.13,107.21,1,33.81,104.55
2024-02-11,Singapore,Rotterdam,Steel,2974.05,1792.27,76.96,108.01,109.23,0,57.62,104.37
2024-02-12,Mumbai,Rotterdam,Coal,2123.94,1821.62,77.35,108.32,102.74,0,11.82,102.24
2024-02-13,Shanghai,Los Angeles,Iron Ore,3497.26,1814.57,77.5,108.33,105.32,2,51.08,103.09
2024-02-14,Shanghai,Los Angeles,Coal,2710.61,1829.24,77.69,108.38,107.95,0,39.38,100.82
2024-02-15,Mumbai,Dubai,Steel,2037.03,1833.96,77.66,108.38,108.5,1,48.24,103.59
2024-02-16,Mumbai,Dubai,Coal,1843.39,1846.13,77.77,108.28,108.83,0,42.71,103.3
2024-02-17,Shanghai,Rotterdam,Coal,3020.11,1855.54,78.01,108.45,106.66,1,57.16,102.98
2024-02-18,Singapore,Rotterdam,Steel,3049.27,1855.46,77.91,108.25,105.58,2,55.47,104.53
2024-02-19,Mumbai,Dubai,Coal,2021.48,1862.95,78.08,108.66,123.37,0,34.48,101.22
2024-02-20,Shanghai,Los Angeles,Coal,2647.53,1853.65,78.23,108.84,112.22,0,33.89,105.53
2024-02-21,Mumbai,Rotterdam,Iron Ore,2719.87,1863.91,78.36,109.11,109.86,0,30.83,104.47
2024-02-22,Shanghai,Los Angeles,Iron Ore,3556.09,1871.62,78.65,109.15,106.74,1,59.81,103.06
2024-02-23,Singapore,Rotterdam,Steel,2925.26,1881.94,78.82,109.22,105.75,0,30.3,102.98
2024-02-24,Shanghai,Los Angeles,Steel,3217.62,1895.5,79.17,109.44,107.46,0,52.7,103.97
2024-02-25,Shanghai,Rotterdam,Steel,3271.14,1903.41,79.14,109.3,109.68,0,40.28,105.57
2024-02-26,Singapore,Rotterdam,Iron Ore,3196.33,1909.44,79.27,109.35,98.91,2,48.18,103.48
2024-02-27,Mumbai,Rotterdam,Steel,2669.93,1907.12,79.4,109.28,100.56,0,49.28,103.58
2024-02-28,Shanghai,Rotterdam,Steel,3279.41,1906.02,79.35,109.2,105.31,0,29.09,103.42
2024-02-29,Singapore,Rotterdam,Steel,2954.4,1919.99,79.6,108.8,109.62,0,49.57,106.11
2024-03-01,Mumbai,Rotterdam,Iron Ore,2842.5,1935.83,80.05,109.27,107.47,0,43.19,102.92
2024-03-02,Shanghai,Rotterdam,Coal,2829.75,1938.14,80.15,109.22,116.15,0,31.06,103.46
2024-03-03,Shanghai,Rotterdam,Steel,3053.13,1942.6,80.33,109.64,101.43,0,47.93,105.73
2024-03-04,Singapore,Rotterdam,Coal,2881.93,1939.33,80.43,110.02,105.16,2,64.2,103.79
2024-03-05,Mumbai,Dubai,Steel,2498.59,1952.54,80.42,109.82,116.59,3,81.36,105.3
2024-03-06,Shanghai,Rotterdam,Coal,3005.6,1961.55,80.23,109.65,109.72,0,54.49,102.26
2024-03-07,Shanghai,Rotterdam,Iron Ore,3573.47,1980.65,80.21,110.4,113.56,0,47.37,103.35
2024-03-08,Mumbai,Rotterdam,Iron Ore,2723.94,1977.04,80.09,110.94,119.46,0,23.09,105.91
2024-03-09,Shanghai,Los Angeles,Steel,3346.59,1977.31,80.42,111.03,105.8,0,76.73,102.69
2024-03-10,Singapore,Rotterdam,Coal,2543.94,1982.31,80.48,111.19,108.84,0,18.95,103.51
2024-03-11,Singapore,Rotterdam,Iron Ore,3442.9,1990.5,80.5,111.12,108.03,0,54.24,104.14
2024-03-12,Mumbai,Dubai,Steel,2263.03,1991.65,80.7,111.32,99.68,0,46.47,102.3
2024-03-13,Mumbai,Dubai,Steel,2457.37,1987.4,80.6,111.22,107.96,1,30.39,103.18
2024-03-14,Singapore,Rotterdam,Iron Ore,3587.05,1997.05,80.55,110.79,113.97,1,46.14,103.99
2024-03-15,Mumbai,Dubai,Iron Ore,2447.18,2005.27,80.62,110.53,112.31,0,38.82,103.91
2024-03-16,Mumbai,Rotterdam,Steel,2661.57,2000.25,80.83,110.61,112.75,0,59.58,105.78
2024-03-17,Singapore,Rotterdam,Coal,2952.06,2013.26,80.95,110.39,107.82,2,45.3,106.19
2024-03-18,Mumbai,Dubai,Coal,2191.21,2024.65,81.04,110.44,106.46,2,52.07,102.61
2024-03-19,Singapore,Rotterdam,Coal,2561.54,2027.6,81.1,110.22,116.12,0,4.96,104.08
2024-03-20,Shanghai,Los Angeles,Steel,3408.99,2029.97,81.2,110.08,107.32,0,66.02,104.94
2024-03-21,Shanghai,Rotterdam,Iron Ore,3409.77,2036.0,81.27,110.34,111.31,0,23.94,106.21
2024-03-22,Singapore,Rotterdam,Steel,3061.89,2030.55,81.15,110.45,110.69,0,44.9,105.03
2024-03-23,Shanghai,Rotterdam,Iron Ore,3743.3,2032.09,81.18,110.48,117.21,0,38.48,104.4
2024-03-24,Mumbai,Dubai,Coal,1987.69,2016.02,81.05,110.74,114.78,0,38.53,104.97
2024-03-25,Shanghai,Rotterdam,Coal,3029.06,2024.04,81.09,110.89,103.46,0,52.15,104.99
2024-03-26,Singapore,Rotterdam,Iron Ore,3455.1,2012.41,81.04,111.27,104.02,0,65.07,102.59
2024-03-27,Shanghai,Los Angeles,Iron Ore,3460.78,2025.14,81.43,111.18,112.87,0,43.77,104.28
2024-03-28,Mumbai,Dubai,Steel,2568.88,2023.07,81.44,111.09,109.66,2,65.83,106.18
2024-03-29,Singapore,Rotterdam,Coal,2680.24,2021.79,81.24,110.78,107.72,0,44.93,103.69
2024-03-30,Mumbai,Dubai,Steel,2333.75,2017.04,81.23,110.68,115.08,0,55.26,104.19
2024-03-31,Mumbai,Rotterdam,Steel,2650.72,2014.85,81.31,110.92,110.94,0,33.06,103.64
2024-04-01,Shanghai,Rotterdam,Steel,3358.25,2026.17,81.56,111.25,110.26,0,56.13,100.53
2024-04-02,Mumbai,Rotterdam,Coal,2479.91,2006.09,81.47,111.48,113.89,0,56.66,104.03
2024-04-03,Singapore,Rotterdam,Steel,3044.19,2015.99,81.22,111.02,108.11,0,56.24,104.45
2024-04-04,Shanghai,Los Angeles,Steel,3320.23,2018.22,81.33,111.28,117.82,0,30.1,103.22
2024-04-05,Mumbai,Dubai,Steel,2082.68,2007.94,81.11,110.8,106.03,0,37.47,102.26
2024-04-06,Shanghai,Rotterdam,Steel,3298.83,1998.57,81.03,111.0,113.24,0,43.59,102.66
2024-04-07,Mumbai,Dubai,Steel,2130.79,2011.07,80.97,110.88,117.1,1,27.44,105.12
2024-04-08,Singapore,Rotterdam,Steel,2998.89,2002.45,80.93,111.03,103.03,0,63.92,106.92
2024-04-09,Mumbai,Dubai,Coal,2146.87,1992.01,81.0,110.66,108.17,0,39.82,106.03
2024-04-10,Shanghai,Rotterdam,Steel,3435.29,1999.76,80.87,110.91,115.57,0,44.26,101.93
2024-04-11,Singapore,Rotterdam,Iron Ore,3316.73,2000.97,80.79,110.5,115.62,0,31.34,105.21
2024-04-12,Mumbai,Dubai,Steel,2057.8,1991.82,80.75,110.28,108.94,0,20.1,102.92
2024-04-13,Shanghai,Los Angeles,Steel,3189.84,1991.76,80.73,109.98,106.09,0,30.94,103.03
2024-04-14,Singapore,Rotterdam,Coal,3050.64,1981.62,80.7,109.48,114.5,3,67.29,103.2
2024-04-15,Singapore,Rotterdam,Coal,3130.06,1988.35,80.71,109.45,115.6,2,66.1,104.93
2024-04-16,Shanghai,Los Angeles,Iron Ore,3358.11,1994.62,80.79,109.83,103.81,0,42.43,105.29
2024-04-17,Mumbai,Rotterdam,Iron Ore,2926.08,1996.51,80.79,110.43,103.57,1,53.2,103.69
2024-04-18,Shanghai,Rotterdam,Coal,3043.46,1996.9,80.8,110.37,110.67,0,34.94,103.69
2024-04-19,Mumbai,Rotterdam,Coal,2705.46,2008.34,80.5,110.57,112.63,2,63.44,104.49
2024-04-20,Mumbai,Dubai,Steel,2346.45,2005.55,80.44,110.55,107.94,0,62.24,104.62
2024-04-21,Shanghai,Los Angeles,Coal,2819.78,1993.17,80.44,110.59,112.77,0,50.57,105.51
2024-04-22,Mumbai,Rotterdam,Iron Ore,2865.03,1993.7,80.47,110.41,105.76,0,52.14,101.8
2024-04-23,Singapore,Rotterdam,Steel,3012.76,2007.18,80.29,110.36,98.67,0,44.41,103.73
2024-04-24,Mumbai,Dubai,Iron Ore,2317.68,1995.72,80.11,110.4,107.06,1,25.45,102.07
2024-04-25,Mumbai,Dubai,Steel,2454.7,1989.35,79.94,110.15,109.43,2,40.33,103.57
2024-04-26,Mumbai,Rotterdam,Coal,2134.77,1989.07,79.94,110.02,107.66,0,46.82,103.28
2024-04-27,Mumbai,Rotterdam,Iron Ore,2858.8,1984.9,80.0,109.89,103.17,1,47.84,103.52
2024-04-28,Shanghai,Los Angeles,Steel,3211.44,1973.16,79.85,109.98,99.81,1,54.6,102.36
2024-04-29,Shanghai,Rotterdam,Steel,3127.82,1978.13,79.89,109.6,106.24,0,65.15,101.29
2024-04-30,Mumbai,Rotterdam,Coal,2275.97,1992.55,79.81,109.46,113.21,0,50.89,100.35
2024-05-01,Mumbai,Rotterdam,Coal,2509.98,1989.85,79.69,109.81,114.92,0,58.88,103.26
2024-05-02,Singapore,Rotterdam,Coal,2740.77,1978.22,79.55,109.97,114.49,0,41.42,102.77
2024-05-03,Mumbai,Dubai,Iron Ore,2460.34,1961.31,79.55,110.17,104.38,0,27.89,102.37
2024-05-04,Shanghai,Rotterdam,Steel,3352.75,1958.72,79.49,110.04,102.6,0,39.13,105.33
2024-05-05,Singapore,Rotterdam,Coal,2686.01,1962.78,79.72,109.97,110.76,0,27.93,102.02
2024-05-06,Shanghai,Los Angeles,Iron Ore,3588.04,1961.69,79.47,110.08,111.35,0,63.37,105.39
2024-05-07,Shanghai,Los Angeles,Iron Ore,3775.29,1956.65,79.43,110.32,110.07,2,67.86,105.67
2024-05-08,Mumbai,Rotterdam,Iron Ore,2529.52,1946.8,79.23,109.67,97.9,0,47.81,100.26
2024-05-09,Mumbai,Rotterdam,Coal,2220.58,1932.82,78.97,109.19,103.53,0,58.54,103.28
2024-05-10,Shanghai,Los Angeles,Coal,2631.41,1934.12,78.84,109.35,107.61,0,9.7,102.5
2024-05-11,Mumbai,Rotterdam,Steel,2659.95,1935.95,78.73,109.12,110.09,0,48.82,98.69
2024-05-12,Shanghai,Rotterdam,Steel,3126.38,1917.99,79.03,108.78,111.37,0,20.34,100.85
2024-05-13,Mumbai,Rotterdam,Coal,2192.93,1925.0,78.87,108.3,108.14,0,39.89,104.13
2024-05-14,Mumbai,Dubai,Iron Ore,2394.75,1923.77,78.56,107.99,108.96,0,35.32,105.95
2024-05-15,Mumbai,Rotterdam,Iron Ore,2954.05,1929.04,78.46,107.46,107.61,0,49.93,104.23
2024-05-16,Singapore,Rotterdam,Iron Ore,3307.9,1912.27,78.0,107.8,110.5,0,43.42,103.31
2024-05-17,Shanghai,Rotterdam,Steel,3377.57,1895.21,77.84,107.61,108.51,0,60.18,102.75
2024-05-18,Singapore,Rotterdam,Iron Ore,3036.02,1887.78,77.69,107.41,107.15,0,30.97,105.25
2024-05-19,Singapore,Rotterdam,Steel,3023.41,1885.46,77.66,107.36,105.35,0,50.64,105.9
2024-05-20,Mumbai,Dubai,Steel,2118.59,1893.39,77.65,107.41,106.97,0,42.43,101.75
2024-05-21,Shanghai,Rotterdam,Iron Ore,3345.53,1892.5,77.42,107.45,108.86,0,15.47,99.57
2024-05-22,Shanghai,Rotterdam,Iron Ore,3538.8,1883.93,77.24,107.52,107.64,1,34.22,99.37
2024-05-23,Shanghai,Rotterdam,Coal,2790.26,1868.99,76.96,107.16,108.07,0,37.75,104.45
2024-05-24,Shanghai,Rotterdam,Coal,2970.29,1872.02,76.63,106.88,112.74,1,64.68,102.34
2024-05-25,Shanghai,Rotterdam,Iron Ore,3581.26,1857.39,76.51,106.87,107.22,1,54.96,102.63
2024-05-26,Mumbai,Dubai,Steel,2082.2,1863.43,76.15,106.53,102.51,0,22.49,99.61
2024-05-27,Mumbai,Rotterdam,Steel,2402.85,1854.07,75.92,106.31,110.03,0,37.9,101.11
2024-05-28,Singapore,Rotterdam,Steel,3039.87,1859.64,75.6,106.2,98.64,0,70.27,101.74
2024-05-29,Shanghai,Rotterdam,Steel,3122.76,1857.83,75.51,106.18,99.92,0,41.67,102.44
2024-05-30,Mumbai,Rotterdam,Steel,2376.83,1849.41,75.6,105.51,106.86,0,35.09,101.47
2024-05-31,Mumbai,Rotterdam,Coal,2364.96,1837.86,75.23,105.47,107.61,0,47.38,100.46
2024-06-01,Singapore,Rotterdam,Iron Ore,3048.34,1827.66,74.77,105.19,98.65,0,51.45,100.77
2024-06-02,Mumbai,Dubai,Coal,1941.95,1823.54,74.57,105.14,102.81,0,33.16,103.7
2024-06-03,Shanghai,Los Angeles,Steel,3092.93,1816.54,74.39,105.1,101.54,1,55.54,102.2
2024-06-04,Shanghai,Los Angeles,Steel,2835.15,1804.11,74.24,105.28,101.99,0,35.07,102.69
2024-06-05,Mumbai,Rotterdam,Steel,2573.52,1795.04,73.99,105.38,108.98,2,66.79,100.36
2024-06-06,Singapore,Rotterdam,Steel,3024.39,1787.86,73.77,105.48,107.64,2,58.55,97.21
2024-06-07,Shanghai,Los Angeles,Iron Ore,3428.84,1762.96,73.63,105.61,103.86,2,63.23,100.8
2024-06-08,Mumbai,Rotterdam,Steel,2265.08,1758.69,73.6,105.44,101.06,1,36.61,100.22
2024-06-09,Mumbai,Dubai,Iron Ore,2047.69,1742.87,73.11,105.21,96.89,0,27.68,101.98
2024-06-10,Shanghai,Los Angeles,Steel,2824.19,1725.6,72.87,105.19,110.57,0,54.18,106.32
2024-06-11,Mumbai,Rotterdam,Iron Ore,2585.82,1704.01,72.7,105.13,106.27,0,38.81,102.37
2024-06-12,Mumbai,Rotterdam,Coal,2195.93,1681.52,72.37,104.81,99.62,0,44.28,105.36
2024-06-13,Shanghai,Rotterdam,Steel,2877.78,1662.49,72.43,104.66,106.58,1,43.4,102.05
2024-06-14,Mumbai,Dubai,Iron Ore,2616.86,1648.59,72.14,104.41,102.47,3,77.48,100.18
2024-06-15,Shanghai,Rotterdam,Coal,2517.18,1655.94,71.94,103.95,101.22,0,30.88,101.58
2024-06-16,Singapore,Rotterdam,Steel,2503.23,1643.43,71.82,104.02,104.67,0,37.97,103.67
2024-06-17,Shanghai,Rotterdam,Steel,2952.18,1636.5,71.53,103.78,98.61,0,51.79,103.67
2024-06-18,Shanghai,Rotterdam,Steel,2878.28,1631.32,71.05,104.04,100.44,0,57.59,100.0
2024-06-19,Shanghai,Los Angeles,Iron Ore,2902.09,1623.95,70.79,103.38,102.59,0,32.14,101.17
2024-06-20,Mumbai,Rotterdam,Iron Ore,2533.41,1614.89,70.74,102.99,99.32,0,69.4,98.58
2024-06-21,Mumbai,Dubai,Coal,1706.32,1596.86,70.49,102.75,104.99,1,52.7,101.9
2024-06-22,Shanghai,Rotterdam,Iron Ore,3068.38,1599.97,70.15,102.78,110.82,0,24.36,102.92
2024-06-23,Mumbai,Dubai,Iron Ore,2209.71,1605.91,70.09,102.62,97.54,2,61.54,100.58
2024-06-24,Shanghai,Rotterdam,Steel,2549.13,1583.91,69.83,102.44,92.81,0,34.26,99.45
2024-06-25,Singapore,Rotterdam,Steel,2683.73,1567.17,69.55,101.9,90.96,1,54.51,100.93
2024-06-26,Shanghai,Rotterdam,Steel,2605.63,1556.36,69.37,101.36,100.04,0,39.36,100.94
2024-06-27,Shanghai,Los Angeles,Steel,2610.72,1540.06,69.28,101.18,97.31,1,49.11,100.37
2024-06-28,Mumbai,Rotterdam,Steel,2209.19,1535.52,69.43,100.58,101.49,0,26.33,100.45
2024-06-29,Singapore,Rotterdam,Steel,2436.03,1521.1,69.35,100.19,100.94,0,54.85,99.85
2024-06-30,Shanghai,Rotterdam,Steel,2324.36,1529.82,69.32,100.06,92.09,0,22.66,101.54
2024-07-01,Mumbai,Dubai,Coal,1761.34,1530.75,69.03,99.55,90.86,2,39.37,101.08
2024-07-02,Singapore,Rotterdam,Coal,2231.48,1523.85,68.67,99.7,101.24,0,45.51,98.43
2024-07-03,Singapore,Rotterdam,Coal,2319.34,1523.47,68.48,99.75,100.27,0,64.04,98.32
2024-07-04,Shanghai,Rotterdam,Coal,2350.62,1523.72,68.29,99.09,97.29,0,34.71,99.39
2024-07-05,Singapore,Rotterdam,Steel,2472.52,1510.63,67.92,98.6,90.96,0,50.51,100.8
2024-07-06,Mumbai,Dubai,Coal,1659.58,1495.53,67.69,97.78,101.43,1,64.1,99.85
2024-07-07,Singapore,Rotterdam,Steel,2654.63,1487.6,67.54,97.32,105.27,0,52.22,98.6
2024-07-08,Mumbai,Dubai,Coal,1423.66,1485.95,67.39,97.26,100.12,0,35.33,99.89
2024-07-09,Shanghai,Rotterdam,Iron Ore,3221.2,1478.54,67.26,96.9,94.33,3,47.63,98.93
2024-07-10,Mumbai,Rotterdam,Coal,1885.09,1457.42,67.1,96.76,98.62,1,14.89,100.68
2024-07-11,Singapore,Rotterdam,Coal,2128.13,1442.52,66.82,96.12,91.39,1,44.06,99.79
2024-07-12,Mumbai,Rotterdam,Steel,2034.59,1433.48,66.54,96.07,103.35,0,57.67,98.75
2024-07-13,Mumbai,Dubai,Coal,1590.51,1424.45,66.16,95.68,98.3,0,23.14,99.5
2024-07-14,Singapore,Rotterdam,Iron Ore,2480.68,1431.84,66.23,95.43,88.88,0,50.5,101.06
2024-07-15,Shanghai,Los Angeles,Steel,2422.85,1412.39,66.03,95.16,96.05,1,33.75,98.17
2024-07-16,Mumbai,Rotterdam,Steel,2110.81,1408.12,65.79,94.59,99.7,0,41.59,99.56
2024-07-17,Singapore,Rotterdam,Coal,2144.97,1411.75,65.46,94.05,95.55,0,50.62,98.78
2024-07-18,Mumbai,Rotterdam,Steel,1775.71,1421.68,65.7,94.05,95.68,0,30.11,99.46
2024-07-19,Singapore,Rotterdam,Steel,2474.17,1410.25,65.34,93.9,90.77,0,42.56,97.77
2024-07-20,Shanghai,Rotterdam,Steel,2570.24,1406.03,65.08,93.92,99.56,1,41.77,98.86
2024-07-21,Mumbai,Rotterdam,Steel,1974.27,1402.48,64.95,93.76,93.32,0,50.58,100.29
2024-07-22,Shanghai,Los Angeles,Steel,2392.58,1395.99,64.84,93.55,85.62,0,43.53,97.16
2024-07-23,Shanghai,Los Angeles,Steel,2697.14,1387.2,64.8,92.88,94.39,2,56.85,96.5
2024-07-24,Mumbai,Dubai,Iron Ore,2123.68,1382.75,64.88,92.57,100.99,0,63.38,96.5
2024-07-25,Singapore,Rotterdam,Coal,1917.2,1354.6,64.76,92.33,93.99,0,49.93,96.62
2024-07-26,Mumbai,Rotterdam,Iron Ore,2420.69,1352.23,64.42,92.58,104.46,2,45.64,99.2
2024-07-27,Mumbai,Dubai,Steel,1884.12,1345.48,64.19,92.52,97.76,2,54.71,96.14
2024-07-28,Mumbai,Rotterdam,Steel,1919.14,1336.0,64.05,92.68,97.16,0,38.86,97.74
2024-07-29,Singapore,Rotterdam,Coal,2102.56,1344.75,64.18,92.6,94.67,0,41.2,99.05
2024-07-30,Shanghai,Los Angeles,Iron Ore,2853.09,1331.78,63.79,92.19,94.82,0,77.87,98.69
2024-07-31,Shanghai,Rotterdam,Coal,2187.41,1321.07,63.79,92.0,93.69,1,53.56,97.43
2024-08-01,Shanghai,Los Angeles,Iron Ore,2663.08,1329.59,63.64,91.83,93.35,1,17.46,98.23
2024-08-02,Mumbai,Dubai,Steel,1425.71,1315.59,63.59,91.38,97.37,0,31.86,98.05
2024-08-03,Shanghai,Rotterdam,Coal,1889.84,1303.93,63.4,91.06,89.89,0,11.01,97.49
2024-08-04,Mumbai,Dubai,Coal,1380.15,1295.57,63.1,90.8,89.05,0,35.05,97.45
2024-08-05,Singapore,Rotterdam,Steel,2192.29,1295.2,63.04,90.99,88.67,0,10.19,101.07
2024-08-06,Shanghai,Rotterdam,Coal,2092.28,1289.84,62.97,90.25,104.37,0,26.93,98.87
2024-08-07,Mumbai,Dubai,Iron Ore,1723.57,1272.57,62.95,90.35,96.66,1,25.19,101.32
2024-08-08,Singapore,Rotterdam,Iron Ore,2541.74,1261.48,62.79,89.91,95.39,0,45.76,96.8
2024-08-09,Shanghai,Los Angeles,Iron Ore,2396.53,1249.87,62.53,89.36,88.45,0,40.01,97.37
2024-08-10,Singapore,Rotterdam,Iron Ore,2265.39,1242.6,62.14,89.46,96.72,0,44.54,95.44
2024-08-11,Mumbai,Rotterdam,Steel,1791.77,1239.44,62.11,89.44,92.89,0,38.43,96.17
2024-08-12,Singapore,Rotterdam,Coal,1964.32,1236.32,62.01,89.56,94.41,0,19.09,100.19
2024-08-13,Singapore,Rotterdam,Iron Ore,2340.42,1215.75,61.72,89.57,88.33,0,47.7,96.5
2024-08-14,Mumbai,Rotterdam,Steel,2133.96,1218.0,61.49,89.9,93.89,0,68.83,100.11
2024-08-15,Mumbai,Dubai,Coal,1475.74,1213.85,61.27,89.86,90.84,0,46.14,95.32
2024-08-16,Mumbai,Dubai,Coal,1290.42,1218.87,60.9,89.63,89.01,0,33.61,95.56
2024-08-17,Singapore,Rotterdam,Steel,2130.88,1216.47,60.63,89.54,96.39,1,26.58,96.58
2024-08-18,Mumbai,Rotterdam,Steel,1638.83,1219.44,60.32,89.68,84.92,0,26.38,96.95
2024-08-19,Mumbai,Rotterdam,Iron Ore,1950.71,1217.43,60.12,89.31,95.32,0,46.8,98.38
2024-08-20,Shanghai,Los Angeles,Coal,2620.03,1222.58,59.88,88.98,95.8,1,64.1,97.63
2024-08-21,Mumbai,Dubai,Coal,1474.96,1221.24,59.5,88.74,87.87,0,43.91,96.28
2024-08-22,Shanghai,Rotterdam,Steel,2649.32,1215.06,59.68,88.05,88.06,2,68.0,96.66
2024-08-23,Mumbai,Dubai,Coal,1339.91,1227.96,59.74,87.92,90.94,0,50.62,96.34
2024-08-24,Mumbai,Dubai,Iron Ore,1941.81,1229.91,59.5,87.3,93.36,1,55.6,95.41
2024-08-25,Shanghai,Los Angeles,Coal,2245.52,1229.45,59.42,87.16,91.09,2,46.12,95.41
2024-08-26,Shanghai,Rotterdam,Steel,2587.4,1214.32,59.36,87.23,93.92,1,50.61,98.24
2024-08-27,Shanghai,Los Angeles,Steel,2317.15,1199.21,59.42,86.96,100.47,0,27.27,93.92
2024-08-28,Shanghai,Rotterdam,Iron Ore,2286.98,1196.87,59.19,87.24,89.02,0,40.26,99.05
2024-08-29,Singapore,Rotterdam,Iron Ore,2121.3,1193.48,59.24,86.74,82.9,0,44.96,96.07
2024-08-30,Shanghai,Rotterdam,Coal,2056.98,1184.14,59.06,86.91,95.51,0,65.18,95.39
2024-08-31,Shanghai,Los Angeles,Coal,1883.3,1180.97,58.75,86.95,99.71,1,28.35,97.63
2024-09-01,Mumbai,Dubai,Steel,1543.12,1189.51,58.76,86.39,93.18,0,47.22,98.71
2024-09-02,Shanghai,Rotterdam,Iron Ore,2476.3,1191.03,58.86,86.95,85.69,0,62.22,98.13
2024-09-03,Shanghai,Rotterdam,Iron Ore,2696.76,1177.99,59.15,86.82,90.44,0,51.38,97.17
2024-09-04,Mumbai,Rotterdam,Iron Ore,2138.81,1173.32,58.88,86.48,85.39,0,52.49,98.02
2024-09-05,Mumbai,Dubai,Coal,1445.17,1163.23,58.9,86.02,94.12,1,56.82,93.79
2024-09-06,Singapore,Rotterdam,Iron Ore,2600.17,1156.62,58.75,85.86,84.08,1,67.48,95.55
2024-09-07,Shanghai,Los Angeles,Steel,2165.56,1149.94,58.79,85.73,89.27,0,23.69,94.94
2024-09-08,Singapore,Rotterdam,Steel,1832.98,1142.88,58.49,85.66,85.68,0,19.21,98.12
2024-09-09,Mumbai,Dubai,Coal,1114.69,1129.74,58.23,85.49,91.28,0,39.9,95.68
2024-09-10,Shanghai,Rotterdam,Coal,1779.47,1125.75,58.04,85.56,88.75,0,7.58,97.5
2024-09-11,Shanghai,Rotterdam,Iron Ore,2687.58,1118.45,57.98,85.38,91.41,2,74.46,97.01
2024-09-12,Mumbai,Dubai,Coal,1452.67,1092.33,57.82,84.81,90.58,1,66.31,94.9
2024-09-13,Shanghai,Rotterdam,Steel,2111.08,1106.21,57.86,84.7,85.49,0,33.5,95.29
2024-09-14,Shanghai,Rotterdam,Iron Ore,2347.34,1112.52,57.96,84.04,93.51,0,34.44,98.09
2024-09-15,Shanghai,Rotterdam,Steel,2203.0,1107.25,57.99,84.06,90.08,0,38.91,94.97
2024-09-16,Shanghai,Los Angeles,Iron Ore,2117.19,1105.29,58.18,83.75,85.34,0,40.78,96.3
2024-09-17,Shanghai,Los Angeles,Coal,1958.0,1093.95,58.2,83.73,101.45,0,41.91,94.92
2024-09-18,Mumbai,Rotterdam,Iron Ore,1869.32,1105.69,57.97,84.0,92.59,0,48.37,95.61
2024-09-19,Singapore,Rotterdam,Iron Ore,2168.28,1119.18,58.14,83.72,89.41,0,37.41,96.0
2024-09-20,Mumbai,Dubai,Steel,1606.43,1118.9,58.01,83.94,97.22,0,54.15,94.88
2024-09-21,Mumbai,Dubai,Steel,1371.36,1125.7,58.11,83.79,99.33,0,46.69,94.61
2024-09-22,Mumbai,Dubai,Iron Ore,1690.57,1125.86,58.32,84.19,89.37,2,46.9,96.47
2024-09-23,Mumbai,Rotterdam,Coal,1701.83,1114.07,58.36,84.06,91.81,1,68.03,94.76
2024-09-24,Shanghai,Los Angeles,Coal,1703.05,1109.82,58.11,83.82,85.11,0,19.63,94.8
2024-09-25,Mumbai,Rotterdam,Steel,1785.88,1110.07,57.96,83.97,89.3,0,38.62,94.61
2024-09-26,Mumbai,Dubai,Coal,1265.78,1105.78,58.14,83.84,89.03,0,54.5,95.89
2024-09-27,Singapore,Rotterdam,Steel,1858.56,1103.52,58.1,83.62,90.94,0,29.15,97.42
2024-09-28,Shanghai,Rotterdam,Coal,1891.33,1102.43,58.11,83.49,91.67,0,44.64,98.26
2024-09-29,Shanghai,Los Angeles,Iron Ore,2549.36,1101.57,58.21,83.47,92.8,1,56.15,94.91
2024-09-30,Shanghai,Los Angeles,Steel,1937.81,1101.92,58.32,83.8,91.19,0,27.09,99.23
2024-10-01,Mumbai,Rotterdam,Steel,1716.38,1093.52,58.36,83.32,83.95,0,38.91,94.49
2024-10-02,Shanghai,Los Angeles,Iron Ore,2399.4,1088.02,58.34,83.33,85.31,0,37.65,97.63
2024-10-03,Mumbai,Dubai,Steel,1542.39,1078.12,58.3,83.5,87.28,2,47.72,94.92
2024-10-04,Mumbai,Dubai,Coal,1655.44,1086.47,58.44,83.57,88.61,2,90.53,94.7
2024-10-05,Mumbai,Rotterdam,Coal,1669.81,1070.3,58.54,83.91,95.29,0,28.55,94.9
2024-10-06,Mumbai,Dubai,Steel,1561.06,1080.35,58.52,83.92,84.24,0,55.07,95.94
2024-10-07,Singapore,Rotterdam,Coal,1741.14,1092.41,58.7,83.9,88.29,0,34.11,96.9
2024-10-08,Mumbai,Rotterdam,Steel,1708.76,1091.11,58.71,84.08,94.86,0,23.7,97.04
2024-10-09,Singapore,Rotterdam,Iron Ore,2018.29,1071.54,58.61,84.15,88.62,0,41.54,94.63
2024-10-10,Shanghai,Rotterdam,Steel,2120.61,1070.06,58.53,84.09,92.45,0,49.74,94.58
2024-10-11,Singapore,Rotterdam,Iron Ore,2155.17,1071.1,58.43,84.27,89.48,0,53.81,94.7
2024-10-12,Shanghai,Rotterdam,Coal,2268.88,1064.72,58.43,84.16,91.5,0,63.43,95.92
2024-10-13,Shanghai,Rotterdam,Iron Ore,2501.26,1062.44,58.65,84.06,89.11,0,84.18,95.79
2024-10-14,Singapore,Rotterdam,Coal,1826.24,1076.67,58.58,83.99,93.63,1,51.76,94.69
2024-10-15,Mumbai,Rotterdam,Steel,1523.43,1084.12,58.66,84.39,82.61,0,30.05,96.54
2024-10-16,Mumbai,Dubai,Coal,1358.24,1079.0,58.62,83.65,88.56,0,46.79,99.55
2024-10-17,Mumbai,Dubai,Steel,1431.65,1068.64,58.64,83.82,91.91,0,36.01,95.41
2024-10-18,Shanghai,Rotterdam,Steel,2334.32,1068.58,58.47,83.91,93.15,0,53.89,95.54
2024-10-19,Shanghai,Rotterdam,Iron Ore,2334.24,1069.57,58.5,83.57,98.0,0,20.54,97.05
2024-10-20,Mumbai,Rotterdam,Iron Ore,1877.49,1076.38,58.54,83.73,88.63,0,75.53,95.4
2024-10-21,Shanghai,Los Angeles,Iron Ore,2276.23,1075.08,58.69,83.94,98.05,0,52.84,97.26
2024-10-22,Singapore,Rotterdam,Iron Ore,2152.46,1082.29,58.8,84.18,87.42,0,14.74,95.21
2024-10-23,Shanghai,Rotterdam,Coal,1906.35,1101.03,58.7,83.61,97.42,0,29.36,99.06
2024-10-24,Mumbai,Dubai,Coal,1477.66,1110.94,58.94,84.06,94.93,0,52.24,96.85
2024-10-25,Mumbai,Rotterdam,Coal,1773.08,1114.08,59.06,83.98,86.35,2,73.65,95.44
2024-10-26,Singapore,Rotterdam,Steel,1816.98,1116.28,59.18,84.26,92.52,0,20.92,95.51
2024-10-27,Mumbai,Rotterdam,Coal,1573.37,1117.22,59.27,84.56,90.81,0,50.7,95.65
2024-10-28,Singapore,Rotterdam,Coal,1599.2,1130.59,59.29,84.46,94.27,0,10.79,98.52
2024-10-29,Singapore,Rotterdam,Coal,1859.39,1129.63,59.42,84.75,90.11,1,46.66,94.59
2024-10-30,Shanghai,Rotterdam,Iron Ore,2518.77,1134.18,59.59,84.77,89.77,0,56.68,95.52
2024-10-31,Mumbai,Rotterdam,Coal,1709.95,1138.91,59.43,84.39,98.24,1,39.73,95.72
2024-11-01,Mumbai,Rotterdam,Steel,1587.94,1139.34,59.45,84.81,90.99,1,25.4,96.57
2024-11-02,Mumbai,Dubai,Iron Ore,1630.11,1132.93,59.53,84.76,95.71,0,42.19,96.22
2024-11-03,Mumbai,Dubai,Steel,1382.89,1140.21,59.68,84.68,90.54,0,30.93,94.43
2024-11-04,Shanghai,Rotterdam,Coal,2021.31,1144.54,59.97,84.73,100.1,0,49.44,96.11
2024-11-05,Shanghai,Rotterdam,Iron Ore,2489.76,1153.48,59.97,84.94,88.47,1,34.72,96.6
2024-11-06,Shanghai,Los Angeles,Steel,2007.5,1154.27,60.02,85.08,88.89,0,28.41,95.84
2024-11-07,Mumbai,Dubai,Coal,1410.02,1169.22,60.07,85.37,99.69,0,9.68,97.86
2024-11-08,Singapore,Rotterdam,Steel,2169.04,1167.5,60.08,85.2,89.95,0,42.55,98.25
2024-11-09,Mumbai,Rotterdam,Steel,1919.92,1186.61,60.15,85.17,100.29,0,37.59,96.8
2024-11-10,Shanghai,Rotterdam,Steel,2125.46,1178.15,60.4,85.31,96.85,0,22.17,97.3
2024-11-11,Mumbai,Rotterdam,Coal,1536.9,1187.27,60.38,85.95,91.73,0,42.91,93.76
2024-11-12,Mumbai,Rotterdam,Coal,1661.74,1196.82,60.58,86.1,83.55,0,55.41,96.42
2024-11-13,Shanghai,Los Angeles,Steel,2139.59,1196.32,60.47,86.54,92.64,0,36.77,98.6
2024-11-14,Mumbai,Dubai,Iron Ore,1621.92,1205.68,60.53,86.73,93.37,0,44.02,96.51
2024-11-15,Shanghai,Rotterdam,Iron Ore,2725.7,1221.99,60.62,86.79,98.81,2,60.1,96.09
2024-11-16,Mumbai,Rotterdam,Coal,1586.16,1210.43,61.02,86.92,101.04,0,21.94,100.66
2024-11-17,Shanghai,Rotterdam,Coal,2281.09,1220.73,61.13,87.06,89.8,1,78.85,100.02
2024-11-18,Singapore,Rotterdam,Coal,1954.37,1207.16,60.95,87.41,97.36,0,32.94,98.04
2024-11-19,Shanghai,Los Angeles,Coal,2115.79,1205.91,60.81,87.94,97.31,0,49.84,99.1
2024-11-20,Singapore,Rotterdam,Coal,2213.97,1225.52,60.97,88.23,98.98,1,59.54,94.11
2024-11-21,Shanghai,Rotterdam,Iron Ore,2418.07,1227.53,61.22,88.73,96.24,0,37.91,96.32
2024-11-22,Shanghai,Rotterdam,Coal,2489.08,1224.9,61.44,88.69,84.17,3,73.1,96.85
2024-11-23,Mumbai,Dubai,Steel,1575.55,1230.17,61.63,88.79,93.24,1,51.69,97.25
2024-11-24,Mumbai,Rotterdam,Steel,1623.44,1253.65,61.97,88.82,88.38,0,18.74,96.93
2024-11-25,Mumbai,Rotterdam,Iron Ore,1973.19,1246.02,62.06,89.11,93.29,0,35.02,93.9
2024-11-26,Singapore,Rotterdam,Steel,2235.04,1244.72,62.37,89.23,99.34,0,30.81,98.36
2024-11-27,Shanghai,Los Angeles,Iron Ore,2409.73,1263.89,62.29,89.63,96.11,0,33.07,98.65
2024-11-28,Mumbai,Rotterdam,Iron Ore,2145.38,1286.02,62.33,89.62,100.47,0,20.44,100.3
2024-11-29,Mumbai,Dubai,Steel,1715.18,1292.55,62.24,89.85,96.59,0,56.9,96.77
2024-11-30,Singapore,Rotterdam,Coal,2028.79,1290.06,62.37,90.24,88.54,0,64.03,96.71
2024-12-01,Singapore,Rotterdam,Steel,2350.97,1314.32,62.55,89.95,82.57,0,54.67,94.05
2024-12-02,Mumbai,Dubai,Steel,1819.14,1334.65,62.75,90.71,96.07,1,67.06,97.69
2024-12-03,Shanghai,Los Angeles,Iron Ore,2559.57,1347.72,62.94,90.87,94.41,1,42.83,99.54
2024-12-04,Mumbai,Dubai,Steel,1763.83,1348.93,62.98,90.59,90.75,0,30.46,97.34
2024-12-05,Shanghai,Los Angeles,Iron Ore,2611.15,1356.31,63.14,90.86,87.29,1,36.32,101.53
2024-12-06,Mumbai,Dubai,Coal,1505.72,1362.86,63.11,91.11,92.27,0,49.66,97.99
2024-12-07,Mumbai,Dubai,Coal,1411.46,1373.4,63.5,91.32,95.13,0,43.41,98.66
2024-12-08,Shanghai,Rotterdam,Coal,2380.84,1392.96,63.65,91.81,99.59,0,38.84,96.46
2024-12-09,Singapore,Rotterdam,Steel,2443.22,1408.0,63.76,92.24,97.37,0,59.43,99.0
2024-12-10,Mumbai,Dubai,Iron Ore,1951.61,1407.44,64.2,92.55,104.63,0,46.07,95.67
2024-12-11,Mumbai,Dubai,Coal,1488.59,1426.56,64.2,92.91,91.57,1,35.42,99.74
2024-12-12,Mumbai,Rotterdam,Iron Ore,2470.39,1437.22,64.23,93.13,101.32,2,45.79,99.85
2024-12-13,Singapore,Rotterdam,Iron Ore,2697.03,1450.92,64.26,93.82,97.31,0,50.23,100.87
2024-12-14,Mumbai,Rotterdam,Coal,1937.72,1470.9,64.45,93.69,100.71,1,63.63,97.37
2024-12-15,Singapore,Rotterdam,Coal,2014.23,1470.3,64.71,93.98,95.22,0,48.28,99.2
2024-12-16,Mumbai,Rotterdam,Iron Ore,2449.15,1478.33,65.03,94.24,102.93,0,68.45,99.87
2024-12-17,Mumbai,Dubai,Coal,1566.74,1482.44,65.61,94.7,99.22,1,72.53,99.76
2024-12-18,Mumbai,Dubai,Iron Ore,1921.55,1478.3,65.48,94.74,94.51,0,46.62,97.87
2024-12-19,Shanghai,Rotterdam,Iron Ore,2735.59,1489.5,65.77,94.56,98.02,0,27.42,95.64
2024-12-20,Mumbai,Rotterdam,Coal,1913.89,1518.04,65.89,94.85,97.05,0,20.35,99.82
2024-12-21,Shanghai,Los Angeles,Steel,2453.98,1511.8,66.0,95.17,100.86,0,34.19,99.14
2024-12-22,Shanghai,Rotterdam,Coal,2525.34,1520.05,66.12,95.8,92.69,0,51.3,98.58
2024-12-23,Mumbai,Rotterdam,Steel,2160.3,1533.7,66.18,95.74,98.61,0,67.4,100.65
2024-12-24,Mumbai,Rotterdam,Iron Ore,2443.12,1543.23,66.64,96.28,100.9,0,46.26,99.5
2024-12-25,Shanghai,Rotterdam,Iron Ore,3245.16,1550.88,66.97,97.13,99.26,0,57.53,97.66
2024-12-26,Mumbai,Dubai,Steel,1690.38,1549.06,67.18,97.3,106.0,0,36.32,96.81
2024-12-27,Mumbai,Rotterdam,Iron Ore,2424.79,1559.5,67.59,97.23,103.31,0,49.34,98.08
2024-12-28,Mumbai,Dubai,Steel,2196.89,1562.04,67.57,97.39,99.58,1,60.35,103.43
2024-12-29,Shanghai,Rotterdam,Steel,2532.14,1553.12,67.58,97.65,100.87,0,10.31,101.0
2024-12-30,Mumbai,Dubai,Iron Ore,1961.61,1571.28,67.46,98.05,101.44,0,33.8,100.27
2024-12-31,Singapore,Rotterdam,Steel,2657.31,1587.54,67.56,98.16,102.15,0,54.25,99.78
2025-01-01,Shanghai,Los Angeles,Coal,2348.18,1590.11,67.63,98.61,91.04,0,44.12,99.7
2025-01-02,Mumbai,Rotterdam,Coal,1706.59,1600.54,67.86,98.59,98.84,0,22.05,101.89
2025-01-03,Shanghai,Los Angeles,Iron Ore,2745.69,1617.73,68.08,98.41,93.09,0,3.55,99.47
2025-01-04,Mumbai,Dubai,Iron Ore,2109.74,1628.11,68.08,98.95,107.08,3,58.51,101.14
2025-01-05,Mumbai,Rotterdam,Steel,2151.6,1643.91,68.41,98.64,100.55,0,38.93,99.82
2025-01-06,Mumbai,Dubai,Steel,1918.07,1650.1,68.65,98.84,100.06,0,26.74,103.32
2025-01-07,Singapore,Rotterdam,Steel,2564.7,1669.14,68.96,99.88,105.69,0,42.15,101.59
2025-01-08,Shanghai,Rotterdam,Steel,2795.3,1680.24,68.88,100.13,103.48,0,47.6,102.42
2025-01-09,Mumbai,Rotterdam,Coal,2135.92,1690.3,69.13,100.11,95.9,0,50.06,99.74
2025-01-10,Singapore,Rotterdam,Coal,2089.24,1688.62,69.16,100.35,101.36,0,4.66,102.27
2025-01-11,Singapore,Rotterdam,Iron Ore,2747.67,1699.38,69.3,100.59,100.21,1,28.29,100.28
2025-01-12,Mumbai,Rotterdam,Steel,2227.76,1701.16,69.59,100.88,93.33,0,35.43,100.98
2025-01-13,Mumbai,Dubai,Steel,1994.41,1704.46,69.8,101.3,98.77,1,56.58,103.34
2025-01-14,Singapore,Rotterdam,Iron Ore,2794.79,1706.3,69.87,101.29,101.47,0,47.34,99.39
2025-01-15,Shanghai,Los Angeles,Steel,2851.26,1706.11,70.07,101.96,101.98,0,47.08,101.33
2025-01-16,Singapore,Rotterdam,Steel,2629.48,1731.4,70.04,102.27,95.31,0,34.25,101.74
2025-01-17,Mumbai,Dubai,Steel,1902.76,1750.31,70.41,102.7,108.64,0,35.09,101.93
2025-01-18,Mumbai,Dubai,Steel,2062.96,1773.89,70.58,102.79,102.54,2,45.08,100.54
2025-01-19,Shanghai,Los Angeles,Steel,2915.03,1772.27,70.95,103.36,103.4,0,51.52,104.41
2025-01-20,Singapore,Rotterdam,Iron Ore,3011.89,1780.97,71.06,103.54,105.38,0,26.19,99.41
2025-01-21,Mumbai,Dubai,Steel,2152.36,1778.69,71.18,103.85,99.59,2,68.75,103.6
2025-01-22,Mumbai,Rotterdam,Iron Ore,2768.26,1781.14,71.25,103.85,105.98,1,51.12,103.3
2025-01-23,Shanghai,Rotterdam,Steel,3132.95,1781.76,71.58,103.84,102.02,1,47.32,104.39
2025-01-24,Shanghai,Rotterdam,Coal,2965.13,1799.59,71.66,104.25,99.53,2,46.15,99.22
2025-01-25,Shanghai,Rotterdam,Coal,2615.18,1804.27,71.95,104.38,107.04,0,19.67,100.36
2025-01-26,Singapore,Rotterdam,Coal,2490.79,1820.6,72.07,104.4,111.78,1,38.29,103.97
2025-01-27,Shanghai,Los Angeles,Coal,2564.29,1833.16,71.96,104.47,108.1,0,35.05,98.98
2025-01-28,Mumbai,Dubai,Iron Ore,2220.57,1859.24,72.06,104.87,109.25,1,12.46,99.44
2025-01-29,Mumbai,Rotterdam,Iron Ore,2908.4,1854.99,72.07,104.94,102.18,1,45.04,101.18
2025-01-30,Mumbai,Rotterdam,Steel,2397.26,1872.58,72.25,105.14,96.95,0,53.87,102.26
2025-01-31,Singapore,Rotterdam,Coal,2805.15,1889.2,72.25,105.37,112.53,1,56.51,104.42
2025-02-01,Shanghai,Rotterdam,Iron Ore,3340.69,1888.78,72.57,105.11,115.5,0,32.56,101.81
2025-02-02,Singapore,Rotterdam,Steel,2880.54,1904.13,72.73,104.96,113.09,0,40.7,101.24
2025-02-03,Shanghai,Los Angeles,Steel,3059.24,1914.03,72.88,105.26,103.84,0,31.66,102.68
2025-02-04,Shanghai,Los Angeles,Iron Ore,3605.1,1919.34,73.15,105.29,99.89,2,58.23,102.97
2025-02-05,Mumbai,Dubai,Coal,1815.52,1919.8,73.46,105.77,100.48,0,63.1,102.98
2025-02-06,Mumbai,Dubai,Steel,2048.17,1921.01,73.62,106.22,97.53,0,54.53,102.11
2025-02-07,Shanghai,Los Angeles,Coal,2889.46,1944.28,73.67,106.6,105.54,0,47.81,99.5
2025-02-08,Shanghai,Los Angeles,Coal,2985.47,1951.06,73.57,107.26,114.25,2,48.61,101.11
2025-02-09,Shanghai,Los Angeles,Coal,2669.95,1964.01,73.63,107.44,105.64,0,51.25,104.67
2025-02-10,Singapore,Rotterdam,Steel,2812.33,1964.28,73.69,107.8,107.99,1,22.7,102.87
2025-02-11,Shanghai,Los Angeles,Coal,2950.27,1964.54,73.86,107.85,113.49,1,44.21,102.16
2025-02-12,Mumbai,Rotterdam,Steel,2645.85,1979.6,73.97,108.65,104.72,0,48.76,104.37
2025-02-13,Shanghai,Rotterdam,Coal,2996.94,1975.11,74.22,109.34,117.04,0,51.11,101.05
2025-02-14,Shanghai,Los Angeles,Steel,3549.5,1977.99,74.28,109.53,116.95,1,58.05,102.46
2025-02-15,Shanghai,Rotterdam,Coal,3252.19,1984.36,74.42,109.81,106.46,2,60.42,103.05
2025-02-16,Singapore,Rotterdam,Iron Ore,3308.38,1991.24,74.74,110.33,104.34,1,45.06,102.23
2025-02-17,Shanghai,Rotterdam,Coal,2888.59,1995.7,74.93,110.47,110.84,0,48.07,103.09
2025-02-18,Singapore,Rotterdam,Coal,2616.86,2004.64,75.06,110.48,105.73,1,33.71,102.7
2025-02-19,Mumbai,Rotterdam,Steel,2516.67,2015.85,75.11,110.87,101.8,0,27.33,100.93
2025-02-20,Singapore,Rotterdam,Steel,2963.57,2027.28,75.14,111.05,114.1,0,40.93,103.35
2025-02-21,Singapore,Rotterdam,Coal,3025.66,2024.84,75.15,111.26,113.88,1,50.6,101.13
2025-02-22,Mumbai,Dubai,Iron Ore,2404.84,2027.89,75.19,111.21,108.68,0,12.62,103.41
2025-02-23,Shanghai,Los Angeles,Iron Ore,3641.64,2042.66,75.43,110.94,101.7,1,54.83,105.27
2025-02-24,Shanghai,Los Angeles,Steel,3060.26,2054.9,75.52,111.15,101.96,0,51.59,102.82
2025-02-25,Mumbai,Rotterdam,Iron Ore,2899.79,2048.89,75.44,111.53,108.75,1,46.84,101.53
2025-02-26,Mumbai,Rotterdam,Coal,2625.11,2056.55,75.82,111.61,105.81,0,75.62,103.13
2025-02-27,Shanghai,Los Angeles,Steel,3027.77,2045.45,75.98,112.12,106.7,0,29.76,102.11
2025-02-28,Mumbai,Dubai,Coal,2177.84,2050.43,75.88,112.08,113.6,1,42.58,104.29
2025-03-01,Shanghai,Los Angeles,Steel,3199.55,2070.08,75.92,111.95,112.25,0,34.07,103.21
2025-03-02,Mumbai,Dubai,Steel,2223.5,2066.85,76.04,112.06,115.56,0,38.86,106.03
2025-03-03,Mumbai,Rotterdam,Steel,2839.03,2064.39,76.4,112.17,103.8,3,59.07,105.25
2025-03-04,Shanghai,Rotterdam,Steel,3171.78,2074.6,76.33,112.48,107.12,0,18.9,103.31
2025-03-05,Mumbai,Rotterdam,Iron Ore,3113.58,2066.22,76.57,112.41,112.71,2,47.8,104.64
2025-03-06,Mumbai,Rotterdam,Coal,2484.86,2064.98,76.87,112.86,111.23,0,38.54,103.01
2025-03-07,Singapore,Rotterdam,Coal,2799.29,2073.45,76.87,113.47,116.73,0,58.43,103.68
2025-03-08,Singapore,Rotterdam,Coal,3032.26,2071.93,76.91,113.56,111.24,1,81.03,103.11
2025-03-09,Singapore,Rotterdam,Steel,3214.72,2073.47,76.84,113.98,118.45,0,60.03,104.83
2025-03-10,Singapore,Rotterdam,Iron Ore,3357.09,2082.71,76.89,113.81,111.97,0,28.37,105.86
2025-03-11,Mumbai,Dubai,Coal,1905.37,2089.24,76.96,114.18,114.65,0,29.56,104.93
2025-03-12,Shanghai,Los Angeles,Iron Ore,3511.06,2094.39,77.13,114.53,107.78,1,45.61,105.14
2025-03-13,Shanghai,Rotterdam,Steel,3584.92,2094.55,77.36,114.83,109.52,0,66.77,105.17
2025-03-14,Mumbai,Rotterdam,Coal,2262.33,2100.25,77.31,114.91,114.06,0,37.52,104.63
2025-03-15,Mumbai,Dubai,Iron Ore,2531.7,2101.85,77.08,114.25,117.62,0,20.09,102.11
2025-03-16,Shanghai,Rotterdam,Steel,3318.14,2107.97,77.14,114.16,113.26,0,32.48,106.39
2025-03-17,Mumbai,Dubai,Iron Ore,2347.46,2106.3,77.24,114.08,109.24,0,51.36,106.57
2025-03-18,Mumbai,Dubai,Coal,2046.45,2107.01,77.33,113.9,116.59,0,50.35,103.53
2025-03-19,Mumbai,Rotterdam,Coal,2396.18,2101.11,77.33,113.99,98.78,0,37.0,103.34
2025-03-20,Shanghai,Los Angeles,Steel,3196.98,2102.71,77.39,113.94,102.67,0,50.25,104.83
2025-03-21,Singapore,Rotterdam,Steel,2914.0,2097.96,77.66,113.78,113.22,0,5.9,104.75
2025-03-22,Shanghai,Los Angeles,Steel,3310.04,2090.64,77.75,113.57,109.91,0,41.56,103.63
2025-03-23,Mumbai,Rotterdam,Iron Ore,2988.61,2094.15,77.73,113.43,112.9,0,52.91,102.07
2025-03-24,Mumbai,Rotterdam,Iron Ore,2888.53,2097.15,77.69,113.75,110.22,1,35.51,104.42
2025-03-25,Mumbai,Rotterdam,Iron Ore,2842.15,2104.57,77.69,113.62,112.78,0,27.45,104.8
2025-03-26,Shanghai,Rotterdam,Steel,3320.7,2102.13,77.96,113.52,105.87,0,12.0,105.07
2025-03-27,Shanghai,Los Angeles,Coal,3236.98,2106.25,77.95,113.43,112.81,0,63.85,104.51
2025-03-28,Shanghai,Los Angeles,Coal,2698.68,2111.37,77.97,113.54,114.94,0,29.2,103.58
2025-03-29,Mumbai,Dubai,Iron Ore,2723.47,2115.49,77.91,113.67,116.09,1,51.62,105.48
2025-03-30,Mumbai,Dubai,Iron Ore,2890.06,2109.3,78.08,112.92,120.06,3,73.06,104.1
2025-03-31,Mumbai,Dubai,Coal,2222.93,2110.76,78.38,113.19,111.22,0,62.68,103.3
2025-04-01,Mumbai,Rotterdam,Coal,2367.2,2113.8,78.46,113.55,111.37,0,37.69,103.73
2025-04-02,Shanghai,Los Angeles,Iron Ore,3291.86,2113.83,78.47,113.29,102.38,0,31.91,101.38
2025-04-03,Mumbai,Rotterdam,Iron Ore,2987.49,2096.96,78.47,113.04,107.34,0,42.6,103.72
2025-04-04,Shanghai,Rotterdam,Coal,3188.05,2097.92,78.1,112.91,109.02,1,67.26,105.03
2025-04-05,Mumbai,Dubai,Steel,2124.91,2115.15,78.2,112.71,115.23,0,37.45,104.5
2025-04-06,Mumbai,Rotterdam,Iron Ore,2703.41,2111.65,78.21,112.75,106.91,0,25.68,106.27
2025-04-07,Mumbai,Rotterdam,Coal,2393.61,2105.06,78.25,112.24,113.93,0,16.89,103.59
2025-04-08,Shanghai,Rotterdam,Coal,3094.84,2107.13,78.13,111.93,109.93,1,29.68,104.7
2025-04-09,Singapore,Rotterdam,Coal,2937.09,2108.57,78.04,112.29,109.03,0,52.97,105.15
2025-04-10,Shanghai,Los Angeles,Coal,3217.35,2116.9,77.95,112.02,111.13,2,51.19,107.47
2025-04-11,Singapore,Rotterdam,Steel,2988.58,2105.49,78.07,112.29,107.91,0,30.89,104.16
2025-04-12,Mumbai,Dubai,Coal,1985.11,2109.84,77.98,112.33,107.69,0,29.26,102.37
2025-04-13,Mumbai,Rotterdam,Iron Ore,2963.41,2112.92,78.25,111.83,101.27,1,49.28,105.19
2025-04-14,Shanghai,Rotterdam,Steel,3313.88,2109.99,78.27,111.93,108.52,0,36.41,106.7
2025-04-15,Shanghai,Rotterdam,Coal,2920.43,2110.76,78.04,111.85,107.32,0,35.9,103.41
2025-04-16,Shanghai,Los Angeles,Steel,3372.43,2116.92,77.97,111.67,107.1,0,60.24,105.13
2025-04-17,Singapore,Rotterdam,Iron Ore,3641.33,2121.68,77.82,111.67,111.72,0,63.07,105.7
2025-04-18,Shanghai,Los Angeles,Coal,2718.26,2110.17,77.43,111.71,112.88,0,15.85,105.36
2025-04-19,Mumbai,Rotterdam,Iron Ore,3326.88,2114.22,77.61,111.81,110.7,2,60.91,104.0
2025-04-20,Shanghai,Los Angeles,Coal,2892.4,2111.06,77.65,112.03,114.46,0,28.35,102.75
2025-04-21,Shanghai,Rotterdam,Coal,3188.42,2108.86,77.67,112.05,112.31,1,44.28,103.65
2025-04-22,Shanghai,Rotterdam,Coal,2882.65,2106.51,77.62,111.62,107.9,0,44.64,104.44
2025-04-23,Mumbai,Dubai,Coal,1817.72,2102.25,77.34,111.41,107.0,0,36.81,105.09
2025-04-24,Mumbai,Dubai,Coal,2053.56,2108.58,77.19,112.05,110.81,0,43.46,104.2
2025-04-25,Mumbai,Rotterdam,Steel,3019.65,2104.57,77.24,112.13,112.05,2,66.09,103.1
2025-04-26,Singapore,Rotterdam,Coal,2872.76,2092.13,76.99,112.61,116.1,1,52.42,104.48
2025-04-27,Shanghai,Los Angeles,Coal,3153.26,2085.37,76.53,112.86,115.0,1,38.3,104.91
2025-04-28,Mumbai,Rotterdam,Steel,2649.49,2083.06,76.4,112.8,106.26,0,30.56,104.16
2025-04-29,Mumbai,Dubai,Steel,2041.76,2089.01,76.29,112.76,108.38,0,18.4,102.3
2025-04-30,Shanghai,Los Angeles,Steel,3134.29,2089.83,76.21,112.63,112.16,0,27.19,103.25
2025-05-01,Mumbai,Dubai,Steel,2783.6,2078.89,76.22,112.07,114.06,2,85.43,104.91
2025-05-02,Shanghai,Los Angeles,Steel,3021.45,2094.5,76.22,111.95,113.33,0,28.12,101.38
2025-05-03,Singapore,Rotterdam,Steel,3003.46,2092.22,76.15,112.12,108.23,0,22.1,100.28
2025-05-04,Mumbai,Rotterdam,Coal,2336.09,2097.9,76.22,111.84,102.19,0,44.8,105.65
2025-05-05,Shanghai,Los Angeles,Coal,2907.36,2092.04,75.88,111.8,103.37,0,38.34,104.11
2025-05-06,Shanghai,Rotterdam,Iron Ore,3735.02,2091.53,75.84,111.87,109.64,0,37.07,104.22
2025-05-07,Shanghai,Rotterdam,Coal,3209.24,2093.36,75.82,111.5,109.89,1,69.14,101.65
2025-05-08,Shanghai,Los Angeles,Coal,2990.23,2098.09,75.51,111.23,102.58,0,48.24,104.34
2025-05-09,Shanghai,Los Angeles,Steel,3474.22,2101.41,75.16,110.82,108.19,1,40.05,103.6
2025-05-10,Shanghai,Los Angeles,Steel,3288.0,2103.14,74.93,110.46,111.02,1,41.63,100.77
2025-05-11,Shanghai,Rotterdam,Coal,2975.63,2095.25,74.7,109.98,102.0,0,32.46,105.24
2025-05-12,Shanghai,Rotterdam,Iron Ore,3645.97,2085.19,74.68,109.59,113.17,0,53.12,103.3
2025-05-13,Shanghai,Los Angeles,Steel,3100.98,2082.25,74.45,109.77,105.65,0,35.38,102.42
2025-05-14,Mumbai,Dubai,Coal,2046.49,2084.01,74.19,109.37,113.71,2,29.1,102.4
2025-05-15,Mumbai,Dubai,Coal,2038.51,2076.41,73.96,109.23,104.64,0,39.28,99.9
2025-05-16,Singapore,Rotterdam,Iron Ore,3217.62,2079.0,73.98,108.93,102.05,0,16.94,103.77
2025-05-17,Mumbai,Rotterdam,Iron Ore,2968.12,2084.59,73.84,109.04,104.78,0,72.76,103.22
2025-05-18,Mumbai,Dubai,Steel,2255.28,2071.12,73.67,109.19,106.47,0,25.51,102.49
2025-05-19,Shanghai,Rotterdam,Iron Ore,3655.57,2058.19,73.5,109.21,104.88,0,37.57,104.65
2025-05-20,Mumbai,Dubai,Coal,2042.17,2050.73,73.54,109.1,105.61,0,43.87,100.6
2025-05-21,Singapore,Rotterdam,Coal,2718.25,2046.75,73.27,108.85,108.23,1,43.67,101.73
2025-05-22,Singapore,Rotterdam,Iron Ore,3268.08,2036.01,73.31,108.36,105.58,1,43.65,101.3
2025-05-23,Mumbai,Rotterdam,Iron Ore,2726.48,2040.2,73.19,108.64,105.97,0,46.33,102.1
2025-05-24,Mumbai,Dubai,Iron Ore,2492.71,2036.87,73.0,108.25,97.62,0,62.89,102.57
2025-05-25,Shanghai,Rotterdam,Iron Ore,3605.89,2030.36,73.21,108.21,107.99,1,59.51,103.06
2025-05-26,Shanghai,Rotterdam,Steel,3369.01,2011.97,72.89,108.27,105.45,0,62.18,101.84
2025-05-27,Shanghai,Los Angeles,Iron Ore,3300.46,1994.45,72.67,107.92,113.8,1,32.3,100.98
2025-05-28,Shanghai,Rotterdam,Steel,3223.39,1989.62,72.31,107.97,100.91,0,44.76,104.77
2025-05-29,Mumbai,Rotterdam,Coal,2209.04,1965.4,72.28,107.94,96.43,0,42.33,105.8
2025-05-30,Mumbai,Rotterdam,Iron Ore,2883.16,1966.26,72.36,108.16,108.41,0,45.27,102.34
2025-05-31,Shanghai,Rotterdam,Steel,3363.86,1957.67,72.44,107.82,106.91,0,60.64,100.94
2025-06-01,Shanghai,Rotterdam,Iron Ore,3654.98,1976.22,72.44,107.28,99.99,1,44.69,104.22
2025-06-02,Shanghai,Los Angeles,Coal,2792.48,1987.21,72.24,106.93,97.23,0,33.92,99.78
2025-06-03,Shanghai,Rotterdam,Coal,2908.66,1978.22,72.0,106.75,112.41,0,48.01,101.39
2025-06-04,Shanghai,Los Angeles,Coal,2469.67,1969.75,71.57,106.54,111.65,0,13.33,100.79
2025-06-05,Shanghai,Los Angeles,Iron Ore,3203.22,1970.03,71.69,106.21,91.98,1,44.45,100.03
2025-06-06,Shanghai,Rotterdam,Iron Ore,3151.89,1975.91,71.57,105.5,101.98,0,37.99,101.29
2025-06-07,Singapore,Rotterdam,Steel,2804.23,1955.0,71.31,105.39,112.43,1,34.19,100.35
2025-06-08,Singapore,Rotterdam,Coal,2608.13,1932.84,71.32,105.64,101.57,0,55.86,101.6
2025-06-09,Shanghai,Los Angeles,Iron Ore,3026.24,1919.93,70.98,105.52,101.34,0,24.07,101.56
2025-06-10,Shanghai,Rotterdam,Coal,2837.99,1916.61,70.85,105.43,102.22,1,45.96,100.52
2025-06-11,Singapore,Rotterdam,Coal,2558.8,1912.54,70.63,105.34,97.87,0,44.4,100.83
2025-06-12,Shanghai,Rotterdam,Steel,3067.28,1913.01,70.54,105.19,94.79,0,60.3,100.98
2025-06-13,Shanghai,Rotterdam,Steel,2917.02,1895.27,70.33,105.18,108.41,0,39.84,102.47
2025-06-14,Shanghai,Rotterdam,Steel,3014.14,1868.56,69.92,105.03,93.77,0,54.04,100.97
2025-06-15,Mumbai,Dubai,Steel,1937.63,1867.19,69.73,104.71,104.06,0,50.51,102.37
2025-06-16,Shanghai,Rotterdam,Coal,2681.94,1852.29,69.69,104.26,107.09,0,41.85,101.94
2025-06-17,Mumbai,Dubai,Steel,2006.69,1827.83,69.49,103.95,95.23,0,23.66,101.85
2025-06-18,Shanghai,Los Angeles,Steel,2636.22,1820.64,69.4,103.78,97.7,0,18.48,103.01
2025-06-19,Singapore,Rotterdam,Steel,2900.92,1818.61,69.04,103.45,108.22,0,41.6,99.18
2025-06-20,Singapore,Rotterdam,Steel,2786.42,1809.22,68.84,103.27,104.65,0,31.86,100.08
2025-06-21,Singapore,Rotterdam,Coal,2618.89,1797.11,68.54,103.13,98.73,2,69.79,103.37
2025-06-22,Singapore,Rotterdam,Steel,2751.06,1787.36,68.45,103.08,107.66,1,59.19,100.27
2025-06-23,Singapore,Rotterdam,Coal,2406.07,1775.9,68.25,103.15,107.51,0,37.23,96.37
2025-06-24,Singapore,Rotterdam,Iron Ore,2897.16,1756.6,68.15,102.91,102.65,0,22.63,100.22
2025-06-25,Singapore,Rotterdam,Coal,2553.55,1742.35,68.11,102.33,96.64,2,63.66,100.66
2025-06-26,Shanghai,Los Angeles,Coal,2479.21,1737.96,68.01,101.99,98.9,0,24.73,96.46
2025-06-27,Shanghai,Rotterdam,Steel,2887.49,1731.97,67.84,101.74,102.23,0,28.62,102.32
2025-06-28,Mumbai,Rotterdam,Iron Ore,2409.23,1724.74,67.49,101.03,99.68,1,33.31,99.18
2025-06-29,Mumbai,Dubai,Iron Ore,1987.49,1708.19,67.28,101.12,105.15,0,37.92,100.67
2025-06-30,Mumbai,Rotterdam,Iron Ore,2546.28,1698.14,66.99,100.89,92.63,0,57.55,99.77
2025-07-01,Mumbai,Rotterdam,Iron Ore,2622.38,1672.12,66.74,100.73,92.64,2,55.92,98.11
2025-07-02,Shanghai,Rotterdam,Coal,2405.16,1664.95,66.47,100.81,100.84,0,33.35,98.37
2025-07-03,Shanghai,Rotterdam,Iron Ore,2833.7,1667.78,66.12,100.4,97.31,0,17.12,98.5
2025-07-04,Shanghai,Rotterdam,Coal,2494.24,1647.39,65.62,100.28,96.46,0,48.28,101.47
2025-07-05,Singapore,Rotterdam,Coal,2012.36,1634.11,65.31,100.0,90.58,0,28.29,99.55
2025-07-06,Shanghai,Los Angeles,Coal,2557.4,1628.16,65.14,99.69,99.35,1,49.76,98.92
2025-07-07,Singapore,Rotterdam,Iron Ore,2645.16,1629.61,64.73,99.24,98.81,0,34.69,98.23
2025-07-08,Shanghai,Los Angeles,Steel,2384.83,1617.47,64.53,99.4,102.17,0,52.57,101.36
2025-07-09,Shanghai,Los Angeles,Steel,2806.34,1603.39,64.61,99.05,99.08,2,53.64,101.69
2025-07-10,Mumbai,Rotterdam,Iron Ore,2225.87,1579.12,64.55,98.97,97.9,0,39.12,101.2
2025-07-11,Mumbai,Rotterdam,Steel,2325.37,1571.45,64.6,98.25,104.28,0,47.29,100.1
2025-07-12,Shanghai,Los Angeles,Steel,2623.4,1579.3,64.45,98.29,91.66,0,71.6,99.72
2025-07-13,Shanghai,Los Angeles,Coal,2267.18,1573.07,64.42,98.3,100.74,0,53.33,97.4
2025-07-14,Singapore,Rotterdam,Coal,2198.44,1564.47,64.11,98.07,89.53,0,38.67,98.79
2025-07-15,Singapore,Rotterdam,Iron Ore,2818.07,1558.66,63.82,97.76,93.53,2,56.05,98.06
2025-07-16,Mumbai,Rotterdam,Iron Ore,2247.32,1550.21,63.2,97.61,91.49,1,40.13,96.28
2025-07-17,Shanghai,Rotterdam,Steel,2590.65,1535.39,63.18,97.94,101.3,0,25.75,100.54
2025-07-18,Shanghai,Los Angeles,Coal,2109.9,1533.69,63.22,97.25,96.89,0,31.71,97.84
2025-07-19,Singapore,Rotterdam,Iron Ore,2383.14,1527.26,62.93,97.19,96.99,0,28.42,100.62
2025-07-20,Mumbai,Rotterdam,Iron Ore,2427.96,1519.2,62.7,96.72,91.36,0,49.8,100.08
2025-07-21,Singapore,Rotterdam,Iron Ore,2532.63,1503.24,62.39,96.47,95.23,0,23.93,99.53
2025-07-22,Shanghai,Los Angeles,Iron Ore,3025.89,1505.57,62.25,96.17,92.75,2,76.0,99.55
2025-07-23,Shanghai,Los Angeles,Iron Ore,2757.4,1502.83,62.23,95.82,98.32,0,51.28,97.64
2025-07-24,Mumbai,Dubai,Iron Ore,1882.48,1490.41,61.78,95.57,91.29,0,40.31,101.28
2025-07-25,Shanghai,Rotterdam,Steel,2663.92,1490.48,61.65,95.05,102.74,0,40.0,98.5
2025-07-26,Mumbai,Dubai,Coal,1393.12,1478.62,61.42,95.07,87.55,0,31.64,98.82
2025-07-27,Mumbai,Rotterdam,Coal,1837.81,1464.53,61.24,94.39,91.74,0,44.05,97.34
2025-07-28,Singapore,Rotterdam,Iron Ore,2591.21,1450.69,61.13,94.29,104.0,0,56.32,96.85
2025-07-29,Mumbai,Rotterdam,Coal,1706.92,1428.83,60.91,93.98,93.29,0,29.45,98.9
2025-07-30,Shanghai,Los Angeles,Coal,2022.1,1424.97,60.72,93.46,88.74,0,17.0,98.45
2025-07-31,Mumbai,Dubai,Coal,1520.15,1402.76,60.5,93.28,96.25,0,50.55,96.88
2025-08-01,Mumbai,Dubai,Iron Ore,1871.09,1385.44,60.47,92.67,92.63,0,44.87,95.85
2025-08-02,Mumbai,Dubai,Iron Ore,1740.45,1361.42,60.35,92.45,90.68,0,23.2,96.04
2025-08-03,Mumbai,Rotterdam,Coal,1603.52,1353.39,60.21,91.88,89.23,1,37.0,99.68
2025-08-04,Shanghai,Los Angeles,Coal,1947.65,1344.93,59.84,91.78,108.41,0,27.11,96.91
2025-08-05,Singapore,Rotterdam,Iron Ore,2301.46,1335.13,59.62,91.33,93.17,0,29.13,97.26
2025-08-06,Singapore,Rotterdam,Steel,2291.96,1319.69,59.58,91.0,84.66,0,35.14,99.89
2025-08-07,Mumbai,Rotterdam,Coal,1715.16,1303.3,59.42,90.87,101.61,1,44.0,95.97
2025-08-08,Mumbai,Dubai,Steel,1529.75,1300.09,59.35,90.47,97.06,0,30.24,96.51
2025-08-09,Shanghai,Rotterdam,Coal,2004.69,1288.84,59.45,90.25,90.04,0,28.63,96.39
2025-08-10,Mumbai,Rotterdam,Steel,1762.5,1284.62,59.44,89.67,89.07,0,36.57,99.92
2025-08-11,Mumbai,Rotterdam,Steel,1881.35,1270.89,59.3,89.62,96.97,0,42.52,100.43
2025-08-12,Shanghai,Los Angeles,Steel,2336.92,1265.77,59.06,89.87,92.23,0,35.26,98.51
2025-08-13,Singapore,Rotterdam,Iron Ore,2424.23,1269.74,58.53,90.37,83.71,0,57.38,98.51
2025-08-14,Mumbai,Rotterdam,Steel,1924.79,1268.06,58.35,90.2,102.15,1,55.62,96.41
2025-08-15,Mumbai,Rotterdam,Steel,1989.16,1258.49,58.15,90.21,90.92,0,16.14,100.16
2025-08-16,Mumbai,Dubai,Steel,1595.33,1254.39,58.06,89.58,100.44,0,47.86,97.59
2025-08-17,Mumbai,Dubai,Coal,1373.42,1246.4,57.89,89.78,99.23,0,49.08,98.42
2025-08-18,Shanghai,Rotterdam,Steel,2374.08,1240.51,57.7,89.79,87.72,0,33.48,96.93
2025-08-19,Shanghai,Los Angeles,Coal,1849.86,1232.06,57.29,89.5,97.77,0,17.57,96.64
2025-08-20,Shanghai,Rotterdam,Steel,2544.06,1225.01,57.01,89.63,89.23,1,48.12,99.49
2025-08-21,Mumbai,Dubai,Steel,1644.95,1221.09,56.95,89.4,83.05,3,63.88,97.76
2025-08-22,Singapore,Rotterdam,Iron Ore,2304.66,1207.63,57.08,89.12,90.15,0,23.18,99.08
2025-08-23,Mumbai,Dubai,Coal,1311.72,1194.1,56.93,89.08,94.15,0,18.23,97.25
2025-08-24,Shanghai,Los Angeles,Steel,2258.76,1177.71,56.85,88.65,89.74,0,38.69,95.55
2025-08-25,Mumbai,Dubai,Coal,1518.13,1159.75,56.87,88.75,90.42,0,36.5,95.91
2025-08-26,Shanghai,Los Angeles,Coal,1799.59,1144.96,56.63,88.34,97.57,0,33.74,96.89
2025-08-27,Shanghai,Los Angeles,Iron Ore,2574.06,1141.31,56.57,87.93,92.28,1,46.75,95.76
2025-08-28,Shanghai,Los Angeles,Iron Ore,2188.63,1129.37,56.34,87.56,87.44,1,31.46,95.0
2025-08-29,Shanghai,Los Angeles,Iron Ore,2174.78,1128.8,56.36,87.61,95.07,0,33.48,98.43
2025-08-30,Shanghai,Los Angeles,Iron Ore,2269.78,1124.52,56.27,87.32,92.46,0,48.0,95.77
2025-08-31,Singapore,Rotterdam,Iron Ore,2146.96,1104.35,56.21,86.85,78.78,0,34.75,96.76
2025-09-01,Shanghai,Rotterdam,Iron Ore,2247.81,1105.28,55.99,86.57,93.44,0,14.92,96.96
2025-09-02,Mumbai,Rotterdam,Iron Ore,1844.31,1107.6,56.0,86.43,93.17,0,32.91,95.6
2025-09-03,Shanghai,Rotterdam,Iron Ore,2285.31,1095.61,56.21,86.02,91.23,0,23.95,98.63
2025-09-04,Shanghai,Los Angeles,Steel,2173.85,1095.06,55.97,85.61,95.51,0,44.01,94.75
2025-09-05,Singapore,Rotterdam,Coal,1859.31,1084.43,55.82,86.03,87.62,0,44.78,96.78
2025-09-06,Mumbai,Dubai,Iron Ore,1587.9,1081.56,55.77,85.7,92.59,0,15.12,96.73
2025-09-07,Singapore,Rotterdam,Iron Ore,2478.21,1067.94,55.81,85.51,83.0,1,59.39,96.25
2025-09-08,Shanghai,Los Angeles,Coal,1780.21,1050.22,55.64,85.32,92.8,0,23.32,94.36
2025-09-09,Singapore,Rotterdam,Steel,2042.9,1043.92,55.14,85.12,100.47,0,63.39,97.59
2025-09-10,Singapore,Rotterdam,Coal,1792.91,1039.83,55.27,85.18,85.67,0,39.27,97.37
2025-09-11,Shanghai,Los Angeles,Coal,1620.84,1033.68,55.31,85.33,86.78,0,21.3,95.22
2025-09-12,Singapore,Rotterdam,Iron Ore,1935.47,1021.39,54.98,85.17,86.98,0,22.87,97.27
2025-09-13,Mumbai,Rotterdam,Coal,1624.03,1015.51,54.83,84.78,91.12,0,45.22,96.75
2025-09-14,Mumbai,Rotterdam,Coal,1455.3,1015.12,55.0,85.02,85.11,0,34.13,94.25
2025-09-15,Singapore,Rotterdam,Iron Ore,1990.34,1012.36,55.16,84.93,92.48,0,38.55,94.87
2025-09-16,Mumbai,Dubai,Iron Ore,1665.02,1011.56,55.25,85.29,94.56,2,80.19,97.84
2025-09-17,Shanghai,Los Angeles,Iron Ore,2152.69,1004.09,55.17,84.67,92.96,0,29.51,96.58
2025-09-18,Mumbai,Rotterdam,Iron Ore,1899.5,1011.49,55.13,84.66,81.4,0,40.9,95.25
2025-09-19,Mumbai,Dubai,Coal,1455.04,1000.26,55.07,85.08,95.19,0,61.3,94.8
2025-09-20,Singapore,Rotterdam,Coal,1779.99,1002.48,55.2,84.94,94.86,0,44.06,95.3
2025-09-21,Mumbai,Dubai,Steel,1606.63,1010.39,55.03,84.84,94.3,1,23.9,95.39
2025-09-22,Shanghai,Rotterdam,Steel,2131.86,1012.85,54.88,84.87,91.98,0,47.58,94.78
2025-09-23,Mumbai,Rotterdam,Coal,1425.88,1009.99,55.0,84.69,91.19,0,22.55,93.42
2025-09-24,Singapore,Rotterdam,Steel,1772.7,1004.66,54.97,84.58,95.23,0,61.1,97.74
2025-09-25,Shanghai,Los Angeles,Coal,1745.42,1012.0,55.15,84.47,99.67,0,27.66,97.48
2025-09-26,Singapore,Rotterdam,Steel,2303.39,999.81,55.03,84.29,85.27,1,92.54,94.1
2025-09-27,Shanghai,Los Angeles,Iron Ore,2482.54,991.4,55.01,84.58,95.41,0,62.01,96.21
2025-09-28,Singapore,Rotterdam,Steel,1763.22,987.71,54.86,84.68,89.58,0,28.05,94.65
2025-09-29,Mumbai,Dubai,Iron Ore,1654.03,997.25,54.85,84.73,89.36,1,48.3,95.61
2025-09-30,Mumbai,Dubai,Iron Ore,1731.58,1000.07,54.62,84.92,82.32,1,59.3,95.48
2025-10-01,Mumbai,Dubai,Iron Ore,1558.15,992.27,54.55,84.86,88.58,0,51.75,95.36
2025-10-02,Shanghai,Rotterdam,Iron Ore,2045.61,989.87,54.33,84.67,85.02,0,46.64,99.01
2025-10-03,Shanghai,Los Angeles,Steel,2095.01,985.18,54.44,84.52,87.69,0,58.78,95.34
2025-10-04,Mumbai,Dubai,Coal,1305.07,979.88,54.56,84.53,84.52,0,38.16,94.79
2025-10-05,Shanghai,Rotterdam,Iron Ore,2404.71,988.24,54.31,84.28,87.78,2,50.5,94.87
2025-10-06,Shanghai,Los Angeles,Steel,1916.62,977.94,54.53,84.18,88.01,0,34.8,97.58
2025-10-07,Singapore,Rotterdam,Iron Ore,2045.92,991.63,54.92,84.08,90.54,0,52.88,93.54
2025-10-08,Shanghai,Rotterdam,Steel,1942.48,999.23,54.95,84.64,82.0,1,53.48,94.89
2025-10-09,Mumbai,Rotterdam,Steel,1740.58,1009.07,54.88,83.98,82.87,0,44.37,98.21
2025-10-10,Shanghai,Rotterdam,Steel,2156.11,1006.63,55.34,83.97,91.93,0,51.93,96.41
2025-10-11,Shanghai,Rotterdam,Coal,2108.71,1006.84,55.17,84.44,86.16,2,25.23,96.35
2025-10-12,Shanghai,Los Angeles,Steel,2239.04,996.93,55.21,84.52,95.55,1,52.65,99.27
2025-10-13,Singapore,Rotterdam,Steel,2007.4,994.43,55.28,84.76,91.34,1,51.28,96.46
2025-10-14,Mumbai,Rotterdam,Coal,1594.05,1000.22,55.53,84.84,93.29,0,65.03,95.04
2025-10-15,Mumbai,Dubai,Coal,1343.67,1012.58,55.63,84.73,97.34,1,25.07,95.69
2025-10-16,Mumbai,Dubai,Steel,1571.77,1005.86,55.61,84.23,88.79,0,63.36,94.43
2025-10-17,Shanghai,Rotterdam,Coal,1914.48,1005.21,55.52,84.35,87.51,0,41.13,98.04
2025-10-18,Shanghai,Los Angeles,Iron Ore,2756.47,1006.41,55.52,84.23,94.79,3,71.33,97.03
2025-10-19,Shanghai,Los Angeles,Iron Ore,2310.21,997.81,55.43,84.11,93.03,0,65.14,97.88
2025-10-20,Mumbai,Dubai,Coal,1259.69,1005.24,55.51,84.07,89.6,1,56.41,98.03
2025-10-21,Mumbai,Rotterdam,Coal,1542.42,1002.29,55.49,84.59,97.55,0,46.01,95.61
2025-10-22,Singapore,Rotterdam,Steel,1962.06,1003.7,55.34,85.28,89.59,0,43.63,94.84
2025-10-23,Mumbai,Rotterdam,Coal,1447.6,1003.2,55.6,85.43,90.88,1,40.75,96.21
2025-10-24,Singapore,Rotterdam,Steel,1795.05,1000.15,55.6,85.41,90.88,0,39.57,95.0
2025-10-25,Mumbai,Dubai,Iron Ore,1523.61,1003.48,55.5,85.21,86.17,0,29.27,96.59
2025-10-26,Singapore,Rotterdam,Coal,1701.79,1005.28,55.55,85.44,91.3,0,39.33,98.06
2025-10-27,Shanghai,Los Angeles,Steel,2099.51,1005.97,55.65,85.99,97.97,2,20.96,96.14
2025-10-28,Shanghai,Rotterdam,Steel,2118.91,1003.94,55.48,86.05,93.29,0,46.44,96.65
2025-10-29,Shanghai,Rotterdam,Iron Ore,2460.07,1010.42,55.63,85.57,91.3,0,38.17,96.32
2025-10-30,Mumbai,Dubai,Coal,1388.75,1027.71,55.57,85.86,90.42,0,34.96,97.69
2025-10-31,Shanghai,Los Angeles,Iron Ore,2406.43,1033.01,55.92,86.23,92.96,2,59.3,95.52
2025-11-01,Mumbai,Rotterdam,Steel,1672.94,1045.3,56.11,85.96,95.14,1,26.5,93.26
2025-11-02,Shanghai,Los Angeles,Steel,2414.71,1038.62,56.15,86.14,94.53,1,76.94,97.3
2025-11-03,Shanghai,Rotterdam,Coal,1984.41,1044.45,56.15,86.39,89.91,0,38.46,98.11
2025-11-04,Shanghai,Rotterdam,Steel,2137.57,1040.37,56.25,86.51,93.29,0,37.81,97.34
2025-11-05,Shanghai,Los Angeles,Coal,1693.3,1033.37,56.45,86.46,94.16,0,25.52,95.75
2025-11-06,Shanghai,Los Angeles,Iron Ore,2170.45,1032.4,56.57,86.86,86.83,0,40.36,95.04
2025-11-07,Shanghai,Rotterdam,Coal,2004.21,1046.99,56.66,86.91,92.81,0,60.8,97.53
2025-11-08,Mumbai,Rotterdam,Coal,1782.73,1059.77,56.79,86.7,81.26,2,71.54,97.04
2025-11-09,Mumbai,Dubai,Steel,1757.01,1067.01,56.83,86.34,94.59,1,60.82,96.68
2025-11-10,Mumbai,Dubai,Steel,1415.31,1060.16,56.91,86.82,95.58,0,48.2,99.65
2025-11-11,Shanghai,Los Angeles,Coal,1781.3,1064.12,56.73,87.14,96.13,0,34.62,95.54
2025-11-12,Mumbai,Dubai,Steel,1442.58,1072.17,57.01,87.33,90.53,1,26.25,99.66
2025-11-13,Shanghai,Rotterdam,Steel,2289.27,1079.32,57.19,87.39,94.17,0,36.98,97.1
2025-11-14,Shanghai,Rotterdam,Steel,2071.43,1070.43,57.21,87.44,99.86,0,36.46,94.34
2025-11-15,Shanghai,Los Angeles,Coal,2152.6,1069.28,57.64,87.35,99.93,0,55.73,96.87
2025-11-16,Shanghai,Los Angeles,Steel,2112.99,1074.84,57.8,87.42,92.83,0,44.64,98.63
2025-11-17,Shanghai,Los Angeles,Coal,2069.21,1085.3,57.79,87.08,93.8,1,72.18,96.69
2025-11-18,Mumbai,Rotterdam,Steel,1690.63,1074.01,58.07,87.08,98.78,0,57.96,95.08
2025-11-19,Mumbai,Dubai,Iron Ore,1635.44,1079.09,58.29,87.2,85.85,0,33.15,97.1
2025-11-20,Shanghai,Los Angeles,Steel,1971.38,1086.71,58.5,87.54,91.87,0,13.07,96.11
2025-11-21,Singapore,Rotterdam,Steel,2311.29,1100.08,58.6,87.73,100.29,1,68.78,98.18
2025-11-22,Singapore,Rotterdam,Coal,1880.15,1112.29,58.82,88.13,98.63,0,60.39,98.66
2025-11-23,Shanghai,Rotterdam,Coal,1922.32,1123.71,58.95,88.67,95.73,0,19.51,95.97
2025-11-24,Mumbai,Dubai,Steel,1688.59,1124.17,59.19,89.14,86.49,2,78.64,96.55
2025-11-25,Shanghai,Los Angeles,Iron Ore,2658.29,1115.84,59.07,89.46,93.91,2,61.73,98.8
2025-11-26,Singapore,Rotterdam,Steel,2364.56,1119.72,59.18,89.68,91.35,3,66.41,96.43
2025-11-27,Mumbai,Dubai,Steel,1547.99,1134.84,59.61,89.65,96.1,1,72.22,96.15
2025-11-28,Shanghai,Rotterdam,Iron Ore,2890.51,1153.18,59.66,90.05,90.54,0,60.17,96.07
2025-11-29,Mumbai,Rotterdam,Coal,1535.24,1166.14,59.75,90.68,89.6,0,49.77,98.42
2025-11-30,Mumbai,Dubai,Steel,1554.62,1176.92,59.86,90.99,84.56,0,47.1,98.42
2025-12-01,Mumbai,Dubai,Coal,1277.18,1187.39,59.85,91.69,101.14,0,49.25,96.99
2025-12-02,Mumbai,Rotterdam,Coal,1624.46,1190.44,59.7,91.54,93.18,2,50.0,98.08
2025-12-03,Mumbai,Dubai,Iron Ore,1806.53,1196.97,59.85,91.47,96.12,1,47.17,100.42
2025-12-04,Shanghai,Rotterdam,Iron Ore,2663.36,1217.96,60.05,91.92,95.47,1,34.47,96.73
2025-12-05,Shanghai,Rotterdam,Coal,2222.83,1218.12,60.23,92.22,90.3,0,35.0,95.33
2025-12-06,Mumbai,Rotterdam,Steel,2077.7,1238.81,60.39,92.78,89.5,2,50.5,99.0
2025-12-07,Shanghai,Los Angeles,Coal,2100.26,1244.07,60.59,93.01,90.92,1,38.47,98.21
2025-12-08,Singapore,Rotterdam,Steel,2103.85,1262.57,60.93,93.03,92.49,0,42.05,97.38
2025-12-09,Shanghai,Los Angeles,Steel,2558.83,1259.26,61.09,93.21,98.1,1,43.14,99.48
2025-12-10,Mumbai,Dubai,Iron Ore,1869.97,1271.96,61.2,93.07,92.45,0,47.53,99.83
2025-12-11,Singapore,Rotterdam,Steel,2020.28,1274.12,61.35,93.03,105.32,0,15.67,95.32
2025-12-12,Mumbai,Rotterdam,Steel,1938.89,1270.91,61.63,93.52,101.88,0,38.3,97.72
2025-12-13,Mumbai,Rotterdam,Coal,1774.77,1280.81,62.04,93.98,100.95,0,41.97,102.24
2025-12-14,Singapore,Rotterdam,Iron Ore,2395.31,1297.09,62.14,94.32,96.48,0,35.34,99.71
2025-12-15,Shanghai,Rotterdam,Steel,2553.89,1298.58,62.36,94.13,104.81,0,37.41,99.91
2025-12-16,Singapore,Rotterdam,Steel,2567.01,1294.88,62.61,94.29,96.32,3,40.22,100.72
2025-12-17,Mumbai,Dubai,Iron Ore,1804.33,1302.47,62.66,94.24,97.42,0,45.35,99.05
2025-12-18,Shanghai,Rotterdam,Coal,2382.66,1310.13,62.86,94.78,98.59,1,57.71,100.29
2025-12-19,Mumbai,Rotterdam,Iron Ore,2356.94,1322.91,62.84,94.89,101.42,0,47.4,100.24
2025-12-20,Singapore,Rotterdam,Iron Ore,2706.68,1338.93,62.78,94.87,101.26,0,55.58,100.04
2025-12-21,Shanghai,Los Angeles,Steel,2421.84,1346.91,63.04,95.13,95.87,0,43.02,98.82
2025-12-22,Shanghai,Los Angeles,Steel,2287.62,1370.24,63.18,95.22,95.75,0,47.18,99.62
2025-12-23,Mumbai,Dubai,Coal,1587.67,1380.53,63.42,95.85,101.79,0,42.34,98.55
2025-12-24,Shanghai,Los Angeles,Steel,2587.72,1386.29,63.62,95.92,102.33,0,50.31,99.52
2025-12-25,Singapore,Rotterdam,Steel,1939.29,1381.94,63.68,95.83,96.96,0,16.34,97.82
2025-12-26,Singapore,Rotterdam,Iron Ore,2484.78,1388.4,63.88,95.55,91.16,0,26.6,98.45
2025-12-27,Shanghai,Los Angeles,Steel,2672.92,1394.28,63.9,95.8,98.23,1,71.8,99.28
2025-12-28,Singapore,Rotterdam,Coal,1965.59,1410.54,64.31,95.91,102.56,0,3.09,98.36
2025-12-29,Mumbai,Dubai,Iron Ore,1830.78,1422.83,64.31,95.81,108.64,0,37.9,99.09
2025-12-30,Shanghai,Rotterdam,Coal,2402.54,1422.0,64.49,96.37,93.8,0,57.58,99.67
2025-12-31,Mumbai,Dubai,Iron Ore,2031.95,1431.98,64.54,96.79,97.82,0,38.6,100.59
